<?xml version="1.0" encoding="UTF-8"?>
<gpx version="1.1" creator="TrackioApp" xmlns="http://topografix.com">
  <wpt lat="41.9620357" lon="3.17109099999999">
    <name>guai</name>
  </wpt>
  <wpt lat="41.9770912" lon="3.183063500000003">
    <name>La cova del lladre</name>
  </wpt>
  <wpt lat="41.9698824" lon="3.171635600000002">
    <name>Pals 55 min</name>
  </wpt>
  <wpt lat="41.9700309" lon="3.170243599999992">
    <name>Pals 35min</name>
  </wpt>
  <trk>
    <name>Quermany Petit, Mines d'en Bernat y Quermany Gros desde Mas ..._merge_Drawn Route 12:45_merge_quemany - cova del lladre-2026-08-20</name>
    <trkseg>
      <trkpt lat="41.968418902101575" lon="3.147013795601282">
        <ele>22.111898111467323</ele>
        <time>2026-08-20T10:44:21.148Z</time>
      </trkpt>
      <trkpt lat="41.96846145947208" lon="3.1483866748806406">
        <ele>23.787152162870687</ele>
        <time>2026-08-20T10:44:59.573Z</time>
      </trkpt>
      <trkpt lat="41.969692837109676" lon="3.148588956097541">
        <ele>25.016699018343182</ele>
        <time>2026-08-20T10:45:00.717Z</time>
      </trkpt>
      <trkpt lat="41.96974923551517" lon="3.149334868087351">
        <ele>23.97573741717484</ele>
        <time>2026-08-20T10:45:02.187Z</time>
      </trkpt>
      <trkpt lat="41.969824433311544" lon="3.1500302097720976">
        <ele>23.82527987340064</ele>
        <time>2026-08-20T10:45:03.169Z</time>
      </trkpt>
      <trkpt lat="41.969890231311126" lon="3.150396844479417">
        <ele>22.48796586148207</ele>
        <time>2026-08-20T10:45:03.928Z</time>
      </trkpt>
      <trkpt lat="41.96992783013721" lon="3.152723078480392">
        <ele>27.25551526372129</ele>
        <time>2026-08-20T10:45:05.659Z</time>
      </trkpt>
      <trkpt lat="41.96994662954191" lon="3.1541896173071393">
        <ele>30.665070269685415</ele>
        <time>2026-08-20T10:45:06.774Z</time>
      </trkpt>
      <trkpt lat="41.97022861994736" lon="3.1550240273293184">
        <ele>32.799684507710985</ele>
        <time>2026-08-20T10:45:08.196Z</time>
      </trkpt>
      <trkpt lat="41.97022861994736" lon="3.1554033046118377">
        <ele>33.97550236807702</ele>
        <time>2026-08-20T10:45:09.396Z</time>
      </trkpt>
      <trkpt lat="41.97020982062588" lon="3.155820509623368">
        <ele>34.713811779619526</ele>
        <time>2026-08-20T10:45:10.290Z</time>
      </trkpt>
      <trkpt lat="41.970059425853634" lon="3.1561618591777005">
        <ele>36.03077294744582</ele>
        <time>2026-08-20T10:45:11.091Z</time>
      </trkpt>
      <trkpt lat="41.969758635244574" lon="3.1565537790362725">
        <ele>37.1010022700353</ele>
        <time>2026-08-20T10:45:12.261Z</time>
      </trkpt>
      <trkpt lat="41.96926044767383" lon="3.15683191571037">
        <ele>39.34066748220744</ele>
        <time>2026-08-20T10:45:15.100Z</time>
      </trkpt>
      <trkpt lat="41.969091251008535" lon="3.1570594820802">
        <ele>40.53069889279099</ele>
        <time>2026-08-20T10:45:16.476Z</time>
      </trkpt>
      <trkpt lat="41.96873405657283" lon="3.157982390134805">
        <ele>45.90601752603911</ele>
        <time>2026-08-20T10:45:17.678Z</time>
      </trkpt>
      <trkpt lat="41.96841445985419" lon="3.158475450602708">
        <ele>48.72458862705962</ele>
        <time>2026-08-20T10:45:18.951Z</time>
      </trkpt>
      <trkpt lat="41.968245260941956" lon="3.158703016972538">
        <ele>49.79879770770232</ele>
        <time>2026-08-20T10:45:19.650Z</time>
      </trkpt>
      <trkpt lat="41.96791626177054" lon="3.158804157580988">
        <ele>53.06196270434661</ele>
        <time>2026-08-20T10:45:23.057Z</time>
      </trkpt>
      <trkpt lat="41.96751206046281" lon="3.1590696516789762">
        <ele>50.733670434152884</ele>
        <time>2026-08-20T10:45:24.311Z</time>
      </trkpt>
      <trkpt lat="41.96713605694441" lon="3.159284575472782">
        <ele>49.1491891468348</ele>
        <time>2026-08-20T10:45:25.066Z</time>
      </trkpt>
      <trkpt lat="41.96678825171344" lon="3.159474214114482">
        <ele>47.99970736554453</ele>
        <time>2026-08-20T10:45:25.820Z</time>
      </trkpt>
      <trkpt lat="41.966725" lon="3.159545">
        <ele>51.485</ele>
        <time>2026-05-09T12:10:38.035Z</time>
      </trkpt>
      <trkpt lat="41.966687" lon="3.159503">
        <ele>51.717</ele>
        <time>2026-05-09T12:10:44.035Z</time>
      </trkpt>
      <trkpt lat="41.96665" lon="3.159458">
        <ele>52.189</ele>
        <time>2026-05-09T12:10:49.035Z</time>
      </trkpt>
      <trkpt lat="41.966606" lon="3.159443">
        <ele>52.745</ele>
        <time>2026-05-09T12:11:01.035Z</time>
      </trkpt>
      <trkpt lat="41.966592" lon="3.159374">
        <ele>53.88</ele>
        <time>2026-05-09T12:11:06.035Z</time>
      </trkpt>
      <trkpt lat="41.966589" lon="3.159312">
        <ele>54.675</ele>
        <time>2026-05-09T12:11:15.035Z</time>
      </trkpt>
      <trkpt lat="41.966569" lon="3.159255">
        <ele>55.598</ele>
        <time>2026-05-09T12:11:27.035Z</time>
      </trkpt>
      <trkpt lat="41.966524" lon="3.159226">
        <ele>56.334</ele>
        <time>2026-05-09T12:11:35.035Z</time>
      </trkpt>
      <trkpt lat="41.966479" lon="3.159196">
        <ele>57.055</ele>
        <time>2026-05-09T12:11:41.035Z</time>
      </trkpt>
      <trkpt lat="41.966442" lon="3.159157">
        <ele>57.81</ele>
        <time>2026-05-09T12:11:50.036Z</time>
      </trkpt>
      <trkpt lat="41.966393" lon="3.159126">
        <ele>58.609</ele>
        <time>2026-05-09T12:11:58.036Z</time>
      </trkpt>
      <trkpt lat="41.966346" lon="3.159129">
        <ele>58.985</ele>
        <time>2026-05-09T12:12:08.036Z</time>
      </trkpt>
      <trkpt lat="41.9663" lon="3.159101">
        <ele>59.759</ele>
        <time>2026-05-09T12:12:19.036Z</time>
      </trkpt>
      <trkpt lat="41.966255" lon="3.159111">
        <ele>60.076</ele>
        <time>2026-05-09T12:12:55.036Z</time>
      </trkpt>
      <trkpt lat="41.966218" lon="3.159165">
        <ele>59.388</ele>
        <time>2026-05-09T12:13:01.036Z</time>
      </trkpt>
      <trkpt lat="41.966168" lon="3.159152">
        <ele>59.97</ele>
        <time>2026-05-09T12:13:06.036Z</time>
      </trkpt>
      <trkpt lat="41.966137" lon="3.159099">
        <ele>61.216</ele>
        <time>2026-05-09T12:13:11.036Z</time>
      </trkpt>
      <trkpt lat="41.966121" lon="3.159036">
        <ele>62.761</ele>
        <time>2026-05-09T12:13:17.036Z</time>
      </trkpt>
      <trkpt lat="41.96614" lon="3.158976">
        <ele>63.836</ele>
        <time>2026-05-09T12:13:23.036Z</time>
      </trkpt>
      <trkpt lat="41.966151" lon="3.158913">
        <ele>64.989</ele>
        <time>2026-05-09T12:13:34.036Z</time>
      </trkpt>
      <trkpt lat="41.966145" lon="3.158846">
        <ele>66.047</ele>
        <time>2026-05-09T12:13:40.036Z</time>
      </trkpt>
      <trkpt lat="41.96616" lon="3.158775">
        <ele>66.729</ele>
        <time>2026-05-09T12:13:45.036Z</time>
      </trkpt>
      <trkpt lat="41.966145" lon="3.158717">
        <ele>67.521</ele>
        <time>2026-05-09T12:13:50.037Z</time>
      </trkpt>
      <trkpt lat="41.966125" lon="3.158658">
        <ele>68.409</ele>
        <time>2026-05-09T12:13:56.037Z</time>
      </trkpt>
      <trkpt lat="41.966119" lon="3.158595">
        <ele>69.176</ele>
        <time>2026-05-09T12:14:02.037Z</time>
      </trkpt>
      <trkpt lat="41.96612" lon="3.158521">
        <ele>69.61</ele>
        <time>2026-05-09T12:14:10.037Z</time>
      </trkpt>
      <trkpt lat="41.966113" lon="3.158461">
        <ele>70.137</ele>
        <time>2026-05-09T12:14:18.037Z</time>
      </trkpt>
      <trkpt lat="41.966059" lon="3.158457">
        <ele>70.559</ele>
        <time>2026-05-09T12:14:23.037Z</time>
      </trkpt>
      <trkpt lat="41.966013" lon="3.158449">
        <ele>70.951</ele>
        <time>2026-05-09T12:14:28.037Z</time>
      </trkpt>
      <trkpt lat="41.965978" lon="3.158409">
        <ele>71.477</ele>
        <time>2026-05-09T12:14:33.037Z</time>
      </trkpt>
      <trkpt lat="41.96593" lon="3.158371">
        <ele>72.092</ele>
        <time>2026-05-09T12:14:40.037Z</time>
      </trkpt>
      <trkpt lat="41.965877" lon="3.15834">
        <ele>72.687</ele>
        <time>2026-05-09T12:14:45.037Z</time>
      </trkpt>
      <trkpt lat="41.965852" lon="3.158277">
        <ele>73.38</ele>
        <time>2026-05-09T12:14:49.037Z</time>
      </trkpt>
      <trkpt lat="41.965806" lon="3.158239">
        <ele>74.251</ele>
        <time>2026-05-09T12:14:54.037Z</time>
      </trkpt>
      <trkpt lat="41.965782" lon="3.158171">
        <ele>75.101</ele>
        <time>2026-05-09T12:15:01.037Z</time>
      </trkpt>
      <trkpt lat="41.965748" lon="3.158118">
        <ele>76.111</ele>
        <time>2026-05-09T12:15:07.037Z</time>
      </trkpt>
      <trkpt lat="41.965697" lon="3.158071">
        <ele>77.309</ele>
        <time>2026-05-09T12:15:13.037Z</time>
      </trkpt>
      <trkpt lat="41.965659" lon="3.158032">
        <ele>78.187</ele>
        <time>2026-05-09T12:15:17.037Z</time>
      </trkpt>
      <trkpt lat="41.965606" lon="3.158045">
        <ele>79.191</ele>
        <time>2026-05-09T12:15:22.037Z</time>
      </trkpt>
      <trkpt lat="41.965554" lon="3.158049">
        <ele>80.098</ele>
        <time>2026-05-09T12:15:26.037Z</time>
      </trkpt>
      <trkpt lat="41.96551" lon="3.158063">
        <ele>80.88</ele>
        <time>2026-05-09T12:15:29.037Z</time>
      </trkpt>
      <trkpt lat="41.965458" lon="3.158095">
        <ele>81.642</ele>
        <time>2026-05-09T12:15:35.037Z</time>
      </trkpt>
      <trkpt lat="41.965417" lon="3.158058">
        <ele>82.578</ele>
        <time>2026-05-09T12:15:44.037Z</time>
      </trkpt>
      <trkpt lat="41.965371" lon="3.15803">
        <ele>83.063</ele>
        <time>2026-05-09T12:16:12.038Z</time>
      </trkpt>
      <trkpt lat="41.965325" lon="3.157979">
        <ele>83.298</ele>
        <time>2026-05-09T12:16:15.038Z</time>
      </trkpt>
      <trkpt lat="41.965279" lon="3.157958">
        <ele>83.651</ele>
        <time>2026-05-09T12:16:20.038Z</time>
      </trkpt>
      <trkpt lat="41.965239" lon="3.157925">
        <ele>83.831</ele>
        <time>2026-05-09T12:16:24.038Z</time>
      </trkpt>
      <trkpt lat="41.965193" lon="3.157921">
        <ele>84.461</ele>
        <time>2026-05-09T12:16:28.038Z</time>
      </trkpt>
      <trkpt lat="41.965172" lon="3.157862">
        <ele>83.907</ele>
        <time>2026-05-09T12:16:32.038Z</time>
      </trkpt>
      <trkpt lat="41.965123" lon="3.157829">
        <ele>84.109</ele>
        <time>2026-05-09T12:16:37.038Z</time>
      </trkpt>
      <trkpt lat="41.965068" lon="3.157829">
        <ele>84.965</ele>
        <time>2026-05-09T12:16:42.038Z</time>
      </trkpt>
      <trkpt lat="41.965036" lon="3.157783">
        <ele>84.629</ele>
        <time>2026-05-09T12:16:46.038Z</time>
      </trkpt>
      <trkpt lat="41.965006" lon="3.157719">
        <ele>83.916</ele>
        <time>2026-05-09T12:16:51.038Z</time>
      </trkpt>
      <trkpt lat="41.964948" lon="3.157709">
        <ele>84.178</ele>
        <time>2026-05-09T12:16:58.038Z</time>
      </trkpt>
      <trkpt lat="41.964902" lon="3.157711">
        <ele>84.52</ele>
        <time>2026-05-09T12:17:01.038Z</time>
      </trkpt>
      <trkpt lat="41.964856" lon="3.157666">
        <ele>84.056</ele>
        <time>2026-05-09T12:17:07.038Z</time>
      </trkpt>
      <trkpt lat="41.964818" lon="3.157629">
        <ele>83.651</ele>
        <time>2026-05-09T12:17:10.038Z</time>
      </trkpt>
      <trkpt lat="41.96477" lon="3.157626">
        <ele>83.986</ele>
        <time>2026-05-09T12:17:15.038Z</time>
      </trkpt>
      <trkpt lat="41.964718" lon="3.157644">
        <ele>84.669</ele>
        <time>2026-05-09T12:17:20.038Z</time>
      </trkpt>
      <trkpt lat="41.964675" lon="3.157671">
        <ele>85.326</ele>
        <time>2026-05-09T12:17:24.038Z</time>
      </trkpt>
      <trkpt lat="41.964626" lon="3.157688">
        <ele>85.747</ele>
        <time>2026-05-09T12:17:28.038Z</time>
      </trkpt>
      <trkpt lat="41.964584" lon="3.15771">
        <ele>86.111</ele>
        <time>2026-05-09T12:17:32.038Z</time>
      </trkpt>
      <trkpt lat="41.964536" lon="3.157728">
        <ele>86.509</ele>
        <time>2026-05-09T12:17:38.038Z</time>
      </trkpt>
      <trkpt lat="41.964507" lon="3.157776">
        <ele>87.094</ele>
        <time>2026-05-09T12:17:43.038Z</time>
      </trkpt>
      <trkpt lat="41.964509" lon="3.157837">
        <ele>88.178</ele>
        <time>2026-05-09T12:17:49.038Z</time>
      </trkpt>
      <trkpt lat="41.964484" lon="3.15789">
        <ele>89.085</ele>
        <time>2026-05-09T12:17:56.038Z</time>
      </trkpt>
      <trkpt lat="41.964466" lon="3.157985">
        <ele>90.727</ele>
        <time>2026-05-09T12:18:01.038Z</time>
      </trkpt>
      <trkpt lat="41.964413" lon="3.158001">
        <ele>91.349</ele>
        <time>2026-05-09T12:18:09.039Z</time>
      </trkpt>
      <trkpt lat="41.964364" lon="3.158008">
        <ele>91.955</ele>
        <time>2026-05-09T12:18:15.039Z</time>
      </trkpt>
      <trkpt lat="41.96431" lon="3.157991">
        <ele>92.19</ele>
        <time>2026-05-09T12:18:19.039Z</time>
      </trkpt>
      <trkpt lat="41.964267" lon="3.157961">
        <ele>92.215</ele>
        <time>2026-05-09T12:18:23.039Z</time>
      </trkpt>
      <trkpt lat="41.964229" lon="3.157912">
        <ele>92.228</ele>
        <time>2026-05-09T12:18:27.039Z</time>
      </trkpt>
      <trkpt lat="41.964179" lon="3.157881">
        <ele>92.697</ele>
        <time>2026-05-09T12:18:33.039Z</time>
      </trkpt>
      <trkpt lat="41.96414" lon="3.157921">
        <ele>93.323</ele>
        <time>2026-05-09T12:18:48.039Z</time>
      </trkpt>
      <trkpt lat="41.964086" lon="3.157915">
        <ele>93.725</ele>
        <time>2026-05-09T12:18:55.039Z</time>
      </trkpt>
      <trkpt lat="41.964046" lon="3.157873">
        <ele>93.809</ele>
        <time>2026-05-09T12:18:59.039Z</time>
      </trkpt>
      <trkpt lat="41.964009" lon="3.157818">
        <ele>93.971</ele>
        <time>2026-05-09T12:19:04.039Z</time>
      </trkpt>
      <trkpt lat="41.963983" lon="3.157764">
        <ele>93.855</ele>
        <time>2026-05-09T12:19:07.039Z</time>
      </trkpt>
      <trkpt lat="41.963968" lon="3.157707">
        <ele>93.322</ele>
        <time>2026-05-09T12:19:15.039Z</time>
      </trkpt>
      <trkpt lat="41.963946" lon="3.157646">
        <ele>92.964</ele>
        <time>2026-05-09T12:19:20.039Z</time>
      </trkpt>
      <trkpt lat="41.963913" lon="3.157599">
        <ele>92.826</ele>
        <time>2026-05-09T12:19:23.039Z</time>
      </trkpt>
      <trkpt lat="41.9639037" lon="3.1575612999999976">
        <ele>98.34188212495798</ele>
        <time>2026-08-20T14:27:08.637Z</time>
      </trkpt>
      <trkpt lat="41.963897" lon="3.1575607000000048">
        <ele>98.41880318457716</ele>
        <time>2026-08-20T14:27:41.326Z</time>
      </trkpt>
      <trkpt lat="41.963843" lon="3.1575282999999956">
        <ele>98.4608892281986</ele>
        <time>2026-08-20T14:27:46.031Z</time>
      </trkpt>
      <trkpt lat="41.9637986" lon="3.157511900000003">
        <ele>98.42877542203637</ele>
        <time>2026-08-20T14:27:50.453Z</time>
      </trkpt>
      <trkpt lat="41.9638062" lon="3.1575789999999984">
        <ele>99.78324605326306</ele>
        <time>2026-08-20T14:27:59.158Z</time>
      </trkpt>
      <trkpt lat="41.9637777" lon="3.1576259999999934">
        <ele>100.95334841764036</ele>
        <time>2026-08-20T14:28:04.131Z</time>
      </trkpt>
      <trkpt lat="41.9637353" lon="3.157654799999989">
        <ele>101.83820653968891</ele>
        <time>2026-08-20T14:28:09.888Z</time>
      </trkpt>
      <trkpt lat="41.963686" lon="3.1576576999999872">
        <ele>102.22645858416547</ele>
        <time>2026-08-20T14:28:16.083Z</time>
      </trkpt>
      <trkpt lat="41.9636397" lon="3.1576584000000025">
        <ele>102.54863609361213</ele>
        <time>2026-08-20T14:28:23.054Z</time>
      </trkpt>
      <trkpt lat="41.9636463" lon="3.1577193999999906">
        <ele>103.79083909344678</ele>
        <time>2026-08-20T14:28:41.526Z</time>
      </trkpt>
      <trkpt lat="41.9636076" lon="3.1577581999999893">
        <ele>104.00241097224495</ele>
        <time>2026-08-20T14:28:46.136Z</time>
      </trkpt>
      <trkpt lat="41.9635638" lon="3.1577436999999975">
        <ele>104.29762967609808</ele>
        <time>2026-08-20T14:28:54.089Z</time>
      </trkpt>
      <trkpt lat="41.9635134" lon="3.1577505999999858">
        <ele>104.13713634966263</ele>
        <time>2026-08-20T14:28:59.133Z</time>
      </trkpt>
      <trkpt lat="41.9634684" lon="3.157752700000003">
        <ele>103.9649790206799</ele>
        <time>2026-08-20T14:29:02.532Z</time>
      </trkpt>
      <trkpt lat="41.963423" lon="3.1577613999999983">
        <ele>103.72996207739091</ele>
        <time>2026-08-20T14:29:06.432Z</time>
      </trkpt>
      <trkpt lat="41.9633918" lon="3.1578072000000077">
        <ele>103.1739302939406</ele>
        <time>2026-08-20T14:29:11.729Z</time>
      </trkpt>
      <trkpt lat="41.963349" lon="3.1578354000000104">
        <ele>102.59990314715435</ele>
        <time>2026-08-20T14:29:16.852Z</time>
      </trkpt>
      <trkpt lat="41.9633062" lon="3.157871499999999">
        <ele>101.81777562752414</ele>
        <time>2026-08-20T14:29:20.810Z</time>
      </trkpt>
      <trkpt lat="41.9632612" lon="3.157886700000006">
        <ele>101.21633397587054</ele>
        <time>2026-08-20T14:29:25.136Z</time>
      </trkpt>
      <trkpt lat="41.9632369" lon="3.1578905000000077">
        <ele>100.95511996944924</ele>
        <time>2026-08-20T14:29:27.574Z</time>
      </trkpt>
      <trkpt lat="41.9632369" lon="3.1578905000000077">
        <ele>100.95511996944924</ele>
        <time>2026-08-20T14:29:27.574Z</time>
      </trkpt>
      <trkpt lat="41.9632334" lon="3.157896800000003">
        <ele>100.82929405580349</ele>
        <time>2026-08-20T14:29:29.525Z</time>
      </trkpt>
      <trkpt lat="41.9632239" lon="3.1579174000000023">
        <ele>100.42844716938178</ele>
        <time>2026-08-20T14:29:31.646Z</time>
      </trkpt>
      <trkpt lat="41.9631918" lon="3.157913199999996">
        <ele>100.20516630396332</ele>
        <time>2026-08-20T14:29:33.741Z</time>
      </trkpt>
      <trkpt lat="41.9631682" lon="3.1579137999999887">
        <ele>99.98311793669899</ele>
        <time>2026-08-20T14:29:35.589Z</time>
      </trkpt>
      <trkpt lat="41.9631567" lon="3.1579227000000003">
        <ele>99.72806667120497</ele>
        <time>2026-08-20T14:29:38.308Z</time>
      </trkpt>
      <trkpt lat="41.9631393" lon="3.157898700000004">
        <ele>99.98635800890425</ele>
        <time>2026-08-20T14:29:40.668Z</time>
      </trkpt>
      <trkpt lat="41.9631229" lon="3.1579024000000118">
        <ele>99.7786117357855</ele>
        <time>2026-08-20T14:29:43.132Z</time>
      </trkpt>
      <trkpt lat="41.9631183" lon="3.1578963999999985">
        <ele>99.84592227506681</ele>
        <time>2026-08-20T14:29:45.067Z</time>
      </trkpt>
      <trkpt lat="41.963106" lon="3.1578949000000023">
        <ele>99.76747881761237</ele>
        <time>2026-08-20T14:29:47.076Z</time>
      </trkpt>
      <trkpt lat="41.9630891" lon="3.157862599999987">
        <ele>100.22308561867652</ele>
        <time>2026-08-20T14:29:49.077Z</time>
      </trkpt>
      <trkpt lat="41.9630772" lon="3.1578304999999887">
        <ele>100.7353854046542</ele>
        <time>2026-08-20T14:29:51.108Z</time>
      </trkpt>
      <trkpt lat="41.9630681" lon="3.1577971000000105">
        <ele>101.30778669493121</ele>
        <time>2026-08-20T14:29:53.100Z</time>
      </trkpt>
      <trkpt lat="41.9630501" lon="3.157775700000002">
        <ele>101.61098588408593</ele>
        <time>2026-08-20T14:29:54.947Z</time>
      </trkpt>
      <trkpt lat="41.9630223" lon="3.157768500000003">
        <ele>101.59391257541228</ele>
        <time>2026-08-20T14:29:56.946Z</time>
      </trkpt>
      <trkpt lat="41.9629915" lon="3.1577646000000072">
        <ele>101.55403445673714</ele>
        <time>2026-08-20T14:29:59.147Z</time>
      </trkpt>
      <trkpt lat="41.9629687" lon="3.1577694000000065">
        <ele>101.42713845743386</ele>
        <time>2026-08-20T14:30:01.162Z</time>
      </trkpt>
      <trkpt lat="41.9629547" lon="3.157751100000013">
        <ele>101.76931464897068</ele>
        <time>2026-08-20T14:30:02.984Z</time>
      </trkpt>
      <trkpt lat="41.9629351" lon="3.157742100000007">
        <ele>101.91200319733878</ele>
        <time>2026-08-20T14:30:05.119Z</time>
      </trkpt>
      <trkpt lat="41.9629242" lon="3.157756400000011">
        <ele>101.61887087860865</ele>
        <time>2026-08-20T14:30:07.134Z</time>
      </trkpt>
      <trkpt lat="41.9629341" lon="3.1577507000000082">
        <ele>101.74401595306061</ele>
        <time>2026-08-20T14:30:09.076Z</time>
      </trkpt>
      <trkpt lat="41.9629285" lon="3.157730799999996">
        <ele>102.11772488514676</ele>
        <time>2026-08-20T14:30:11.092Z</time>
      </trkpt>
      <trkpt lat="41.9629216" lon="3.157711400000011">
        <ele>102.33411562856074</ele>
        <time>2026-08-20T14:30:12.995Z</time>
      </trkpt>
      <trkpt lat="41.9629279" lon="3.1576914999999985">
        <ele>102.36001837443462</ele>
        <time>2026-08-20T14:30:15.144Z</time>
      </trkpt>
      <trkpt lat="41.9629256" lon="3.1576860000000124">
        <ele>102.3592993652921</ele>
        <time>2026-08-20T14:30:17.077Z</time>
      </trkpt>
      <trkpt lat="41.9629296" lon="3.15767120000001">
        <ele>102.37595505308403</ele>
        <time>2026-08-20T14:30:18.903Z</time>
      </trkpt>
      <trkpt lat="41.9629267" lon="3.1576498000000015">
        <ele>102.38497208839892</ele>
        <time>2026-08-20T14:30:21.024Z</time>
      </trkpt>
      <trkpt lat="41.9629138" lon="3.1576258000000053">
        <ele>102.3840425191036</ele>
        <time>2026-08-20T14:30:23.023Z</time>
      </trkpt>
      <trkpt lat="41.9629026" lon="3.1576048999999955">
        <ele>102.38796613209051</ele>
        <time>2026-08-20T14:30:24.887Z</time>
      </trkpt>
      <trkpt lat="41.9628833" lon="3.157563600000003">
        <ele>102.41054150464178</ele>
        <time>2026-08-20T14:30:27.127Z</time>
      </trkpt>
      <trkpt lat="41.9628676" lon="3.1575302999999906">
        <ele>102.43949742714419</ele>
        <time>2026-08-20T14:30:29.150Z</time>
      </trkpt>
      <trkpt lat="41.9628508" lon="3.157486900000009">
        <ele>102.49182538247932</ele>
        <time>2026-08-20T14:30:31.163Z</time>
      </trkpt>
      <trkpt lat="41.9628399" lon="3.1574567000000116">
        <ele>102.53602173615484</ele>
        <time>2026-08-20T14:30:33.077Z</time>
      </trkpt>
      <trkpt lat="41.9628213" lon="3.1574262999999974">
        <ele>102.69132033318651</ele>
        <time>2026-08-20T14:30:35.082Z</time>
      </trkpt>
      <trkpt lat="41.9627932" lon="3.1573971999999912">
        <ele>102.98754496301589</ele>
        <time>2026-08-20T14:30:37.097Z</time>
      </trkpt>
      <trkpt lat="41.9627742" lon="3.1573788999999977">
        <ele>103.20173594507997</ele>
        <time>2026-08-20T14:30:39.152Z</time>
      </trkpt>
      <trkpt lat="41.9627501" lon="3.1573595000000125">
        <ele>103.46264715679042</ele>
        <time>2026-08-20T14:30:41.127Z</time>
      </trkpt>
      <trkpt lat="41.9627208" lon="3.157335499999988">
        <ele>103.83913908687245</ele>
        <time>2026-08-20T14:30:43.077Z</time>
      </trkpt>
      <trkpt lat="41.9626999" lon="3.1573165000000074">
        <ele>104.20554630069795</ele>
        <time>2026-08-20T14:30:45.077Z</time>
      </trkpt>
      <trkpt lat="41.9626749" lon="3.15729970000001">
        <ele>104.58829647271475</ele>
        <time>2026-08-20T14:30:47.083Z</time>
      </trkpt>
      <trkpt lat="41.9626455" lon="3.1572868000000085">
        <ele>104.968909374966</ele>
        <time>2026-08-20T14:30:49.098Z</time>
      </trkpt>
      <trkpt lat="41.9626158" lon="3.1572775999999863">
        <ele>105.31544708302955</ele>
        <time>2026-08-20T14:30:51.041Z</time>
      </trkpt>
      <trkpt lat="41.9625933" lon="3.157260799999989">
        <ele>105.71571125042523</ele>
        <time>2026-08-20T14:30:53.077Z</time>
      </trkpt>
      <trkpt lat="41.9625736" lon="3.1572437000000093">
        <ele>106.1087893252458</ele>
        <time>2026-08-20T14:30:55.077Z</time>
      </trkpt>
      <trkpt lat="41.9625524" lon="3.157241199999987">
        <ele>106.31987245298099</ele>
        <time>2026-08-20T14:30:56.938Z</time>
      </trkpt>
      <trkpt lat="41.9625324" lon="3.1572299000000044">
        <ele>106.64918654357152</ele>
        <time>2026-08-20T14:30:59.077Z</time>
      </trkpt>
      <trkpt lat="41.9625213" lon="3.1572222000000068">
        <ele>106.85583164082611</ele>
        <time>2026-08-20T14:31:01.081Z</time>
      </trkpt>
      <trkpt lat="41.9625147" lon="3.1572328000000027">
        <ele>106.75736309613302</ele>
        <time>2026-08-20T14:31:03.097Z</time>
      </trkpt>
      <trkpt lat="41.9624879" lon="3.1572366000000045">
        <ele>106.92699412130611</ele>
        <time>2026-08-20T14:31:05.112Z</time>
      </trkpt>
      <trkpt lat="41.9624557" lon="3.1572314000000006">
        <ele>107.27886773991482</ele>
        <time>2026-08-20T14:31:07.128Z</time>
      </trkpt>
      <trkpt lat="41.9624296" lon="3.157232399999998">
        <ele>107.36736313234536</ele>
        <time>2026-08-20T14:31:09.077Z</time>
      </trkpt>
      <trkpt lat="41.9624036" lon="3.1572214999999915">
        <ele>107.5778279912179</ele>
        <time>2026-08-20T14:31:11.077Z</time>
      </trkpt>
      <trkpt lat="41.9623872" lon="3.15719279999999">
        <ele>108.00563803667056</ele>
        <time>2026-08-20T14:31:13.026Z</time>
      </trkpt>
      <trkpt lat="41.9623766" lon="3.1571659999999895">
        <ele>108.37946684532872</ele>
        <time>2026-08-20T14:31:14.841Z</time>
      </trkpt>
      <trkpt lat="41.9623686" lon="3.1571432000000073">
        <ele>108.61331154406867</ele>
        <time>2026-08-20T14:31:17.099Z</time>
      </trkpt>
      <trkpt lat="41.9623799" lon="3.157121999999987">
        <ele>108.81401527047144</ele>
        <time>2026-08-20T14:31:19.115Z</time>
      </trkpt>
      <trkpt lat="41.9623926" lon="3.157103500000005">
        <ele>108.9829319320748</ele>
        <time>2026-08-20T14:31:21.132Z</time>
      </trkpt>
      <trkpt lat="41.9623888" lon="3.1570804000000123">
        <ele>109.20428032150652</ele>
        <time>2026-08-20T14:31:23.077Z</time>
      </trkpt>
      <trkpt lat="41.9623923" lon="3.157063800000003">
        <ele>109.35775127165635</ele>
        <time>2026-08-20T14:31:24.883Z</time>
      </trkpt>
      <trkpt lat="41.9623996" lon="3.157045100000005">
        <ele>109.52470596966921</ele>
        <time>2026-08-20T14:31:27.077Z</time>
      </trkpt>
      <trkpt lat="41.9623817" lon="3.157020700000004">
        <ele>109.78116125634563</ele>
        <time>2026-08-20T14:31:28.946Z</time>
      </trkpt>
      <trkpt lat="41.9623547" lon="3.1570033000000137">
        <ele>109.99522627654453</ele>
        <time>2026-08-20T14:31:31.077Z</time>
      </trkpt>
      <trkpt lat="41.9623558" lon="3.1569728999999995">
        <ele>110.29257832655742</ele>
        <time>2026-08-20T14:31:33.077Z</time>
      </trkpt>
      <trkpt lat="41.9623637" lon="3.156936999999999">
        <ele>110.62617131233965</ele>
        <time>2026-08-20T14:31:35.167Z</time>
      </trkpt>
      <trkpt lat="41.9623596" lon="3.156918300000001">
        <ele>110.81978891402463</ele>
        <time>2026-08-20T14:31:36.982Z</time>
      </trkpt>
      <trkpt lat="41.9623519" lon="3.15691480000001">
        <ele>110.87536772249634</ele>
        <time>2026-08-20T14:31:39.109Z</time>
      </trkpt>
      <trkpt lat="41.9623492" lon="3.1569067000000075">
        <ele>110.96317231264305</ele>
        <time>2026-08-20T14:31:40.925Z</time>
      </trkpt>
      <trkpt lat="41.9623401" lon="3.1568815999999913">
        <ele>111.2170821099999</ele>
        <time>2026-08-20T14:31:43.003Z</time>
      </trkpt>
      <trkpt lat="41.9623243" lon="3.1568677999999863">
        <ele>111.29667810788563</ele>
        <time>2026-08-20T14:31:45.153Z</time>
      </trkpt>
      <trkpt lat="41.9623135" lon="3.1568474000000037">
        <ele>111.37816501517133</ele>
        <time>2026-08-20T14:31:47.168Z</time>
      </trkpt>
      <trkpt lat="41.9623078" lon="3.156820900000014">
        <ele>111.45925007284993</ele>
        <time>2026-08-20T14:31:49.077Z</time>
      </trkpt>
      <trkpt lat="41.9622988" lon="3.156798000000009">
        <ele>111.54690917871633</ele>
        <time>2026-08-20T14:31:51.085Z</time>
      </trkpt>
      <trkpt lat="41.9622892" lon="3.1567810999999892">
        <ele>111.62551572606009</ele>
        <time>2026-08-20T14:31:52.948Z</time>
      </trkpt>
      <trkpt lat="41.9622808" lon="3.156758400000001">
        <ele>111.71669246651</ele>
        <time>2026-08-20T14:31:54.827Z</time>
      </trkpt>
      <trkpt lat="41.9622622" lon="3.1567468000000076">
        <ele>111.82526237038122</ele>
        <time>2026-08-20T14:31:57.065Z</time>
      </trkpt>
      <trkpt lat="41.9622428" lon="3.1567367000000104">
        <ele>111.93659367521492</ele>
        <time>2026-08-20T14:31:59.145Z</time>
      </trkpt>
      <trkpt lat="41.962223" lon="3.1567382000000066">
        <ele>112.01778525740964</ele>
        <time>2026-08-20T14:32:01.077Z</time>
      </trkpt>
      <trkpt lat="41.9622018" lon="3.1567407000000003">
        <ele>112.10130289608878</ele>
        <time>2026-08-20T14:32:03.023Z</time>
      </trkpt>
      <trkpt lat="41.9621785" lon="3.156734599999993">
        <ele>112.22217004190898</ele>
        <time>2026-08-20T14:32:05.190Z</time>
      </trkpt>
      <trkpt lat="41.9621549" lon="3.1567434000000105">
        <ele>112.15573107326006</ele>
        <time>2026-08-20T14:32:07.092Z</time>
      </trkpt>
      <trkpt lat="41.9621259" lon="3.156742600000001">
        <ele>112.01223122547262</ele>
        <time>2026-08-20T14:32:09.187Z</time>
      </trkpt>
      <trkpt lat="41.9621045" lon="3.156751799999995">
        <ele>111.88403694344653</ele>
        <time>2026-08-20T14:32:11.122Z</time>
      </trkpt>
      <trkpt lat="41.9620814" lon="3.1567494999999894">
        <ele>111.77587311046625</ele>
        <time>2026-08-20T14:32:13.137Z</time>
      </trkpt>
      <trkpt lat="41.9620519" lon="3.156751100000008">
        <ele>111.62929276312902</ele>
        <time>2026-08-20T14:32:15.077Z</time>
      </trkpt>
      <trkpt lat="41.9620331" lon="3.1567719999999895">
        <ele>111.52004072732721</ele>
        <time>2026-08-20T14:32:17.062Z</time>
      </trkpt>
      <trkpt lat="41.9620093" lon="3.1567850000000135">
        <ele>111.40863368755952</ele>
        <time>2026-08-20T14:32:19.077Z</time>
      </trkpt>
      <trkpt lat="41.9619876" lon="3.1567905999999937">
        <ele>111.31724333419157</ele>
        <time>2026-08-20T14:32:20.961Z</time>
      </trkpt>
      <trkpt lat="41.961958" lon="3.15679080000001">
        <ele>111.1956511451516</ele>
        <time>2026-08-20T14:32:23.143Z</time>
      </trkpt>
      <trkpt lat="41.9619321" lon="3.1567837000000054">
        <ele>111.08143797550642</ele>
        <time>2026-08-20T14:32:25.109Z</time>
      </trkpt>
      <trkpt lat="41.9619077" lon="3.1567929999999933">
        <ele>110.99247087497342</ele>
        <time>2026-08-20T14:32:27.004Z</time>
      </trkpt>
      <trkpt lat="41.9618781" lon="3.1567857000000004">
        <ele>110.5556647080293</ele>
        <time>2026-08-20T14:32:29.139Z</time>
      </trkpt>
      <trkpt lat="41.9618532" lon="3.1567949999999882">
        <ele>109.92307127124275</ele>
        <time>2026-08-20T14:32:30.946Z</time>
      </trkpt>
      <trkpt lat="41.9618239" lon="3.1568016999999884">
        <ele>109.18186834879619</ele>
        <time>2026-08-20T14:32:33.169Z</time>
      </trkpt>
      <trkpt lat="41.9617958" lon="3.156797299999994">
        <ele>108.42632241148132</ele>
        <time>2026-08-20T14:32:35.077Z</time>
      </trkpt>
      <trkpt lat="41.9617707" lon="3.1567977999999925">
        <ele>107.77166601215605</ele>
        <time>2026-08-20T14:32:36.902Z</time>
      </trkpt>
      <trkpt lat="41.961745" lon="3.1568027000000143">
        <ele>107.13400067375561</ele>
        <time>2026-08-20T14:32:38.725Z</time>
      </trkpt>
      <trkpt lat="41.9617237" lon="3.1568095000000085">
        <ele>106.63437241890705</ele>
        <time>2026-08-20T14:32:40.669Z</time>
      </trkpt>
      <trkpt lat="41.9617055" lon="3.1568028000000083">
        <ele>106.10745920647365</ele>
        <time>2026-08-20T14:32:43.077Z</time>
      </trkpt>
      <trkpt lat="41.9616885" lon="3.156805200000008">
        <ele>105.68762188552316</ele>
        <time>2026-08-20T14:32:45.284Z</time>
      </trkpt>
      <trkpt lat="41.9616251" lon="3.1568168999999955">
        <ele>104.17997747855044</ele>
        <time>2026-08-20T14:32:47.507Z</time>
      </trkpt>
      <trkpt lat="41.961587" lon="3.1568176000000108">
        <ele>103.07421039197763</ele>
        <time>2026-08-20T14:32:49.707Z</time>
      </trkpt>
      <trkpt lat="41.9615568" lon="3.156821000000008">
        <ele>102.18555037718141</ele>
        <time>2026-08-20T14:32:51.880Z</time>
      </trkpt>
      <trkpt lat="41.9615299" lon="3.1568216999999947">
        <ele>101.36554646153034</ele>
        <time>2026-08-20T14:32:54.008Z</time>
      </trkpt>
      <trkpt lat="41.9615008" lon="3.156827700000008">
        <ele>100.55507592415469</ele>
        <time>2026-08-20T14:32:56.525Z</time>
      </trkpt>
      <trkpt lat="41.9614825" lon="3.156833699999993">
        <ele>100.08225900780488</ele>
        <time>2026-08-20T14:32:59.140Z</time>
      </trkpt>
      <trkpt lat="41.9614826" lon="3.1568227999999863">
        <ele>99.92370084569119</ele>
        <time>2026-08-20T14:33:01.077Z</time>
      </trkpt>
      <trkpt lat="41.9614855" lon="3.156821199999996">
        <ele>99.98940928548377</ele>
        <time>2026-08-20T14:33:02.888Z</time>
      </trkpt>
      <trkpt lat="41.9614888" lon="3.1568236999999897">
        <ele>100.12791149877275</ele>
        <time>2026-08-20T14:33:04.887Z</time>
      </trkpt>
      <trkpt lat="41.9614862" lon="3.1568301000000076">
        <ele>100.14226961442978</ele>
        <time>2026-08-20T14:33:07.062Z</time>
      </trkpt>
      <trkpt lat="41.9614735" lon="3.1568527000000017">
        <ele>100.09255222258398</ele>
        <time>2026-08-20T14:33:08.942Z</time>
      </trkpt>
      <trkpt lat="41.9614595" lon="3.156858099999994">
        <ele>99.75302136123699</ele>
        <time>2026-08-20T14:33:10.909Z</time>
      </trkpt>
      <trkpt lat="41.9614461" lon="3.1568506000000127">
        <ele>99.2333188957934</ele>
        <time>2026-08-20T14:33:13.124Z</time>
      </trkpt>
      <trkpt lat="41.9614352" lon="3.1568666000000007">
        <ele>99.1575676699796</ele>
        <time>2026-08-20T14:33:15.077Z</time>
      </trkpt>
      <trkpt lat="41.9614202" lon="3.1568848999999943">
        <ele>99.00129740829934</ele>
        <time>2026-08-20T14:33:17.169Z</time>
      </trkpt>
      <trkpt lat="41.9613992" lon="3.156881700000014">
        <ele>98.33337745365662</ele>
        <time>2026-08-20T14:33:19.175Z</time>
      </trkpt>
      <trkpt lat="41.9613871" lon="3.15686740000001">
        <ele>97.73460488246066</ele>
        <time>2026-08-20T14:33:21.078Z</time>
      </trkpt>
      <trkpt lat="41.9613685" lon="3.1568689000000063">
        <ele>97.20536561348301</ele>
        <time>2026-08-20T14:33:22.948Z</time>
      </trkpt>
      <trkpt lat="41.9613558" lon="3.156892400000004">
        <ele>97.15535607040488</ele>
        <time>2026-08-20T14:33:24.987Z</time>
      </trkpt>
      <trkpt lat="41.9613359" lon="3.1569120000000055">
        <ele>96.72851438685474</ele>
        <time>2026-08-20T14:33:27.077Z</time>
      </trkpt>
      <trkpt lat="41.9613171" lon="3.156915700000013">
        <ele>96.23182430178102</ele>
        <time>2026-08-20T14:33:28.912Z</time>
      </trkpt>
      <trkpt lat="41.9612933" lon="3.1569339000000127">
        <ele>95.72042360090158</ele>
        <time>2026-08-20T14:33:31.077Z</time>
      </trkpt>
      <trkpt lat="41.9612778" lon="3.156950099999989">
        <ele>95.43213897447941</ele>
        <time>2026-08-20T14:33:33.077Z</time>
      </trkpt>
      <trkpt lat="41.9612634" lon="3.156964700000003">
        <ele>95.16709371038496</ele>
        <time>2026-08-20T14:33:35.067Z</time>
      </trkpt>
      <trkpt lat="41.9612477" lon="3.1569754999999873">
        <ele>94.83858664100585</ele>
        <time>2026-08-20T14:33:37.122Z</time>
      </trkpt>
      <trkpt lat="41.9612398" lon="3.1569921999999906">
        <ele>94.77949365654818</ele>
        <time>2026-08-20T14:33:39.105Z</time>
      </trkpt>
      <trkpt lat="41.9612526" lon="3.157004999999998">
        <ele>95.23846270495116</ele>
        <time>2026-08-20T14:33:41.112Z</time>
      </trkpt>
      <trkpt lat="41.9612639" lon="3.1570057000000133">
        <ele>95.5452804401931</ele>
        <time>2026-08-20T14:33:43.126Z</time>
      </trkpt>
      <trkpt lat="41.9612687" lon="3.1570125000000075">
        <ele>95.73289026788972</ele>
        <time>2026-08-20T14:33:45.140Z</time>
      </trkpt>
      <trkpt lat="41.9612709" lon="3.157024100000001">
        <ele>95.89308912812308</ele>
        <time>2026-08-20T14:33:47.107Z</time>
      </trkpt>
      <trkpt lat="41.9612807" lon="3.1570297000000096">
        <ele>96.19933438324725</ele>
        <time>2026-08-20T14:33:49.002Z</time>
      </trkpt>
      <trkpt lat="41.9612843" lon="3.157057199999997">
        <ele>96.52983149702973</ele>
        <time>2026-08-20T14:33:51.077Z</time>
      </trkpt>
      <trkpt lat="41.9612767" lon="3.1570873000000006">
        <ele>96.5954918952016</ele>
        <time>2026-08-20T14:33:53.087Z</time>
      </trkpt>
      <trkpt lat="41.9612763" lon="3.1571116000000075">
        <ele>96.7968843077925</ele>
        <time>2026-08-20T14:33:55.062Z</time>
      </trkpt>
      <trkpt lat="41.961293" lon="3.157144299999999">
        <ele>97.49069177928764</ele>
        <time>2026-08-20T14:33:57.116Z</time>
      </trkpt>
      <trkpt lat="41.9613033" lon="3.1571652000000086">
        <ele>97.87785372583474</ele>
        <time>2026-08-20T14:33:59.077Z</time>
      </trkpt>
      <trkpt lat="41.9613182" lon="3.157187499999992">
        <ele>98.06257172516487</ele>
        <time>2026-08-20T14:34:00.889Z</time>
      </trkpt>
      <trkpt lat="41.9613301" lon="3.1572189999999978">
        <ele>98.07987741252843</ele>
        <time>2026-08-20T14:34:03.127Z</time>
      </trkpt>
      <trkpt lat="41.9613242" lon="3.1572392999999863">
        <ele>97.78528861845577</ele>
        <time>2026-08-20T14:34:05.077Z</time>
      </trkpt>
      <trkpt lat="41.9613449" lon="3.1572558999999956">
        <ele>98.03100432530228</ele>
        <time>2026-08-20T14:34:06.983Z</time>
      </trkpt>
      <trkpt lat="41.961372" lon="3.1572731999999917">
        <ele>98.29498451208553</ele>
        <time>2026-08-20T14:34:08.927Z</time>
      </trkpt>
      <trkpt lat="41.9613885" lon="3.1572649000000013">
        <ele>98.62170115420868</ele>
        <time>2026-08-20T14:34:10.743Z</time>
      </trkpt>
      <trkpt lat="41.9613983" lon="3.1572936000000027">
        <ele>98.5064719968805</ele>
        <time>2026-08-20T14:34:13.044Z</time>
      </trkpt>
      <trkpt lat="41.9613906" lon="3.1573140000000137">
        <ele>98.20469743311912</ele>
        <time>2026-08-20T14:34:14.869Z</time>
      </trkpt>
      <trkpt lat="41.9614215" lon="3.1573405000000037">
        <ele>98.40609013119338</ele>
        <time>2026-08-20T14:34:17.077Z</time>
      </trkpt>
      <trkpt lat="41.961442" lon="3.1573653000000093">
        <ele>98.45756736751967</ele>
        <time>2026-08-20T14:34:19.077Z</time>
      </trkpt>
      <trkpt lat="41.9614456" lon="3.1573892000000114">
        <ele>98.27291400906131</ele>
        <time>2026-08-20T14:34:20.942Z</time>
      </trkpt>
      <trkpt lat="41.9614652" lon="3.1574104000000034">
        <ele>98.32847472366458</ele>
        <time>2026-08-20T14:34:23.095Z</time>
      </trkpt>
      <trkpt lat="41.9614932" lon="3.1574295000000063">
        <ele>98.5064640960219</ele>
        <time>2026-08-20T14:34:25.087Z</time>
      </trkpt>
      <trkpt lat="41.9615215" lon="3.157435499999991">
        <ele>98.8163375403508</ele>
        <time>2026-08-20T14:34:27.127Z</time>
      </trkpt>
      <trkpt lat="41.9615394" lon="3.1574592999999993">
        <ele>98.78267147957384</ele>
        <time>2026-08-20T14:34:29.167Z</time>
      </trkpt>
      <trkpt lat="41.9615507" lon="3.1574846999999977">
        <ele>98.6514707161638</ele>
        <time>2026-08-20T14:34:31.077Z</time>
      </trkpt>
      <trkpt lat="41.9615742" lon="3.157482200000004">
        <ele>99.00744959160677</ele>
        <time>2026-08-20T14:34:33.128Z</time>
      </trkpt>
      <trkpt lat="41.9615929" lon="3.157510599999995">
        <ele>98.97657553451702</ele>
        <time>2026-08-20T14:34:34.984Z</time>
      </trkpt>
      <trkpt lat="41.9616102" lon="3.1575314000000105">
        <ele>99.02209943266153</ele>
        <time>2026-08-20T14:34:37.096Z</time>
      </trkpt>
      <trkpt lat="41.961627" lon="3.1575565999999924">
        <ele>99.0210866005302</ele>
        <time>2026-08-20T14:34:39.111Z</time>
      </trkpt>
      <trkpt lat="41.9616442" lon="3.1575764000000106">
        <ele>99.09158674290632</ele>
        <time>2026-08-20T14:34:41.126Z</time>
      </trkpt>
      <trkpt lat="41.9616637" lon="3.157593999999989">
        <ele>99.23210065848782</ele>
        <time>2026-08-20T14:34:43.005Z</time>
      </trkpt>
      <trkpt lat="41.9616835" lon="3.1576120999999944">
        <ele>99.3884172211805</ele>
        <time>2026-08-20T14:34:45.157Z</time>
      </trkpt>
      <trkpt lat="41.9616969" lon="3.1576364999999953">
        <ele>99.4059764864732</ele>
        <time>2026-08-20T14:34:47.077Z</time>
      </trkpt>
      <trkpt lat="41.9617172" lon="3.1576377000000093">
        <ele>99.73027179415953</ele>
        <time>2026-08-20T14:34:49.077Z</time>
      </trkpt>
      <trkpt lat="41.9617313" lon="3.157657900000004">
        <ele>99.81592459289467</ele>
        <time>2026-08-20T14:34:51.093Z</time>
      </trkpt>
      <trkpt lat="41.9617418" lon="3.157683300000002">
        <ele>99.81530762909978</ele>
        <time>2026-08-20T14:34:53.076Z</time>
      </trkpt>
      <trkpt lat="41.9617543" lon="3.157708100000008">
        <ele>99.86657358888621</ele>
        <time>2026-08-20T14:34:55.125Z</time>
      </trkpt>
      <trkpt lat="41.9617581" lon="3.157730700000002">
        <ele>99.77315569429223</ele>
        <time>2026-08-20T14:34:56.965Z</time>
      </trkpt>
      <trkpt lat="41.9617536" lon="3.1577474999999993">
        <ele>99.56039582935205</ele>
        <time>2026-08-20T14:34:59.077Z</time>
      </trkpt>
      <trkpt lat="41.9617594" lon="3.157765799999993">
        <ele>99.52963023370553</ele>
        <time>2026-08-20T14:35:01.077Z</time>
      </trkpt>
      <trkpt lat="41.9617715" lon="3.1577847000000077">
        <ele>99.62018312230504</ele>
        <time>2026-08-20T14:35:03.046Z</time>
      </trkpt>
      <trkpt lat="41.9617699" lon="3.157808799999998">
        <ele>99.40987879757968</ele>
        <time>2026-08-20T14:35:05.093Z</time>
      </trkpt>
      <trkpt lat="41.9617671" lon="3.1578340000000082">
        <ele>99.16572923768054</ele>
        <time>2026-08-20T14:35:07.077Z</time>
      </trkpt>
      <trkpt lat="41.9617629" lon="3.157853799999998">
        <ele>98.93100329835232</ele>
        <time>2026-08-20T14:35:09.085Z</time>
      </trkpt>
      <trkpt lat="41.9617522" lon="3.157881400000008">
        <ele>98.49691350225893</ele>
        <time>2026-08-20T14:35:11.077Z</time>
      </trkpt>
      <trkpt lat="41.9617386" lon="3.1579030999999986">
        <ele>98.03718368461087</ele>
        <time>2026-08-20T14:35:12.932Z</time>
      </trkpt>
      <trkpt lat="41.9617235" lon="3.1579292000000123">
        <ele>97.49820078547354</ele>
        <time>2026-08-20T14:35:14.827Z</time>
      </trkpt>
      <trkpt lat="41.961704" lon="3.1579566999999997">
        <ele>96.83517937242274</ele>
        <time>2026-08-20T14:35:16.986Z</time>
      </trkpt>
      <trkpt lat="41.9616834" lon="3.157982699999991">
        <ele>96.14181433260738</ele>
        <time>2026-08-20T14:35:19.049Z</time>
      </trkpt>
      <trkpt lat="41.961669" lon="3.1580141000000026">
        <ele>95.5900840146574</ele>
        <time>2026-08-20T14:35:21.104Z</time>
      </trkpt>
      <trkpt lat="41.9616582" lon="3.1580350000000124">
        <ele>95.23078587870418</ele>
        <time>2026-08-20T14:35:22.927Z</time>
      </trkpt>
      <trkpt lat="41.9616429" lon="3.1580610999999976">
        <ele>94.74186962498086</ele>
        <time>2026-08-20T14:35:25.061Z</time>
      </trkpt>
      <trkpt lat="41.9616353" lon="3.1580835000000036">
        <ele>94.45024921636767</ele>
        <time>2026-08-20T14:35:26.925Z</time>
      </trkpt>
      <trkpt lat="41.9616152" lon="3.158116000000007">
        <ele>93.82137643763309</ele>
        <time>2026-08-20T14:35:29.187Z</time>
      </trkpt>
      <trkpt lat="41.9616036" lon="3.1581403000000137">
        <ele>93.4857272231859</ele>
        <time>2026-08-20T14:35:31.077Z</time>
      </trkpt>
      <trkpt lat="41.9615967" lon="3.1581745999999953">
        <ele>93.19916173234965</ele>
        <time>2026-08-20T14:35:32.985Z</time>
      </trkpt>
      <trkpt lat="41.9615902" lon="3.1582031000000086">
        <ele>92.9549211018737</ele>
        <time>2026-08-20T14:35:35.103Z</time>
      </trkpt>
      <trkpt lat="41.9615839" lon="3.158234099999987">
        <ele>92.7084766133278</ele>
        <time>2026-08-20T14:35:37.150Z</time>
      </trkpt>
      <trkpt lat="41.9615827" lon="3.1582691000000125">
        <ele>92.52669982468767</ele>
        <time>2026-08-20T14:35:39.166Z</time>
      </trkpt>
      <trkpt lat="41.9615746" lon="3.1582989000000055">
        <ele>92.51038612519838</ele>
        <time>2026-08-20T14:35:41.093Z</time>
      </trkpt>
      <trkpt lat="41.9615655" lon="3.1583335999999917">
        <ele>92.58147287463675</ele>
        <time>2026-08-20T14:35:43.156Z</time>
      </trkpt>
      <trkpt lat="41.9615569" lon="3.158365300000014">
        <ele>92.65267420383343</ele>
        <time>2026-08-20T14:35:45.077Z</time>
      </trkpt>
      <trkpt lat="41.9615392" lon="3.1583803999999986">
        <ele>92.51421465604861</ele>
        <time>2026-08-20T14:35:46.924Z</time>
      </trkpt>
      <trkpt lat="41.9615261" lon="3.158395000000013">
        <ele>92.44041543015729</ele>
        <time>2026-08-20T14:35:49.149Z</time>
      </trkpt>
      <trkpt lat="41.9615375" lon="3.1584363999999994">
        <ele>92.8471376432285</ele>
        <time>2026-08-20T14:35:51.109Z</time>
      </trkpt>
      <trkpt lat="41.9615155" lon="3.158464500000008">
        <ele>92.77447997262269</ele>
        <time>2026-08-20T14:35:53.125Z</time>
      </trkpt>
      <trkpt lat="41.9614969" lon="3.1584885000000043">
        <ele>92.73232324226791</ele>
        <time>2026-08-20T14:35:55.077Z</time>
      </trkpt>
      <trkpt lat="41.9614772" lon="3.158502700000014">
        <ele>92.62197653277279</ele>
        <time>2026-08-20T14:35:57.006Z</time>
      </trkpt>
      <trkpt lat="41.9614718" lon="3.1585269999999923">
        <ele>92.74724246299216</ele>
        <time>2026-08-20T14:35:58.886Z</time>
      </trkpt>
      <trkpt lat="41.9614449" lon="3.1585190000000125">
        <ele>92.40706958689094</ele>
        <time>2026-08-20T14:36:00.806Z</time>
      </trkpt>
      <trkpt lat="41.9614228" lon="3.158498199999997">
        <ele>92.00186857783643</ele>
        <time>2026-08-20T14:36:03.095Z</time>
      </trkpt>
      <trkpt lat="41.961404" lon="3.15848969999999">
        <ele>91.72460812204224</ele>
        <time>2026-08-20T14:36:05.076Z</time>
      </trkpt>
      <trkpt lat="41.9613822" lon="3.1584938999999963">
        <ele>91.52463253102853</ele>
        <time>2026-08-20T14:36:06.903Z</time>
      </trkpt>
      <trkpt lat="41.9613576" lon="3.158477000000005">
        <ele>91.09498399754554</ele>
        <time>2026-08-20T14:36:08.862Z</time>
      </trkpt>
      <trkpt lat="41.9613462" lon="3.1584501000000103">
        <ele>90.70351382953066</ele>
        <time>2026-08-20T14:36:10.807Z</time>
      </trkpt>
      <trkpt lat="41.9613335" lon="3.1584185000000105">
        <ele>90.2385069697426</ele>
        <time>2026-08-20T14:36:12.981Z</time>
      </trkpt>
      <trkpt lat="41.9613268" lon="3.158384799999993">
        <ele>89.82066399021646</ele>
        <time>2026-08-20T14:36:15.022Z</time>
      </trkpt>
      <trkpt lat="41.961314" lon="3.15835340000001">
        <ele>89.35125614536597</ele>
        <time>2026-08-20T14:36:17.109Z</time>
      </trkpt>
      <trkpt lat="41.9613028" lon="3.1583253000000013">
        <ele>88.93230190848467</ele>
        <time>2026-08-20T14:36:19.077Z</time>
      </trkpt>
      <trkpt lat="41.9612936" lon="3.158300099999991">
        <ele>88.56532892592276</ele>
        <time>2026-08-20T14:36:20.923Z</time>
      </trkpt>
      <trkpt lat="41.9612832" lon="3.158263099999999">
        <ele>88.19583322826175</ele>
        <time>2026-08-20T14:36:22.961Z</time>
      </trkpt>
      <trkpt lat="41.961276" lon="3.1582395000000076">
        <ele>88.12564178596952</ele>
        <time>2026-08-20T14:36:25.063Z</time>
      </trkpt>
      <trkpt lat="41.9612632" lon="3.1582142000000033">
        <ele>87.9921237943885</ele>
        <time>2026-08-20T14:36:27.128Z</time>
      </trkpt>
      <trkpt lat="41.9612486" lon="3.158188700000011">
        <ele>87.84141448933899</ele>
        <time>2026-08-20T14:36:29.143Z</time>
      </trkpt>
      <trkpt lat="41.9612335" lon="3.1581628000000137">
        <ele>87.68965116715395</ele>
        <time>2026-08-20T14:36:31.077Z</time>
      </trkpt>
      <trkpt lat="41.961215" lon="3.158144600000014">
        <ele>87.49505600607846</ele>
        <time>2026-08-20T14:36:33.172Z</time>
      </trkpt>
      <trkpt lat="41.9611969" lon="3.1581251000000066">
        <ele>87.31051900275132</ele>
        <time>2026-08-20T14:36:35.077Z</time>
      </trkpt>
      <trkpt lat="41.9611756" lon="3.158107099999995">
        <ele>87.09205659062981</ele>
        <time>2026-08-20T14:36:37.091Z</time>
      </trkpt>
      <trkpt lat="41.961155" lon="3.1580906000000084">
        <ele>86.88371767318576</ele>
        <time>2026-08-20T14:36:39.106Z</time>
      </trkpt>
      <trkpt lat="41.9611384" lon="3.1580728000000136">
        <ele>86.72569484014646</ele>
        <time>2026-08-20T14:36:40.985Z</time>
      </trkpt>
      <trkpt lat="41.9611193" lon="3.158060000000006">
        <ele>86.53539910252734</ele>
        <time>2026-08-20T14:36:42.983Z</time>
      </trkpt>
      <trkpt lat="41.9610927" lon="3.158051499999999">
        <ele>86.25821321449958</ele>
        <time>2026-08-20T14:36:45.068Z</time>
      </trkpt>
      <trkpt lat="41.9610659" lon="3.1580465000000117">
        <ele>85.97458884051892</ele>
        <time>2026-08-20T14:36:47.146Z</time>
      </trkpt>
      <trkpt lat="41.9610428" lon="3.1580422000000112">
        <ele>85.66358305179448</ele>
        <time>2026-08-20T14:36:49.048Z</time>
      </trkpt>
      <trkpt lat="41.9610227" lon="3.158035600000005">
        <ele>85.37072188369754</ele>
        <time>2026-08-20T14:36:50.966Z</time>
      </trkpt>
      <trkpt lat="41.9610039" lon="3.158027500000003">
        <ele>85.11367081084236</ele>
        <time>2026-08-20T14:36:53.003Z</time>
      </trkpt>
      <trkpt lat="41.9609789" lon="3.1580265999999995">
        <ele>84.74053573547785</ele>
        <time>2026-08-20T14:36:55.077Z</time>
      </trkpt>
      <trkpt lat="41.9609627" lon="3.1580173000000116">
        <ele>84.54842775175187</ele>
        <time>2026-08-20T14:36:57.081Z</time>
      </trkpt>
      <trkpt lat="41.960933" lon="3.1580087000000105">
        <ele>84.16908110706571</ele>
        <time>2026-08-20T14:36:59.094Z</time>
      </trkpt>
      <trkpt lat="41.9609098" lon="3.1580087000000105">
        <ele>83.8351676871016</ele>
        <time>2026-08-20T14:37:01.124Z</time>
      </trkpt>
      <trkpt lat="41.960886" lon="3.158011799999997">
        <ele>83.46626892031685</ele>
        <time>2026-08-20T14:37:03.106Z</time>
      </trkpt>
      <trkpt lat="41.9608623" lon="3.1580200999999875">
        <ele>83.04437865484917</ele>
        <time>2026-08-20T14:37:05.007Z</time>
      </trkpt>
      <trkpt lat="41.9608408" lon="3.158030999999994">
        <ele>82.61434548815716</ele>
        <time>2026-08-20T14:37:07.020Z</time>
      </trkpt>
      <trkpt lat="41.9608253" lon="3.158057299999996">
        <ele>82.0941664625263</ele>
        <time>2026-08-20T14:37:08.964Z</time>
      </trkpt>
      <trkpt lat="41.9608064" lon="3.1580789999999865">
        <ele>81.53749936090719</ele>
        <time>2026-08-20T14:37:10.986Z</time>
      </trkpt>
      <trkpt lat="41.9607844" lon="3.1580953000000136">
        <ele>80.96102787866631</ele>
        <time>2026-08-20T14:37:13.105Z</time>
      </trkpt>
      <trkpt lat="41.9607635" lon="3.158097700000013">
        <ele>80.5083205577567</ele>
        <time>2026-08-20T14:37:15.118Z</time>
      </trkpt>
      <trkpt lat="41.9607477" lon="3.158116199999995">
        <ele>79.93590254775287</ele>
        <time>2026-08-20T14:37:17.117Z</time>
      </trkpt>
      <trkpt lat="41.9607356" lon="3.1581389000000115">
        <ele>79.38224532928533</ele>
        <time>2026-08-20T14:37:18.948Z</time>
      </trkpt>
      <trkpt lat="41.9607159" lon="3.158157700000004">
        <ele>78.70850592869496</ele>
        <time>2026-08-20T14:37:21.117Z</time>
      </trkpt>
      <trkpt lat="41.9607043" lon="3.1581893000000036">
        <ele>78.033984960106</ele>
        <time>2026-08-20T14:37:23.074Z</time>
      </trkpt>
      <trkpt lat="41.9606824" lon="3.1582078000000138">
        <ele>77.29838040887886</ele>
        <time>2026-08-20T14:37:25.048Z</time>
      </trkpt>
      <trkpt lat="41.9606662" lon="3.1582223000000056">
        <ele>76.73746510674842</ele>
        <time>2026-08-20T14:37:26.928Z</time>
      </trkpt>
      <trkpt lat="41.9606451" lon="3.158229199999994">
        <ele>76.16697524633113</ele>
        <time>2026-08-20T14:37:29.101Z</time>
      </trkpt>
      <trkpt lat="41.9606312" lon="3.158254900000003">
        <ele>75.49053323014247</ele>
        <time>2026-08-20T14:37:30.965Z</time>
      </trkpt>
      <trkpt lat="41.9606119" lon="3.1582644000000073">
        <ele>74.91406025970029</ele>
        <time>2026-08-20T14:37:32.908Z</time>
      </trkpt>
      <trkpt lat="41.9606068" lon="3.1582453000000044">
        <ele>75.07206215240244</ele>
        <time>2026-08-20T14:37:34.907Z</time>
      </trkpt>
      <trkpt lat="41.9605871" lon="3.1582539000000054">
        <ele>74.49910945413306</ele>
        <time>2026-08-20T14:37:37.074Z</time>
      </trkpt>
      <trkpt lat="41.9605643" lon="3.158267599999988">
        <ele>73.77587479075537</ele>
        <time>2026-08-20T14:37:39.074Z</time>
      </trkpt>
      <trkpt lat="41.9605482" lon="3.1582792000000097">
        <ele>73.2966896887297</ele>
        <time>2026-08-20T14:37:41.024Z</time>
      </trkpt>
      <trkpt lat="41.9605281" lon="3.1582745000000045">
        <ele>72.84008699800223</ele>
        <time>2026-08-20T14:37:43.006Z</time>
      </trkpt>
      <trkpt lat="41.9605091" lon="3.15826340000001">
        <ele>72.5739763935434</ele>
        <time>2026-08-20T14:37:45.068Z</time>
      </trkpt>
      <trkpt lat="41.9604844" lon="3.158241299999986">
        <ele>72.51111796864494</ele>
        <time>2026-08-20T14:37:47.117Z</time>
      </trkpt>
      <trkpt lat="41.9604714" lon="3.1582295000000045">
        <ele>72.51717120216647</ele>
        <time>2026-08-20T14:37:49.074Z</time>
      </trkpt>
      <trkpt lat="41.9604538" lon="3.158226500000012">
        <ele>72.32634657918933</ele>
        <time>2026-08-20T14:37:51.074Z</time>
      </trkpt>
      <trkpt lat="41.9604373" lon="3.158220099999994">
        <ele>72.19671251801303</ele>
        <time>2026-08-20T14:37:53.074Z</time>
      </trkpt>
      <trkpt lat="41.9604233" lon="3.1581990999999903">
        <ele>72.30117288910704</ele>
        <time>2026-08-20T14:37:55.074Z</time>
      </trkpt>
      <trkpt lat="41.9604072" lon="3.1581873000000087">
        <ele>72.23810574162432</ele>
        <time>2026-08-20T14:37:57.073Z</time>
      </trkpt>
      <trkpt lat="41.9603841" lon="3.158190399999995">
        <ele>71.86990667152627</ele>
        <time>2026-08-20T14:37:59.074Z</time>
      </trkpt>
      <trkpt lat="41.9603655" lon="3.158189099999987">
        <ele>71.62423346835101</ele>
        <time>2026-08-20T14:38:01.074Z</time>
      </trkpt>
      <trkpt lat="41.9603456" lon="3.158190999999988">
        <ele>71.31938013181413</ele>
        <time>2026-08-20T14:38:02.942Z</time>
      </trkpt>
      <trkpt lat="41.9603271" lon="3.1582004999999924">
        <ele>70.94393442343818</ele>
        <time>2026-08-20T14:38:05.164Z</time>
      </trkpt>
      <trkpt lat="41.9603131" lon="3.158205500000008">
        <ele>70.69027808172402</ele>
        <time>2026-08-20T14:38:07.117Z</time>
      </trkpt>
      <trkpt lat="41.9602936" lon="3.158206100000001">
        <ele>70.41422022547476</ele>
        <time>2026-08-20T14:38:09.117Z</time>
      </trkpt>
      <trkpt lat="41.9602686" lon="3.158210800000006">
        <ele>70.0180792642219</ele>
        <time>2026-08-20T14:38:11.074Z</time>
      </trkpt>
      <trkpt lat="41.9602406" lon="3.1582361000000105">
        <ele>69.37240478472475</ele>
        <time>2026-08-20T14:38:13.179Z</time>
      </trkpt>
      <trkpt lat="41.9602315" lon="3.158258999999987">
        <ele>69.01923665938153</ele>
        <time>2026-08-20T14:38:15.026Z</time>
      </trkpt>
      <trkpt lat="41.9601744" lon="3.1583027000000072">
        <ele>68.00268123916567</ele>
        <time>2026-08-20T14:38:17.074Z</time>
      </trkpt>
      <trkpt lat="41.9601494" lon="3.158333099999993">
        <ele>67.6706532175912</ele>
        <time>2026-08-20T14:38:18.949Z</time>
      </trkpt>
      <trkpt lat="41.9601381" lon="3.1583738999999866">
        <ele>67.58448979324864</ele>
        <time>2026-08-20T14:38:20.947Z</time>
      </trkpt>
      <trkpt lat="41.9601404" lon="3.1584106999999904">
        <ele>67.68449936391487</ele>
        <time>2026-08-20T14:38:23.074Z</time>
      </trkpt>
      <trkpt lat="41.9601368" lon="3.158446800000007">
        <ele>67.70924283298703</ele>
        <time>2026-08-20T14:38:25.117Z</time>
      </trkpt>
      <trkpt lat="41.9601365" lon="3.158477299999987">
        <ele>67.76549213587174</ele>
        <time>2026-08-20T14:38:27.042Z</time>
      </trkpt>
      <trkpt lat="41.9601353" lon="3.158510000000007">
        <ele>67.81719009538081</ele>
        <time>2026-08-20T14:38:29.080Z</time>
      </trkpt>
      <trkpt lat="41.9601307" lon="3.158539100000013">
        <ele>67.83065281097713</ele>
        <time>2026-08-20T14:38:31.094Z</time>
      </trkpt>
      <trkpt lat="41.9601371" lon="3.1585646000000054">
        <ele>68.08373541829529</ele>
        <time>2026-08-20T14:38:33.074Z</time>
      </trkpt>
      <trkpt lat="41.9601496" lon="3.1585837000000083">
        <ele>68.47399458418073</ele>
        <time>2026-08-20T14:38:34.900Z</time>
      </trkpt>
      <trkpt lat="41.9601735" lon="3.1586082999999974">
        <ele>69.02504412281904</ele>
        <time>2026-08-20T14:38:36.907Z</time>
      </trkpt>
      <trkpt lat="41.9601852" lon="3.1586248000000126">
        <ele>69.34680143135574</ele>
        <time>2026-08-20T14:38:38.762Z</time>
      </trkpt>
      <trkpt lat="41.9601963" lon="3.1586474000000067">
        <ele>69.73810853883144</ele>
        <time>2026-08-20T14:38:40.649Z</time>
      </trkpt>
      <trkpt lat="41.9602049" lon="3.1586776999999984">
        <ele>70.2040664099381</ele>
        <time>2026-08-20T14:38:42.606Z</time>
      </trkpt>
      <trkpt lat="41.9602079" lon="3.1586858999999947">
        <ele>70.33260163614155</ele>
        <time>2026-08-20T14:38:45.078Z</time>
      </trkpt>
      <trkpt lat="41.960206" lon="3.1586805000000027">
        <ele>70.24857354381635</ele>
        <time>2026-08-20T14:38:47.117Z</time>
      </trkpt>
      <trkpt lat="41.9602017" lon="3.1586837000000116">
        <ele>70.2630251448704</ele>
        <time>2026-08-20T14:38:49.106Z</time>
      </trkpt>
      <trkpt lat="41.9601998" lon="3.158687200000003">
        <ele>70.29758308850562</ele>
        <time>2026-08-20T14:38:51.074Z</time>
      </trkpt>
      <trkpt lat="41.9601991" lon="3.1587021999999934">
        <ele>70.49451964186943</ele>
        <time>2026-08-20T14:38:53.074Z</time>
      </trkpt>
      <trkpt lat="41.9601953" lon="3.158725599999997">
        <ele>70.78740761786099</ele>
        <time>2026-08-20T14:38:54.908Z</time>
      </trkpt>
      <trkpt lat="41.960189" lon="3.158745699999997">
        <ele>71.02626777338803</ele>
        <time>2026-08-20T14:38:56.787Z</time>
      </trkpt>
      <trkpt lat="41.9601781" lon="3.1587729000000024">
        <ele>71.34720083852797</ele>
        <time>2026-08-20T14:38:59.146Z</time>
      </trkpt>
      <trkpt lat="41.9601643" lon="3.158790900000014">
        <ele>71.5387488448666</ele>
        <time>2026-08-20T14:39:01.080Z</time>
      </trkpt>
      <trkpt lat="41.9601518" lon="3.1588094999999896">
        <ele>71.75460758750818</ele>
        <time>2026-08-20T14:39:03.074Z</time>
      </trkpt>
      <trkpt lat="41.9601393" lon="3.1588351999999986">
        <ele>72.05978445928444</ele>
        <time>2026-08-20T14:39:04.943Z</time>
      </trkpt>
      <trkpt lat="41.960129" lon="3.158858500000008">
        <ele>72.20398580448901</ele>
        <time>2026-08-20T14:39:07.022Z</time>
      </trkpt>
      <trkpt lat="41.9601221" lon="3.158881500000007">
        <ele>72.36128127266691</ele>
        <time>2026-08-20T14:39:08.829Z</time>
      </trkpt>
      <trkpt lat="41.9601206" lon="3.1589084000000014">
        <ele>72.5659380953703</ele>
        <time>2026-08-20T14:39:10.723Z</time>
      </trkpt>
      <trkpt lat="41.9601145" lon="3.158935100000008">
        <ele>72.76086809231474</ele>
        <time>2026-08-20T14:39:13.117Z</time>
      </trkpt>
      <trkpt lat="41.9601136" lon="3.15895230000001">
        <ele>72.89407998179142</ele>
        <time>2026-08-20T14:39:15.117Z</time>
      </trkpt>
      <trkpt lat="41.9601094" lon="3.1589719000000116">
        <ele>73.0415267501892</ele>
        <time>2026-08-20T14:39:17.088Z</time>
      </trkpt>
      <trkpt lat="41.9601079" lon="3.1590088000000094">
        <ele>73.33163014526748</ele>
        <time>2026-08-20T14:39:19.074Z</time>
      </trkpt>
      <trkpt lat="41.9601124" lon="3.1590226000000143">
        <ele>73.44487885011519</ele>
        <time>2026-08-20T14:39:21.119Z</time>
      </trkpt>
      <trkpt lat="41.9601111" lon="3.159032599999989">
        <ele>73.52257537907643</ele>
        <time>2026-08-20T14:39:22.942Z</time>
      </trkpt>
      <trkpt lat="41.9601361" lon="3.1590644000000054">
        <ele>73.78129922051801</ele>
        <time>2026-08-20T14:39:25.150Z</time>
      </trkpt>
      <trkpt lat="41.9601581" lon="3.1590710000000115">
        <ele>73.83638655633517</ele>
        <time>2026-08-20T14:39:27.117Z</time>
      </trkpt>
      <trkpt lat="41.9601804" lon="3.159058899999991">
        <ele>73.75719948849067</ele>
        <time>2026-08-20T14:39:29.074Z</time>
      </trkpt>
      <trkpt lat="41.9601986" lon="3.159058799999997">
        <ele>73.76370003262198</ele>
        <time>2026-08-20T14:39:30.905Z</time>
      </trkpt>
      <trkpt lat="41.9602159" lon="3.159060899999986">
        <ele>73.78423282864051</ele>
        <time>2026-08-20T14:39:33.098Z</time>
      </trkpt>
      <trkpt lat="41.9602334" lon="3.159066800000005">
        <ele>73.9456470099588</ele>
        <time>2026-08-20T14:39:35.114Z</time>
      </trkpt>
      <trkpt lat="41.9602479" lon="3.159076199999987">
        <ele>74.16753692740467</ele>
        <time>2026-08-20T14:39:37.145Z</time>
      </trkpt>
      <trkpt lat="41.9602646" lon="3.159084699999994">
        <ele>74.4080980578096</ele>
        <time>2026-08-20T14:39:39.144Z</time>
      </trkpt>
      <trkpt lat="41.9602688" lon="3.1590941999999984">
        <ele>74.51590966453806</ele>
        <time>2026-08-20T14:39:41.117Z</time>
      </trkpt>
      <trkpt lat="41.9602831" lon="3.1590842999999893">
        <ele>74.61147555707785</ele>
        <time>2026-08-20T14:39:43.117Z</time>
      </trkpt>
      <trkpt lat="41.9603019" lon="3.159066999999993">
        <ele>74.70965089069954</ele>
        <time>2026-08-20T14:39:45.167Z</time>
      </trkpt>
      <trkpt lat="41.9603228" lon="3.1590572000000066">
        <ele>74.87944691145896</ele>
        <time>2026-08-20T14:39:47.116Z</time>
      </trkpt>
      <trkpt lat="41.9603462" lon="3.1590467999999987">
        <ele>75.07328776867637</ele>
        <time>2026-08-20T14:39:49.117Z</time>
      </trkpt>
      <trkpt lat="41.9603668" lon="3.1590380000000096">
        <ele>75.24626619097624</ele>
        <time>2026-08-20T14:39:51.085Z</time>
      </trkpt>
      <trkpt lat="41.9603845" lon="3.159037600000005">
        <ele>75.4408487481165</ele>
        <time>2026-08-20T14:39:52.908Z</time>
      </trkpt>
      <trkpt lat="41.9603984" lon="3.1590333999999984">
        <ele>75.56874789637087</ele>
        <time>2026-08-20T14:39:55.073Z</time>
      </trkpt>
      <trkpt lat="41.9604146" lon="3.15902650000001">
        <ele>75.70498019194912</ele>
        <time>2026-08-20T14:39:57.117Z</time>
      </trkpt>
      <trkpt lat="41.9604156" lon="3.159015100000005">
        <ele>75.64306681927029</ele>
        <time>2026-08-20T14:39:59.123Z</time>
      </trkpt>
      <trkpt lat="41.9604247" lon="3.1590215999999884">
        <ele>75.78609727294402</ele>
        <time>2026-08-20T14:40:01.091Z</time>
      </trkpt>
      <trkpt lat="41.9604372" lon="3.1590319999999963">
        <ele>75.99196810926982</ele>
        <time>2026-08-20T14:40:03.117Z</time>
      </trkpt>
      <trkpt lat="41.9604537" lon="3.1590406999999914">
        <ele>76.23147092984597</ele>
        <time>2026-08-20T14:40:05.122Z</time>
      </trkpt>
      <trkpt lat="41.9604712" lon="3.1590386000000024">
        <ele>76.41294242729508</ele>
        <time>2026-08-20T14:40:07.117Z</time>
      </trkpt>
      <trkpt lat="41.9604915" lon="3.15902779999999">
        <ele>76.56994440952433</ele>
        <time>2026-08-20T14:40:09.117Z</time>
      </trkpt>
      <trkpt lat="41.9605118" lon="3.159027100000003">
        <ele>76.81418675652142</ele>
        <time>2026-08-20T14:40:10.927Z</time>
      </trkpt>
      <trkpt lat="41.9605333" lon="3.159033899999997">
        <ele>77.13807672441364</ele>
        <time>2026-08-20T14:40:12.734Z</time>
      </trkpt>
      <trkpt lat="41.9605571" lon="3.1590472999999974">
        <ele>77.52556056217159</ele>
        <time>2026-08-20T14:40:14.748Z</time>
      </trkpt>
      <trkpt lat="41.9605834" lon="3.159062000000006">
        <ele>77.94365607820436</ele>
        <time>2026-08-20T14:40:16.986Z</time>
      </trkpt>
      <trkpt lat="41.9606086" lon="3.1590783000000044">
        <ele>78.34606278374815</ele>
        <time>2026-08-20T14:40:18.986Z</time>
      </trkpt>
      <trkpt lat="41.9606314" lon="3.159093000000013">
        <ele>78.70083964038501</ele>
        <time>2026-08-20T14:40:21.128Z</time>
      </trkpt>
      <trkpt lat="41.9606595" lon="3.159093200000001">
        <ele>79.04813558383668</ele>
        <time>2026-08-20T14:40:23.117Z</time>
      </trkpt>
      <trkpt lat="41.9606873" lon="3.159094699999997">
        <ele>79.3967950357493</ele>
        <time>2026-08-20T14:40:25.006Z</time>
      </trkpt>
      <trkpt lat="41.9607122" lon="3.159105299999993">
        <ele>79.74227751559819</ele>
        <time>2026-08-20T14:40:27.117Z</time>
      </trkpt>
      <trkpt lat="41.9607382" lon="3.1591119999999933">
        <ele>80.0559833423125</ele>
        <time>2026-08-20T14:40:29.117Z</time>
      </trkpt>
      <trkpt lat="41.9607655" lon="3.1591233999999986">
        <ele>80.27696957911988</ele>
        <time>2026-08-20T14:40:30.962Z</time>
      </trkpt>
      <trkpt lat="41.9607882" lon="3.1591366000000107">
        <ele>80.37500827772114</ele>
        <time>2026-08-20T14:40:33.117Z</time>
      </trkpt>
      <trkpt lat="41.9608086" lon="3.15915720000001">
        <ele>80.33214768972904</ele>
        <time>2026-08-20T14:40:35.120Z</time>
      </trkpt>
      <trkpt lat="41.9608336" lon="3.1591709999999864">
        <ele>80.39401745548571</ele>
        <time>2026-08-20T14:40:37.167Z</time>
      </trkpt>
      <trkpt lat="41.9608592" lon="3.1591655999999944">
        <ele>80.64920222279365</ele>
        <time>2026-08-20T14:40:39.117Z</time>
      </trkpt>
      <trkpt lat="41.9608818" lon="3.159159299999999">
        <ele>80.88891387517637</ele>
        <time>2026-08-20T14:40:41.073Z</time>
      </trkpt>
      <trkpt lat="41.9609074" lon="3.159151900000012">
        <ele>81.16232320794846</ele>
        <time>2026-08-20T14:40:43.121Z</time>
      </trkpt>
      <trkpt lat="41.9609273" lon="3.1591510000000085">
        <ele>81.32767706738794</ele>
        <time>2026-08-20T14:40:45.117Z</time>
      </trkpt>
      <trkpt lat="41.9609431" lon="3.159141500000004">
        <ele>81.54314201757236</ele>
        <time>2026-08-20T14:40:46.941Z</time>
      </trkpt>
      <trkpt lat="41.9609688" lon="3.1591442000000143">
        <ele>81.71923962951973</ele>
        <time>2026-08-20T14:40:48.868Z</time>
      </trkpt>
      <trkpt lat="41.9609962" lon="3.159152299999988">
        <ele>81.85776320765468</ele>
        <time>2026-08-20T14:40:51.123Z</time>
      </trkpt>
      <trkpt lat="41.9610156" lon="3.1591529000000094">
        <ele>82.0048710305257</ele>
        <time>2026-08-20T14:40:52.962Z</time>
      </trkpt>
      <trkpt lat="41.9610379" lon="3.1591477000000054">
        <ele>82.22940531628701</ele>
        <time>2026-08-20T14:40:55.117Z</time>
      </trkpt>
      <trkpt lat="41.9610572" lon="3.1591442000000143">
        <ele>82.41442332146363</ele>
        <time>2026-08-20T14:40:57.073Z</time>
      </trkpt>
      <trkpt lat="41.9610799" lon="3.159144800000007">
        <ele>82.64107045992625</ele>
        <time>2026-08-20T14:40:59.117Z</time>
      </trkpt>
      <trkpt lat="41.9610992" lon="3.1591391000000044">
        <ele>82.90415622071177</ele>
        <time>2026-08-20T14:41:01.085Z</time>
      </trkpt>
      <trkpt lat="41.9611198" lon="3.1591338000000064">
        <ele>83.18745743795968</ele>
        <time>2026-08-20T14:41:03.117Z</time>
      </trkpt>
      <trkpt lat="41.961138" lon="3.159124300000002">
        <ele>83.51193349329739</ele>
        <time>2026-08-20T14:41:05.115Z</time>
      </trkpt>
      <trkpt lat="41.9611559" lon="3.1591115999999886">
        <ele>83.8965102225818</ele>
        <time>2026-08-20T14:41:07.129Z</time>
      </trkpt>
      <trkpt lat="41.9611763" lon="3.1591028999999935">
        <ele>84.26577178675936</ele>
        <time>2026-08-20T14:41:09.183Z</time>
      </trkpt>
      <trkpt lat="41.9611946" lon="3.159093299999995">
        <ele>84.63073161639198</ele>
        <time>2026-08-20T14:41:11.117Z</time>
      </trkpt>
      <trkpt lat="41.9612105" lon="3.159091200000006">
        <ele>84.86077571632333</ele>
        <time>2026-08-20T14:41:13.061Z</time>
      </trkpt>
      <trkpt lat="41.9612336" lon="3.1591003000000057">
        <ele>85.00588700582352</ele>
        <time>2026-08-20T14:41:15.117Z</time>
      </trkpt>
      <trkpt lat="41.9612532" lon="3.1591047000000003">
        <ele>85.17435069450815</ele>
        <time>2026-08-20T14:41:17.185Z</time>
      </trkpt>
      <trkpt lat="41.9612712" lon="3.159113600000012">
        <ele>85.23034676837341</ele>
        <time>2026-08-20T14:41:19.117Z</time>
      </trkpt>
      <trkpt lat="41.9612941" lon="3.1591195000000027">
        <ele>85.374628431298</ele>
        <time>2026-08-20T14:41:21.117Z</time>
      </trkpt>
      <trkpt lat="41.9613109" lon="3.159130800000014">
        <ele>85.3164897453385</ele>
        <time>2026-08-20T14:41:23.131Z</time>
      </trkpt>
      <trkpt lat="41.9613268" lon="3.1591439000000037">
        <ele>85.18818122589444</ele>
        <time>2026-08-20T14:41:25.117Z</time>
      </trkpt>
      <trkpt lat="41.9613442" lon="3.1591525000000047">
        <ele>85.12724035737783</ele>
        <time>2026-08-20T14:41:27.064Z</time>
      </trkpt>
      <trkpt lat="41.9613594" lon="3.159155900000002">
        <ele>85.13784976270472</ele>
        <time>2026-08-20T14:41:29.073Z</time>
      </trkpt>
      <trkpt lat="41.9613735" lon="3.1591709999999864">
        <ele>84.85213861305378</ele>
        <time>2026-08-20T14:41:30.886Z</time>
      </trkpt>
      <trkpt lat="41.9613702" lon="3.159190200000012">
        <ele>84.36431654058572</ele>
        <time>2026-08-20T14:41:33.093Z</time>
      </trkpt>
      <trkpt lat="41.9613767" lon="3.15918529999999">
        <ele>84.51802257997363</ele>
        <time>2026-08-20T14:41:34.909Z</time>
      </trkpt>
      <trkpt lat="41.9613895" lon="3.1591843999999867">
        <ele>84.60730372041745</ele>
        <time>2026-08-20T14:41:36.709Z</time>
      </trkpt>
      <trkpt lat="41.9613849" lon="3.1591773000000103">
        <ele>84.75953815490348</ele>
        <time>2026-08-20T14:41:38.668Z</time>
      </trkpt>
      <trkpt lat="41.961355" lon="3.159144900000001">
        <ele>85.37580318088419</ele>
        <time>2026-08-20T14:41:41.073Z</time>
      </trkpt>
      <trkpt lat="41.9613502" lon="3.1591199000000074">
        <ele>85.94321488506654</ele>
        <time>2026-08-20T14:41:42.946Z</time>
      </trkpt>
      <trkpt lat="41.9613396" lon="3.159101600000014">
        <ele>86.26048699369625</ele>
        <time>2026-08-20T14:41:44.849Z</time>
      </trkpt>
      <trkpt lat="41.961327" lon="3.1590856999999914">
        <ele>86.42027205582741</ele>
        <time>2026-08-20T14:41:47.117Z</time>
      </trkpt>
      <trkpt lat="41.9613128" lon="3.1590658000000076">
        <ele>86.5985238678743</ele>
        <time>2026-08-20T14:41:49.103Z</time>
      </trkpt>
      <trkpt lat="41.9612953" lon="3.1590467999999987">
        <ele>86.70014886479336</ele>
        <time>2026-08-20T14:41:50.903Z</time>
      </trkpt>
      <trkpt lat="41.9612639" lon="3.159030999999999">
        <ele>86.53216021825605</ele>
        <time>2026-08-20T14:41:53.166Z</time>
      </trkpt>
      <trkpt lat="41.961232" lon="3.159037899999987">
        <ele>85.97136456589054</ele>
        <time>2026-08-20T14:41:55.117Z</time>
      </trkpt>
      <trkpt lat="41.9612058" lon="3.159042400000004">
        <ele>85.5373691916316</ele>
        <time>2026-08-20T14:41:56.947Z</time>
      </trkpt>
      <trkpt lat="41.9611945" lon="3.1590281000000004">
        <ele>85.5919124315996</ele>
        <time>2026-08-20T14:41:59.073Z</time>
      </trkpt>
      <trkpt lat="41.9611945" lon="3.15900289999999">
        <ele>85.96389337837299</ele>
        <time>2026-08-20T14:42:01.081Z</time>
      </trkpt>
      <trkpt lat="41.9611988" lon="3.158999200000011">
        <ele>86.08316002656645</ele>
        <time>2026-08-20T14:42:03.008Z</time>
      </trkpt>
      <trkpt lat="41.9611993" lon="3.158997499999998">
        <ele>86.11599469142548</ele>
        <time>2026-08-20T14:42:05.117Z</time>
      </trkpt>
      <trkpt lat="41.9612097" lon="3.158971400000013">
        <ele>86.66896070181804</ele>
        <time>2026-08-20T14:42:07.022Z</time>
      </trkpt>
      <trkpt lat="41.9612295" lon="3.1589562000000058">
        <ele>87.22063379034523</ele>
        <time>2026-08-20T14:42:09.116Z</time>
      </trkpt>
      <trkpt lat="41.9612263" lon="3.1589638000000093">
        <ele>87.04996159832912</ele>
        <time>2026-08-20T14:42:11.117Z</time>
      </trkpt>
      <trkpt lat="41.9612255" lon="3.1589678999999933">
        <ele>86.97316125691852</ele>
        <time>2026-08-20T14:42:13.073Z</time>
      </trkpt>
      <trkpt lat="41.9612259" lon="3.1589688999999908">
        <ele>86.96389761982658</ele>
        <time>2026-08-20T14:42:15.117Z</time>
      </trkpt>
      <trkpt lat="41.9612269" lon="3.1589692999999954">
        <ele>86.97350248755636</ele>
        <time>2026-08-20T14:42:17.117Z</time>
      </trkpt>
      <trkpt lat="41.9612263" lon="3.1589690000000132">
        <ele>86.96868005700009</ele>
        <time>2026-08-20T14:42:19.117Z</time>
      </trkpt>
      <trkpt lat="41.9612261" lon="3.1589700000000107">
        <ele>86.9498822377274</ele>
        <time>2026-08-20T14:42:21.116Z</time>
      </trkpt>
      <trkpt lat="41.9612256" lon="3.1589687000000026">
        <ele>86.96226084524791</ele>
        <time>2026-08-20T14:42:23.130Z</time>
      </trkpt>
      <trkpt lat="41.9612272" lon="3.1589588999999876">
        <ele>87.14107749642491</ele>
        <time>2026-08-20T14:42:25.117Z</time>
      </trkpt>
      <trkpt lat="41.9612349" lon="3.1589288000000124">
        <ele>87.74291203539374</ele>
        <time>2026-08-20T14:42:27.117Z</time>
      </trkpt>
      <trkpt lat="41.9612276" lon="3.1588998000000004">
        <ele>88.07343019522672</ele>
        <time>2026-08-20T14:42:29.117Z</time>
      </trkpt>
      <trkpt lat="41.9612121" lon="3.1588825000000043">
        <ele>88.061938049808</ele>
        <time>2026-08-20T14:42:31.078Z</time>
      </trkpt>
      <trkpt lat="41.9611882" lon="3.158878299999998">
        <ele>87.68757600099562</ele>
        <time>2026-08-20T14:42:33.117Z</time>
      </trkpt>
      <trkpt lat="41.9611686" lon="3.158872699999989">
        <ele>87.40676161589776</ele>
        <time>2026-08-20T14:42:35.117Z</time>
      </trkpt>
      <trkpt lat="41.9611637" lon="3.158887600000014">
        <ele>87.10874673505556</ele>
        <time>2026-08-20T14:42:37.086Z</time>
      </trkpt>
      <trkpt lat="41.9611876" lon="3.1589066999999886">
        <ele>87.26271465527462</ele>
        <time>2026-08-20T14:42:39.073Z</time>
      </trkpt>
      <trkpt lat="41.9612081" lon="3.1589241000000072">
        <ele>87.35948777289504</ele>
        <time>2026-08-20T14:42:40.884Z</time>
      </trkpt>
      <trkpt lat="41.9612152" lon="3.1589539999999943">
        <ele>87.02253281299957</ele>
        <time>2026-08-20T14:42:42.907Z</time>
      </trkpt>
      <trkpt lat="41.9612026" lon="3.158976700000011">
        <ele>86.4774043908224</ele>
        <time>2026-08-20T14:42:44.802Z</time>
      </trkpt>
      <trkpt lat="41.9611953" lon="3.15898949999999">
        <ele>86.1739330333934</ele>
        <time>2026-08-20T14:42:46.945Z</time>
      </trkpt>
      <trkpt lat="41.9611843" lon="3.1590124999999887">
        <ele>85.67254069143706</ele>
        <time>2026-08-20T14:42:49.088Z</time>
      </trkpt>
      <trkpt lat="41.9611816" lon="3.1590372999999943">
        <ele>85.27560381069479</ele>
        <time>2026-08-20T14:42:51.120Z</time>
      </trkpt>
      <trkpt lat="41.9611886" lon="3.1590559999999925">
        <ele>85.10053752552419</ele>
        <time>2026-08-20T14:42:53.047Z</time>
      </trkpt>
      <trkpt lat="41.9611952" lon="3.1590697999999975">
        <ele>84.98554508745022</ele>
        <time>2026-08-20T14:42:55.073Z</time>
      </trkpt>
      <trkpt lat="41.9611983" lon="3.159094699999997">
        <ele>84.65602539079</ele>
        <time>2026-08-20T14:42:57.117Z</time>
      </trkpt>
      <trkpt lat="41.9611979" lon="3.1590851999999927">
        <ele>84.79217090226203</ele>
        <time>2026-08-20T14:42:59.072Z</time>
      </trkpt>
      <trkpt lat="41.9611988" lon="3.159082500000011">
        <ele>84.84375773902642</ele>
        <time>2026-08-20T14:43:01.067Z</time>
      </trkpt>
      <trkpt lat="41.9612042" lon="3.1590989000000036">
        <ele>84.66620677776999</ele>
        <time>2026-08-20T14:43:02.986Z</time>
      </trkpt>
      <trkpt lat="41.9612027" lon="3.159131699999989">
        <ele>84.1172760042296</ele>
        <time>2026-08-20T14:43:05.113Z</time>
      </trkpt>
      <trkpt lat="41.9612013" lon="3.1591417999999862">
        <ele>83.933361168089</ele>
        <time>2026-08-20T14:43:07.073Z</time>
      </trkpt>
      <trkpt lat="41.9612018" lon="3.159144900000001">
        <ele>83.88670857423351</ele>
        <time>2026-08-20T14:43:09.046Z</time>
      </trkpt>
      <trkpt lat="41.9611843" lon="3.159186500000004">
        <ele>83.04900910664632</ele>
        <time>2026-08-20T14:43:11.142Z</time>
      </trkpt>
      <trkpt lat="41.9611708" lon="3.1592052999999964">
        <ele>82.65469373518218</ele>
        <time>2026-08-20T14:43:13.117Z</time>
      </trkpt>
      <trkpt lat="41.9611585" lon="3.1592210999999963">
        <ele>82.33719012039931</ele>
        <time>2026-08-20T14:43:15.077Z</time>
      </trkpt>
      <trkpt lat="41.9611515" lon="3.159247800000003">
        <ele>81.91443580555168</ele>
        <time>2026-08-20T14:43:16.907Z</time>
      </trkpt>
      <trkpt lat="41.9611558" lon="3.1592732999999953">
        <ele>81.569076329876</ele>
        <time>2026-08-20T14:43:18.827Z</time>
      </trkpt>
      <trkpt lat="41.9611626" lon="3.159296799999993">
        <ele>81.24804655401694</ele>
        <time>2026-08-20T14:43:21.025Z</time>
      </trkpt>
      <trkpt lat="41.9611624" lon="3.15932380000001">
        <ele>80.85006164955263</ele>
        <time>2026-08-20T14:43:22.928Z</time>
      </trkpt>
      <trkpt lat="41.9611695" lon="3.1593441999999925">
        <ele>80.55043250860412</ele>
        <time>2026-08-20T14:43:25.006Z</time>
      </trkpt>
      <trkpt lat="41.9611815" lon="3.1593542999999897">
        <ele>80.39310847945568</ele>
        <time>2026-08-20T14:43:26.829Z</time>
      </trkpt>
      <trkpt lat="41.9612056" lon="3.1593855000000133">
        <ele>79.85526459136398</ele>
        <time>2026-08-20T14:43:28.988Z</time>
      </trkpt>
      <trkpt lat="41.9612145" lon="3.1594155999999884">
        <ele>79.51408364154182</ele>
        <time>2026-08-20T14:43:31.105Z</time>
      </trkpt>
      <trkpt lat="41.9612133" lon="3.159448999999995">
        <ele>79.17772318854928</ele>
        <time>2026-08-20T14:43:33.097Z</time>
      </trkpt>
      <trkpt lat="41.961213" lon="3.1594741000000113">
        <ele>78.92366060375151</ele>
        <time>2026-08-20T14:43:35.112Z</time>
      </trkpt>
      <trkpt lat="41.9612109" lon="3.159454000000011">
        <ele>79.13107683990016</ele>
        <time>2026-08-20T14:43:37.073Z</time>
      </trkpt>
      <trkpt lat="41.9612146" lon="3.159450800000002">
        <ele>79.15724491496351</ele>
        <time>2026-08-20T14:43:39.073Z</time>
      </trkpt>
      <trkpt lat="41.961225" lon="3.159463399999993">
        <ele>79.01265620789675</ele>
        <time>2026-08-20T14:43:41.117Z</time>
      </trkpt>
      <trkpt lat="41.9612273" lon="3.159483999999992">
        <ele>78.80194198440839</ele>
        <time>2026-08-20T14:43:43.073Z</time>
      </trkpt>
      <trkpt lat="41.9612244" lon="3.1595172000000105">
        <ele>78.47205528274904</ele>
        <time>2026-08-20T14:43:45.028Z</time>
      </trkpt>
      <trkpt lat="41.9612273" lon="3.1595392000000118">
        <ele>78.24734035775128</ele>
        <time>2026-08-20T14:43:47.091Z</time>
      </trkpt>
      <trkpt lat="41.9612365" lon="3.1595644999999877">
        <ele>77.98438538557673</ele>
        <time>2026-08-20T14:43:48.922Z</time>
      </trkpt>
      <trkpt lat="41.9612589" lon="3.1595920000000035">
        <ele>77.69255698287591</ele>
        <time>2026-08-20T14:43:51.105Z</time>
      </trkpt>
      <trkpt lat="41.9612794" lon="3.1596159999999998">
        <ele>77.44401430461512</ele>
        <time>2026-08-20T14:43:53.117Z</time>
      </trkpt>
      <trkpt lat="41.9612883" lon="3.1596375999999964">
        <ele>77.23037811056672</ele>
        <time>2026-08-20T14:43:55.073Z</time>
      </trkpt>
      <trkpt lat="41.9612945" lon="3.159667600000006">
        <ele>76.93787420336227</ele>
        <time>2026-08-20T14:43:56.905Z</time>
      </trkpt>
      <trkpt lat="41.9613013" lon="3.1596964999999955">
        <ele>76.62674045684561</ele>
        <time>2026-08-20T14:43:58.864Z</time>
      </trkpt>
      <trkpt lat="41.961317" lon="3.1597194999999942">
        <ele>76.38727275793745</ele>
        <time>2026-08-20T14:44:01.088Z</time>
      </trkpt>
      <trkpt lat="41.9613234" lon="3.1597442000000058">
        <ele>76.13281073598262</ele>
        <time>2026-08-20T14:44:03.073Z</time>
      </trkpt>
      <trkpt lat="41.9613319" lon="3.1597730999999953">
        <ele>75.84153771261465</ele>
        <time>2026-08-20T14:44:05.073Z</time>
      </trkpt>
      <trkpt lat="41.9613317" lon="3.1598103000000037">
        <ele>75.45799718929156</ele>
        <time>2026-08-20T14:44:06.907Z</time>
      </trkpt>
      <trkpt lat="41.9613186" lon="3.1598354999999856">
        <ele>75.17260192287566</ele>
        <time>2026-08-20T14:44:08.962Z</time>
      </trkpt>
      <trkpt lat="41.961307" lon="3.159862199999992">
        <ele>74.86598037429258</ele>
        <time>2026-08-20T14:44:11.117Z</time>
      </trkpt>
      <trkpt lat="41.9613192" lon="3.1598955999999987">
        <ele>74.54457458682617</ele>
        <time>2026-08-20T14:44:13.117Z</time>
      </trkpt>
      <trkpt lat="41.9613293" lon="3.1599238000000014">
        <ele>74.2809663372251</ele>
        <time>2026-08-20T14:44:15.116Z</time>
      </trkpt>
      <trkpt lat="41.9613293" lon="3.1599529000000075">
        <ele>74.0407686669867</ele>
        <time>2026-08-20T14:44:17.115Z</time>
      </trkpt>
      <trkpt lat="41.9613081" lon="3.1599649999999997">
        <ele>73.9204012073189</ele>
        <time>2026-08-20T14:44:19.073Z</time>
      </trkpt>
      <trkpt lat="41.9613" lon="3.1599735000000067">
        <ele>73.85670742612936</ele>
        <time>2026-08-20T14:44:21.073Z</time>
      </trkpt>
      <trkpt lat="41.9613073" lon="3.159984900000012">
        <ele>73.84386181562681</ele>
        <time>2026-08-20T14:44:23.117Z</time>
      </trkpt>
      <trkpt lat="41.9613072" lon="3.1599997000000144">
        <ele>73.78876211420858</ele>
        <time>2026-08-20T14:44:25.073Z</time>
      </trkpt>
      <trkpt lat="41.9612977" lon="3.160017900000014">
        <ele>73.67473479754763</ele>
        <time>2026-08-20T14:44:27.117Z</time>
      </trkpt>
      <trkpt lat="41.9612792" lon="3.1600296000000014">
        <ele>73.53361005390947</ele>
        <time>2026-08-20T14:44:28.963Z</time>
      </trkpt>
      <trkpt lat="41.9612655" lon="3.1600414000000114">
        <ele>73.40903503439324</ele>
        <time>2026-08-20T14:44:30.905Z</time>
      </trkpt>
      <trkpt lat="41.9612394" lon="3.160028899999986">
        <ele>73.33150802929201</ele>
        <time>2026-08-20T14:44:33.121Z</time>
      </trkpt>
      <trkpt lat="41.9612198" lon="3.1600052999999946">
        <ele>73.36039161613962</ele>
        <time>2026-08-20T14:44:35.073Z</time>
      </trkpt>
      <trkpt lat="41.9611948" lon="3.160002899999995">
        <ele>73.25822830946943</ele>
        <time>2026-08-20T14:44:37.117Z</time>
      </trkpt>
      <trkpt lat="41.9611663" lon="3.15999579999999">
        <ele>73.17364315991358</ele>
        <time>2026-08-20T14:44:39.073Z</time>
      </trkpt>
      <trkpt lat="41.9611262" lon="3.159988900000002">
        <ele>73.04582493421697</ele>
        <time>2026-08-20T14:44:41.072Z</time>
      </trkpt>
      <trkpt lat="41.9610982" lon="3.1599933999999905">
        <ele>72.88862944072797</ele>
        <time>2026-08-20T14:44:42.928Z</time>
      </trkpt>
      <trkpt lat="41.9610413" lon="3.1599893000000066">
        <ele>72.80352870033869</ele>
        <time>2026-08-20T14:44:45.116Z</time>
      </trkpt>
      <trkpt lat="41.9610066" lon="3.159997000000004">
        <ele>72.86897718608186</ele>
        <time>2026-08-20T14:44:47.117Z</time>
      </trkpt>
      <trkpt lat="41.9609834" lon="3.1600368999999944">
        <ele>72.60716041710958</ele>
        <time>2026-08-20T14:44:49.102Z</time>
      </trkpt>
      <trkpt lat="41.9609512" lon="3.160061799999994">
        <ele>72.51406653133063</ele>
        <time>2026-08-20T14:44:50.909Z</time>
      </trkpt>
      <trkpt lat="41.9609233" lon="3.160099400000007">
        <ele>72.29456559732965</ele>
        <time>2026-08-20T14:44:53.002Z</time>
      </trkpt>
      <trkpt lat="41.9608892" lon="3.160129000000012">
        <ele>72.17151571239455</ele>
        <time>2026-08-20T14:44:55.127Z</time>
      </trkpt>
      <trkpt lat="41.9608668" lon="3.1601420000000076">
        <ele>72.1477403531215</ele>
        <time>2026-08-20T14:44:57.117Z</time>
      </trkpt>
      <trkpt lat="41.9608437" lon="3.160155099999997">
        <ele>72.12647096175246</ele>
        <time>2026-08-20T14:44:59.084Z</time>
      </trkpt>
      <trkpt lat="41.9608235" lon="3.160173399999991">
        <ele>72.04918176499913</ele>
        <time>2026-08-20T14:45:01.073Z</time>
      </trkpt>
      <trkpt lat="41.9607997" lon="3.1601895999999954">
        <ele>72.00527073710658</ele>
        <time>2026-08-20T14:45:03.049Z</time>
      </trkpt>
      <trkpt lat="41.9607744" lon="3.1602043000000037">
        <ele>71.93918492970062</ele>
        <time>2026-08-20T14:45:05.073Z</time>
      </trkpt>
      <trkpt lat="41.9607503" lon="3.160214499999995">
        <ele>71.7242005746712</ele>
        <time>2026-08-20T14:45:06.885Z</time>
      </trkpt>
      <trkpt lat="41.9607249" lon="3.1602287000000047">
        <ele>71.53609575420006</ele>
        <time>2026-08-20T14:45:08.708Z</time>
      </trkpt>
      <trkpt lat="41.9606971" lon="3.1602148999999997">
        <ele>71.43951457109021</ele>
        <time>2026-08-20T14:45:10.588Z</time>
      </trkpt>
      <trkpt lat="41.9606809" lon="3.160222900000008">
        <ele>71.29313140591893</ele>
        <time>2026-08-20T14:45:12.748Z</time>
      </trkpt>
      <trkpt lat="41.9606798" lon="3.160205999999988">
        <ele>71.41998453308939</ele>
        <time>2026-08-20T14:45:15.091Z</time>
      </trkpt>
      <trkpt lat="41.9606791" lon="3.16022430000001">
        <ele>71.287573646558</ele>
        <time>2026-08-20T14:45:17.073Z</time>
      </trkpt>
      <trkpt lat="41.9606601" lon="3.1602412999999956">
        <ele>71.24003636980282</ele>
        <time>2026-08-20T14:45:19.124Z</time>
      </trkpt>
      <trkpt lat="41.9606372" lon="3.1602517999999975">
        <ele>71.16132049767215</ele>
        <time>2026-08-20T14:45:21.117Z</time>
      </trkpt>
      <trkpt lat="41.9606158" lon="3.1602683000000127">
        <ele>71.11849024321452</ele>
        <time>2026-08-20T14:45:23.116Z</time>
      </trkpt>
      <trkpt lat="41.9605928" lon="3.1602631000000088">
        <ele>70.99197132215889</ele>
        <time>2026-08-20T14:45:24.922Z</time>
      </trkpt>
      <trkpt lat="41.9605754" lon="3.160275100000007">
        <ele>70.96163881514082</ele>
        <time>2026-08-20T14:45:26.722Z</time>
      </trkpt>
      <trkpt lat="41.9605455" lon="3.1602900000000034">
        <ele>70.89666736342693</ele>
        <time>2026-08-20T14:45:29.184Z</time>
      </trkpt>
      <trkpt lat="41.9605208" lon="3.1602967999999976">
        <ele>70.82488947629206</ele>
        <time>2026-08-20T14:45:31.116Z</time>
      </trkpt>
      <trkpt lat="41.9604817" lon="3.1603178000000014">
        <ele>70.81201402254842</ele>
        <time>2026-08-20T14:45:33.119Z</time>
      </trkpt>
      <trkpt lat="41.9604284" lon="3.1603331999999966">
        <ele>70.80930591864373</ele>
        <time>2026-08-20T14:45:35.094Z</time>
      </trkpt>
      <trkpt lat="41.9603861" lon="3.1603471999999897">
        <ele>70.85105100252571</ele>
        <time>2026-08-20T14:45:37.117Z</time>
      </trkpt>
      <trkpt lat="41.9603521" lon="3.1603607000000125">
        <ele>70.92647557275018</ele>
        <time>2026-08-20T14:45:38.947Z</time>
      </trkpt>
      <trkpt lat="41.9603177" lon="3.1603761000000077">
        <ele>71.0434896869256</ele>
        <time>2026-08-20T14:45:41.026Z</time>
      </trkpt>
      <trkpt lat="41.9602822" lon="3.1603900000000067">
        <ele>71.17063426831024</ele>
        <time>2026-08-20T14:45:43.073Z</time>
      </trkpt>
      <trkpt lat="41.9602579" lon="3.1603891999999973">
        <ele>71.15432298231045</ele>
        <time>2026-08-20T14:45:45.057Z</time>
      </trkpt>
      <trkpt lat="41.9602269" lon="3.160384599999986">
        <ele>71.08849040852466</ele>
        <time>2026-08-20T14:45:46.968Z</time>
      </trkpt>
      <trkpt lat="41.9602049" lon="3.1604230000000086">
        <ele>71.70950394465268</ele>
        <time>2026-08-20T14:45:49.145Z</time>
      </trkpt>
      <trkpt lat="41.9601943" lon="3.1604552999999953">
        <ele>72.23276800844992</ele>
        <time>2026-08-20T14:45:51.116Z</time>
      </trkpt>
      <trkpt lat="41.9601854" lon="3.1604829999999993">
        <ele>72.70068110134312</ele>
        <time>2026-08-20T14:45:53.104Z</time>
      </trkpt>
      <trkpt lat="41.9601694" lon="3.1605201000000136">
        <ele>73.36193730542817</ele>
        <time>2026-08-20T14:45:55.127Z</time>
      </trkpt>
      <trkpt lat="41.9601559" lon="3.1605518000000075">
        <ele>73.92745300483632</ele>
        <time>2026-08-20T14:45:57.117Z</time>
      </trkpt>
      <trkpt lat="41.9601448" lon="3.160585800000007">
        <ele>74.52256745645313</ele>
        <time>2026-08-20T14:45:59.073Z</time>
      </trkpt>
      <trkpt lat="41.9601338" lon="3.160622399999994">
        <ele>75.18260341151542</ele>
        <time>2026-08-20T14:46:01.117Z</time>
      </trkpt>
      <trkpt lat="41.9601224" lon="3.1606634000000042">
        <ele>75.94496490675742</ele>
        <time>2026-08-20T14:46:03.117Z</time>
      </trkpt>
      <trkpt lat="41.9601146" lon="3.160681000000011">
        <ele>76.33974344442886</ele>
        <time>2026-08-20T14:46:05.104Z</time>
      </trkpt>
      <trkpt lat="41.960104" lon="3.1606788999999935">
        <ele>76.5114021458933</ele>
        <time>2026-08-20T14:46:07.183Z</time>
      </trkpt>
      <trkpt lat="41.9601114" lon="3.160670600000003">
        <ele>76.25093701120132</ele>
        <time>2026-08-20T14:46:09.021Z</time>
      </trkpt>
      <trkpt lat="41.9601124" lon="3.1606926999999985">
        <ele>76.55001275533735</ele>
        <time>2026-08-20T14:46:11.117Z</time>
      </trkpt>
      <trkpt lat="41.9601038" lon="3.160714000000013">
        <ele>77.03247919218408</ele>
        <time>2026-08-20T14:46:12.948Z</time>
      </trkpt>
      <trkpt lat="41.9600871" lon="3.1607448999999974">
        <ele>77.85158835798636</ele>
        <time>2026-08-20T14:46:15.186Z</time>
      </trkpt>
      <trkpt lat="41.9600799" lon="3.1607673000000034">
        <ele>78.36087299801994</ele>
        <time>2026-08-20T14:46:17.008Z</time>
      </trkpt>
      <trkpt lat="41.9600696" lon="3.160798900000003">
        <ele>78.94154179286615</ele>
        <time>2026-08-20T14:46:19.117Z</time>
      </trkpt>
      <trkpt lat="41.9600582" lon="3.1608268999999893">
        <ele>79.41890449640987</ele>
        <time>2026-08-20T14:46:21.117Z</time>
      </trkpt>
      <trkpt lat="41.9600455" lon="3.1608521999999937">
        <ele>79.89210630491532</ele>
        <time>2026-08-20T14:46:23.117Z</time>
      </trkpt>
      <trkpt lat="41.9600329" lon="3.160873400000014">
        <ele>80.32111534595576</ele>
        <time>2026-08-20T14:46:25.128Z</time>
      </trkpt>
      <trkpt lat="41.9600216" lon="3.160893200000004">
        <ele>80.70277935906984</ele>
        <time>2026-08-20T14:46:27.127Z</time>
      </trkpt>
      <trkpt lat="41.9600052" lon="3.160913800000003">
        <ele>81.18663332398634</ele>
        <time>2026-08-20T14:46:29.117Z</time>
      </trkpt>
      <trkpt lat="41.9599941" lon="3.1609318000000144">
        <ele>81.53336052095867</ele>
        <time>2026-08-20T14:46:31.122Z</time>
      </trkpt>
      <trkpt lat="41.9599833" lon="3.1609531000000004">
        <ele>81.88740613990406</ele>
        <time>2026-08-20T14:46:33.117Z</time>
      </trkpt>
      <trkpt lat="41.9599724" lon="3.160974500000009">
        <ele>82.2352617811995</ele>
        <time>2026-08-20T14:46:35.102Z</time>
      </trkpt>
      <trkpt lat="41.959962" lon="3.1609963999999877">
        <ele>82.56767368649824</ele>
        <time>2026-08-20T14:46:37.101Z</time>
      </trkpt>
      <trkpt lat="41.9599478" lon="3.1610119000000054">
        <ele>82.92605262244923</ele>
        <time>2026-08-20T14:46:39.082Z</time>
      </trkpt>
      <trkpt lat="41.9599379" lon="3.161031500000007">
        <ele>83.20834455168684</ele>
        <time>2026-08-20T14:46:41.073Z</time>
      </trkpt>
      <trkpt lat="41.9599256" lon="3.1610550999999987">
        <ele>83.54867782608697</ele>
        <time>2026-08-20T14:46:43.142Z</time>
      </trkpt>
      <trkpt lat="41.9599125" lon="3.1610740000000135">
        <ele>83.77282808860187</ele>
        <time>2026-08-20T14:46:45.117Z</time>
      </trkpt>
      <trkpt lat="41.959903" lon="3.1611005999999975">
        <ele>83.92823614609895</ele>
        <time>2026-08-20T14:46:47.117Z</time>
      </trkpt>
      <trkpt lat="41.9598936" lon="3.161123400000008">
        <ele>84.09142457746384</ele>
        <time>2026-08-20T14:46:49.073Z</time>
      </trkpt>
      <trkpt lat="41.9598843" lon="3.1611508999999955">
        <ele>84.2606974112578</ele>
        <time>2026-08-20T14:46:51.117Z</time>
      </trkpt>
      <trkpt lat="41.9598755" lon="3.161172399999998">
        <ele>84.42845740034114</ele>
        <time>2026-08-20T14:46:53.131Z</time>
      </trkpt>
      <trkpt lat="41.959864" lon="3.1611923000000104">
        <ele>84.65462974834249</ele>
        <time>2026-08-20T14:46:54.969Z</time>
      </trkpt>
      <trkpt lat="41.9598519" lon="3.161210899999986">
        <ele>84.90005167899186</ele>
        <time>2026-08-20T14:46:57.073Z</time>
      </trkpt>
      <trkpt lat="41.9598382" lon="3.161233100000004">
        <ele>85.18872606711095</ele>
        <time>2026-08-20T14:46:59.117Z</time>
      </trkpt>
      <trkpt lat="41.9598249" lon="3.161248999999998">
        <ele>85.47317371855426</ele>
        <time>2026-08-20T14:47:01.026Z</time>
      </trkpt>
      <trkpt lat="41.9598082" lon="3.161267500000008">
        <ele>85.83907032173654</ele>
        <time>2026-08-20T14:47:03.116Z</time>
      </trkpt>
      <trkpt lat="41.9597957" lon="3.161288799999994">
        <ele>86.13247001479364</ele>
        <time>2026-08-20T14:47:04.942Z</time>
      </trkpt>
      <trkpt lat="41.9597777" lon="3.1613123999999857">
        <ele>86.5579421922725</ele>
        <time>2026-08-20T14:47:07.108Z</time>
      </trkpt>
      <trkpt lat="41.9597604" lon="3.1613330000000133">
        <ele>86.97657124116681</ele>
        <time>2026-08-20T14:47:09.129Z</time>
      </trkpt>
      <trkpt lat="41.9597459" lon="3.161356100000006">
        <ele>87.47683646742736</ele>
        <time>2026-08-20T14:47:11.087Z</time>
      </trkpt>
      <trkpt lat="41.9597332" lon="3.1613883999999928">
        <ele>88.02317224653238</ele>
        <time>2026-08-20T14:47:13.158Z</time>
      </trkpt>
      <trkpt lat="41.9597243" lon="3.161405699999989">
        <ele>88.35717546282947</ele>
        <time>2026-08-20T14:47:15.172Z</time>
      </trkpt>
      <trkpt lat="41.959708" lon="3.161423500000012">
        <ele>88.8483048522985</ele>
        <time>2026-08-20T14:47:17.117Z</time>
      </trkpt>
      <trkpt lat="41.9596956" lon="3.1614396999999883">
        <ele>89.23962804878003</ele>
        <time>2026-08-20T14:47:18.945Z</time>
      </trkpt>
      <trkpt lat="41.9596831" lon="3.1614601999999934">
        <ele>89.66328039391172</ele>
        <time>2026-08-20T14:47:21.073Z</time>
      </trkpt>
      <trkpt lat="41.9596727" lon="3.1614827999999875">
        <ele>90.0554182899705</ele>
        <time>2026-08-20T14:47:22.886Z</time>
      </trkpt>
      <trkpt lat="41.9596675" lon="3.1615046000000007">
        <ele>90.33137258443678</ele>
        <time>2026-08-20T14:47:24.742Z</time>
      </trkpt>
      <trkpt lat="41.959661" lon="3.161531999999994">
        <ele>90.67611087793979</ele>
        <time>2026-08-20T14:47:26.765Z</time>
      </trkpt>
      <trkpt lat="41.9596537" lon="3.1615569999999877">
        <ele>91.0201581272773</ele>
        <time>2026-08-20T14:47:28.724Z</time>
      </trkpt>
      <trkpt lat="41.9596494" lon="3.161580700000002">
        <ele>91.29399304743472</ele>
        <time>2026-08-20T14:47:30.627Z</time>
      </trkpt>
      <trkpt lat="41.9596436" lon="3.161611700000009">
        <ele>91.65734612287126</ele>
        <time>2026-08-20T14:47:33.049Z</time>
      </trkpt>
      <trkpt lat="41.9596432" lon="3.1616426999999874">
        <ele>91.68464928834597</ele>
        <time>2026-08-20T14:47:35.116Z</time>
      </trkpt>
      <trkpt lat="41.9596457" lon="3.161672100000004">
        <ele>91.63597433942121</ele>
        <time>2026-08-20T14:47:37.029Z</time>
      </trkpt>
      <trkpt lat="41.9596478" lon="3.161701899999997">
        <ele>91.59354833534543</ele>
        <time>2026-08-20T14:47:39.003Z</time>
      </trkpt>
      <trkpt lat="41.9596515" lon="3.1617292999999904">
        <ele>91.51185114992454</ele>
        <time>2026-08-20T14:47:40.842Z</time>
      </trkpt>
      <trkpt lat="41.9596533" lon="3.1617602999999974">
        <ele>91.47097639021695</ele>
        <time>2026-08-20T14:47:42.825Z</time>
      </trkpt>
      <trkpt lat="41.9596557" lon="3.1617846999999983">
        <ele>91.41373059398698</ele>
        <time>2026-08-20T14:47:44.687Z</time>
      </trkpt>
      <trkpt lat="41.9596564" lon="3.1618073999999865">
        <ele>91.39592951059242</ele>
        <time>2026-08-20T14:47:46.747Z</time>
      </trkpt>
      <trkpt lat="41.959657" lon="3.161826999999988">
        <ele>91.380186894532</ele>
        <time>2026-08-20T14:47:48.635Z</time>
      </trkpt>
      <trkpt lat="41.9596598" lon="3.1618523999999866">
        <ele>91.30801382991356</ele>
        <time>2026-08-20T14:47:51.121Z</time>
      </trkpt>
      <trkpt lat="41.9596621" lon="3.1618761999999947">
        <ele>91.24627873786336</ele>
        <time>2026-08-20T14:47:53.122Z</time>
      </trkpt>
      <trkpt lat="41.9596618" lon="3.1619010999999944">
        <ele>91.30164384174033</ele>
        <time>2026-08-20T14:47:55.128Z</time>
      </trkpt>
      <trkpt lat="41.9596685" lon="3.161923900000005">
        <ele>91.28950469535164</ele>
        <time>2026-08-20T14:47:57.031Z</time>
      </trkpt>
      <trkpt lat="41.9596744" lon="3.161949700000008">
        <ele>91.38523063632722</ele>
        <time>2026-08-20T14:47:59.117Z</time>
      </trkpt>
      <trkpt lat="41.9596771" lon="3.161975600000005">
        <ele>91.50643463577583</ele>
        <time>2026-08-20T14:48:01.117Z</time>
      </trkpt>
      <trkpt lat="41.9596787" lon="3.1620001999999943">
        <ele>91.62929191400751</ele>
        <time>2026-08-20T14:48:02.928Z</time>
      </trkpt>
      <trkpt lat="41.9596851" lon="3.1620307000000025">
        <ele>91.75940535458003</ele>
        <time>2026-08-20T14:48:04.886Z</time>
      </trkpt>
      <trkpt lat="41.9596966" lon="3.162062700000007">
        <ele>91.87902731904425</ele>
        <time>2026-08-20T14:48:07.117Z</time>
      </trkpt>
      <trkpt lat="41.9597058" lon="3.1620848000000024">
        <ele>91.96268343771912</ele>
        <time>2026-08-20T14:48:09.004Z</time>
      </trkpt>
      <trkpt lat="41.9597149" lon="3.162111699999997">
        <ele>92.08186204010647</ele>
        <time>2026-08-20T14:48:10.826Z</time>
      </trkpt>
      <trkpt lat="41.9597196" lon="3.162136199999992">
        <ele>92.21060419274765</ele>
        <time>2026-08-20T14:48:13.127Z</time>
      </trkpt>
      <trkpt lat="41.959726" lon="3.1621624999999938">
        <ele>92.34832930243937</ele>
        <time>2026-08-20T14:48:15.117Z</time>
      </trkpt>
      <trkpt lat="41.959734" lon="3.1621871000000112">
        <ele>92.59099233166302</ele>
        <time>2026-08-20T14:48:17.116Z</time>
      </trkpt>
      <trkpt lat="41.9597392" lon="3.1622112000000016">
        <ele>92.88445474935531</ele>
        <time>2026-08-20T14:48:18.962Z</time>
      </trkpt>
      <trkpt lat="41.9597364" lon="3.1622381999999902">
        <ele>93.2411703005375</ele>
        <time>2026-08-20T14:48:21.117Z</time>
      </trkpt>
      <trkpt lat="41.9597338" lon="3.162261099999995">
        <ele>93.54450106576166</ele>
        <time>2026-08-20T14:48:23.117Z</time>
      </trkpt>
      <trkpt lat="41.9597294" lon="3.1622824000000094">
        <ele>93.83316479244591</ele>
        <time>2026-08-20T14:48:25.027Z</time>
      </trkpt>
      <trkpt lat="41.9597232" lon="3.1623089999999934">
        <ele>94.19607771806582</ele>
        <time>2026-08-20T14:48:27.185Z</time>
      </trkpt>
      <trkpt lat="41.9597207" lon="3.162331800000004">
        <ele>94.4979899175507</ele>
        <time>2026-08-20T14:48:29.117Z</time>
      </trkpt>
      <trkpt lat="41.9597151" lon="3.1623591999999974">
        <ele>94.86944848922313</ele>
        <time>2026-08-20T14:48:31.117Z</time>
      </trkpt>
      <trkpt lat="41.959704" lon="3.162387499999994">
        <ele>95.27085893614777</ele>
        <time>2026-08-20T14:48:33.117Z</time>
      </trkpt>
      <trkpt lat="41.9596915" lon="3.1624074000000064">
        <ele>95.56887440554064</ele>
        <time>2026-08-20T14:48:35.064Z</time>
      </trkpt>
      <trkpt lat="41.9596765" lon="3.162429599999996">
        <ele>95.90508947456928</ele>
        <time>2026-08-20T14:48:37.117Z</time>
      </trkpt>
      <trkpt lat="41.9596636" lon="3.1624490000000094">
        <ele>96.23692508426517</ele>
        <time>2026-08-20T14:48:39.004Z</time>
      </trkpt>
      <trkpt lat="41.959644" lon="3.1624676000000136">
        <ele>96.84012665027483</ele>
        <time>2026-08-20T14:48:41.117Z</time>
      </trkpt>
      <trkpt lat="41.9596272" lon="3.162482600000004">
        <ele>97.33581089743406</ele>
        <time>2026-08-20T14:48:43.024Z</time>
      </trkpt>
      <trkpt lat="41.9596084" lon="3.162499700000012">
        <ele>97.88609421790873</ele>
        <time>2026-08-20T14:48:45.117Z</time>
      </trkpt>
      <trkpt lat="41.9595857" lon="3.1625185000000045">
        <ele>98.51387033382419</ele>
        <time>2026-08-20T14:48:46.964Z</time>
      </trkpt>
      <trkpt lat="41.9595671" lon="3.1625311999999894">
        <ele>98.98425764749521</ele>
        <time>2026-08-20T14:48:49.186Z</time>
      </trkpt>
      <trkpt lat="41.9595477" lon="3.162545999999992">
        <ele>99.48715426923062</ele>
        <time>2026-08-20T14:48:51.117Z</time>
      </trkpt>
      <trkpt lat="41.9595265" lon="3.1625602000000015">
        <ele>100.0029818802983</ele>
        <time>2026-08-20T14:48:53.117Z</time>
      </trkpt>
      <trkpt lat="41.959505" lon="3.1625621999999964">
        <ele>100.36877804362057</ele>
        <time>2026-08-20T14:48:55.101Z</time>
      </trkpt>
      <trkpt lat="41.9594897" lon="3.1625773000000095">
        <ele>100.78901289835473</ele>
        <time>2026-08-20T14:48:57.142Z</time>
      </trkpt>
      <trkpt lat="41.9594788" lon="3.162613499999992">
        <ele>101.37922016007029</ele>
        <time>2026-08-20T14:48:59.149Z</time>
      </trkpt>
      <trkpt lat="41.9594596" lon="3.162639299999995">
        <ele>101.96158477687567</ele>
        <time>2026-08-20T14:49:01.117Z</time>
      </trkpt>
      <trkpt lat="41.9594388" lon="3.1626588999999967">
        <ele>102.48435663498589</ele>
        <time>2026-08-20T14:49:03.117Z</time>
      </trkpt>
      <trkpt lat="41.9594219" lon="3.1626850000000104">
        <ele>103.00998882488007</ele>
        <time>2026-08-20T14:49:05.117Z</time>
      </trkpt>
      <trkpt lat="41.9594077" lon="3.1627048999999943">
        <ele>103.42033600764901</ele>
        <time>2026-08-20T14:49:06.989Z</time>
      </trkpt>
      <trkpt lat="41.9593944" lon="3.1627412999999933">
        <ele>103.96154616782256</ele>
        <time>2026-08-20T14:49:09.145Z</time>
      </trkpt>
      <trkpt lat="41.9593819" lon="3.162757499999998">
        <ele>104.22076580891861</ele>
        <time>2026-08-20T14:49:11.116Z</time>
      </trkpt>
      <trkpt lat="41.9593644" lon="3.162781300000006">
        <ele>104.5149313521346</ele>
        <time>2026-08-20T14:49:12.982Z</time>
      </trkpt>
      <trkpt lat="41.9593428" lon="3.1628080000000125">
        <ele>104.85249572237015</ele>
        <time>2026-08-20T14:49:15.117Z</time>
      </trkpt>
      <trkpt lat="41.9593304" lon="3.1628425000000107">
        <ele>105.21682220132946</ele>
        <time>2026-08-20T14:49:17.117Z</time>
      </trkpt>
      <trkpt lat="41.9593227" lon="3.162873999999988">
        <ele>105.5323694481142</ele>
        <time>2026-08-20T14:49:19.106Z</time>
      </trkpt>
      <trkpt lat="41.9593187" lon="3.1629091000000074">
        <ele>105.86308755177846</ele>
        <time>2026-08-20T14:49:21.072Z</time>
      </trkpt>
      <trkpt lat="41.9593162" lon="3.162943100000007">
        <ele>106.1771031084273</ele>
        <time>2026-08-20T14:49:23.117Z</time>
      </trkpt>
      <trkpt lat="41.9593139" lon="3.1629747000000066">
        <ele>106.46864309841267</ele>
        <time>2026-08-20T14:49:25.117Z</time>
      </trkpt>
      <trkpt lat="41.9593136" lon="3.162998700000003">
        <ele>106.68375761866749</ele>
        <time>2026-08-20T14:49:26.924Z</time>
      </trkpt>
      <trkpt lat="41.9593111" lon="3.163014699999991">
        <ele>106.8327420171455</ele>
        <time>2026-08-20T14:49:28.762Z</time>
      </trkpt>
      <trkpt lat="41.9593215" lon="3.163045799999992">
        <ele>107.04973810428167</ele>
        <time>2026-08-20T14:49:31.082Z</time>
      </trkpt>
      <trkpt lat="41.9593329" lon="3.163068199999998">
        <ele>107.18438780731553</ele>
        <time>2026-08-20T14:49:32.945Z</time>
      </trkpt>
      <trkpt lat="41.9593236" lon="3.1630850999999893">
        <ele>107.37075373554569</ele>
        <time>2026-08-20T14:49:35.117Z</time>
      </trkpt>
      <trkpt lat="41.9593243" lon="3.1631069000000025">
        <ele>107.55062483816283</ele>
        <time>2026-08-20T14:49:37.127Z</time>
      </trkpt>
      <trkpt lat="41.9593327" lon="3.163142999999991">
        <ele>107.80942006526227</ele>
        <time>2026-08-20T14:49:39.126Z</time>
      </trkpt>
      <trkpt lat="41.9593344" lon="3.1631704000000127">
        <ele>108.028619957058</ele>
        <time>2026-08-20T14:49:41.116Z</time>
      </trkpt>
      <trkpt lat="41.9593329" lon="3.163187300000004">
        <ele>108.17789746872238</ele>
        <time>2026-08-20T14:49:43.045Z</time>
      </trkpt>
      <trkpt lat="41.959327" lon="3.1631959999999992">
        <ele>108.28427837935325</ele>
        <time>2026-08-20T14:49:45.117Z</time>
      </trkpt>
      <trkpt lat="41.9593157" lon="3.1631982000000107">
        <ele>108.36766950452962</ele>
        <time>2026-08-20T14:49:47.117Z</time>
      </trkpt>
      <trkpt lat="41.9592916" lon="3.163190500000013">
        <ele>108.43950147558216</ele>
        <time>2026-08-20T14:49:49.117Z</time>
      </trkpt>
      <trkpt lat="41.9592744" lon="3.163182000000006">
        <ele>108.46261918502954</ele>
        <time>2026-08-20T14:49:50.969Z</time>
      </trkpt>
      <trkpt lat="41.9592468" lon="3.163180899999986">
        <ele>108.60790679921678</ele>
        <time>2026-08-20T14:49:53.117Z</time>
      </trkpt>
      <trkpt lat="41.959223" lon="3.163185300000009">
        <ele>108.78193657392468</ele>
        <time>2026-08-20T14:49:55.119Z</time>
      </trkpt>
      <trkpt lat="41.9591987" lon="3.1631883000000016">
        <ele>108.94729384081288</ele>
        <time>2026-08-20T14:49:57.073Z</time>
      </trkpt>
      <trkpt lat="41.9591961" lon="3.163127000000003">
        <ele>108.38645306337274</ele>
        <time>2026-08-20T14:49:59.126Z</time>
      </trkpt>
      <trkpt lat="41.9592004" lon="3.1630667999999957">
        <ele>107.80081245107948</ele>
        <time>2026-08-20T14:50:01.117Z</time>
      </trkpt>
      <trkpt lat="41.9591589" lon="3.1630408000000045">
        <ele>107.7459998237337</ele>
        <time>2026-08-20T14:50:03.117Z</time>
      </trkpt>
      <trkpt lat="41.9591348" lon="3.163029899999998">
        <ele>107.74797884925762</ele>
        <time>2026-08-20T14:50:05.116Z</time>
      </trkpt>
      <trkpt lat="41.9591131" lon="3.1630149000000074">
        <ele>107.6943312675328</ele>
        <time>2026-08-20T14:50:07.001Z</time>
      </trkpt>
      <trkpt lat="41.9590882" lon="3.163004000000001">
        <ele>107.65342926992794</ele>
        <time>2026-08-20T14:50:09.047Z</time>
      </trkpt>
      <trkpt lat="41.9590634" lon="3.1629973999999947">
        <ele>107.65430803121488</ele>
        <time>2026-08-20T14:50:11.073Z</time>
      </trkpt>
      <trkpt lat="41.9590385" lon="3.163000000000011">
        <ele>107.73953815435453</ele>
        <time>2026-08-20T14:50:12.949Z</time>
      </trkpt>
      <trkpt lat="41.9590077" lon="3.1629958999999985">
        <ele>107.77367782658938</ele>
        <time>2026-08-20T14:50:15.117Z</time>
      </trkpt>
      <trkpt lat="41.9589862" lon="3.163002199999994">
        <ele>107.89067288885826</ele>
        <time>2026-08-20T14:50:17.088Z</time>
      </trkpt>
      <trkpt lat="41.9589623" lon="3.1630197000000067">
        <ele>108.14397410024128</ele>
        <time>2026-08-20T14:50:19.126Z</time>
      </trkpt>
      <trkpt lat="41.9589409" lon="3.1630448999999885">
        <ele>108.48443394134287</ele>
        <time>2026-08-20T14:50:21.117Z</time>
      </trkpt>
      <trkpt lat="41.9589197" lon="3.16307359999999">
        <ele>108.87217689722594</ele>
        <time>2026-08-20T14:50:23.044Z</time>
      </trkpt>
      <trkpt lat="41.9589012" lon="3.1631029000000126">
        <ele>109.26701452727382</ele>
        <time>2026-08-20T14:50:25.117Z</time>
      </trkpt>
      <trkpt lat="41.9588884" lon="3.1631334999999865">
        <ele>109.66527793284264</ele>
        <time>2026-08-20T14:50:27.117Z</time>
      </trkpt>
      <trkpt lat="41.9588739" lon="3.1631704000000127">
        <ele>110.14964477749848</ele>
        <time>2026-08-20T14:50:29.117Z</time>
      </trkpt>
      <trkpt lat="41.9588694" lon="3.1631979">
        <ele>110.49095154661207</ele>
        <time>2026-08-20T14:50:31.117Z</time>
      </trkpt>
      <trkpt lat="41.9588601" lon="3.163232700000009">
        <ele>110.94050340357568</ele>
        <time>2026-08-20T14:50:33.163Z</time>
      </trkpt>
      <trkpt lat="41.9588466" lon="3.1632615000000044">
        <ele>111.34156960554252</ele>
        <time>2026-08-20T14:50:35.117Z</time>
      </trkpt>
      <trkpt lat="41.958836" lon="3.163291600000008">
        <ele>111.707455263087</ele>
        <time>2026-08-20T14:50:37.117Z</time>
      </trkpt>
      <trkpt lat="41.9588257" lon="3.1633165000000076">
        <ele>111.86972320279881</ele>
        <time>2026-08-20T14:50:39.188Z</time>
      </trkpt>
      <trkpt lat="41.9588197" lon="3.1633375000000115">
        <ele>111.97197723808725</ele>
        <time>2026-08-20T14:50:41.042Z</time>
      </trkpt>
      <trkpt lat="41.9588135" lon="3.163366599999989">
        <ele>112.11106017309979</ele>
        <time>2026-08-20T14:50:43.117Z</time>
      </trkpt>
      <trkpt lat="41.9588064" lon="3.163390300000003">
        <ele>112.18984095915651</ele>
        <time>2026-08-20T14:50:44.966Z</time>
      </trkpt>
      <trkpt lat="41.9588068" lon="3.1634163999999885">
        <ele>112.35083590179305</ele>
        <time>2026-08-20T14:50:47.073Z</time>
      </trkpt>
      <trkpt lat="41.9588048" lon="3.1634454000000005">
        <ele>112.4992892320943</ele>
        <time>2026-08-20T14:50:49.073Z</time>
      </trkpt>
      <trkpt lat="41.9587934" lon="3.1634831000000077">
        <ele>112.55218390293325</ele>
        <time>2026-08-20T14:50:51.116Z</time>
      </trkpt>
      <trkpt lat="41.9587951" lon="3.163501800000006">
        <ele>112.67870531394173</ele>
        <time>2026-08-20T14:50:53.073Z</time>
      </trkpt>
      <trkpt lat="41.9587873" lon="3.1635269999999878">
        <ele>112.68116811788857</ele>
        <time>2026-08-20T14:50:55.072Z</time>
      </trkpt>
      <trkpt lat="41.9587918" lon="3.163564100000002">
        <ele>112.87543992395089</ele>
        <time>2026-08-20T14:50:57.073Z</time>
      </trkpt>
      <trkpt lat="41.958793" lon="3.163595600000008">
        <ele>112.38693034479893</ele>
        <time>2026-08-20T14:50:59.025Z</time>
      </trkpt>
      <trkpt lat="41.9587889" lon="3.163622199999992">
        <ele>111.87044851382743</ele>
        <time>2026-08-20T14:51:00.847Z</time>
      </trkpt>
      <trkpt lat="41.9587939" lon="3.163647800000007">
        <ele>111.55888827743331</ele>
        <time>2026-08-20T14:51:02.766Z</time>
      </trkpt>
      <trkpt lat="41.9587911" lon="3.1636800999999934">
        <ele>110.97292444191149</ele>
        <time>2026-08-20T14:51:05.002Z</time>
      </trkpt>
      <trkpt lat="41.9587913" lon="3.1637112999999886">
        <ele>110.46943376005316</ele>
        <time>2026-08-20T14:51:07.145Z</time>
      </trkpt>
      <trkpt lat="41.9587926" lon="3.163738599999988">
        <ele>110.05618025038488</ele>
        <time>2026-08-20T14:51:09.116Z</time>
      </trkpt>
      <trkpt lat="41.9588038" lon="3.163762100000014">
        <ele>109.95089066606268</ele>
        <time>2026-08-20T14:51:10.964Z</time>
      </trkpt>
      <trkpt lat="41.9588203" lon="3.163791500000002">
        <ele>109.90396835797966</ele>
        <time>2026-08-20T14:51:13.083Z</time>
      </trkpt>
      <trkpt lat="41.9588384" lon="3.163814500000001">
        <ele>109.96744310093833</ele>
        <time>2026-08-20T14:51:15.117Z</time>
      </trkpt>
      <trkpt lat="41.9588588" lon="3.1638374999999996">
        <ele>110.02653191770132</ele>
        <time>2026-08-20T14:51:17.104Z</time>
      </trkpt>
      <trkpt lat="41.9588799" lon="3.1638636000000133">
        <ele>109.81756152288176</ele>
        <time>2026-08-20T14:51:19.117Z</time>
      </trkpt>
      <trkpt lat="41.9588992" lon="3.163881800000013">
        <ele>109.765703287954</ele>
        <time>2026-08-20T14:51:21.117Z</time>
      </trkpt>
      <trkpt lat="41.9589209" lon="3.1638944000000038">
        <ele>109.90649356437709</ele>
        <time>2026-08-20T14:51:23.067Z</time>
      </trkpt>
      <trkpt lat="41.9589427" lon="3.1639107999999965">
        <ele>109.96954017406213</ele>
        <time>2026-08-20T14:51:25.129Z</time>
      </trkpt>
      <trkpt lat="41.9589611" lon="3.163924900000012">
        <ele>110.02564933562637</ele>
        <time>2026-08-20T14:51:26.966Z</time>
      </trkpt>
      <trkpt lat="41.9589868" lon="3.1639399000000026">
        <ele>110.22379697633745</ele>
        <time>2026-08-20T14:51:29.124Z</time>
      </trkpt>
      <trkpt lat="41.9590158" lon="3.1639456999999993">
        <ele>110.70821761071197</ele>
        <time>2026-08-20T14:51:31.117Z</time>
      </trkpt>
      <trkpt lat="41.9590457" lon="3.1639572999999928">
        <ele>111.09158508640427</ele>
        <time>2026-08-20T14:51:33.117Z</time>
      </trkpt>
      <trkpt lat="41.9590724" lon="3.1639625999999907">
        <ele>111.55059311484885</ele>
        <time>2026-08-20T14:51:35.127Z</time>
      </trkpt>
      <trkpt lat="41.9590963" lon="3.1639769999999885">
        <ele>111.76397263921669</ele>
        <time>2026-08-20T14:51:37.116Z</time>
      </trkpt>
      <trkpt lat="41.9591199" lon="3.163997800000004">
        <ele>111.77478608089918</ele>
        <time>2026-08-20T14:51:39.165Z</time>
      </trkpt>
      <trkpt lat="41.9591423" lon="3.1640180999999927">
        <ele>111.72338111627285</ele>
        <time>2026-08-20T14:51:41.132Z</time>
      </trkpt>
      <trkpt lat="41.9591643" lon="3.1640362999999923">
        <ele>111.76050559777886</ele>
        <time>2026-08-20T14:51:43.117Z</time>
      </trkpt>
      <trkpt lat="41.9591854" lon="3.1640543000000036">
        <ele>111.83682221662497</ele>
        <time>2026-08-20T14:51:44.983Z</time>
      </trkpt>
      <trkpt lat="41.9592101" lon="3.164069600000005">
        <ele>112.07054311852922</ele>
        <time>2026-08-20T14:51:47.061Z</time>
      </trkpt>
      <trkpt lat="41.9592105" lon="3.1640941">
        <ele>111.73412505104623</ele>
        <time>2026-08-20T14:51:49.077Z</time>
      </trkpt>
      <trkpt lat="41.9592068" lon="3.1640767000000096">
        <ele>111.90581375165783</ele>
        <time>2026-08-20T14:51:51.092Z</time>
      </trkpt>
      <trkpt lat="41.9592314" lon="3.164110700000009">
        <ele>111.95808257507899</ele>
        <time>2026-08-20T14:51:53.117Z</time>
      </trkpt>
      <trkpt lat="41.9592386" lon="3.1641205999999897">
        <ele>111.96861380827366</ele>
        <time>2026-08-20T14:51:55.123Z</time>
      </trkpt>
      <trkpt lat="41.9592434" lon="3.1641111000000137">
        <ele>112.2157738423384</ele>
        <time>2026-08-20T14:51:57.117Z</time>
      </trkpt>
      <trkpt lat="41.9592366" lon="3.1640819000000135">
        <ele>112.42708016873151</ele>
        <time>2026-08-20T14:51:59.144Z</time>
      </trkpt>
      <trkpt lat="41.9592284" lon="3.1640396999999894">
        <ele>112.80642625158194</ele>
        <time>2026-08-20T14:52:00.966Z</time>
      </trkpt>
      <trkpt lat="41.9592186" lon="3.1640159000000097">
        <ele>112.95928472007878</ele>
        <time>2026-08-20T14:52:03.006Z</time>
      </trkpt>
      <trkpt lat="41.9591961" lon="3.163997800000004">
        <ele>112.87810777374003</ele>
        <time>2026-08-20T14:52:05.117Z</time>
      </trkpt>
      <trkpt lat="41.9591626" lon="3.163979100000006">
        <ele>112.71432528469545</ele>
        <time>2026-08-20T14:52:07.045Z</time>
      </trkpt>
      <trkpt lat="41.959142" lon="3.163966799999997">
        <ele>112.66917885839717</ele>
        <time>2026-08-20T14:52:09.004Z</time>
      </trkpt>
      <trkpt lat="41.9591143" lon="3.16395159999999">
        <ele>112.63352617749099</ele>
        <time>2026-08-20T14:52:11.072Z</time>
      </trkpt>
      <trkpt lat="41.9590896" lon="3.163930300000004">
        <ele>112.59700451741236</ele>
        <time>2026-08-20T14:52:13.117Z</time>
      </trkpt>
      <trkpt lat="41.9590577" lon="3.1639338999999893">
        <ele>111.85059358610148</ele>
        <time>2026-08-20T14:52:15.117Z</time>
      </trkpt>
      <trkpt lat="41.9590454" lon="3.1639656000000116">
        <ele>110.90543162051314</ele>
        <time>2026-08-20T14:52:17.044Z</time>
      </trkpt>
      <trkpt lat="41.9590098" lon="3.1639399999999966">
        <ele>110.70754008582257</ele>
        <time>2026-08-20T14:52:19.026Z</time>
      </trkpt>
      <trkpt lat="41.9589777" lon="3.1639212999999984">
        <ele>110.45426163857617</ele>
        <time>2026-08-20T14:52:20.962Z</time>
      </trkpt>
      <trkpt lat="41.9589484" lon="3.16389079999999">
        <ele>110.55119283357642</ele>
        <time>2026-08-20T14:52:23.026Z</time>
      </trkpt>
      <trkpt lat="41.9589232" lon="3.1638657999999964">
        <ele>110.62816000202913</ele>
        <time>2026-08-20T14:52:24.906Z</time>
      </trkpt>
      <trkpt lat="41.9589021" lon="3.163841600000012">
        <ele>110.7861496976061</ele>
        <time>2026-08-20T14:52:27.117Z</time>
      </trkpt>
      <trkpt lat="41.9588779" lon="3.1638282000000117">
        <ele>110.51032751047578</ele>
        <time>2026-08-20T14:52:29.117Z</time>
      </trkpt>
      <trkpt lat="41.9588469" lon="3.163831799999997">
        <ele>109.87559721022967</ele>
        <time>2026-08-20T14:52:30.961Z</time>
      </trkpt>
      <trkpt lat="41.9588251" lon="3.163868199999996">
        <ele>108.56586615099722</ele>
        <time>2026-08-20T14:52:33.081Z</time>
      </trkpt>
      <trkpt lat="41.9588062" lon="3.163869500000004">
        <ele>108.02857266710924</ele>
        <time>2026-08-20T14:52:35.089Z</time>
      </trkpt>
      <trkpt lat="41.9587813" lon="3.1638653999999917">
        <ele>107.46505734679283</ele>
        <time>2026-08-20T14:52:36.905Z</time>
      </trkpt>
      <trkpt lat="41.9587585" lon="3.163869599999998">
        <ele>106.7521249926883</ele>
        <time>2026-08-20T14:52:39.003Z</time>
      </trkpt>
      <trkpt lat="41.9587575" lon="3.163878899999986">
        <ele>106.4963745398937</ele>
        <time>2026-08-20T14:52:41.071Z</time>
      </trkpt>
      <trkpt lat="41.9587474" lon="3.163884700000011">
        <ele>106.0846341065052</ele>
        <time>2026-08-20T14:52:43.072Z</time>
      </trkpt>
      <trkpt lat="41.9587406" lon="3.1638963000000047">
        <ele>105.61900135992128</ele>
        <time>2026-08-20T14:52:45.072Z</time>
      </trkpt>
      <trkpt lat="41.9587292" lon="3.16391569999999">
        <ele>104.8415088967958</ele>
        <time>2026-08-20T14:52:46.946Z</time>
      </trkpt>
      <trkpt lat="41.9587176" lon="3.1639417000000094">
        <ele>103.90014039400059</ele>
        <time>2026-08-20T14:52:48.929Z</time>
      </trkpt>
      <trkpt lat="41.9587106" lon="3.163972099999995">
        <ele>102.975262992889</ele>
        <time>2026-08-20T14:52:50.888Z</time>
      </trkpt>
      <trkpt lat="41.9588115" lon="3.1639926000000003">
        <ele>105.10128426210396</ele>
        <time>2026-08-20T14:52:52.927Z</time>
      </trkpt>
      <trkpt lat="41.9588273" lon="3.1640323000000024">
        <ele>104.51920932037382</ele>
        <time>2026-08-20T14:52:54.965Z</time>
      </trkpt>
      <trkpt lat="41.9588382" lon="3.1640636999999856">
        <ele>103.99651881368769</ele>
        <time>2026-08-20T14:52:57.044Z</time>
      </trkpt>
      <trkpt lat="41.9588359" lon="3.1640930000000083">
        <ele>103.21160923971887</ele>
        <time>2026-08-20T14:52:58.866Z</time>
      </trkpt>
      <trkpt lat="41.9588448" lon="3.164119400000004">
        <ele>102.77964027646559</ele>
        <time>2026-08-20T14:53:01.048Z</time>
      </trkpt>
      <trkpt lat="41.9588627" lon="3.1641367999999943">
        <ele>102.86816313308002</ele>
        <time>2026-08-20T14:53:03.117Z</time>
      </trkpt>
      <trkpt lat="41.9588699" lon="3.164155700000009">
        <ele>102.66957284843576</ele>
        <time>2026-08-20T14:53:05.059Z</time>
      </trkpt>
      <trkpt lat="41.9588847" lon="3.1641950000000065">
        <ele>102.24612112591764</ele>
        <time>2026-08-20T14:53:07.117Z</time>
      </trkpt>
      <trkpt lat="41.958892" lon="3.164228500000007">
        <ele>101.75550956270723</ele>
        <time>2026-08-20T14:53:09.023Z</time>
      </trkpt>
      <trkpt lat="41.9589067" lon="3.164260299999995">
        <ele>101.46406860475092</ele>
        <time>2026-08-20T14:53:11.117Z</time>
      </trkpt>
      <trkpt lat="41.95892" lon="3.164286099999998">
        <ele>101.2536254680569</ele>
        <time>2026-08-20T14:53:13.118Z</time>
      </trkpt>
      <trkpt lat="41.9589307" lon="3.1643108000000097">
        <ele>101.00164084567966</ele>
        <time>2026-08-20T14:53:15.072Z</time>
      </trkpt>
      <trkpt lat="41.9589466" lon="3.1643376000000103">
        <ele>100.81937798516797</ele>
        <time>2026-08-20T14:53:16.925Z</time>
      </trkpt>
      <trkpt lat="41.958954" lon="3.1643741000000034">
        <ele>100.24712078530307</ele>
        <time>2026-08-20T14:53:19.117Z</time>
      </trkpt>
      <trkpt lat="41.9589602" lon="3.1644025999999883">
        <ele>99.91207705091215</ele>
        <time>2026-08-20T14:53:21.083Z</time>
      </trkpt>
      <trkpt lat="41.958966" lon="3.1644336999999894">
        <ele>99.83432828593739</ele>
        <time>2026-08-20T14:53:23.117Z</time>
      </trkpt>
      <trkpt lat="41.9589707" lon="3.164465699999994">
        <ele>99.71912957934208</ele>
        <time>2026-08-20T14:53:25.072Z</time>
      </trkpt>
      <trkpt lat="41.9589725" lon="3.1644885999999985">
        <ele>99.60151902694098</ele>
        <time>2026-08-20T14:53:27.071Z</time>
      </trkpt>
      <trkpt lat="41.9589798" lon="3.164517399999994">
        <ele>99.54453813652977</ele>
        <time>2026-08-20T14:53:29.128Z</time>
      </trkpt>
      <trkpt lat="41.9589842" lon="3.1645398">
        <ele>99.46953346683071</ele>
        <time>2026-08-20T14:53:31.024Z</time>
      </trkpt>
      <trkpt lat="41.9589981" lon="3.164558400000004">
        <ele>99.5835956553735</ele>
        <time>2026-08-20T14:53:33.071Z</time>
      </trkpt>
      <trkpt lat="41.9590104" lon="3.1645757000000003">
        <ele>99.66679904382828</ele>
        <time>2026-08-20T14:53:35.071Z</time>
      </trkpt>
      <trkpt lat="41.9590158" lon="3.164601900000008">
        <ele>99.55397620823605</ele>
        <time>2026-08-20T14:53:37.072Z</time>
      </trkpt>
      <trkpt lat="41.9590095" lon="3.1646345999999994">
        <ele>99.1993450286777</ele>
        <time>2026-08-20T14:53:39.096Z</time>
      </trkpt>
      <trkpt lat="41.9589959" lon="3.1646538999999905">
        <ele>98.84587896337234</ele>
        <time>2026-08-20T14:53:41.112Z</time>
      </trkpt>
      <trkpt lat="41.9589923" lon="3.1646827000000144">
        <ele>98.71377718585003</ele>
        <time>2026-08-20T14:53:43.102Z</time>
      </trkpt>
      <trkpt lat="41.9589887" lon="3.164711000000011">
        <ele>98.84732758352773</ele>
        <time>2026-08-20T14:53:44.926Z</time>
      </trkpt>
      <trkpt lat="41.958979" lon="3.16472619999999">
        <ele>98.82031289415717</ele>
        <time>2026-08-20T14:53:46.765Z</time>
      </trkpt>
      <trkpt lat="41.9589623" lon="3.164746000000008">
        <ele>98.74755192778898</ele>
        <time>2026-08-20T14:53:48.884Z</time>
      </trkpt>
      <trkpt lat="41.9589465" lon="3.164756699999998">
        <ele>98.63412712450962</ele>
        <time>2026-08-20T14:53:50.724Z</time>
      </trkpt>
      <trkpt lat="41.9589302" lon="3.1647700999999984">
        <ele>98.54706902615703</ele>
        <time>2026-08-20T14:53:52.603Z</time>
      </trkpt>
      <trkpt lat="41.9589073" lon="3.1647852000000114">
        <ele>98.4132028453225</ele>
        <time>2026-08-20T14:53:54.827Z</time>
      </trkpt>
      <trkpt lat="41.958891" lon="3.1647836999999868">
        <ele>98.21496787718944</ele>
        <time>2026-08-20T14:53:56.962Z</time>
      </trkpt>
      <trkpt lat="41.9588751" lon="3.1647853999999995">
        <ele>98.05148575512578</ele>
        <time>2026-08-20T14:53:59.025Z</time>
      </trkpt>
      <trkpt lat="41.9588609" lon="3.164792299999988">
        <ele>97.96229447801242</ele>
        <time>2026-08-20T14:54:01.072Z</time>
      </trkpt>
      <trkpt lat="41.9588405" lon="3.1647992999999985">
        <ele>97.81249806851287</ele>
        <time>2026-08-20T14:54:03.072Z</time>
      </trkpt>
      <trkpt lat="41.9588187" lon="3.164806900000002">
        <ele>97.79674351318371</ele>
        <time>2026-08-20T14:54:04.927Z</time>
      </trkpt>
      <trkpt lat="41.9587919" lon="3.164796800000005">
        <ele>97.65692106979306</ele>
        <time>2026-08-20T14:54:06.925Z</time>
      </trkpt>
      <trkpt lat="41.9587562" lon="3.1647801999999956">
        <ele>97.39060646406858</ele>
        <time>2026-08-20T14:54:09.072Z</time>
      </trkpt>
      <trkpt lat="41.9587349" lon="3.1647687999999903">
        <ele>97.1854567562083</ele>
        <time>2026-08-20T14:54:11.072Z</time>
      </trkpt>
      <trkpt lat="41.9587094" lon="3.1647643999999957">
        <ele>97.06363384825177</ele>
        <time>2026-08-20T14:54:13.071Z</time>
      </trkpt>
      <trkpt lat="41.9586824" lon="3.1647595000000024">
        <ele>96.92026124955123</ele>
        <time>2026-08-20T14:54:15.072Z</time>
      </trkpt>
      <trkpt lat="41.9586568" lon="3.164748000000003">
        <ele>96.64765922100165</ele>
        <time>2026-08-20T14:54:17.072Z</time>
      </trkpt>
      <trkpt lat="41.9586305" lon="3.1647442000000012">
        <ele>96.49873366377923</ele>
        <time>2026-08-20T14:54:19.071Z</time>
      </trkpt>
      <trkpt lat="41.9586062" lon="3.1647369000000083">
        <ele>96.27582365391086</ele>
        <time>2026-08-20T14:54:21.079Z</time>
      </trkpt>
      <trkpt lat="41.9585792" lon="3.1647383000000104">
        <ele>96.21707373564833</ele>
        <time>2026-08-20T14:54:23.117Z</time>
      </trkpt>
      <trkpt lat="41.9585742" lon="3.1647682999999915">
        <ele>96.85771147674205</ele>
        <time>2026-08-20T14:54:25.068Z</time>
      </trkpt>
      <trkpt lat="41.9585728" lon="3.164773999999994">
        <ele>96.98005603050976</ele>
        <time>2026-08-20T14:54:27.072Z</time>
      </trkpt>
      <trkpt lat="41.9585909" lon="3.1647556000000066">
        <ele>96.6217517031885</ele>
        <time>2026-08-20T14:54:29.072Z</time>
      </trkpt>
      <trkpt lat="41.9585249" lon="3.1647299999999916">
        <ele>95.84037576122937</ele>
        <time>2026-08-20T14:54:31.072Z</time>
      </trkpt>
      <trkpt lat="41.9585099" lon="3.164722899999987">
        <ele>95.61795034757989</ele>
        <time>2026-08-20T14:54:33.072Z</time>
      </trkpt>
      <trkpt lat="41.9585234" lon="3.164716900000002">
        <ele>95.52907564024402</ele>
        <time>2026-08-20T14:54:34.986Z</time>
      </trkpt>
      <trkpt lat="41.9585358" lon="3.1647298999999975">
        <ele>95.87788754540918</ele>
        <time>2026-08-20T14:54:37.081Z</time>
      </trkpt>
      <trkpt lat="41.9585346" lon="3.164744600000006">
        <ele>96.21345313153435</ele>
        <time>2026-08-20T14:54:39.007Z</time>
      </trkpt>
      <trkpt lat="41.958548" lon="3.1647483000000136">
        <ele>96.34317872883243</ele>
        <time>2026-08-20T14:54:41.006Z</time>
      </trkpt>
      <trkpt lat="41.9585557" lon="3.1647608000000105">
        <ele>96.65086310529338</ele>
        <time>2026-08-20T14:54:43.072Z</time>
      </trkpt>
      <trkpt lat="41.958559" lon="3.164769199999995">
        <ele>96.84770553714517</ele>
        <time>2026-08-20T14:54:45.117Z</time>
      </trkpt>
      <trkpt lat="41.9585467" lon="3.1647806999999943">
        <ele>97.08050895144821</ele>
        <time>2026-08-20T14:54:47.072Z</time>
      </trkpt>
      <trkpt lat="41.9585417" lon="3.164787899999993">
        <ele>97.2327072776175</ele>
        <time>2026-08-20T14:54:48.983Z</time>
      </trkpt>
      <trkpt lat="41.9585278" lon="3.1647958000000074">
        <ele>97.38141173040422</ele>
        <time>2026-08-20T14:54:51.117Z</time>
      </trkpt>
      <trkpt lat="41.958519" lon="3.164805699999988">
        <ele>97.59255472121684</ele>
        <time>2026-08-20T14:54:53.084Z</time>
      </trkpt>
      <trkpt lat="41.9584999" lon="3.1648122">
        <ele>97.70578386681687</ele>
        <time>2026-08-20T14:54:55.072Z</time>
      </trkpt>
      <trkpt lat="41.9584777" lon="3.1648257999999885">
        <ele>97.99001761332916</ele>
        <time>2026-08-20T14:54:57.111Z</time>
      </trkpt>
      <trkpt lat="41.9584529" lon="3.1648217999999986">
        <ele>97.84698513065997</ele>
        <time>2026-08-20T14:54:58.925Z</time>
      </trkpt>
      <trkpt lat="41.958422" lon="3.1648184999999955">
        <ele>97.70599136362743</ele>
        <time>2026-08-20T14:55:01.117Z</time>
      </trkpt>
      <trkpt lat="41.9583942" lon="3.1648111000000085">
        <ele>97.46109358902464</ele>
        <time>2026-08-20T14:55:03.072Z</time>
      </trkpt>
      <trkpt lat="41.9583627" lon="3.164810799999998">
        <ele>97.38802974221997</ele>
        <time>2026-08-20T14:55:05.117Z</time>
      </trkpt>
      <trkpt lat="41.9583369" lon="3.164805400000006">
        <ele>97.18878370946821</ele>
        <time>2026-08-20T14:55:07.072Z</time>
      </trkpt>
      <trkpt lat="41.9583089" lon="3.1648013999999876">
        <ele>97.01761886790001</ele>
        <time>2026-08-20T14:55:09.083Z</time>
      </trkpt>
      <trkpt lat="41.958292" lon="3.1647852000000114">
        <ele>96.52796921720875</ele>
        <time>2026-08-20T14:55:10.985Z</time>
      </trkpt>
      <trkpt lat="41.9582576" lon="3.164803500000005">
        <ele>96.98556692862633</ele>
        <time>2026-08-20T14:55:13.072Z</time>
      </trkpt>
      <trkpt lat="41.9582321" lon="3.1648166999999887">
        <ele>97.33388119656986</ele>
        <time>2026-08-20T14:55:15.126Z</time>
      </trkpt>
      <trkpt lat="41.9582038" lon="3.1648216000000104">
        <ele>97.44531554914967</ele>
        <time>2026-08-20T14:55:17.071Z</time>
      </trkpt>
      <trkpt lat="41.9581742" lon="3.1648250000000075">
        <ele>97.51291256424363</ele>
        <time>2026-08-20T14:55:19.081Z</time>
      </trkpt>
      <trkpt lat="41.9581454" lon="3.164812799999993">
        <ele>97.14613053810736</ele>
        <time>2026-08-20T14:55:21.143Z</time>
      </trkpt>
      <trkpt lat="41.9581177" lon="3.164806900000002">
        <ele>96.95718855148648</ele>
        <time>2026-08-20T14:55:23.117Z</time>
      </trkpt>
      <trkpt lat="41.9580896" lon="3.164800000000014">
        <ele>96.74102739968637</ele>
        <time>2026-08-20T14:55:25.117Z</time>
      </trkpt>
      <trkpt lat="41.9580605" lon="3.1648024000000134">
        <ele>96.78207221756956</ele>
        <time>2026-08-20T14:55:27.128Z</time>
      </trkpt>
      <trkpt lat="41.9580322" lon="3.1648125000000107">
        <ele>97.0357280250799</ele>
        <time>2026-08-20T14:55:29.117Z</time>
      </trkpt>
      <trkpt lat="41.9580057" lon="3.1648197000000096">
        <ele>97.20982952351751</ele>
        <time>2026-08-20T14:55:31.044Z</time>
      </trkpt>
      <trkpt lat="41.9579769" lon="3.1648223999999914">
        <ele>97.05488671141498</ele>
        <time>2026-08-20T14:55:33.145Z</time>
      </trkpt>
      <trkpt lat="41.9579527" lon="3.164833499999986">
        <ele>97.0911564298592</ele>
        <time>2026-08-20T14:55:35.072Z</time>
      </trkpt>
      <trkpt lat="41.9579267" lon="3.164838400000008">
        <ele>96.93601502645213</ele>
        <time>2026-08-20T14:55:37.085Z</time>
      </trkpt>
      <trkpt lat="41.9579001" lon="3.164845100000008">
        <ele>96.81922101727407</ele>
        <time>2026-08-20T14:55:39.099Z</time>
      </trkpt>
      <trkpt lat="41.9578759" lon="3.1648567000000014">
        <ele>96.85409702356002</ele>
        <time>2026-08-20T14:55:41.065Z</time>
      </trkpt>
      <trkpt lat="41.9578549" lon="3.164869699999997">
        <ele>96.95594676566004</ele>
        <time>2026-08-20T14:55:43.127Z</time>
      </trkpt>
      <trkpt lat="41.957835" lon="3.1648773000000006">
        <ele>96.92550515965495</ele>
        <time>2026-08-20T14:55:44.965Z</time>
      </trkpt>
      <trkpt lat="41.9578132" lon="3.1648918999999864">
        <ele>97.04901734008779</ele>
        <time>2026-08-20T14:55:47.066Z</time>
      </trkpt>
      <trkpt lat="41.9577889" lon="3.1649031999999977">
        <ele>97.05297529661084</ele>
        <time>2026-08-20T14:55:49.117Z</time>
      </trkpt>
      <trkpt lat="41.957766" lon="3.1649103999999966">
        <ele>96.96498952611375</ele>
        <time>2026-08-20T14:55:51.049Z</time>
      </trkpt>
      <trkpt lat="41.9577419" lon="3.164923799999997">
        <ele>97.01331491546937</ele>
        <time>2026-08-20T14:55:53.209Z</time>
      </trkpt>
      <trkpt lat="41.9577209" lon="3.164937199999997">
        <ele>97.09240775726262</ele>
        <time>2026-08-20T14:55:55.117Z</time>
      </trkpt>
      <trkpt lat="41.9577092" lon="3.1649684999999863">
        <ele>97.71395738079804</ele>
        <time>2026-08-20T14:55:57.142Z</time>
      </trkpt>
      <trkpt lat="41.9576964" lon="3.164990700000004">
        <ele>98.08622461750461</ele>
        <time>2026-08-20T14:55:59.076Z</time>
      </trkpt>
      <trkpt lat="41.9576775" lon="3.165004500000009">
        <ele>98.12406991885719</ele>
        <time>2026-08-20T14:56:01.117Z</time>
      </trkpt>
      <trkpt lat="41.9576588" lon="3.165021700000011">
        <ele>98.2420606544041</ele>
        <time>2026-08-20T14:56:03.025Z</time>
      </trkpt>
      <trkpt lat="41.9576259" lon="3.1650557000000106">
        <ele>98.51230044640855</ele>
        <time>2026-08-20T14:56:05.119Z</time>
      </trkpt>
      <trkpt lat="41.9575931" lon="3.165091600000011">
        <ele>98.78691008526255</ele>
        <time>2026-08-20T14:56:07.102Z</time>
      </trkpt>
      <trkpt lat="41.9575798" lon="3.1651200999999958">
        <ele>99.21976279463907</ele>
        <time>2026-08-20T14:56:08.989Z</time>
      </trkpt>
      <trkpt lat="41.9575679" lon="3.165145499999994">
        <ele>99.59215238498184</ele>
        <time>2026-08-20T14:56:10.948Z</time>
      </trkpt>
      <trkpt lat="41.9575571" lon="3.1651728999999875">
        <ele>100.02233150271677</ele>
        <time>2026-08-20T14:56:13.083Z</time>
      </trkpt>
      <trkpt lat="41.9575442" lon="3.1651953999999876">
        <ele>100.28270752237684</ele>
        <time>2026-08-20T14:56:15.117Z</time>
      </trkpt>
      <trkpt lat="41.9575385" lon="3.165213499999993">
        <ele>100.58335252412076</ele>
        <time>2026-08-20T14:56:17.117Z</time>
      </trkpt>
      <trkpt lat="41.9575368" lon="3.1652223000000106">
        <ele>100.75101891208968</ele>
        <time>2026-08-20T14:56:19.117Z</time>
      </trkpt>
      <trkpt lat="41.9575414" lon="3.1652189000000135">
        <ele>100.77051918849345</ele>
        <time>2026-08-20T14:56:21.093Z</time>
      </trkpt>
      <trkpt lat="41.9575346" lon="3.16524960000001">
        <ele>101.40364590567249</ele>
        <time>2026-08-20T14:56:23.107Z</time>
      </trkpt>
      <trkpt lat="41.9575295" lon="3.1652824999999893">
        <ele>102.16464543408986</ele>
        <time>2026-08-20T14:56:24.947Z</time>
      </trkpt>
      <trkpt lat="41.9575241" lon="3.1653147000000104">
        <ele>102.89810944421188</ele>
        <time>2026-08-20T14:56:27.116Z</time>
      </trkpt>
      <trkpt lat="41.9575245" lon="3.1653387000000066">
        <ele>103.54201308616058</ele>
        <time>2026-08-20T14:56:29.064Z</time>
      </trkpt>
      <trkpt lat="41.9575126" lon="3.165358700000013">
        <ele>103.80378095227572</ele>
        <time>2026-08-20T14:56:31.117Z</time>
      </trkpt>
      <trkpt lat="41.9575007" lon="3.165374799999995">
        <ele>103.95965445835077</ele>
        <time>2026-08-20T14:56:33.116Z</time>
      </trkpt>
      <trkpt lat="41.9574934" lon="3.165391900000003">
        <ele>104.24348864370204</ele>
        <time>2026-08-20T14:56:35.062Z</time>
      </trkpt>
      <trkpt lat="41.9574883" lon="3.1653963999999917">
        <ele>104.24560368497954</ele>
        <time>2026-08-20T14:56:37.117Z</time>
      </trkpt>
      <trkpt lat="41.9574884" lon="3.1653771000000006">
        <ele>103.74211133789622</ele>
        <time>2026-08-20T14:56:39.117Z</time>
      </trkpt>
      <trkpt lat="41.9574852" lon="3.1653858999999898">
        <ele>103.90019215881678</ele>
        <time>2026-08-20T14:56:41.072Z</time>
      </trkpt>
      <trkpt lat="41.9574777" lon="3.165410900000012">
        <ele>104.38345784926378</ele>
        <time>2026-08-20T14:56:43.115Z</time>
      </trkpt>
      <trkpt lat="41.9574773" lon="3.165439099999986">
        <ele>105.11111050656935</ele>
        <time>2026-08-20T14:56:45.072Z</time>
      </trkpt>
      <trkpt lat="41.9574706" lon="3.1654607000000112">
        <ele>105.52007276568939</ele>
        <time>2026-08-20T14:56:47.071Z</time>
      </trkpt>
      <trkpt lat="41.9574602" lon="3.1654867999999965">
        <ele>105.95765156219316</ele>
        <time>2026-08-20T14:56:48.969Z</time>
      </trkpt>
      <trkpt lat="41.9574367" lon="3.1655086000000097">
        <ele>105.96118413439095</ele>
        <time>2026-08-20T14:56:51.116Z</time>
      </trkpt>
      <trkpt lat="41.9574215" lon="3.1655196000000103">
        <ele>105.80292166016798</ele>
        <time>2026-08-20T14:56:53.006Z</time>
      </trkpt>
      <trkpt lat="41.9574078" lon="3.165542700000003">
        <ele>105.91674126529834</ele>
        <time>2026-08-20T14:56:55.116Z</time>
      </trkpt>
      <trkpt lat="41.9573962" lon="3.165563800000001">
        <ele>106.04005436899632</ele>
        <time>2026-08-20T14:56:57.117Z</time>
      </trkpt>
      <trkpt lat="41.9573908" lon="3.165586200000007">
        <ele>106.34141847155864</ele>
        <time>2026-08-20T14:56:59.125Z</time>
      </trkpt>
      <trkpt lat="41.957394" lon="3.1656116999999995">
        <ele>106.91913359176034</ele>
        <time>2026-08-20T14:57:01.072Z</time>
      </trkpt>
      <trkpt lat="41.9573895" lon="3.165628400000003">
        <ele>107.13045873097947</ele>
        <time>2026-08-20T14:57:02.987Z</time>
      </trkpt>
      <trkpt lat="41.9573915" lon="3.165652399999999">
        <ele>107.64890832713355</ele>
        <time>2026-08-20T14:57:05.071Z</time>
      </trkpt>
      <trkpt lat="41.9573872" lon="3.16568079999999">
        <ele>108.09159793559958</ele>
        <time>2026-08-20T14:57:07.117Z</time>
      </trkpt>
      <trkpt lat="41.9573872" lon="3.1656948000000114">
        <ele>108.36400394738753</ele>
        <time>2026-08-20T14:57:09.027Z</time>
      </trkpt>
      <trkpt lat="41.9573854" lon="3.1657157999999868">
        <ele>108.72588441120561</ele>
        <time>2026-08-20T14:57:10.883Z</time>
      </trkpt>
      <trkpt lat="41.957382" lon="3.1657361000000037">
        <ele>109.0319405864395</ele>
        <time>2026-08-20T14:57:13.072Z</time>
      </trkpt>
      <trkpt lat="41.9573763" lon="3.165763999999996">
        <ele>109.42417841845507</ele>
        <time>2026-08-20T14:57:15.117Z</time>
      </trkpt>
      <trkpt lat="41.957372" lon="3.1657882000000086">
        <ele>109.76867262984774</ele>
        <time>2026-08-20T14:57:17.107Z</time>
      </trkpt>
      <trkpt lat="41.9573651" lon="3.165808499999997">
        <ele>109.88275360328767</ele>
        <time>2026-08-20T14:57:19.116Z</time>
      </trkpt>
      <trkpt lat="41.9573548" lon="3.165827500000006">
        <ele>109.88216773736374</ele>
        <time>2026-08-20T14:57:21.186Z</time>
      </trkpt>
      <trkpt lat="41.9573441" lon="3.165841400000005">
        <ele>109.79211516352703</ele>
        <time>2026-08-20T14:57:23.117Z</time>
      </trkpt>
      <trkpt lat="41.9573365" lon="3.165858799999995">
        <ele>109.83242548937181</ele>
        <time>2026-08-20T14:57:25.025Z</time>
      </trkpt>
      <trkpt lat="41.9573264" lon="3.165879999999987">
        <ele>109.85310697555579</ele>
        <time>2026-08-20T14:57:27.116Z</time>
      </trkpt>
      <trkpt lat="41.9573196" lon="3.1658911000000103">
        <ele>109.81929728348369</ele>
        <time>2026-08-20T14:57:29.143Z</time>
      </trkpt>
      <trkpt lat="41.9573168" lon="3.165904299999994">
        <ele>109.92482231067731</ele>
        <time>2026-08-20T14:57:31.078Z</time>
      </trkpt>
      <trkpt lat="41.9573101" lon="3.165925399999992">
        <ele>110.02813559290811</ele>
        <time>2026-08-20T14:57:33.084Z</time>
      </trkpt>
      <trkpt lat="41.9573036" lon="3.165951199999995">
        <ele>110.19765379199819</ele>
        <time>2026-08-20T14:57:35.107Z</time>
      </trkpt>
      <trkpt lat="41.957296" lon="3.165978300000006">
        <ele>110.34802112558664</ele>
        <time>2026-08-20T14:57:37.122Z</time>
      </trkpt>
      <trkpt lat="41.9572899" lon="3.166008799999986">
        <ele>110.58281246024086</ele>
        <time>2026-08-20T14:57:39.025Z</time>
      </trkpt>
      <trkpt lat="41.9572894" lon="3.1660393999999883">
        <ele>110.98180255329427</ele>
        <time>2026-08-20T14:57:40.847Z</time>
      </trkpt>
      <trkpt lat="41.9572886" lon="3.1660768000000132">
        <ele>111.44481869597881</ele>
        <time>2026-08-20T14:57:43.116Z</time>
      </trkpt>
      <trkpt lat="41.9572857" lon="3.1661056000000087">
        <ele>111.7044924592032</ele>
        <time>2026-08-20T14:57:45.117Z</time>
      </trkpt>
      <trkpt lat="41.9572837" lon="3.166132900000008">
        <ele>111.97314758212376</ele>
        <time>2026-08-20T14:57:46.946Z</time>
      </trkpt>
      <trkpt lat="41.9572817" lon="3.166167999999999">
        <ele>112.33567717247512</ele>
        <time>2026-08-20T14:57:49.117Z</time>
      </trkpt>
      <trkpt lat="41.9572881" lon="3.166202499999997">
        <ele>112.9486868967263</ele>
        <time>2026-08-20T14:57:51.120Z</time>
      </trkpt>
      <trkpt lat="41.9572952" lon="3.166235499999999">
        <ele>113.56618401006482</ele>
        <time>2026-08-20T14:57:53.117Z</time>
      </trkpt>
      <trkpt lat="41.9573016" lon="3.1662746000000084">
        <ele>114.23712485520566</ele>
        <time>2026-08-20T14:57:55.125Z</time>
      </trkpt>
      <trkpt lat="41.9573074" lon="3.1663044999999954">
        <ele>114.77907610567216</ele>
        <time>2026-08-20T14:57:57.117Z</time>
      </trkpt>
      <trkpt lat="41.9573094" lon="3.166333900000012">
        <ele>115.19784054472599</ele>
        <time>2026-08-20T14:57:58.923Z</time>
      </trkpt>
      <trkpt lat="41.9573079" lon="3.1663559000000134">
        <ele>115.49569049321624</ele>
        <time>2026-08-20T14:58:00.747Z</time>
      </trkpt>
      <trkpt lat="41.9573058" lon="3.166399299999995">
        <ele>116.20213367073714</ele>
        <time>2026-08-20T14:58:03.064Z</time>
      </trkpt>
      <trkpt lat="41.9573019" lon="3.166430399999996">
        <ele>116.63578311671974</ele>
        <time>2026-08-20T14:58:05.117Z</time>
      </trkpt>
      <trkpt lat="41.9572954" lon="3.166462200000012">
        <ele>117.00426318087983</ele>
        <time>2026-08-20T14:58:07.124Z</time>
      </trkpt>
      <trkpt lat="41.9572934" lon="3.166485300000005">
        <ele>117.35574130144111</ele>
        <time>2026-08-20T14:58:09.084Z</time>
      </trkpt>
      <trkpt lat="41.9572922" lon="3.1665092000000072">
        <ele>117.74612341156023</ele>
        <time>2026-08-20T14:58:10.907Z</time>
      </trkpt>
      <trkpt lat="41.9572936" lon="3.166542899999996">
        <ele>118.38968309410794</ele>
        <time>2026-08-20T14:58:13.117Z</time>
      </trkpt>
      <trkpt lat="41.9572934" lon="3.166569900000013">
        <ele>118.86555025282206</ele>
        <time>2026-08-20T14:58:15.117Z</time>
      </trkpt>
      <trkpt lat="41.957292" lon="3.1665925000000072">
        <ele>119.2273627470694</ele>
        <time>2026-08-20T14:58:17.046Z</time>
      </trkpt>
      <trkpt lat="41.9572804" lon="3.1666112999999996">
        <ele>119.22025066701123</ele>
        <time>2026-08-20T14:58:18.885Z</time>
      </trkpt>
      <trkpt lat="41.9572716" lon="3.166632800000002">
        <ele>119.39746275862886</ele>
        <time>2026-08-20T14:58:21.117Z</time>
      </trkpt>
      <trkpt lat="41.9572675" lon="3.1666596000000027">
        <ele>119.8683004021924</ele>
        <time>2026-08-20T14:58:22.926Z</time>
      </trkpt>
      <trkpt lat="41.9572773" lon="3.1667012999999997">
        <ele>121.07275145648555</ele>
        <time>2026-08-20T14:58:25.072Z</time>
      </trkpt>
      <trkpt lat="41.9572765" lon="3.1667296999999905">
        <ele>121.67474084113088</ele>
        <time>2026-08-20T14:58:26.965Z</time>
      </trkpt>
      <trkpt lat="41.9572741" lon="3.166760299999993">
        <ele>122.27964896015729</ele>
        <time>2026-08-20T14:58:28.845Z</time>
      </trkpt>
      <trkpt lat="41.9572671" lon="3.166794799999991">
        <ele>122.84073872864595</ele>
        <time>2026-08-20T14:58:31.117Z</time>
      </trkpt>
      <trkpt lat="41.9572675" lon="3.1668235999999865">
        <ele>123.4877072143357</ele>
        <time>2026-08-20T14:58:33.117Z</time>
      </trkpt>
      <trkpt lat="41.9572673" lon="3.1668452000000116">
        <ele>123.95878960876064</ele>
        <time>2026-08-20T14:58:35.088Z</time>
      </trkpt>
      <trkpt lat="41.9572627" lon="3.1668655">
        <ele>124.27814845739343</ele>
        <time>2026-08-20T14:58:37.072Z</time>
      </trkpt>
      <trkpt lat="41.9572592" lon="3.166874699999994">
        <ele>124.38375591344497</ele>
        <time>2026-08-20T14:58:39.072Z</time>
      </trkpt>
      <trkpt lat="41.9572593" lon="3.1668756999999914">
        <ele>124.40866810788249</ele>
        <time>2026-08-20T14:58:41.117Z</time>
      </trkpt>
      <trkpt lat="41.9572575" lon="3.166881399999994">
        <ele>124.48458094679756</ele>
        <time>2026-08-20T14:58:43.038Z</time>
      </trkpt>
      <trkpt lat="41.9572542" lon="3.1668890999999917">
        <ele>124.56316721949466</ele>
        <time>2026-08-20T14:58:45.072Z</time>
      </trkpt>
      <trkpt lat="41.9572562" lon="3.1668948999999884">
        <ele>124.74723182346165</ele>
        <time>2026-08-20T14:58:47.072Z</time>
      </trkpt>
      <trkpt lat="41.9572698" lon="3.166904499999987">
        <ele>125.31692861609378</ele>
        <time>2026-08-20T14:58:49.116Z</time>
      </trkpt>
      <trkpt lat="41.9572774" lon="3.166917699999999">
        <ele>125.77725842977321</ele>
        <time>2026-08-20T14:58:51.099Z</time>
      </trkpt>
      <trkpt lat="41.9572798" lon="3.166932099999997">
        <ele>126.11625699150684</ele>
        <time>2026-08-20T14:58:53.072Z</time>
      </trkpt>
      <trkpt lat="41.9572749" lon="3.166950799999995">
        <ele>126.32973311911601</ele>
        <time>2026-08-20T14:58:54.988Z</time>
      </trkpt>
      <trkpt lat="41.9572793" lon="3.1669601000000114">
        <ele>126.6303725493128</ele>
        <time>2026-08-20T14:58:57.072Z</time>
      </trkpt>
      <trkpt lat="41.9572788" lon="3.166981800000002">
        <ele>127.02531337551665</ele>
        <time>2026-08-20T14:58:59.027Z</time>
      </trkpt>
      <trkpt lat="41.9572861" lon="3.1670006999999885">
        <ele>127.59421583022824</ele>
        <time>2026-08-20T14:59:01.116Z</time>
      </trkpt>
      <trkpt lat="41.9572949" lon="3.1670163999999943">
        <ele>128.14973952646818</ele>
        <time>2026-08-20T14:59:03.084Z</time>
      </trkpt>
      <trkpt lat="41.957307" lon="3.1670249000000013">
        <ele>128.66784937361527</ele>
        <time>2026-08-20T14:59:04.987Z</time>
      </trkpt>
      <trkpt lat="41.9573134" lon="3.1670330999999976">
        <ele>129.0145113027076</ele>
        <time>2026-08-20T14:59:07.043Z</time>
      </trkpt>
      <trkpt lat="41.9573098" lon="3.1670483999999988">
        <ele>129.2029434411447</ele>
        <time>2026-08-20T14:59:09.072Z</time>
      </trkpt>
      <trkpt lat="41.9573224" lon="3.1670588000000066">
        <ele>129.77961542127255</ele>
        <time>2026-08-20T14:59:11.146Z</time>
      </trkpt>
      <trkpt lat="41.9573297" lon="3.167082300000004">
        <ele>130.45647441550614</ele>
        <time>2026-08-20T14:59:13.145Z</time>
      </trkpt>
      <trkpt lat="41.9573305" lon="3.1671029000000033">
        <ele>130.8830381108448</ele>
        <time>2026-08-20T14:59:15.117Z</time>
      </trkpt>
      <trkpt lat="41.9573322" lon="3.167117899999994">
        <ele>131.22815425650614</ele>
        <time>2026-08-20T14:59:17.117Z</time>
      </trkpt>
      <trkpt lat="41.9573316" lon="3.167127899999997">
        <ele>131.40526536809992</ele>
        <time>2026-08-20T14:59:19.087Z</time>
      </trkpt>
      <trkpt lat="41.9573337" lon="3.167133299999989">
        <ele>131.57560136985438</ele>
        <time>2026-08-20T14:59:21.047Z</time>
      </trkpt>
      <trkpt lat="41.9573372" lon="3.1671446000000003">
        <ele>131.90528692345399</ele>
        <time>2026-08-20T14:59:23.087Z</time>
      </trkpt>
      <trkpt lat="41.9573445" lon="3.1671565000000044">
        <ele>132.3661629899383</ele>
        <time>2026-08-20T14:59:25.117Z</time>
      </trkpt>
      <trkpt lat="41.9573443" lon="3.167174200000005">
        <ele>132.7089030215886</ele>
        <time>2026-08-20T14:59:27.116Z</time>
      </trkpt>
      <trkpt lat="41.957351" lon="3.167194099999989">
        <ele>133.15130946576514</ele>
        <time>2026-08-20T14:59:29.125Z</time>
      </trkpt>
      <trkpt lat="41.9573497" lon="3.1672135999999966">
        <ele>133.31433186794894</ele>
        <time>2026-08-20T14:59:31.117Z</time>
      </trkpt>
      <trkpt lat="41.9573482" lon="3.1672293000000025">
        <ele>133.42939613490745</ele>
        <time>2026-08-20T14:59:32.923Z</time>
      </trkpt>
      <trkpt lat="41.9573476" lon="3.1672532999999987">
        <ele>133.65971173000338</ele>
        <time>2026-08-20T14:59:35.066Z</time>
      </trkpt>
      <trkpt lat="41.9573475" lon="3.167271900000003">
        <ele>133.85015145806608</ele>
        <time>2026-08-20T14:59:37.105Z</time>
      </trkpt>
      <trkpt lat="41.9573468" lon="3.167294300000009">
        <ele>134.05894466867397</ele>
        <time>2026-08-20T14:59:39.168Z</time>
      </trkpt>
      <trkpt lat="41.9573402" lon="3.167311000000012">
        <ele>133.99680297106244</ele>
        <time>2026-08-20T14:59:40.983Z</time>
      </trkpt>
      <trkpt lat="41.9573367" lon="3.1673303000000033">
        <ele>134.06618559899817</ele>
        <time>2026-08-20T14:59:43.117Z</time>
      </trkpt>
      <trkpt lat="41.9573419" lon="3.1673443999999904">
        <ele>134.39958324786616</ele>
        <time>2026-08-20T14:59:45.072Z</time>
      </trkpt>
      <trkpt lat="41.957341" lon="3.1673633999999993">
        <ele>134.560491220664</ele>
        <time>2026-08-20T14:59:46.874Z</time>
      </trkpt>
      <trkpt lat="41.9573413" lon="3.1673800000000085">
        <ele>134.74139286749082</ele>
        <time>2026-08-20T14:59:48.987Z</time>
      </trkpt>
      <trkpt lat="41.9573457" lon="3.1673901000000058">
        <ele>135.01300883350365</ele>
        <time>2026-08-20T14:59:50.986Z</time>
      </trkpt>
      <trkpt lat="41.9573461" lon="3.167398399999996">
        <ele>135.11443524873647</ele>
        <time>2026-08-20T14:59:53.117Z</time>
      </trkpt>
      <trkpt lat="41.9573483" lon="3.1674027999999907">
        <ele>135.24517541232066</ele>
        <time>2026-08-20T14:59:55.065Z</time>
      </trkpt>
      <trkpt lat="41.9573478" lon="3.1674146000000007">
        <ele>135.3489168000502</ele>
        <time>2026-08-20T14:59:57.105Z</time>
      </trkpt>
      <trkpt lat="41.9573527" lon="3.1674310999999875">
        <ele>135.71498529940408</ele>
        <time>2026-08-20T14:59:59.117Z</time>
      </trkpt>
      <trkpt lat="41.957357" lon="3.1674388000000135">
        <ele>135.96779091882823</ele>
        <time>2026-08-20T15:00:01.048Z</time>
      </trkpt>
      <trkpt lat="41.9573663" lon="3.1674475000000086">
        <ele>136.43414747968734</ele>
        <time>2026-08-20T15:00:03.063Z</time>
      </trkpt>
      <trkpt lat="41.9573732" lon="3.1674601999999936">
        <ele>136.77470873902172</ele>
        <time>2026-08-20T15:00:05.127Z</time>
      </trkpt>
      <trkpt lat="41.9573763" lon="3.1674741999999867">
        <ele>136.85236275841356</ele>
        <time>2026-08-20T15:00:07.071Z</time>
      </trkpt>
      <trkpt lat="41.9573822" lon="3.1674912000000006">
        <ele>137.03278431526707</ele>
        <time>2026-08-20T15:00:08.901Z</time>
      </trkpt>
      <trkpt lat="41.9573835" lon="3.1675123999999926">
        <ele>137.01339105529433</ele>
        <time>2026-08-20T15:00:10.837Z</time>
      </trkpt>
      <trkpt lat="41.9573842" lon="3.1675360000000126">
        <ele>136.96165590039826</ele>
        <time>2026-08-20T15:00:12.925Z</time>
      </trkpt>
      <trkpt lat="41.9573954" lon="3.1675534000000027">
        <ele>137.3543425450069</ele>
        <time>2026-08-20T15:00:14.725Z</time>
      </trkpt>
      <trkpt lat="41.9574071" lon="3.167566700000009">
        <ele>137.7810209711497</ele>
        <time>2026-08-20T15:00:16.660Z</time>
      </trkpt>
      <trkpt lat="41.95741" lon="3.1675993000000062">
        <ele>137.78731470539037</ele>
        <time>2026-08-20T15:00:18.643Z</time>
      </trkpt>
      <trkpt lat="41.9574203" lon="3.167629599999998">
        <ele>138.09966733922005</ele>
        <time>2026-08-20T15:00:20.802Z</time>
      </trkpt>
      <trkpt lat="41.9574407" lon="3.167657300000002">
        <ele>138.82779272263986</ele>
        <time>2026-08-20T15:00:23.065Z</time>
      </trkpt>
      <trkpt lat="41.9574511" lon="3.1676842999999906">
        <ele>139.1371162404913</ele>
        <time>2026-08-20T15:00:25.117Z</time>
      </trkpt>
      <trkpt lat="41.9574652" lon="3.167709699999989">
        <ele>139.5875167254877</ele>
        <time>2026-08-20T15:00:27.087Z</time>
      </trkpt>
      <trkpt lat="41.9574705" lon="3.1677435999999943">
        <ele>139.44882013728636</ele>
        <time>2026-08-20T15:00:29.116Z</time>
      </trkpt>
      <trkpt lat="41.957488" lon="3.1677656999999897">
        <ele>139.5762362354023</ele>
        <time>2026-08-20T15:00:31.117Z</time>
      </trkpt>
      <trkpt lat="41.9575089" lon="3.167782399999993">
        <ele>139.95177717353636</ele>
        <time>2026-08-20T15:00:33.007Z</time>
      </trkpt>
      <trkpt lat="41.9575292" lon="3.1678039999999896">
        <ele>140.1737275203313</ele>
        <time>2026-08-20T15:00:35.143Z</time>
      </trkpt>
      <trkpt lat="41.9575404" lon="3.167832599999997">
        <ele>139.87454920592936</ele>
        <time>2026-08-20T15:00:37.117Z</time>
      </trkpt>
      <trkpt lat="41.9575508" lon="3.1678558000000123">
        <ele>139.67294526395253</ele>
        <time>2026-08-20T15:00:39.022Z</time>
      </trkpt>
      <trkpt lat="41.9575676" lon="3.1678837000000044">
        <ele>139.5756113681623</ele>
        <time>2026-08-20T15:00:41.117Z</time>
      </trkpt>
      <trkpt lat="41.957589" lon="3.167907899999989">
        <ele>139.7232736777768</ele>
        <time>2026-08-20T15:00:43.071Z</time>
      </trkpt>
      <trkpt lat="41.9576" lon="3.16793100000001">
        <ele>139.51850395208774</ele>
        <time>2026-08-20T15:00:45.061Z</time>
      </trkpt>
      <trkpt lat="41.957608" lon="3.167958900000002">
        <ele>139.07750892690555</ele>
        <time>2026-08-20T15:00:47.071Z</time>
      </trkpt>
      <trkpt lat="41.9576104" lon="3.167990599999996">
        <ele>138.33876074152718</ele>
        <time>2026-08-20T15:00:48.927Z</time>
      </trkpt>
      <trkpt lat="41.9576204" lon="3.168011100000001">
        <ele>138.1479842969656</ele>
        <time>2026-08-20T15:00:51.007Z</time>
      </trkpt>
      <trkpt lat="41.9576367" lon="3.168027499999994">
        <ele>138.29638635113122</ele>
        <time>2026-08-20T15:00:53.072Z</time>
      </trkpt>
      <trkpt lat="41.9576459" lon="3.1680557999999905">
        <ele>137.90273528560402</ele>
        <time>2026-08-20T15:00:55.022Z</time>
      </trkpt>
      <trkpt lat="41.9576586" lon="3.168080500000002">
        <ele>137.710568858767</ele>
        <time>2026-08-20T15:00:57.117Z</time>
      </trkpt>
      <trkpt lat="41.9576663" lon="3.168106800000004">
        <ele>137.30599363665027</ele>
        <time>2026-08-20T15:00:59.117Z</time>
      </trkpt>
      <trkpt lat="41.9576841" lon="3.1681249000000093">
        <ele>137.43648539819506</ele>
        <time>2026-08-20T15:01:01.072Z</time>
      </trkpt>
      <trkpt lat="41.9576954" lon="3.1681528999999955">
        <ele>137.09548871242296</ele>
        <time>2026-08-20T15:01:03.027Z</time>
      </trkpt>
      <trkpt lat="41.9577048" lon="3.168179600000002">
        <ele>136.7196682550623</ele>
        <time>2026-08-20T15:01:04.906Z</time>
      </trkpt>
      <trkpt lat="41.9577293" lon="3.1682135000000073">
        <ele>136.72020242907126</ele>
        <time>2026-08-20T15:01:07.072Z</time>
      </trkpt>
      <trkpt lat="41.9577401" lon="3.168238699999989">
        <ele>136.5090611091739</ele>
        <time>2026-08-20T15:01:09.117Z</time>
      </trkpt>
      <trkpt lat="41.9577545" lon="3.1682677999999953">
        <ele>136.34756310992393</ele>
        <time>2026-08-20T15:01:11.064Z</time>
      </trkpt>
      <trkpt lat="41.9577669" lon="3.1682977000000108">
        <ele>136.1789520669035</ele>
        <time>2026-08-20T15:01:12.888Z</time>
      </trkpt>
      <trkpt lat="41.9577792" lon="3.168328500000001">
        <ele>136.2316295650507</ele>
        <time>2026-08-20T15:01:15.116Z</time>
      </trkpt>
      <trkpt lat="41.9577889" lon="3.168360699999994">
        <ele>136.16929592586234</ele>
        <time>2026-08-20T15:01:17.117Z</time>
      </trkpt>
      <trkpt lat="41.9577973" lon="3.16839379999999">
        <ele>136.05047728606397</ele>
        <time>2026-08-20T15:01:19.116Z</time>
      </trkpt>
      <trkpt lat="41.9578084" lon="3.1684237999999993">
        <ele>136.10200472836573</ele>
        <time>2026-08-20T15:01:21.072Z</time>
      </trkpt>
      <trkpt lat="41.9578221" lon="3.1684568999999954">
        <ele>136.23674320175863</ele>
        <time>2026-08-20T15:01:23.125Z</time>
      </trkpt>
      <trkpt lat="41.9578359" lon="3.168488599999989">
        <ele>136.4116903657704</ele>
        <time>2026-08-20T15:01:25.117Z</time>
      </trkpt>
      <trkpt lat="41.9578427" lon="3.168521499999997">
        <ele>136.27255544643842</ele>
        <time>2026-08-20T15:01:26.964Z</time>
      </trkpt>
      <trkpt lat="41.9578632" lon="3.1685474999999883">
        <ele>136.85524996343986</ele>
        <time>2026-08-20T15:01:29.117Z</time>
      </trkpt>
      <trkpt lat="41.9578859" lon="3.168566999999996">
        <ele>137.64050211558433</ele>
        <time>2026-08-20T15:01:31.004Z</time>
      </trkpt>
      <trkpt lat="41.9578904" lon="3.168598000000003">
        <ele>137.61432920585227</ele>
        <time>2026-08-20T15:01:33.043Z</time>
      </trkpt>
      <trkpt lat="41.9578985" lon="3.1686319000000083">
        <ele>137.73074321657788</ele>
        <time>2026-08-20T15:01:35.117Z</time>
      </trkpt>
      <trkpt lat="41.9579112" lon="3.1686572000000126">
        <ele>138.11665708425764</ele>
        <time>2026-08-20T15:01:37.089Z</time>
      </trkpt>
      <trkpt lat="41.9579259" lon="3.1686784000000046">
        <ele>138.6202598693115</ele>
        <time>2026-08-20T15:01:39.135Z</time>
      </trkpt>
      <trkpt lat="41.9579358" lon="3.1687000999999952">
        <ele>138.9003750911373</ele>
        <time>2026-08-20T15:01:41.046Z</time>
      </trkpt>
      <trkpt lat="41.9579457" lon="3.168719600000003">
        <ele>139.19499816138892</ele>
        <time>2026-08-20T15:01:42.958Z</time>
      </trkpt>
      <trkpt lat="41.9579567" lon="3.168744199999992">
        <ele>139.4968280207564</ele>
        <time>2026-08-20T15:01:44.853Z</time>
      </trkpt>
      <trkpt lat="41.9579642" lon="3.168768099999994">
        <ele>139.64489766728033</ele>
        <time>2026-08-20T15:01:46.668Z</time>
      </trkpt>
      <trkpt lat="41.9579698" lon="3.168791900000002">
        <ele>139.7071837341104</ele>
        <time>2026-08-20T15:01:48.660Z</time>
      </trkpt>
      <trkpt lat="41.9579772" lon="3.168818299999998">
        <ele>139.82709819890567</ele>
        <time>2026-08-20T15:01:50.603Z</time>
      </trkpt>
      <trkpt lat="41.9579843" lon="3.1688398999999947">
        <ele>139.9696998830103</ele>
        <time>2026-08-20T15:01:52.522Z</time>
      </trkpt>
      <trkpt lat="41.9579929" lon="3.1688608000000045">
        <ele>140.18606901882106</ele>
        <time>2026-08-20T15:01:54.435Z</time>
      </trkpt>
      <trkpt lat="41.9580023" lon="3.168892800000009">
        <ele>140.35782089345454</ele>
        <time>2026-08-20T15:01:57.117Z</time>
      </trkpt>
      <trkpt lat="41.9580115" lon="3.168920700000001">
        <ele>140.55275042507628</ele>
        <time>2026-08-20T15:01:59.117Z</time>
      </trkpt>
      <trkpt lat="41.9580247" lon="3.1689508999999987">
        <ele>140.8984570981331</ele>
        <time>2026-08-20T15:02:01.067Z</time>
      </trkpt>
      <trkpt lat="41.9580401" lon="3.168972300000007">
        <ele>141.4027012659028</ele>
        <time>2026-08-20T15:02:02.906Z</time>
      </trkpt>
      <trkpt lat="41.9580591" lon="3.1689978999999937">
        <ele>142.01636801369304</ele>
        <time>2026-08-20T15:02:05.123Z</time>
      </trkpt>
      <trkpt lat="41.9580758" lon="3.1690226000000052">
        <ele>142.52184221656842</ele>
        <time>2026-08-20T15:02:07.140Z</time>
      </trkpt>
      <trkpt lat="41.9580905" lon="3.1690465000000074">
        <ele>142.93477179468186</ele>
        <time>2026-08-20T15:02:09.027Z</time>
      </trkpt>
      <trkpt lat="41.958102" lon="3.1690775000000144">
        <ele>143.13123873706135</ele>
        <time>2026-08-20T15:02:11.117Z</time>
      </trkpt>
      <trkpt lat="41.9581068" lon="3.1691092000000083">
        <ele>143.02787380931122</ele>
        <time>2026-08-20T15:02:13.107Z</time>
      </trkpt>
      <trkpt lat="41.9581211" lon="3.1691439999999886">
        <ele>143.2833675777154</ele>
        <time>2026-08-20T15:02:15.091Z</time>
      </trkpt>
      <trkpt lat="41.9581299" lon="3.169163900000001">
        <ele>143.46193447225522</ele>
        <time>2026-08-20T15:02:17.072Z</time>
      </trkpt>
      <trkpt lat="41.95814" lon="3.1691940000000045">
        <ele>143.60798099318998</ele>
        <time>2026-08-20T15:02:19.081Z</time>
      </trkpt>
      <trkpt lat="41.9581477" lon="3.169228299999986">
        <ele>143.62328548412196</ele>
        <time>2026-08-20T15:02:21.117Z</time>
      </trkpt>
      <trkpt lat="41.9581526" lon="3.1692550999999867">
        <ele>143.59360693555445</ele>
        <time>2026-08-20T15:02:22.986Z</time>
      </trkpt>
      <trkpt lat="41.9581669" lon="3.1692884999999933">
        <ele>143.93565863828988</ele>
        <time>2026-08-20T15:02:25.081Z</time>
      </trkpt>
      <trkpt lat="41.958177" lon="3.1693222000000105">
        <ele>144.10289727411202</ele>
        <time>2026-08-20T15:02:27.117Z</time>
      </trkpt>
      <trkpt lat="41.958177" lon="3.169352800000013">
        <ele>143.83953595242193</ele>
        <time>2026-08-20T15:02:29.047Z</time>
      </trkpt>
      <trkpt lat="41.9581785" lon="3.1693783999999994">
        <ele>143.69008648404275</ele>
        <time>2026-08-20T15:02:30.862Z</time>
      </trkpt>
      <trkpt lat="41.9581832" lon="3.1694155000000137">
        <ele>143.6409758484842</ele>
        <time>2026-08-20T15:02:33.005Z</time>
      </trkpt>
      <trkpt lat="41.9581899" lon="3.1694438000000105">
        <ele>143.80582457194885</ele>
        <time>2026-08-20T15:02:35.117Z</time>
      </trkpt>
      <trkpt lat="41.9582046" lon="3.1694742999999903">
        <ele>144.32219541301447</ele>
        <time>2026-08-20T15:02:37.072Z</time>
      </trkpt>
      <trkpt lat="41.9582243" lon="3.1695028000000036">
        <ele>145.06244750481136</ele>
        <time>2026-08-20T15:02:38.908Z</time>
      </trkpt>
      <trkpt lat="41.9582351" lon="3.1695290000000114">
        <ele>145.39255910488134</ele>
        <time>2026-08-20T15:02:41.124Z</time>
      </trkpt>
      <trkpt lat="41.9582489" lon="3.1695517999999936">
        <ele>145.8685493000145</ele>
        <time>2026-08-20T15:02:43.139Z</time>
      </trkpt>
      <trkpt lat="41.9582492" lon="3.169580499999995">
        <ele>145.69364200237976</ele>
        <time>2026-08-20T15:02:45.072Z</time>
      </trkpt>
      <trkpt lat="41.9582583" lon="3.169603099999989">
        <ele>145.94480745935135</ele>
        <time>2026-08-20T15:02:46.904Z</time>
      </trkpt>
      <trkpt lat="41.9582653" lon="3.169639999999987">
        <ele>145.9984939111054</ele>
        <time>2026-08-20T15:02:49.125Z</time>
      </trkpt>
      <trkpt lat="41.958272" lon="3.169671099999988">
        <ele>146.07011102905062</ele>
        <time>2026-08-20T15:02:51.117Z</time>
      </trkpt>
      <trkpt lat="41.9582811" lon="3.169692700000013">
        <ele>146.33235067227216</ele>
        <time>2026-08-20T15:02:53.072Z</time>
      </trkpt>
      <trkpt lat="41.9582915" lon="3.1697164999999927">
        <ele>146.6498328895525</ele>
        <time>2026-08-20T15:02:55.117Z</time>
      </trkpt>
      <trkpt lat="41.9583051" lon="3.1697445000000073">
        <ele>147.08190521077208</ele>
        <time>2026-08-20T15:02:57.116Z</time>
      </trkpt>
      <trkpt lat="41.9583174" lon="3.1697677999999883">
        <ele>147.48146500292012</ele>
        <time>2026-08-20T15:02:59.071Z</time>
      </trkpt>
      <trkpt lat="41.9583294" lon="3.1697950999999875">
        <ele>147.82071173869141</ele>
        <time>2026-08-20T15:03:01.072Z</time>
      </trkpt>
      <trkpt lat="41.9583374" lon="3.169828999999993">
        <ele>147.89382112227796</ele>
        <time>2026-08-20T15:03:03.072Z</time>
      </trkpt>
      <trkpt lat="41.9583477" lon="3.16985600000001">
        <ele>148.13531829598327</ele>
        <time>2026-08-20T15:03:05.003Z</time>
      </trkpt>
      <trkpt lat="41.9583633" lon="3.169897800000001">
        <ele>148.47661778692614</ele>
        <time>2026-08-20T15:03:07.072Z</time>
      </trkpt>
      <trkpt lat="41.9583739" lon="3.1699279999999987">
        <ele>148.67970014427473</ele>
        <time>2026-08-20T15:03:08.907Z</time>
      </trkpt>
      <trkpt lat="41.9583877" lon="3.169969199999997">
        <ele>149.01218549722643</ele>
        <time>2026-08-20T15:03:11.043Z</time>
      </trkpt>
      <trkpt lat="41.9584016" lon="3.170010100000013">
        <ele>149.59667886221482</ele>
        <time>2026-08-20T15:03:13.108Z</time>
      </trkpt>
      <trkpt lat="41.958417" lon="3.1700513000000115">
        <ele>150.2016575764485</ele>
        <time>2026-08-20T15:03:15.072Z</time>
      </trkpt>
      <trkpt lat="41.9584295" lon="3.1700825000000066">
        <ele>150.66255968028253</ele>
        <time>2026-08-20T15:03:16.946Z</time>
      </trkpt>
      <trkpt lat="41.9584413" lon="3.170122399999997">
        <ele>151.03972687431354</ele>
        <time>2026-08-20T15:03:18.906Z</time>
      </trkpt>
      <trkpt lat="41.9584499" lon="3.170165499999996">
        <ele>151.24631311798947</ele>
        <time>2026-08-20T15:03:21.088Z</time>
      </trkpt>
      <trkpt lat="41.9584655" lon="3.170203600000008">
        <ele>151.70296336252366</ele>
        <time>2026-08-20T15:03:23.072Z</time>
      </trkpt>
      <trkpt lat="41.9584868" lon="3.1702404000000115">
        <ele>152.33991729305916</ele>
        <time>2026-08-20T15:03:25.063Z</time>
      </trkpt>
      <trkpt lat="41.9584956" lon="3.170273900000012">
        <ele>152.62197789286827</ele>
        <time>2026-08-20T15:03:27.072Z</time>
      </trkpt>
      <trkpt lat="41.9585051" lon="3.170306100000005">
        <ele>152.90664788886878</ele>
        <time>2026-08-20T15:03:29.072Z</time>
      </trkpt>
      <trkpt lat="41.9585141" lon="3.1703363000000024">
        <ele>153.15538565658605</ele>
        <time>2026-08-20T15:03:30.908Z</time>
      </trkpt>
      <trkpt lat="41.9585219" lon="3.1703626999999983">
        <ele>153.3537829091121</ele>
        <time>2026-08-20T15:03:32.988Z</time>
      </trkpt>
      <trkpt lat="41.958533" lon="3.1703870999999992">
        <ele>153.64084110279444</ele>
        <time>2026-08-20T15:03:35.067Z</time>
      </trkpt>
      <trkpt lat="41.9585425" lon="3.170416799999998">
        <ele>153.84572768298096</ele>
        <time>2026-08-20T15:03:37.145Z</time>
      </trkpt>
      <trkpt lat="41.9585501" lon="3.1704441999999915">
        <ele>153.98304473272094</ele>
        <time>2026-08-20T15:03:39.071Z</time>
      </trkpt>
      <trkpt lat="41.9585634" lon="3.170476000000008">
        <ele>154.3437344231148</ele>
        <time>2026-08-20T15:03:41.071Z</time>
      </trkpt>
      <trkpt lat="41.9585783" lon="3.17050660000001">
        <ele>154.78181353889923</ele>
        <time>2026-08-20T15:03:43.072Z</time>
      </trkpt>
      <trkpt lat="41.9585938" lon="3.1705377000000112">
        <ele>155.31682830958636</ele>
        <time>2026-08-20T15:03:45.117Z</time>
      </trkpt>
      <trkpt lat="41.9586009" lon="3.170573499999989">
        <ele>155.56558276526744</ele>
        <time>2026-08-20T15:03:47.116Z</time>
      </trkpt>
      <trkpt lat="41.9585981" lon="3.170609100000007">
        <ele>155.46984836176324</ele>
        <time>2026-08-20T15:03:49.072Z</time>
      </trkpt>
      <trkpt lat="41.958622" lon="3.170645400000012">
        <ele>156.2327491140412</ele>
        <time>2026-08-20T15:03:51.072Z</time>
      </trkpt>
      <trkpt lat="41.9586447" lon="3.1706735999999864">
        <ele>156.9139127708346</ele>
        <time>2026-08-20T15:03:53.117Z</time>
      </trkpt>
      <trkpt lat="41.9586648" lon="3.170706899999999">
        <ele>157.46348974873754</ele>
        <time>2026-08-20T15:03:54.986Z</time>
      </trkpt>
      <trkpt lat="41.9586793" lon="3.1707423000000006">
        <ele>157.80208945547878</ele>
        <time>2026-08-20T15:03:57.072Z</time>
      </trkpt>
      <trkpt lat="41.9586801" lon="3.1707456000000036">
        <ele>157.8161475649881</ele>
        <time>2026-08-20T15:03:59.072Z</time>
      </trkpt>
      <trkpt lat="41.9586921" lon="3.170776100000012">
        <ele>158.0649284983259</ele>
        <time>2026-08-20T15:04:01.085Z</time>
      </trkpt>
      <trkpt lat="41.9586965" lon="3.1708069000000023">
        <ele>158.2395859083901</ele>
        <time>2026-08-20T15:04:02.988Z</time>
      </trkpt>
      <trkpt lat="41.9586984" lon="3.1708184000000017">
        <ele>158.3746886506342</ele>
        <time>2026-08-20T15:04:04.924Z</time>
      </trkpt>
      <trkpt lat="41.9587038" lon="3.170823399999989">
        <ele>158.54585180387323</ele>
        <time>2026-08-20T15:04:07.066Z</time>
      </trkpt>
      <trkpt lat="41.9586987" lon="3.1708375000000046">
        <ele>158.52413466286714</ele>
        <time>2026-08-20T15:04:09.072Z</time>
      </trkpt>
      <trkpt lat="41.9586668" lon="3.1707317000000046">
        <ele>157.46717703961775</ele>
        <time>2026-08-20T15:04:11.072Z</time>
      </trkpt>
      <trkpt lat="41.9586619" lon="3.1707057000000134">
        <ele>157.3793595806788</ele>
        <time>2026-08-20T15:04:12.943Z</time>
      </trkpt>
      <trkpt lat="41.9586545" lon="3.170667900000012">
        <ele>157.22807396717693</ele>
        <time>2026-08-20T15:04:14.926Z</time>
      </trkpt>
      <trkpt lat="41.9586596" lon="3.1706412999999998">
        <ele>157.44084096857043</ele>
        <time>2026-08-20T15:04:16.829Z</time>
      </trkpt>
      <trkpt lat="41.958669" lon="3.17062150000001">
        <ele>157.78826690171354</ele>
        <time>2026-08-20T15:04:18.962Z</time>
      </trkpt>
      <trkpt lat="41.9586688" lon="3.1706138000000124">
        <ele>157.79964469088617</ele>
        <time>2026-08-20T15:04:20.945Z</time>
      </trkpt>
      <trkpt lat="41.9586663" lon="3.1706088999999906">
        <ele>157.72826032240087</ele>
        <time>2026-08-20T15:04:23.007Z</time>
      </trkpt>
      <trkpt lat="41.9586698" lon="3.1705980000000125">
        <ele>157.86988491451424</ele>
        <time>2026-08-20T15:04:25.004Z</time>
      </trkpt>
      <trkpt lat="41.9586855" lon="3.170601099999999">
        <ele>158.38651083690553</ele>
        <time>2026-08-20T15:04:26.907Z</time>
      </trkpt>
      <trkpt lat="41.9587047" lon="3.1706040999999914">
        <ele>159.01671830989832</ele>
        <time>2026-08-20T15:04:28.788Z</time>
      </trkpt>
      <trkpt lat="41.9587234" lon="3.1706101000000046">
        <ele>159.61414651572827</ele>
        <time>2026-08-20T15:04:30.627Z</time>
      </trkpt>
      <trkpt lat="41.9587432" lon="3.1706071000000122">
        <ele>160.28338045486424</ele>
        <time>2026-08-20T15:04:32.986Z</time>
      </trkpt>
      <trkpt lat="41.9587548" lon="3.170595899999995">
        <ele>160.72606149137013</ele>
        <time>2026-08-20T15:04:35.117Z</time>
      </trkpt>
      <trkpt lat="41.9587655" lon="3.170601000000005">
        <ele>161.05682998773582</ele>
        <time>2026-08-20T15:04:37.071Z</time>
      </trkpt>
      <trkpt lat="41.9587803" lon="3.1705995000000087">
        <ele>161.5597981069489</ele>
        <time>2026-08-20T15:04:39.072Z</time>
      </trkpt>
      <trkpt lat="41.9587876" lon="3.1705880000000093">
        <ele>161.87566616158267</ele>
        <time>2026-08-20T15:04:40.885Z</time>
      </trkpt>
      <trkpt lat="41.958794" lon="3.1705804000000057">
        <ele>162.14111564444454</ele>
        <time>2026-08-20T15:04:42.861Z</time>
      </trkpt>
      <trkpt lat="41.9588036" lon="3.170573200000007">
        <ele>162.5168465198182</ele>
        <time>2026-08-20T15:04:44.950Z</time>
      </trkpt>
      <trkpt lat="41.9588209" lon="3.170565900000014">
        <ele>163.16376466182209</ele>
        <time>2026-08-20T15:04:46.860Z</time>
      </trkpt>
      <trkpt lat="41.9588348" lon="3.1705670000000055">
        <ele>163.61631877274527</ele>
        <time>2026-08-20T15:04:48.684Z</time>
      </trkpt>
      <trkpt lat="41.958844" lon="3.170570199999986">
        <ele>163.85152093618404</ele>
        <time>2026-08-20T15:04:50.667Z</time>
      </trkpt>
      <trkpt lat="41.9588546" lon="3.1705623000000003">
        <ele>164.21807982570382</ele>
        <time>2026-08-20T15:04:52.722Z</time>
      </trkpt>
      <trkpt lat="41.9588615" lon="3.1705479999999966">
        <ele>164.53910764958223</ele>
        <time>2026-08-20T15:04:55.117Z</time>
      </trkpt>
      <trkpt lat="41.9588601" lon="3.17053709999999">
        <ele>164.59260122015237</ele>
        <time>2026-08-20T15:04:57.071Z</time>
      </trkpt>
      <trkpt lat="41.9588626" lon="3.1705286000000115">
        <ele>164.74008388873068</ele>
        <time>2026-08-20T15:04:59.072Z</time>
      </trkpt>
      <trkpt lat="41.9588736" lon="3.1705273000000034">
        <ele>165.07792147458264</ele>
        <time>2026-08-20T15:05:01.174Z</time>
      </trkpt>
      <trkpt lat="41.9588755" lon="3.1705134000000044">
        <ele>165.26367766018237</ele>
        <time>2026-08-20T15:05:03.117Z</time>
      </trkpt>
      <trkpt lat="41.9588805" lon="3.1704937000000086">
        <ele>165.63687678948006</ele>
        <time>2026-08-20T15:05:05.025Z</time>
      </trkpt>
      <trkpt lat="41.958893" lon="3.170493999999991">
        <ele>166.01968910500898</ele>
        <time>2026-08-20T15:05:07.072Z</time>
      </trkpt>
      <trkpt lat="41.9589082" lon="3.170491999999996">
        <ele>166.514042668992</ele>
        <time>2026-08-20T15:05:09.072Z</time>
      </trkpt>
      <trkpt lat="41.9589222" lon="3.1704881">
        <ele>166.9980198627259</ele>
        <time>2026-08-20T15:05:11.072Z</time>
      </trkpt>
      <trkpt lat="41.9589342" lon="3.170484799999997">
        <ele>167.41565305535352</ele>
        <time>2026-08-20T15:05:13.071Z</time>
      </trkpt>
      <trkpt lat="41.9589491" lon="3.170479499999999">
        <ele>167.95526411962095</ele>
        <time>2026-08-20T15:05:15.081Z</time>
      </trkpt>
      <trkpt lat="41.958959" lon="3.170470999999992">
        <ele>168.3885547745258</ele>
        <time>2026-08-20T15:05:17.007Z</time>
      </trkpt>
      <trkpt lat="41.9589659" lon="3.170460300000002">
        <ele>168.76414542232652</ele>
        <time>2026-08-20T15:05:19.006Z</time>
      </trkpt>
      <trkpt lat="41.9589752" lon="3.1704612999999995">
        <ele>169.04866233065792</ele>
        <time>2026-08-20T15:05:21.072Z</time>
      </trkpt>
      <trkpt lat="41.9589855" lon="3.1704574999999977">
        <ele>169.43832609870495</ele>
        <time>2026-08-20T15:05:23.117Z</time>
      </trkpt>
      <trkpt lat="41.9589926" lon="3.170463600000005">
        <ele>169.5723386855519</ele>
        <time>2026-08-20T15:05:25.072Z</time>
      </trkpt>
      <trkpt lat="41.9590013" lon="3.1704651000000013">
        <ele>169.82742203754623</ele>
        <time>2026-08-20T15:05:27.072Z</time>
      </trkpt>
      <trkpt lat="41.9590153" lon="3.1704660000000047">
        <ele>170.26078233476613</ele>
        <time>2026-08-20T15:05:28.947Z</time>
      </trkpt>
      <trkpt lat="41.9590225" lon="3.1704659000000106">
        <ele>170.49272746861726</ele>
        <time>2026-08-20T15:05:31.072Z</time>
      </trkpt>
      <trkpt lat="41.9590303" lon="3.170465699999994">
        <ele>170.74563181098378</ele>
        <time>2026-08-20T15:05:33.072Z</time>
      </trkpt>
      <trkpt lat="41.9590418" lon="3.1704612000000054">
        <ele>171.19250455162424</ele>
        <time>2026-08-20T15:05:35.108Z</time>
      </trkpt>
      <trkpt lat="41.9590513" lon="3.1704540000000065">
        <ele>171.6270719977773</ele>
        <time>2026-08-20T15:05:37.117Z</time>
      </trkpt>
      <trkpt lat="41.9590569" lon="3.170451799999995">
        <ele>171.84865932827304</ele>
        <time>2026-08-20T15:05:38.967Z</time>
      </trkpt>
      <trkpt lat="41.9590661" lon="3.1704474999999945">
        <ele>172.22744592482724</ele>
        <time>2026-08-20T15:05:41.117Z</time>
      </trkpt>
      <trkpt lat="41.9590746" lon="3.170452399999988">
        <ele>172.41318040786206</ele>
        <time>2026-08-20T15:05:43.072Z</time>
      </trkpt>
      <trkpt lat="41.9590814" lon="3.170453199999997">
        <ele>172.6189736380218</ele>
        <time>2026-08-20T15:05:45.072Z</time>
      </trkpt>
      <trkpt lat="41.9590869" lon="3.170449999999988">
        <ele>172.85933844275758</ele>
        <time>2026-08-20T15:05:47.072Z</time>
      </trkpt>
      <trkpt lat="41.9590908" lon="3.170444900000007">
        <ele>173.08565149237586</ele>
        <time>2026-08-20T15:05:49.072Z</time>
      </trkpt>
      <trkpt lat="41.9590963" lon="3.1704461999999864">
        <ele>173.24049170136718</ele>
        <time>2026-08-20T15:05:51.071Z</time>
      </trkpt>
      <trkpt lat="41.9590936" lon="3.170444300000014">
        <ele>173.1892209556855</ele>
        <time>2026-08-20T15:05:53.117Z</time>
      </trkpt>
      <trkpt lat="41.9591091" lon="3.1704489999999907">
        <ele>173.6032448996878</ele>
        <time>2026-08-20T15:05:55.072Z</time>
      </trkpt>
      <trkpt lat="41.9591132" lon="3.1704459000000043">
        <ele>173.8188916756026</ele>
        <time>2026-08-20T15:05:57.008Z</time>
      </trkpt>
      <trkpt lat="41.9591177" lon="3.1704427999999893">
        <ele>174.0552688713573</ele>
        <time>2026-08-20T15:05:59.117Z</time>
      </trkpt>
      <trkpt lat="41.9591236" lon="3.1704400000000135">
        <ele>174.34056030185096</ele>
        <time>2026-08-20T15:06:01.084Z</time>
      </trkpt>
      <trkpt lat="41.959132" lon="3.170429100000007">
        <ele>174.8938323268671</ele>
        <time>2026-08-20T15:06:03.072Z</time>
      </trkpt>
      <trkpt lat="41.9591343" lon="3.1704190000000096">
        <ele>175.19634089879855</ele>
        <time>2026-08-20T15:06:05.117Z</time>
      </trkpt>
      <trkpt lat="41.9591457" lon="3.1704063999999903">
        <ele>175.91602324282115</ele>
        <time>2026-08-20T15:06:07.071Z</time>
      </trkpt>
      <trkpt lat="41.959152" lon="3.1703953999999896">
        <ele>176.40577045737652</ele>
        <time>2026-08-20T15:06:09.116Z</time>
      </trkpt>
      <trkpt lat="41.9591577" lon="3.1703920999999866">
        <ele>176.70745679600068</ele>
        <time>2026-08-20T15:06:11.117Z</time>
      </trkpt>
      <trkpt lat="41.9591671" lon="3.1703851000000043">
        <ele>177.2425809053581</ele>
        <time>2026-08-20T15:06:13.117Z</time>
      </trkpt>
      <trkpt lat="41.9591791" lon="3.1703785999999923">
        <ele>177.877359067812</ele>
        <time>2026-08-20T15:06:15.022Z</time>
      </trkpt>
      <trkpt lat="41.9592023" lon="3.1703778000000113">
        <ele>178.843894785674</ele>
        <time>2026-08-20T15:06:17.072Z</time>
      </trkpt>
      <trkpt lat="41.9592171" lon="3.1703746000000024">
        <ele>179.5258356216172</ele>
        <time>2026-08-20T15:06:19.066Z</time>
      </trkpt>
      <trkpt lat="41.9592347" lon="3.1703752999999892">
        <ele>180.23006331048646</ele>
        <time>2026-08-20T15:06:21.111Z</time>
      </trkpt>
      <trkpt lat="41.9592507" lon="3.1703779999999995">
        <ele>180.81739697976604</ele>
        <time>2026-08-20T15:06:23.117Z</time>
      </trkpt>
      <trkpt lat="41.9592669" lon="3.1703879000000086">
        <ele>181.2237919120957</ele>
        <time>2026-08-20T15:06:25.071Z</time>
      </trkpt>
      <trkpt lat="41.9592841" lon="3.17038629999999">
        <ele>181.96298578576932</ele>
        <time>2026-08-20T15:06:27.117Z</time>
      </trkpt>
      <trkpt lat="41.9593028" lon="3.1703938999999934">
        <ele>182.51557785346475</ele>
        <time>2026-08-20T15:06:29.072Z</time>
      </trkpt>
      <trkpt lat="41.9593188" lon="3.1703971000000024">
        <ele>183.07174611823277</ele>
        <time>2026-08-20T15:06:31.117Z</time>
      </trkpt>
      <trkpt lat="41.9593316" lon="3.170401400000003">
        <ele>183.46503342943205</ele>
        <time>2026-08-20T15:06:33.072Z</time>
      </trkpt>
      <trkpt lat="41.9593434" lon="3.1703966999999977">
        <ele>184.07173111110714</ele>
        <time>2026-08-20T15:06:34.945Z</time>
      </trkpt>
      <trkpt lat="41.9593599" lon="3.1703951000000075">
        <ele>184.7817035430246</ele>
        <time>2026-08-20T15:06:37.127Z</time>
      </trkpt>
      <trkpt lat="41.9593662" lon="3.170394200000004">
        <ele>185.06178496871854</ele>
        <time>2026-08-20T15:06:39.071Z</time>
      </trkpt>
      <trkpt lat="41.9593734" lon="3.1703879000000086">
        <ele>185.5387373350405</ele>
        <time>2026-08-20T15:06:41.072Z</time>
      </trkpt>
      <trkpt lat="41.9593823" lon="3.170376900000008">
        <ele>186.2291295207348</ele>
        <time>2026-08-20T15:06:43.023Z</time>
      </trkpt>
      <trkpt lat="41.9593815" lon="3.1703607000000034">
        <ele>186.68164036673105</ele>
        <time>2026-08-20T15:06:44.887Z</time>
      </trkpt>
      <trkpt lat="41.9593827" lon="3.17033889999999">
        <ele>187.38535164113912</ele>
        <time>2026-08-20T15:06:46.862Z</time>
      </trkpt>
      <trkpt lat="41.959381" lon="3.170309599999996">
        <ele>188.19057731826925</ele>
        <time>2026-08-20T15:06:49.125Z</time>
      </trkpt>
      <trkpt lat="41.9593748" lon="3.1702961000000016">
        <ele>188.32303237224232</ele>
        <time>2026-08-20T15:06:51.072Z</time>
      </trkpt>
      <trkpt lat="41.9593742" lon="3.170283799999993">
        <ele>188.6619354999322</ele>
        <time>2026-08-20T15:06:53.044Z</time>
      </trkpt>
      <trkpt lat="41.959365" lon="3.1702581000000123">
        <ele>189.00928723007402</ele>
        <time>2026-08-20T15:06:55.117Z</time>
      </trkpt>
      <trkpt lat="41.9593531" lon="3.170244999999994">
        <ele>188.85059936010276</ele>
        <time>2026-08-20T15:06:56.946Z</time>
      </trkpt>
      <trkpt lat="41.9593428" lon="3.1702353000000016">
        <ele>188.65575749239997</ele>
        <time>2026-08-20T15:06:59.072Z</time>
      </trkpt>
      <trkpt lat="41.9593418" lon="3.1702193000000136">
        <ele>189.04388349059872</ele>
        <time>2026-08-20T15:07:01.072Z</time>
      </trkpt>
      <trkpt lat="41.9593476" lon="3.1702022999999997">
        <ele>189.77091337631413</ele>
        <time>2026-08-20T15:07:03.021Z</time>
      </trkpt>
      <trkpt lat="41.9593421" lon="3.1701765999999907">
        <ele>190.21606639373059</ele>
        <time>2026-08-20T15:07:04.925Z</time>
      </trkpt>
      <trkpt lat="41.9593318" lon="3.1701578999999924">
        <ele>190.25311474869184</ele>
        <time>2026-08-20T15:07:07.072Z</time>
      </trkpt>
      <trkpt lat="41.9593271" lon="3.1701367999999945">
        <ele>190.61218643363506</ele>
        <time>2026-08-20T15:07:09.147Z</time>
      </trkpt>
      <trkpt lat="41.9593339" lon="3.170123999999987">
        <ele>191.26975623479467</ele>
        <time>2026-08-20T15:07:11.072Z</time>
      </trkpt>
      <trkpt lat="41.9593439" lon="3.1701075000000003">
        <ele>192.17251808140142</ele>
        <time>2026-08-20T15:07:13.117Z</time>
      </trkpt>
      <trkpt lat="41.9593533" lon="3.1700964999999997">
        <ele>192.89778515922427</ele>
        <time>2026-08-20T15:07:15.117Z</time>
      </trkpt>
      <trkpt lat="41.9593629" lon="3.1700904999999864">
        <ele>193.4960804845757</ele>
        <time>2026-08-20T15:07:17.087Z</time>
      </trkpt>
      <trkpt lat="41.9593672" lon="3.170080299999995">
        <ele>193.96699329322408</ele>
        <time>2026-08-20T15:07:18.903Z</time>
      </trkpt>
      <trkpt lat="41.9593741" lon="3.170068200000003">
        <ele>194.60668969539944</ele>
        <time>2026-08-20T15:07:20.743Z</time>
      </trkpt>
      <trkpt lat="41.9593799" lon="3.1700567999999976">
        <ele>195.1770617502768</ele>
        <time>2026-08-20T15:07:22.742Z</time>
      </trkpt>
      <trkpt lat="41.9593848" lon="3.170048900000012">
        <ele>195.61185267740206</ele>
        <time>2026-08-20T15:07:24.564Z</time>
      </trkpt>
      <trkpt lat="41.9593919" lon="3.1700423000000058">
        <ele>196.02687140196554</ele>
        <time>2026-08-20T15:07:26.564Z</time>
      </trkpt>
      <trkpt lat="41.959398" lon="3.170035399999989">
        <ele>196.35460241605202</ele>
        <time>2026-08-20T15:07:28.395Z</time>
      </trkpt>
      <trkpt lat="41.95941" lon="3.170021399999996">
        <ele>197.0054874438608</ele>
        <time>2026-08-20T15:07:30.683Z</time>
      </trkpt>
      <trkpt lat="41.9594228" lon="3.1700063000000114">
        <ele>197.69641264678523</ele>
        <time>2026-08-20T15:07:32.865Z</time>
      </trkpt>
      <trkpt lat="41.9594336" lon="3.1699911000000043">
        <ele>198.33705394072032</ele>
        <time>2026-08-20T15:07:35.103Z</time>
      </trkpt>
      <trkpt lat="41.9594447" lon="3.169981799999988">
        <ele>198.82544300899576</ele>
        <time>2026-08-20T15:07:37.071Z</time>
      </trkpt>
      <trkpt lat="41.9594533" lon="3.169969299999991">
        <ele>199.3363579570653</ele>
        <time>2026-08-20T15:07:39.071Z</time>
      </trkpt>
      <trkpt lat="41.9594634" lon="3.169957100000005">
        <ele>199.86644012176285</ele>
        <time>2026-08-20T15:07:41.071Z</time>
      </trkpt>
      <trkpt lat="41.9594755" lon="3.1699439999999868">
        <ele>200.44584532822378</ele>
        <time>2026-08-20T15:07:43.071Z</time>
      </trkpt>
      <trkpt lat="41.959488" lon="3.169927599999994">
        <ele>201.11009812229173</ele>
        <time>2026-08-20T15:07:45.108Z</time>
      </trkpt>
      <trkpt lat="41.9594988" lon="3.1699094999999886">
        <ele>201.77489509411205</ele>
        <time>2026-08-20T15:07:47.116Z</time>
      </trkpt>
      <trkpt lat="41.9595169" lon="3.169909700000005">
        <ele>202.15471597770565</ele>
        <time>2026-08-20T15:07:48.947Z</time>
      </trkpt>
      <trkpt lat="41.9595394" lon="3.169901600000003">
        <ele>202.82356054353497</ele>
        <time>2026-08-20T15:07:50.826Z</time>
      </trkpt>
      <trkpt lat="41.9595511" lon="3.169883700000014">
        <ele>203.49070518412438</ele>
        <time>2026-08-20T15:07:52.666Z</time>
      </trkpt>
      <trkpt lat="41.9595619" lon="3.169863399999997">
        <ele>204.1909974065879</ele>
        <time>2026-08-20T15:07:54.529Z</time>
      </trkpt>
      <trkpt lat="41.9595726" lon="3.1698394000000008">
        <ele>204.97086103569</ele>
        <time>2026-08-20T15:07:57.062Z</time>
      </trkpt>
      <trkpt lat="41.9595998" lon="3.169846100000001">
        <ele>205.3763066508975</ele>
        <time>2026-08-20T15:07:59.117Z</time>
      </trkpt>
      <trkpt lat="41.9596245" lon="3.169859300000013">
        <ele>205.58594573396297</ele>
        <time>2026-08-20T15:08:01.046Z</time>
      </trkpt>
      <trkpt lat="41.9596465" lon="3.1698643000000004">
        <ele>205.9300742842003</ele>
        <time>2026-08-20T15:08:03.044Z</time>
      </trkpt>
      <trkpt lat="41.959666" lon="3.16985489999999">
        <ele>206.54546270681885</ele>
        <time>2026-08-20T15:08:05.117Z</time>
      </trkpt>
      <trkpt lat="41.959683" lon="3.1698412000000076">
        <ele>207.11662710751114</ele>
        <time>2026-08-20T15:08:07.070Z</time>
      </trkpt>
      <trkpt lat="41.9597007" lon="3.1698273000000086">
        <ele>207.6809231832183</ele>
        <time>2026-08-20T15:08:08.922Z</time>
      </trkpt>
      <trkpt lat="41.9597172" lon="3.169826499999999">
        <ele>207.94357979783368</ele>
        <time>2026-08-20T15:08:11.071Z</time>
      </trkpt>
      <trkpt lat="41.9597363" lon="3.169820399999992">
        <ele>208.34556432853861</ele>
        <time>2026-08-20T15:08:12.887Z</time>
      </trkpt>
      <trkpt lat="41.9597486" lon="3.169802400000009">
        <ele>208.86167244445804</ele>
        <time>2026-08-20T15:08:14.767Z</time>
      </trkpt>
      <trkpt lat="41.959772" lon="3.1697988999999893">
        <ele>209.2474040302402</ele>
        <time>2026-08-20T15:08:17.116Z</time>
      </trkpt>
      <trkpt lat="41.9597992" lon="3.1698102000000006">
        <ele>209.43413503988742</ele>
        <time>2026-08-20T15:08:19.117Z</time>
      </trkpt>
      <trkpt lat="41.9598183" lon="3.16981659999999">
        <ele>209.6054116389916</ele>
        <time>2026-08-20T15:08:20.965Z</time>
      </trkpt>
      <trkpt lat="41.9598374" lon="3.169807999999989">
        <ele>210.00867684299098</ele>
        <time>2026-08-20T15:08:22.805Z</time>
      </trkpt>
      <trkpt lat="41.959855" lon="3.169801199999995">
        <ele>210.35171906409664</ele>
        <time>2026-08-20T15:08:25.068Z</time>
      </trkpt>
      <trkpt lat="41.9598721" lon="3.1697935999999913">
        <ele>210.68801531209894</ele>
        <time>2026-08-20T15:08:27.117Z</time>
      </trkpt>
      <trkpt lat="41.9598887" lon="3.169788600000004">
        <ele>210.97382227531114</ele>
        <time>2026-08-20T15:08:28.946Z</time>
      </trkpt>
      <trkpt lat="41.9599069" lon="3.169793900000002">
        <ele>211.15285198282749</ele>
        <time>2026-08-20T15:08:31.117Z</time>
      </trkpt>
      <trkpt lat="41.9599157" lon="3.169808499999988">
        <ele>211.10658920376284</ele>
        <time>2026-08-20T15:08:33.117Z</time>
      </trkpt>
      <trkpt lat="41.9599336" lon="3.169810500000011">
        <ele>211.33827043176473</ele>
        <time>2026-08-20T15:08:35.047Z</time>
      </trkpt>
      <trkpt lat="41.9599476" lon="3.169811799999991">
        <ele>211.5137845701232</ele>
        <time>2026-08-20T15:08:37.070Z</time>
      </trkpt>
      <trkpt lat="41.9599504" lon="3.169813099999999">
        <ele>211.53203803550798</ele>
        <time>2026-08-20T15:08:39.117Z</time>
      </trkpt>
      <trkpt lat="41.9599535" lon="3.169814699999989">
        <ele>211.5512037936803</ele>
        <time>2026-08-20T15:08:41.117Z</time>
      </trkpt>
      <trkpt lat="41.959956" lon="3.1698193000000003">
        <ele>211.53609377819228</ele>
        <time>2026-08-20T15:08:43.072Z</time>
      </trkpt>
      <trkpt lat="41.9599574" lon="3.1698245999999983">
        <ele>211.50292560171502</ele>
        <time>2026-08-20T15:08:45.116Z</time>
      </trkpt>
      <trkpt lat="41.9599594" lon="3.1698288000000048">
        <ele>211.48791173583393</ele>
        <time>2026-08-20T15:08:47.168Z</time>
      </trkpt>
      <trkpt lat="41.9599664" lon="3.169840899999997">
        <ele>211.4656943635176</ele>
        <time>2026-08-20T15:08:49.116Z</time>
      </trkpt>
      <trkpt lat="41.9599779" lon="3.1698676999999975">
        <ele>211.39399308617845</ele>
        <time>2026-08-20T15:08:51.125Z</time>
      </trkpt>
      <trkpt lat="41.9599571" lon="3.1698968999999977">
        <ele>210.8272208465826</ele>
        <time>2026-08-20T15:08:53.071Z</time>
      </trkpt>
      <trkpt lat="41.9599528" lon="3.169925500000005">
        <ele>210.48611914284186</ele>
        <time>2026-08-20T15:08:55.084Z</time>
      </trkpt>
      <trkpt lat="41.9599471" lon="3.169947900000011">
        <ele>210.16541534195392</ele>
        <time>2026-08-20T15:08:57.071Z</time>
      </trkpt>
      <trkpt lat="41.9599468" lon="3.1699786000000074">
        <ele>209.747705147594</ele>
        <time>2026-08-20T15:08:59.116Z</time>
      </trkpt>
      <trkpt lat="41.9599434" lon="3.1700059000000067">
        <ele>209.26138686176188</ele>
        <time>2026-08-20T15:09:01.163Z</time>
      </trkpt>
      <trkpt lat="41.9599465" lon="3.1700310999999886">
        <ele>208.9418929361194</ele>
        <time>2026-08-20T15:09:02.986Z</time>
      </trkpt>
      <trkpt lat="41.9599578" lon="3.1700561000000107">
        <ele>208.80303529374163</ele>
        <time>2026-08-20T15:09:04.825Z</time>
      </trkpt>
      <trkpt lat="41.9599685" lon="3.1700845999999956">
        <ele>208.61122318505306</ele>
        <time>2026-08-20T15:09:07.117Z</time>
      </trkpt>
      <trkpt lat="41.959971" lon="3.170106599999997">
        <ele>208.34245343056742</ele>
        <time>2026-08-20T15:09:09.117Z</time>
      </trkpt>
      <trkpt lat="41.9599634" lon="3.170117900000008">
        <ele>208.00343778226792</ele>
        <time>2026-08-20T15:09:11.127Z</time>
      </trkpt>
      <trkpt lat="41.9599667" lon="3.1701281999999935">
        <ele>207.92588089601205</ele>
        <time>2026-08-20T15:09:13.166Z</time>
      </trkpt>
      <trkpt lat="41.9599817" lon="3.170137199999999">
        <ele>208.1395331994979</ele>
        <time>2026-08-20T15:09:15.187Z</time>
      </trkpt>
      <trkpt lat="41.9599923" lon="3.1701418000000103">
        <ele>208.31906267263318</ele>
        <time>2026-08-20T15:09:17.116Z</time>
      </trkpt>
      <trkpt lat="41.9600043" lon="3.17015090000001">
        <ele>208.47022544293276</ele>
        <time>2026-08-20T15:09:19.064Z</time>
      </trkpt>
      <trkpt lat="41.9600226" lon="3.1701611000000014">
        <ele>208.75974373518198</ele>
        <time>2026-08-20T15:09:21.143Z</time>
      </trkpt>
      <trkpt lat="41.9600346" lon="3.17016000000001">
        <ele>209.05805964418283</ele>
        <time>2026-08-20T15:09:23.116Z</time>
      </trkpt>
      <trkpt lat="41.9600453" lon="3.1701705000000118">
        <ele>209.17258954938094</ele>
        <time>2026-08-20T15:09:25.090Z</time>
      </trkpt>
      <trkpt lat="41.9600584" lon="3.170190600000012">
        <ele>209.22597541427692</ele>
        <time>2026-08-20T15:09:27.071Z</time>
      </trkpt>
      <trkpt lat="41.960076" lon="3.1702008000000035">
        <ele>209.5253216435371</ele>
        <time>2026-08-20T15:09:29.088Z</time>
      </trkpt>
      <trkpt lat="41.9600914" lon="3.170214399999992">
        <ele>209.736518503651</ele>
        <time>2026-08-20T15:09:31.117Z</time>
      </trkpt>
      <trkpt lat="41.9601086" lon="3.170215899999988">
        <ele>210.1446186099178</ele>
        <time>2026-08-20T15:09:33.168Z</time>
      </trkpt>
      <trkpt lat="41.9601281" lon="3.1702127000000075">
        <ele>210.66450329237108</ele>
        <time>2026-08-20T15:09:35.117Z</time>
      </trkpt>
      <trkpt lat="41.9601427" lon="3.170211899999998">
        <ele>211.03431565385932</ele>
        <time>2026-08-20T15:09:37.117Z</time>
      </trkpt>
      <trkpt lat="41.9601601" lon="3.1701989000000026">
        <ele>211.60368379619672</ele>
        <time>2026-08-20T15:09:39.071Z</time>
      </trkpt>
      <trkpt lat="41.9601759" lon="3.170191100000011">
        <ele>212.07079109851801</ele>
        <time>2026-08-20T15:09:41.071Z</time>
      </trkpt>
      <trkpt lat="41.9601849" lon="3.170187800000008">
        <ele>212.32287268086694</ele>
        <time>2026-08-20T15:09:43.071Z</time>
      </trkpt>
      <trkpt lat="41.9601946" lon="3.1701811000000077">
        <ele>212.6246034491917</ele>
        <time>2026-08-20T15:09:45.071Z</time>
      </trkpt>
      <trkpt lat="41.9601989" lon="3.170179200000007">
        <ele>212.74687542082583</ele>
        <time>2026-08-20T15:09:47.071Z</time>
      </trkpt>
      <trkpt lat="41.9602002" lon="3.170177999999993">
        <ele>212.78995786860364</ele>
        <time>2026-08-20T15:09:49.077Z</time>
      </trkpt>
      <trkpt lat="41.9602045" lon="3.170172799999989">
        <ele>212.94404807922768</ele>
        <time>2026-08-20T15:09:51.071Z</time>
      </trkpt>
      <trkpt lat="41.9602062" lon="3.1701707">
        <ele>213.005138568965</ele>
        <time>2026-08-20T15:09:53.071Z</time>
      </trkpt>
      <trkpt lat="41.9602074" lon="3.1701698999999905">
        <ele>213.041528651863</ele>
        <time>2026-08-20T15:09:55.133Z</time>
      </trkpt>
      <trkpt lat="41.960215" lon="3.1701645999999926">
        <ele>213.2732927868252</ele>
        <time>2026-08-20T15:09:57.071Z</time>
      </trkpt>
      <trkpt lat="41.9602159" lon="3.1701557000000093">
        <ele>213.3796657335449</ele>
        <time>2026-08-20T15:09:59.026Z</time>
      </trkpt>
      <trkpt lat="41.9602149" lon="3.170147500000013">
        <ele>213.43466741691194</ele>
        <time>2026-08-20T15:10:01.076Z</time>
      </trkpt>
      <trkpt lat="41.9602156" lon="3.1701468999999918">
        <ele>213.4567465997317</ele>
        <time>2026-08-20T15:10:03.094Z</time>
      </trkpt>
      <trkpt lat="41.9602154" lon="3.170147500000013">
        <ele>213.44634069489325</ele>
        <time>2026-08-20T15:10:05.070Z</time>
      </trkpt>
      <trkpt lat="41.9602152" lon="3.1701472000000024">
        <ele>213.4445422111565</ele>
        <time>2026-08-20T15:10:07.071Z</time>
      </trkpt>
      <trkpt lat="41.9602156" lon="3.170146499999987">
        <ele>213.46057099560923</ele>
        <time>2026-08-20T15:10:09.071Z</time>
      </trkpt>
      <trkpt lat="41.9602189" lon="3.170123899999993">
        <ele>213.75205066946762</ele>
        <time>2026-08-20T15:10:11.005Z</time>
      </trkpt>
      <trkpt lat="41.9602466" lon="3.170103399999988">
        <ele>214.27170349628696</ele>
        <time>2026-08-20T15:10:13.071Z</time>
      </trkpt>
      <trkpt lat="41.9602617" lon="3.1700971999999865">
        <ele>214.48501319553253</ele>
        <time>2026-08-20T15:10:14.968Z</time>
      </trkpt>
      <trkpt lat="41.9602714" lon="3.17007559999999">
        <ele>214.79604938873916</ele>
        <time>2026-08-20T15:10:16.768Z</time>
      </trkpt>
      <trkpt lat="41.9602674" lon="3.170033399999994">
        <ele>215.16798655871946</ele>
        <time>2026-08-20T15:10:19.129Z</time>
      </trkpt>
      <trkpt lat="41.9602625" lon="3.1700155999999993">
        <ele>215.2890890376369</ele>
        <time>2026-08-20T15:10:21.089Z</time>
      </trkpt>
      <trkpt lat="41.960263" lon="3.1699854999999957">
        <ele>215.58824989074833</ele>
        <time>2026-08-20T15:10:23.120Z</time>
      </trkpt>
      <trkpt lat="41.9602833" lon="3.1699557000000027">
        <ele>216.06497791195827</ele>
        <time>2026-08-20T15:10:25.071Z</time>
      </trkpt>
      <trkpt lat="41.9602992" lon="3.16993260000001">
        <ele>216.05924004246643</ele>
        <time>2026-08-20T15:10:27.116Z</time>
      </trkpt>
      <trkpt lat="41.9603192" lon="3.1699217999999973">
        <ele>216.1789503997127</ele>
        <time>2026-08-20T15:10:29.091Z</time>
      </trkpt>
      <trkpt lat="41.9603349" lon="3.1699059999999974">
        <ele>216.19811454985654</ele>
        <time>2026-08-20T15:10:31.108Z</time>
      </trkpt>
      <trkpt lat="41.9603481" lon="3.1698986000000104">
        <ele>216.25863373790875</ele>
        <time>2026-08-20T15:10:33.046Z</time>
      </trkpt>
      <trkpt lat="41.9603652" lon="3.1698989999999867">
        <ele>216.42760728303404</ele>
        <time>2026-08-20T15:10:35.045Z</time>
      </trkpt>
      <trkpt lat="41.9603897" lon="3.1699074999999937">
        <ele>216.7544258182877</ele>
        <time>2026-08-20T15:10:37.071Z</time>
      </trkpt>
      <trkpt lat="41.9604114" lon="3.169916900000004">
        <ele>217.07484058013281</ele>
        <time>2026-08-20T15:10:39.117Z</time>
      </trkpt>
      <trkpt lat="41.9604302" lon="3.1699312000000077">
        <ele>217.43426199652836</ele>
        <time>2026-08-20T15:10:41.122Z</time>
      </trkpt>
      <trkpt lat="41.9604506" lon="3.1699389000000053">
        <ele>217.7451773770538</ele>
        <time>2026-08-20T15:10:43.107Z</time>
      </trkpt>
      <trkpt lat="41.9604594" lon="3.1699666000000093">
        <ele>217.98915286362845</ele>
        <time>2026-08-20T15:10:45.116Z</time>
      </trkpt>
      <trkpt lat="41.9604618" lon="3.169981799999988">
        <ele>217.84226106956663</ele>
        <time>2026-08-20T15:10:47.116Z</time>
      </trkpt>
      <trkpt lat="41.9604625" lon="3.169971800000013">
        <ele>217.9645885483866</ele>
        <time>2026-08-20T15:10:49.071Z</time>
      </trkpt>
      <trkpt lat="41.9604709" lon="3.1699852000000135">
        <ele>217.90460636910046</ele>
        <time>2026-08-20T15:10:51.117Z</time>
      </trkpt>
      <trkpt lat="41.9604747" lon="3.1700045999999986">
        <ele>217.7227173813175</ele>
        <time>2026-08-20T15:10:53.128Z</time>
      </trkpt>
      <trkpt lat="41.9604848" lon="3.1700168000000133">
        <ele>217.69142167042708</ele>
        <time>2026-08-20T15:10:54.944Z</time>
      </trkpt>
      <trkpt lat="41.9604966" lon="3.170026699999994">
        <ele>217.70332381193512</ele>
        <time>2026-08-20T15:10:57.117Z</time>
      </trkpt>
      <trkpt lat="41.9604993" lon="3.1700328000000013">
        <ele>217.66065576096324</ele>
        <time>2026-08-20T15:10:59.121Z</time>
      </trkpt>
      <trkpt lat="41.9604995" lon="3.1700514000000055">
        <ele>217.44395529935002</ele>
        <time>2026-08-20T15:11:01.071Z</time>
      </trkpt>
      <trkpt lat="41.9604994" lon="3.1700519000000043">
        <ele>217.43701622246877</ele>
        <time>2026-08-20T15:11:03.117Z</time>
      </trkpt>
      <trkpt lat="41.9605011" lon="3.1700607999999875">
        <ele>217.34048488513855</ele>
        <time>2026-08-20T15:11:05.071Z</time>
      </trkpt>
      <trkpt lat="41.9605025" lon="3.1700635999999918">
        <ele>217.28873243905701</ele>
        <time>2026-08-20T15:11:07.117Z</time>
      </trkpt>
      <trkpt lat="41.9605025" lon="3.1700678999999923">
        <ele>217.23798395941031</ele>
        <time>2026-08-20T15:11:09.117Z</time>
      </trkpt>
      <trkpt lat="41.9605079" lon="3.1700764999999933">
        <ele>217.06311233348643</ele>
        <time>2026-08-20T15:11:11.003Z</time>
      </trkpt>
      <trkpt lat="41.9605159" lon="3.170117199999993">
        <ele>216.46622469116147</ele>
        <time>2026-08-20T15:11:13.071Z</time>
      </trkpt>
      <trkpt lat="41.9605223" lon="3.170144399999998">
        <ele>216.0467559343668</ele>
        <time>2026-08-20T15:11:14.921Z</time>
      </trkpt>
      <trkpt lat="41.960526" lon="3.1701606999999967">
        <ele>215.79498574022347</ele>
        <time>2026-08-20T15:11:16.929Z</time>
      </trkpt>
      <trkpt lat="41.9605382" lon="3.170175900000004">
        <ele>215.427243869441</ele>
        <time>2026-08-20T15:11:19.116Z</time>
      </trkpt>
      <trkpt lat="41.9605512" lon="3.1701788999999962">
        <ele>215.1945082445263</ele>
        <time>2026-08-20T15:11:20.982Z</time>
      </trkpt>
      <trkpt lat="41.9605659" lon="3.170188599999989">
        <ele>214.84979138019347</ele>
        <time>2026-08-20T15:11:23.071Z</time>
      </trkpt>
      <trkpt lat="41.9605681" lon="3.1702061000000015">
        <ele>214.59330474117976</ele>
        <time>2026-08-20T15:11:25.117Z</time>
      </trkpt>
      <trkpt lat="41.9605759" lon="3.1702218000000073">
        <ele>214.2709140964261</ele>
        <time>2026-08-20T15:11:27.099Z</time>
      </trkpt>
      <trkpt lat="41.9605785" lon="3.1702463000000023">
        <ele>213.55188923441668</ele>
        <time>2026-08-20T15:11:28.948Z</time>
      </trkpt>
      <trkpt lat="41.9605661" lon="3.1702634000000103">
        <ele>212.88807338731547</ele>
        <time>2026-08-20T15:11:30.803Z</time>
      </trkpt>
      <trkpt lat="41.9605617" lon="3.1702728999999863">
        <ele>212.4764308363499</ele>
        <time>2026-08-20T15:11:33.044Z</time>
      </trkpt>
      <trkpt lat="41.9605626" lon="3.170277999999996">
        <ele>212.20723375589864</ele>
        <time>2026-08-20T15:11:35.071Z</time>
      </trkpt>
      <trkpt lat="41.9605548" lon="3.1702860999999984">
        <ele>211.91059067678026</ele>
        <time>2026-08-20T15:11:37.068Z</time>
      </trkpt>
      <trkpt lat="41.9605564" lon="3.170294299999995">
        <ele>211.47446959779373</ele>
        <time>2026-08-20T15:11:39.068Z</time>
      </trkpt>
      <trkpt lat="41.9605589" lon="3.1702980000000025">
        <ele>211.25365962262438</ele>
        <time>2026-08-20T15:11:41.099Z</time>
      </trkpt>
      <trkpt lat="41.9605505" lon="3.170319699999993">
        <ele>210.2696429944169</ele>
        <time>2026-08-20T15:11:42.923Z</time>
      </trkpt>
      <trkpt lat="41.9605597" lon="3.1703396999999995">
        <ele>209.14461347593388</ele>
        <time>2026-08-20T15:11:44.947Z</time>
      </trkpt>
      <trkpt lat="41.9605576" lon="3.1703403999999864">
        <ele>209.13494254595938</ele>
        <time>2026-08-20T15:11:46.810Z</time>
      </trkpt>
      <trkpt lat="41.9605561" lon="3.1703602999999987">
        <ele>208.14937587816115</ele>
        <time>2026-08-20T15:11:49.071Z</time>
      </trkpt>
      <trkpt lat="41.9605501" lon="3.17037049999999">
        <ele>207.70138808965635</ele>
        <time>2026-08-20T15:11:51.070Z</time>
      </trkpt>
      <trkpt lat="41.9605526" lon="3.170375799999988">
        <ele>207.40565476032404</ele>
        <time>2026-08-20T15:11:52.902Z</time>
      </trkpt>
      <trkpt lat="41.9605555" lon="3.1703774000000067">
        <ele>207.29330525545714</ele>
        <time>2026-08-20T15:11:55.029Z</time>
      </trkpt>
      <trkpt lat="41.9605638" lon="3.1704089000000124">
        <ele>205.62305052212352</ele>
        <time>2026-08-20T15:11:57.071Z</time>
      </trkpt>
      <trkpt lat="41.9605671" lon="3.1704176000000075">
        <ele>205.15556769885197</ele>
        <time>2026-08-20T15:11:59.123Z</time>
      </trkpt>
      <trkpt lat="41.960568" lon="3.170420500000006">
        <ele>205.00205660577325</ele>
        <time>2026-08-20T15:12:01.117Z</time>
      </trkpt>
      <trkpt lat="41.9605798" lon="3.1704528999999866">
        <ele>203.28547555060453</ele>
        <time>2026-08-20T15:12:03.043Z</time>
      </trkpt>
      <trkpt lat="41.9605861" lon="3.1704566999999884">
        <ele>203.04660245570335</ele>
        <time>2026-08-20T15:12:05.122Z</time>
      </trkpt>
      <trkpt lat="41.960605" lon="3.1704644000000144">
        <ele>202.52042999841768</ele>
        <time>2026-08-20T15:12:07.088Z</time>
      </trkpt>
      <trkpt lat="41.9606098" lon="3.1704786999999897">
        <ele>201.78950123870084</ele>
        <time>2026-08-20T15:12:09.071Z</time>
      </trkpt>
      <trkpt lat="41.9606157" lon="3.1704890000000034">
        <ele>201.24935125381415</ele>
        <time>2026-08-20T15:12:10.901Z</time>
      </trkpt>
      <trkpt lat="41.9606162" lon="3.1704766000000006">
        <ele>201.84473960635526</ele>
        <time>2026-08-20T15:12:12.884Z</time>
      </trkpt>
      <trkpt lat="41.9606138" lon="3.170474100000007">
        <ele>201.98317790498092</ele>
        <time>2026-08-20T15:12:14.685Z</time>
      </trkpt>
      <trkpt lat="41.9606112" lon="3.1704943000000014">
        <ele>201.02326500400596</ele>
        <time>2026-08-20T15:12:17.083Z</time>
      </trkpt>
      <trkpt lat="41.9606103" lon="3.170508699999999">
        <ele>200.33081987356988</ele>
        <time>2026-08-20T15:12:19.099Z</time>
      </trkpt>
      <trkpt lat="41.9606181" lon="3.1705096000000026">
        <ele>200.2395233695255</ele>
        <time>2026-08-20T15:12:21.041Z</time>
      </trkpt>
      <trkpt lat="41.9606249" lon="3.1705048999999974">
        <ele>200.42349210948697</ele>
        <time>2026-08-20T15:12:23.089Z</time>
      </trkpt>
      <trkpt lat="41.96062" lon="3.1705195000000117">
        <ele>199.77022306880335</ele>
        <time>2026-08-20T15:12:25.071Z</time>
      </trkpt>
      <trkpt lat="41.9606233" lon="3.170527600000014">
        <ele>199.39254997038887</ele>
        <time>2026-08-20T15:12:27.071Z</time>
      </trkpt>
      <trkpt lat="41.9606287" lon="3.1705260999999894">
        <ele>199.42753123265567</ele>
        <time>2026-08-20T15:12:29.126Z</time>
      </trkpt>
      <trkpt lat="41.960633" lon="3.1705375999999887">
        <ele>198.89505979376676</ele>
        <time>2026-08-20T15:12:31.117Z</time>
      </trkpt>
      <trkpt lat="41.960644" lon="3.1705570999999964">
        <ele>197.97420643233627</ele>
        <time>2026-08-20T15:12:33.117Z</time>
      </trkpt>
      <trkpt lat="41.9606503" lon="3.170576799999992">
        <ele>197.07387293200338</ele>
        <time>2026-08-20T15:12:35.071Z</time>
      </trkpt>
      <trkpt lat="41.9606579" lon="3.170583800000003">
        <ele>196.72668537046962</ele>
        <time>2026-08-20T15:12:37.117Z</time>
      </trkpt>
      <trkpt lat="41.9606654" lon="3.1705902999999864">
        <ele>196.40302150770353</ele>
        <time>2026-08-20T15:12:39.084Z</time>
      </trkpt>
      <trkpt lat="41.9606776" lon="3.1706040999999914">
        <ele>195.73782824575966</ele>
        <time>2026-08-20T15:12:41.117Z</time>
      </trkpt>
      <trkpt lat="41.9606822" lon="3.1706155999999908">
        <ele>195.21330811651438</ele>
        <time>2026-08-20T15:12:42.962Z</time>
      </trkpt>
      <trkpt lat="41.9606876" lon="3.1706317000000013">
        <ele>194.48573294100936</ele>
        <time>2026-08-20T15:12:45.071Z</time>
      </trkpt>
      <trkpt lat="41.9606981" lon="3.1706438999999875">
        <ele>193.906309466252</ele>
        <time>2026-08-20T15:12:47.081Z</time>
      </trkpt>
      <trkpt lat="41.9607009" lon="3.1706637000000057">
        <ele>193.03382575969502</ele>
        <time>2026-08-20T15:12:49.117Z</time>
      </trkpt>
      <trkpt lat="41.9607057" lon="3.1706867000000045">
        <ele>192.01541112571505</ele>
        <time>2026-08-20T15:12:51.118Z</time>
      </trkpt>
      <trkpt lat="41.9607106" lon="3.170694800000007">
        <ele>191.64433710886416</ele>
        <time>2026-08-20T15:12:53.133Z</time>
      </trkpt>
      <trkpt lat="41.960712" lon="3.1707084999999893">
        <ele>191.04544804784268</ele>
        <time>2026-08-20T15:12:55.071Z</time>
      </trkpt>
      <trkpt lat="41.9607091" lon="3.1707204999999874">
        <ele>190.53676180063434</ele>
        <time>2026-08-20T15:12:56.924Z</time>
      </trkpt>
      <trkpt lat="41.9607095" lon="3.1707317999999987">
        <ele>190.04564825676658</ele>
        <time>2026-08-20T15:12:59.116Z</time>
      </trkpt>
      <trkpt lat="41.9607127" lon="3.170744500000012">
        <ele>189.48412373605487</ele>
        <time>2026-08-20T15:13:01.070Z</time>
      </trkpt>
      <trkpt lat="41.9607141" lon="3.17075650000001">
        <ele>188.95984127545796</ele>
        <time>2026-08-20T15:13:03.026Z</time>
      </trkpt>
      <trkpt lat="41.9607153" lon="3.1707735999999898">
        <ele>188.21590230562137</ele>
        <time>2026-08-20T15:13:04.985Z</time>
      </trkpt>
      <trkpt lat="41.9607096" lon="3.170790100000005">
        <ele>187.5193270198684</ele>
        <time>2026-08-20T15:13:06.785Z</time>
      </trkpt>
      <trkpt lat="41.9607039" lon="3.1708103999999935">
        <ele>186.7071014325489</ele>
        <time>2026-08-20T15:13:08.785Z</time>
      </trkpt>
      <trkpt lat="41.9607046" lon="3.1708189000000004">
        <ele>186.36097677968397</ele>
        <time>2026-08-20T15:13:10.968Z</time>
      </trkpt>
      <trkpt lat="41.9607" lon="3.1708308000000045">
        <ele>185.89223731615704</ele>
        <time>2026-08-20T15:13:12.927Z</time>
      </trkpt>
      <trkpt lat="41.9606944" lon="3.1708479000000125">
        <ele>185.2149369878154</ele>
        <time>2026-08-20T15:13:14.926Z</time>
      </trkpt>
      <trkpt lat="41.9606835" lon="3.17086470000001">
        <ele>184.56286432662102</ele>
        <time>2026-08-20T15:13:17.070Z</time>
      </trkpt>
      <trkpt lat="41.9606785" lon="3.1708816999999954">
        <ele>183.88569266776625</ele>
        <time>2026-08-20T15:13:19.117Z</time>
      </trkpt>
      <trkpt lat="41.960669" lon="3.170902500000011">
        <ele>183.06428510241824</ele>
        <time>2026-08-20T15:13:21.126Z</time>
      </trkpt>
      <trkpt lat="41.9606622" lon="3.170922300000001">
        <ele>182.27522119000895</ele>
        <time>2026-08-20T15:13:23.077Z</time>
      </trkpt>
      <trkpt lat="41.960652" lon="3.1709424000000013">
        <ele>181.48023183528767</ele>
        <time>2026-08-20T15:13:25.093Z</time>
      </trkpt>
      <trkpt lat="41.9606522" lon="3.1709572999999978">
        <ele>180.87266835520737</ele>
        <time>2026-08-20T15:13:27.110Z</time>
      </trkpt>
      <trkpt lat="41.9606572" lon="3.170968700000003">
        <ele>180.39756807357423</ele>
        <time>2026-08-20T15:13:29.127Z</time>
      </trkpt>
      <trkpt lat="41.9606526" lon="3.1709751999999867">
        <ele>180.14248337527755</ele>
        <time>2026-08-20T15:13:31.071Z</time>
      </trkpt>
      <trkpt lat="41.9606518" lon="3.170983199999995">
        <ele>179.8181697445393</ele>
        <time>2026-08-20T15:13:33.071Z</time>
      </trkpt>
      <trkpt lat="41.9606515" lon="3.1709906000000103">
        <ele>179.517238092862</ele>
        <time>2026-08-20T15:13:35.071Z</time>
      </trkpt>
      <trkpt lat="41.9606592" lon="3.171010499999994">
        <ele>178.69163868618233</ele>
        <time>2026-08-20T15:13:37.071Z</time>
      </trkpt>
      <trkpt lat="41.9606773" lon="3.171033499999993">
        <ele>177.7228921241689</ele>
        <time>2026-08-20T15:13:38.904Z</time>
      </trkpt>
      <trkpt lat="41.9607338" lon="3.171042199999988">
        <ele>177.27083865329863</ele>
        <time>2026-08-20T15:13:41.071Z</time>
      </trkpt>
      <trkpt lat="41.9607678" lon="3.1710534000000052">
        <ele>176.7616795501188</ele>
        <time>2026-08-20T15:13:43.081Z</time>
      </trkpt>
      <trkpt lat="41.9607911" lon="3.1710803">
        <ele>175.94120376932264</ele>
        <time>2026-08-20T15:13:45.071Z</time>
      </trkpt>
      <trkpt lat="41.9608123" lon="3.1710946000000035">
        <ele>175.82484824779687</ele>
        <time>2026-08-20T15:13:46.907Z</time>
      </trkpt>
      <trkpt lat="41.9608351" lon="3.1711057999999923">
        <ele>175.81865446809604</ele>
        <time>2026-08-20T15:13:49.071Z</time>
      </trkpt>
      <trkpt lat="41.9608597" lon="3.1711253">
        <ele>175.59961996626984</ele>
        <time>2026-08-20T15:13:51.117Z</time>
      </trkpt>
      <trkpt lat="41.9608842" lon="3.171134599999988">
        <ele>175.67029919967703</ele>
        <time>2026-08-20T15:13:53.071Z</time>
      </trkpt>
      <trkpt lat="41.9609062" lon="3.171149899999989">
        <ele>175.53466600189643</ele>
        <time>2026-08-20T15:13:55.071Z</time>
      </trkpt>
      <trkpt lat="41.9609287" lon="3.171168800000004">
        <ele>175.30237789709076</ele>
        <time>2026-08-20T15:13:57.117Z</time>
      </trkpt>
      <trkpt lat="41.96095" lon="3.1711800999999866">
        <ele>175.27077914542986</ele>
        <time>2026-08-20T15:13:59.023Z</time>
      </trkpt>
      <trkpt lat="41.9609787" lon="3.1711932999999988">
        <ele>175.2857640097812</ele>
        <time>2026-08-20T15:14:01.046Z</time>
      </trkpt>
      <trkpt lat="41.9610027" lon="3.1711899999999957">
        <ele>175.70911319603837</ele>
        <time>2026-08-20T15:14:03.071Z</time>
      </trkpt>
      <trkpt lat="41.9610257" lon="3.1711957999999925">
        <ele>175.85775266562308</ele>
        <time>2026-08-20T15:14:05.071Z</time>
      </trkpt>
      <trkpt lat="41.9610488" lon="3.1712124999999958">
        <ele>175.69465500572124</ele>
        <time>2026-08-20T15:14:07.089Z</time>
      </trkpt>
      <trkpt lat="41.9610671" lon="3.171229199999999">
        <ele>175.47567115195108</ele>
        <time>2026-08-20T15:14:09.117Z</time>
      </trkpt>
      <trkpt lat="41.9610931" lon="3.1712322999999856">
        <ele>175.77143894759362</ele>
        <time>2026-08-20T15:14:11.082Z</time>
      </trkpt>
      <trkpt lat="41.9611152" lon="3.171217299999995">
        <ele>176.50635415975066</ele>
        <time>2026-08-20T15:14:13.161Z</time>
      </trkpt>
      <trkpt lat="41.9611164" lon="3.171213200000011">
        <ele>176.63515727324545</ele>
        <time>2026-08-20T15:14:15.121Z</time>
      </trkpt>
      <trkpt lat="41.961121" lon="3.1712004999999976">
        <ele>177.0448702621161</ele>
        <time>2026-08-20T15:14:17.136Z</time>
      </trkpt>
      <trkpt lat="41.9611355" lon="3.1711995">
        <ele>177.27400940377063</ele>
        <time>2026-08-20T15:14:19.065Z</time>
      </trkpt>
      <trkpt lat="41.9611581" lon="3.1711988000000133">
        <ele>177.60723204676813</ele>
        <time>2026-08-20T15:14:21.117Z</time>
      </trkpt>
      <trkpt lat="41.9611801" lon="3.1711952999999937">
        <ele>178.00294695484712</ele>
        <time>2026-08-20T15:14:23.117Z</time>
      </trkpt>
      <trkpt lat="41.9611907" lon="3.1711744000000124">
        <ele>178.67860124403003</ele>
        <time>2026-08-20T15:14:25.089Z</time>
      </trkpt>
      <trkpt lat="41.9612079" lon="3.1711634000000117">
        <ele>179.18094768358117</ele>
        <time>2026-08-20T15:14:27.117Z</time>
      </trkpt>
      <trkpt lat="41.9612297" lon="3.1711574999999925">
        <ele>179.60821223261078</ele>
        <time>2026-08-20T15:14:29.123Z</time>
      </trkpt>
      <trkpt lat="41.9612525" lon="3.1711473000000012">
        <ele>180.1437460824294</ele>
        <time>2026-08-20T15:14:31.070Z</time>
      </trkpt>
      <trkpt lat="41.9612717" lon="3.1711354999999912">
        <ele>180.66020695490286</ele>
        <time>2026-08-20T15:14:32.933Z</time>
      </trkpt>
      <trkpt lat="41.9612853" lon="3.1711367999999993">
        <ele>180.79779926606182</ele>
        <time>2026-08-20T15:14:35.117Z</time>
      </trkpt>
      <trkpt lat="41.9612977" lon="3.171100700000011">
        <ele>181.7664409493815</ele>
        <time>2026-08-20T15:14:37.117Z</time>
      </trkpt>
      <trkpt lat="41.9613065" lon="3.1710635999999965">
        <ele>182.6341255427728</ele>
        <time>2026-08-20T15:14:39.128Z</time>
      </trkpt>
      <trkpt lat="41.9613099" lon="3.171043200000014">
        <ele>182.9469942967654</ele>
        <time>2026-08-20T15:14:41.117Z</time>
      </trkpt>
      <trkpt lat="41.9613306" lon="3.1710395000000062">
        <ele>183.1825928331152</ele>
        <time>2026-08-20T15:14:42.947Z</time>
      </trkpt>
      <trkpt lat="41.9613551" lon="3.171053900000004">
        <ele>183.07876297350722</ele>
        <time>2026-08-20T15:14:45.117Z</time>
      </trkpt>
      <trkpt lat="41.9613752" lon="3.171038799999991">
        <ele>183.25104633759233</ele>
        <time>2026-08-20T15:14:47.021Z</time>
      </trkpt>
      <trkpt lat="41.961396" lon="3.1710372999999947">
        <ele>183.27251466442195</ele>
        <time>2026-08-20T15:14:48.957Z</time>
      </trkpt>
      <trkpt lat="41.9614202" lon="3.171036700000002">
        <ele>183.28485192765805</ele>
        <time>2026-08-20T15:14:50.989Z</time>
      </trkpt>
      <trkpt lat="41.9614431" lon="3.171048500000012">
        <ele>183.24103985597787</ele>
        <time>2026-08-20T15:14:53.117Z</time>
      </trkpt>
      <trkpt lat="41.9614582" lon="3.171073000000007">
        <ele>183.1437049468725</ele>
        <time>2026-08-20T15:14:55.118Z</time>
      </trkpt>
      <trkpt lat="41.9614804" lon="3.1710825000000114">
        <ele>183.01098969633554</ele>
        <time>2026-08-20T15:14:57.117Z</time>
      </trkpt>
      <trkpt lat="41.9615011" lon="3.1710933999999895">
        <ele>182.84814229114855</ele>
        <time>2026-08-20T15:14:59.150Z</time>
      </trkpt>
      <trkpt lat="41.9615219" lon="3.1711079000000097">
        <ele>182.61564814696234</ele>
        <time>2026-08-20T15:15:01.117Z</time>
      </trkpt>
      <trkpt lat="41.9615369" lon="3.1711103000000094">
        <ele>182.61347990041835</ele>
        <time>2026-08-20T15:15:03.071Z</time>
      </trkpt>
      <trkpt lat="41.9615579" lon="3.1711192999999867">
        <ele>182.49814054016815</ele>
        <time>2026-08-20T15:15:05.117Z</time>
      </trkpt>
      <trkpt lat="41.9615759" lon="3.1711238000000037">
        <ele>182.46548895189952</ele>
        <time>2026-08-20T15:15:06.982Z</time>
      </trkpt>
      <trkpt lat="41.9615966" lon="3.1711289000000136">
        <ele>182.43084133471254</ele>
        <time>2026-08-20T15:15:09.071Z</time>
      </trkpt>
      <trkpt lat="41.9616178" lon="3.1711395000000095">
        <ele>182.30281137846433</ele>
        <time>2026-08-20T15:15:11.157Z</time>
      </trkpt>
      <trkpt lat="41.9616357" lon="3.171147100000013">
        <ele>182.25819462912585</ele>
        <time>2026-08-20T15:15:13.165Z</time>
      </trkpt>
      <trkpt lat="41.9616571" lon="3.1711421999999914">
        <ele>182.48105633991838</ele>
        <time>2026-08-20T15:15:15.125Z</time>
      </trkpt>
      <trkpt lat="41.961682" lon="3.1711295000000064">
        <ele>182.88118977375177</ele>
        <time>2026-08-20T15:15:17.071Z</time>
      </trkpt>
      <trkpt lat="41.9616976" lon="3.171133800000007">
        <ele>182.8877650574272</ele>
        <time>2026-08-20T15:15:18.966Z</time>
      </trkpt>
      <trkpt lat="41.9617197" lon="3.171137299999998">
        <ele>182.94825614184654</ele>
        <time>2026-08-20T15:15:21.167Z</time>
      </trkpt>
      <trkpt lat="41.961743" lon="3.171141199999994">
        <ele>183.00707750045572</ele>
        <time>2026-08-20T15:15:23.117Z</time>
      </trkpt>
      <trkpt lat="41.961759" lon="3.1711515000000077">
        <ele>182.89239335917102</ele>
        <time>2026-08-20T15:15:25.117Z</time>
      </trkpt>
      <trkpt lat="41.961779" lon="3.1711500000000115">
        <ele>183.0399298774824</ele>
        <time>2026-08-20T15:15:27.117Z</time>
      </trkpt>
      <trkpt lat="41.9618009" lon="3.1711429000000066">
        <ele>183.3134618628056</ele>
        <time>2026-08-20T15:15:29.125Z</time>
      </trkpt>
      <trkpt lat="41.9618178" lon="3.171145700000011">
        <ele>183.3554207843094</ele>
        <time>2026-08-20T15:15:31.141Z</time>
      </trkpt>
      <trkpt lat="41.9618369" lon="3.171165699999989">
        <ele>183.05525452038748</ele>
        <time>2026-08-20T15:15:33.148Z</time>
      </trkpt>
      <trkpt lat="41.9618519" lon="3.1711744000000124">
        <ele>182.96216236621413</ele>
        <time>2026-08-20T15:15:35.071Z</time>
      </trkpt>
      <trkpt lat="41.9618695" lon="3.1711763000000133">
        <ele>183.0239618752645</ele>
        <time>2026-08-20T15:15:37.121Z</time>
      </trkpt>
      <trkpt lat="41.9618876" lon="3.1711765000000014">
        <ele>183.1237607221842</ele>
        <time>2026-08-20T15:15:39.002Z</time>
      </trkpt>
      <trkpt lat="41.9619063" lon="3.171164800000014">
        <ele>183.392321080997</ele>
        <time>2026-08-20T15:15:41.048Z</time>
      </trkpt>
      <trkpt lat="41.9619229" lon="3.171159700000004">
        <ele>183.49985895371847</ele>
        <time>2026-08-20T15:15:43.116Z</time>
      </trkpt>
      <trkpt lat="41.961938" lon="3.171161100000006">
        <ele>183.4727694764411</ele>
        <time>2026-08-20T15:15:45.168Z</time>
      </trkpt>
      <trkpt lat="41.9619476" lon="3.1711666999999863">
        <ele>183.3594876926044</ele>
        <time>2026-08-20T15:15:47.117Z</time>
      </trkpt>
      <trkpt lat="41.9619586" lon="3.1711645999999973">
        <ele>183.40396769847726</ele>
        <time>2026-08-20T15:15:49.117Z</time>
      </trkpt>
      <trkpt lat="41.9619588" lon="3.171132099999994">
        <ele>184.065250560744</ele>
        <time>2026-08-20T15:15:50.983Z</time>
      </trkpt>
      <trkpt lat="41.9619651" lon="3.1711176000000023">
        <ele>184.35896441598834</ele>
        <time>2026-08-20T15:15:53.102Z</time>
      </trkpt>
      <trkpt lat="41.9619738" lon="3.1711190999999985">
        <ele>184.32680772759343</ele>
        <time>2026-08-20T15:15:54.989Z</time>
      </trkpt>
      <trkpt lat="41.9619778" lon="3.1711195999999973">
        <ele>184.31592030740833</ele>
        <time>2026-08-20T15:15:56.908Z</time>
      </trkpt>
      <trkpt lat="41.9619918" lon="3.1711163999999883">
        <ele>184.3775440979301</ele>
        <time>2026-08-20T15:15:59.187Z</time>
      </trkpt>
      <trkpt lat="41.9619995" lon="3.1711086999999907">
        <ele>184.53020411001327</ele>
        <time>2026-08-20T15:16:01.071Z</time>
      </trkpt>
      <trkpt lat="41.9620156" lon="3.1711172999999917">
        <ele>184.35446239405448</ele>
        <time>2026-08-20T15:16:03.144Z</time>
      </trkpt>
      <trkpt lat="41.9620178" lon="3.1711106999999856">
        <ele>184.48537933441617</ele>
        <time>2026-08-20T15:16:05.071Z</time>
      </trkpt>
      <trkpt lat="41.9620357" lon="3.17109099999999">
        <ele>184.87025495342667</ele>
        <time>2026-08-20T15:16:07.071Z</time>
      </trkpt>
      <trkpt lat="41.9620523" lon="3.171067800000003">
        <ele>185.1761531998135</ele>
        <time>2026-08-20T15:16:09.081Z</time>
      </trkpt>
      <trkpt lat="41.9620679" lon="3.1710530000000006">
        <ele>184.78269301156422</ele>
        <time>2026-08-20T15:16:11.098Z</time>
      </trkpt>
      <trkpt lat="41.9620758" lon="3.171041400000007">
        <ele>184.47749880007473</ele>
        <time>2026-08-20T15:16:13.114Z</time>
      </trkpt>
      <trkpt lat="41.9620882" lon="3.171042199999988">
        <ele>184.49282989854214</ele>
        <time>2026-08-20T15:16:15.070Z</time>
      </trkpt>
      <trkpt lat="41.9620974" lon="3.171039400000012">
        <ele>184.41628254841066</ele>
        <time>2026-08-20T15:16:17.071Z</time>
      </trkpt>
      <trkpt lat="41.9621031" lon="3.1710371000000066">
        <ele>184.35433860097157</ele>
        <time>2026-08-20T15:16:19.068Z</time>
      </trkpt>
      <trkpt lat="41.9621157" lon="3.1710298000000137">
        <ele>184.1605756162163</ele>
        <time>2026-08-20T15:16:21.116Z</time>
      </trkpt>
      <trkpt lat="41.9621309" lon="3.1710198000000105">
        <ele>183.89707319884107</ele>
        <time>2026-08-20T15:16:23.082Z</time>
      </trkpt>
      <trkpt lat="41.9621454" lon="3.171013700000003">
        <ele>183.73524293910236</ele>
        <time>2026-08-20T15:16:25.099Z</time>
      </trkpt>
      <trkpt lat="41.9621556" lon="3.171009199999986">
        <ele>183.61647039506667</ele>
        <time>2026-08-20T15:16:27.071Z</time>
      </trkpt>
      <trkpt lat="41.9621611" lon="3.1710033999999894">
        <ele>183.46609692170256</ele>
        <time>2026-08-20T15:16:28.884Z</time>
      </trkpt>
      <trkpt lat="41.962177" lon="3.171000399999997">
        <ele>183.40923869374765</ele>
        <time>2026-08-20T15:16:31.043Z</time>
      </trkpt>
      <trkpt lat="41.9621825" lon="3.1710009999999897">
        <ele>183.4410992213724</ele>
        <time>2026-08-20T15:16:32.946Z</time>
      </trkpt>
      <trkpt lat="41.9621957" lon="3.1709974999999986">
        <ele>183.39520425491202</ele>
        <time>2026-08-20T15:16:35.071Z</time>
      </trkpt>
      <trkpt lat="41.9622098" lon="3.170984699999991">
        <ele>183.13303017137042</ele>
        <time>2026-08-20T15:16:37.024Z</time>
      </trkpt>
      <trkpt lat="41.9622271" lon="3.170975900000002">
        <ele>182.99204029733295</ele>
        <time>2026-08-20T15:16:39.071Z</time>
      </trkpt>
      <trkpt lat="41.9622464" lon="3.170963999999998">
        <ele>182.80242786256585</ele>
        <time>2026-08-20T15:16:41.117Z</time>
      </trkpt>
      <trkpt lat="41.9622643" lon="3.170962099999997">
        <ele>182.84212184890072</ele>
        <time>2026-08-20T15:16:43.070Z</time>
      </trkpt>
      <trkpt lat="41.9622839" lon="3.1709537000000125">
        <ele>182.756147712944</ele>
        <time>2026-08-20T15:16:45.117Z</time>
      </trkpt>
      <trkpt lat="41.9623047" lon="3.1709630000000004">
        <ele>183.04631492202324</ele>
        <time>2026-08-20T15:16:47.085Z</time>
      </trkpt>
      <trkpt lat="41.9623227" lon="3.1709604000000127">
        <ele>183.07808921925587</ele>
        <time>2026-08-20T15:16:49.004Z</time>
      </trkpt>
      <trkpt lat="41.9623448" lon="3.170946200000003">
        <ele>182.91843326659614</ele>
        <time>2026-08-20T15:16:51.147Z</time>
      </trkpt>
      <trkpt lat="41.9623634" lon="3.17094689999999">
        <ele>183.0284954718632</ele>
        <time>2026-08-20T15:16:53.116Z</time>
      </trkpt>
      <trkpt lat="41.9623867" lon="3.1709413000000097">
        <ele>183.05591863855662</ele>
        <time>2026-08-20T15:16:55.117Z</time>
      </trkpt>
      <trkpt lat="41.9624045" lon="3.170934999999986">
        <ele>183.05142040454254</ele>
        <time>2026-08-20T15:16:57.117Z</time>
      </trkpt>
      <trkpt lat="41.9624203" lon="3.1709199999999953">
        <ele>182.90953837124692</ele>
        <time>2026-08-20T15:16:59.104Z</time>
      </trkpt>
      <trkpt lat="41.9624416" lon="3.170917000000003">
        <ele>183.00009798865722</ele>
        <time>2026-08-20T15:17:01.117Z</time>
      </trkpt>
      <trkpt lat="41.9624534" lon="3.1709234999999865">
        <ele>183.02050214260902</ele>
        <time>2026-08-20T15:17:02.968Z</time>
      </trkpt>
      <trkpt lat="41.9624707" lon="3.1709232000000043">
        <ele>182.66493069241332</ele>
        <time>2026-08-20T15:17:05.128Z</time>
      </trkpt>
      <trkpt lat="41.9624842" lon="3.1709214999999915">
        <ele>182.37237278683742</ele>
        <time>2026-08-20T15:17:07.117Z</time>
      </trkpt>
      <trkpt lat="41.9624983" lon="3.1709090999999887">
        <ele>181.9718580022925</ele>
        <time>2026-08-20T15:17:09.116Z</time>
      </trkpt>
      <trkpt lat="41.9625098" lon="3.170896599999992">
        <ele>181.65093388690502</ele>
        <time>2026-08-20T15:17:11.117Z</time>
      </trkpt>
      <trkpt lat="41.9625228" lon="3.170896099999993">
        <ele>181.4173543037521</ele>
        <time>2026-08-20T15:17:13.117Z</time>
      </trkpt>
      <trkpt lat="41.9625309" lon="3.1708843000000115">
        <ele>181.20139274729786</ele>
        <time>2026-08-20T15:17:15.117Z</time>
      </trkpt>
      <trkpt lat="41.9625361" lon="3.170885900000002">
        <ele>181.12472468119037</ele>
        <time>2026-08-20T15:17:17.071Z</time>
      </trkpt>
      <trkpt lat="41.9625531" lon="3.1708792999999957">
        <ele>180.81529470883544</ele>
        <time>2026-08-20T15:17:19.169Z</time>
      </trkpt>
      <trkpt lat="41.9625606" lon="3.1708757000000105">
        <ele>180.68354577683712</ele>
        <time>2026-08-20T15:17:21.117Z</time>
      </trkpt>
      <trkpt lat="41.9625627" lon="3.1708830999999975">
        <ele>180.673337851803</ele>
        <time>2026-08-20T15:17:23.071Z</time>
      </trkpt>
      <trkpt lat="41.9625738" lon="3.1708848000000103">
        <ele>180.49495549674447</ele>
        <time>2026-08-20T15:17:24.906Z</time>
      </trkpt>
      <trkpt lat="41.9625784" lon="3.1708949000000075">
        <ele>180.43419640985672</ele>
        <time>2026-08-20T15:17:27.074Z</time>
      </trkpt>
      <trkpt lat="41.9625887" lon="3.1708877000000086">
        <ele>180.24998479259276</ele>
        <time>2026-08-20T15:17:29.071Z</time>
      </trkpt>
      <trkpt lat="41.9626043" lon="3.1708797999999945">
        <ele>179.9956559727373</ele>
        <time>2026-08-20T15:17:31.116Z</time>
      </trkpt>
      <trkpt lat="41.9626149" lon="3.17087699999999">
        <ele>179.8313494784345</ele>
        <time>2026-08-20T15:17:33.080Z</time>
      </trkpt>
      <trkpt lat="41.9626222" lon="3.1708725000000015">
        <ele>179.72875939362575</ele>
        <time>2026-08-20T15:17:35.117Z</time>
      </trkpt>
      <trkpt lat="41.9626293" lon="3.1708710999999994">
        <ele>179.62479694145685</ele>
        <time>2026-08-20T15:17:37.025Z</time>
      </trkpt>
      <trkpt lat="41.9626324" lon="3.1708696999999972">
        <ele>179.58300805758472</ele>
        <time>2026-08-20T15:17:39.071Z</time>
      </trkpt>
      <trkpt lat="41.9626322" lon="3.1708693999999866">
        <ele>179.58715050246445</ele>
        <time>2026-08-20T15:17:40.921Z</time>
      </trkpt>
      <trkpt lat="41.9626467" lon="3.1708620999999937">
        <ele>179.40722052207698</ele>
        <time>2026-08-20T15:17:43.071Z</time>
      </trkpt>
      <trkpt lat="41.9626636" lon="3.170854899999995">
        <ele>179.2147983629806</ele>
        <time>2026-08-20T15:17:45.071Z</time>
      </trkpt>
      <trkpt lat="41.9626706" lon="3.1708513000000096">
        <ele>179.14676500402317</ele>
        <time>2026-08-20T15:17:47.083Z</time>
      </trkpt>
      <trkpt lat="41.9626813" lon="3.170859000000007">
        <ele>178.93882602594135</ele>
        <time>2026-08-20T15:17:49.099Z</time>
      </trkpt>
      <trkpt lat="41.962689" lon="3.170847600000002">
        <ele>178.93764983883074</ele>
        <time>2026-08-20T15:17:51.090Z</time>
      </trkpt>
      <trkpt lat="41.9626857" lon="3.1708428000000026">
        <ele>179.02350882203856</ele>
        <time>2026-08-20T15:17:53.071Z</time>
      </trkpt>
      <trkpt lat="41.9626833" lon="3.170826699999992">
        <ele>179.19488899175607</ele>
        <time>2026-08-20T15:17:55.070Z</time>
      </trkpt>
      <trkpt lat="41.9626816" lon="3.1708155999999974">
        <ele>179.30906284028498</ele>
        <time>2026-08-20T15:17:57.116Z</time>
      </trkpt>
      <trkpt lat="41.9626799" lon="3.1708058000000108">
        <ele>179.40852822128826</ele>
        <time>2026-08-20T15:17:59.008Z</time>
      </trkpt>
      <trkpt lat="41.9626806" lon="3.1708016999999984">
        <ele>179.43735690078762</ele>
        <time>2026-08-20T15:18:00.985Z</time>
      </trkpt>
      <trkpt lat="41.9626758" lon="3.170800700000001">
        <ele>179.48559255482778</ele>
        <time>2026-08-20T15:18:03.071Z</time>
      </trkpt>
      <trkpt lat="41.9626784" lon="3.170802299999991">
        <ele>179.45078408415492</ele>
        <time>2026-08-20T15:18:05.071Z</time>
      </trkpt>
      <trkpt lat="41.962681" lon="3.170796899999999">
        <ele>179.4751380816987</ele>
        <time>2026-08-20T15:18:06.946Z</time>
      </trkpt>
      <trkpt lat="41.9626853" lon="3.1708015000000103">
        <ele>179.39981401244324</ele>
        <time>2026-08-20T15:18:08.963Z</time>
      </trkpt>
      <trkpt lat="41.9626874" lon="3.170805400000006">
        <ele>179.34640616725898</ele>
        <time>2026-08-20T15:18:10.987Z</time>
      </trkpt>
      <trkpt lat="41.9627095" lon="3.1708104999999875">
        <ele>179.09539326496636</ele>
        <time>2026-08-20T15:18:13.028Z</time>
      </trkpt>
      <trkpt lat="41.962739" lon="3.1708261999999934">
        <ele>178.10887070699943</ele>
        <time>2026-08-20T15:18:15.116Z</time>
      </trkpt>
      <trkpt lat="41.9627521" lon="3.17084220000001">
        <ele>177.26050798071</ele>
        <time>2026-08-20T15:18:16.965Z</time>
      </trkpt>
      <trkpt lat="41.9627483" lon="3.170866700000005">
        <ele>177.12048613990544</ele>
        <time>2026-08-20T15:18:19.116Z</time>
      </trkpt>
      <trkpt lat="41.9627461" lon="3.1708724000000075">
        <ele>177.15280866640023</ele>
        <time>2026-08-20T15:18:21.117Z</time>
      </trkpt>
      <trkpt lat="41.9627458" lon="3.1708678999999904">
        <ele>177.2270960864961</ele>
        <time>2026-08-20T15:18:23.071Z</time>
      </trkpt>
      <trkpt lat="41.9627458" lon="3.170868200000001">
        <ele>177.22312495410006</ele>
        <time>2026-08-20T15:18:25.117Z</time>
      </trkpt>
      <trkpt lat="41.9627445" lon="3.170864999999992">
        <ele>177.32915356134995</ele>
        <time>2026-08-20T15:18:27.117Z</time>
      </trkpt>
      <trkpt lat="41.9627454" lon="3.1708658999999955">
        <ele>177.2731654705293</ele>
        <time>2026-08-20T15:18:29.116Z</time>
      </trkpt>
      <trkpt lat="41.9627457" lon="3.1708653999999967">
        <ele>177.26508703169566</ele>
        <time>2026-08-20T15:18:31.117Z</time>
      </trkpt>
      <trkpt lat="41.962746" lon="3.1708653999999967">
        <ele>177.2503925060266</ele>
        <time>2026-08-20T15:18:33.117Z</time>
      </trkpt>
      <trkpt lat="41.9627455" lon="3.170865499999991">
        <ele>177.2735600414656</ele>
        <time>2026-08-20T15:18:35.117Z</time>
      </trkpt>
      <trkpt lat="41.9627446" lon="3.1708659999999895">
        <ele>177.31103357668218</ele>
        <time>2026-08-20T15:18:37.117Z</time>
      </trkpt>
      <trkpt lat="41.9627449" lon="3.1708657000000073">
        <ele>177.30030463187134</ele>
        <time>2026-08-20T15:18:39.117Z</time>
      </trkpt>
      <trkpt lat="41.9627448" lon="3.1708653000000027">
        <ele>177.31049308505055</ele>
        <time>2026-08-20T15:18:41.070Z</time>
      </trkpt>
      <trkpt lat="41.9627448" lon="3.1708652000000086">
        <ele>177.31181556209344</ele>
        <time>2026-08-20T15:18:43.117Z</time>
      </trkpt>
      <trkpt lat="41.9627447" lon="3.1708653000000027">
        <ele>177.31539113689794</ele>
        <time>2026-08-20T15:18:45.070Z</time>
      </trkpt>
      <trkpt lat="41.9627448" lon="3.1708657000000073">
        <ele>177.30520317687245</ele>
        <time>2026-08-20T15:18:47.148Z</time>
      </trkpt>
      <trkpt lat="41.9627448" lon="3.1708658999999955">
        <ele>177.30255822278087</ele>
        <time>2026-08-20T15:18:49.117Z</time>
      </trkpt>
      <trkpt lat="41.9627449" lon="3.170866100000012">
        <ele>177.2950142301863</ele>
        <time>2026-08-20T15:18:51.117Z</time>
      </trkpt>
      <trkpt lat="41.9627464" lon="3.1708657000000073">
        <ele>177.22682645232976</ele>
        <time>2026-08-20T15:18:53.070Z</time>
      </trkpt>
      <trkpt lat="41.9627621" lon="3.170847699999996">
        <ele>176.69964261883453</ele>
        <time>2026-08-20T15:18:55.070Z</time>
      </trkpt>
      <trkpt lat="41.9627664" lon="3.1708242999999925">
        <ele>176.8056556101265</ele>
        <time>2026-08-20T15:18:57.070Z</time>
      </trkpt>
      <trkpt lat="41.9627782" lon="3.170814500000006">
        <ele>176.36729547248672</ele>
        <time>2026-08-20T15:18:59.092Z</time>
      </trkpt>
      <trkpt lat="41.9627826" lon="3.170798999999988">
        <ele>176.36675138550137</ele>
        <time>2026-08-20T15:19:01.070Z</time>
      </trkpt>
      <trkpt lat="41.9627865" lon="3.170796800000005">
        <ele>176.20914382325742</ele>
        <time>2026-08-20T15:19:03.123Z</time>
      </trkpt>
      <trkpt lat="41.9627995" lon="3.1707874999999888">
        <ele>175.47802863402768</ele>
        <time>2026-08-20T15:19:05.070Z</time>
      </trkpt>
      <trkpt lat="41.9628004" lon="3.170784300000008">
        <ele>175.3371631455766</ele>
        <time>2026-08-20T15:19:07.070Z</time>
      </trkpt>
      <trkpt lat="41.9627998" lon="3.1707866000000138">
        <ele>175.43613855603144</ele>
        <time>2026-08-20T15:19:09.070Z</time>
      </trkpt>
      <trkpt lat="41.962812" lon="3.1707864999999913">
        <ele>174.8510351704022</ele>
        <time>2026-08-20T15:19:11.126Z</time>
      </trkpt>
      <trkpt lat="41.9628369" lon="3.170783599999993">
        <ele>173.58077317732491</ele>
        <time>2026-08-20T15:19:13.046Z</time>
      </trkpt>
      <trkpt lat="41.9628528" lon="3.1707514000000003">
        <ele>171.94171538261335</ele>
        <time>2026-08-20T15:19:15.078Z</time>
      </trkpt>
      <trkpt lat="41.9628425" lon="3.1707390999999916">
        <ele>172.06631839337024</ele>
        <time>2026-08-20T15:19:17.116Z</time>
      </trkpt>
      <trkpt lat="41.9628365" lon="3.1707395999999903">
        <ele>172.34965180683903</ele>
        <time>2026-08-20T15:19:19.117Z</time>
      </trkpt>
      <trkpt lat="41.9628221" lon="3.1707245000000057">
        <ele>172.55387625848445</ele>
        <time>2026-08-20T15:19:21.070Z</time>
      </trkpt>
      <trkpt lat="41.9628089" lon="3.170708100000013">
        <ele>172.64114282552507</ele>
        <time>2026-08-20T15:19:23.116Z</time>
      </trkpt>
      <trkpt lat="41.9627943" lon="3.1707077000000083">
        <ele>173.25638920445712</ele>
        <time>2026-08-20T15:19:25.028Z</time>
      </trkpt>
      <trkpt lat="41.9627857" lon="3.170698499999986">
        <ele>173.33635102157075</ele>
        <time>2026-08-20T15:19:27.092Z</time>
      </trkpt>
      <trkpt lat="41.9627862" lon="3.170708399999995">
        <ele>173.6264067866778</ele>
        <time>2026-08-20T15:19:29.116Z</time>
      </trkpt>
      <trkpt lat="41.9627854" lon="3.1707183999999984">
        <ele>173.97569834892045</ele>
        <time>2026-08-20T15:19:31.083Z</time>
      </trkpt>
      <trkpt lat="41.9627786" lon="3.170718899999997">
        <ele>174.28818383088722</ele>
        <time>2026-08-20T15:19:33.070Z</time>
      </trkpt>
      <trkpt lat="41.9627804" lon="3.1707144000000085">
        <ele>174.06658112427564</ele>
        <time>2026-08-20T15:19:35.117Z</time>
      </trkpt>
      <trkpt lat="41.9627803" lon="3.1706997">
        <ele>173.60352101640513</ele>
        <time>2026-08-20T15:19:37.070Z</time>
      </trkpt>
      <trkpt lat="41.9627797" lon="3.170692300000013">
        <ele>173.39345496647346</ele>
        <time>2026-08-20T15:19:39.117Z</time>
      </trkpt>
      <trkpt lat="41.9627796" lon="3.1706872000000033">
        <ele>173.23528563391937</ele>
        <time>2026-08-20T15:19:41.062Z</time>
      </trkpt>
      <trkpt lat="41.9627786" lon="3.170685899999995">
        <ele>173.23554805461393</ele>
        <time>2026-08-20T15:19:43.070Z</time>
      </trkpt>
      <trkpt lat="41.9627797" lon="3.170684599999987">
        <ele>173.1483498925508</ele>
        <time>2026-08-20T15:19:45.003Z</time>
      </trkpt>
      <trkpt lat="41.9627922" lon="3.1706682999999884">
        <ele>172.1220910128789</ele>
        <time>2026-08-20T15:19:46.826Z</time>
      </trkpt>
      <trkpt lat="41.9628028" lon="3.1706432999999947">
        <ele>170.9307887180732</ele>
        <time>2026-08-20T15:19:48.865Z</time>
      </trkpt>
      <trkpt lat="41.9628241" lon="3.170626900000002">
        <ele>169.62003565347612</ele>
        <time>2026-08-20T15:19:50.967Z</time>
      </trkpt>
      <trkpt lat="41.9628411" lon="3.1706172000000095">
        <ele>168.69943262161573</ele>
        <time>2026-08-20T15:19:53.071Z</time>
      </trkpt>
      <trkpt lat="41.962863" lon="3.1706225000000074">
        <ele>168.01997160012183</ele>
        <time>2026-08-20T15:19:55.070Z</time>
      </trkpt>
      <trkpt lat="41.9628797" lon="3.170617700000008">
        <ele>167.26423972277945</ele>
        <time>2026-08-20T15:19:57.070Z</time>
      </trkpt>
      <trkpt lat="41.9628864" lon="3.1705948000000035">
        <ele>166.43084319830535</ele>
        <time>2026-08-20T15:19:59.125Z</time>
      </trkpt>
      <trkpt lat="41.9628877" lon="3.1705947000000094">
        <ele>166.3812932608249</ele>
        <time>2026-08-20T15:20:01.117Z</time>
      </trkpt>
      <trkpt lat="41.9628902" lon="3.1706036999999867">
        <ele>166.5175031404661</ele>
        <time>2026-08-20T15:20:03.070Z</time>
      </trkpt>
      <trkpt lat="41.9628949" lon="3.1705963999999938">
        <ele>166.16325836978885</ele>
        <time>2026-08-20T15:20:05.084Z</time>
      </trkpt>
      <trkpt lat="41.9629084" lon="3.1705913000000123">
        <ele>165.5508794981404</ele>
        <time>2026-08-20T15:20:07.117Z</time>
      </trkpt>
      <trkpt lat="41.9629084" lon="3.170588400000014">
        <ele>165.4810376942954</ele>
        <time>2026-08-20T15:20:09.089Z</time>
      </trkpt>
      <trkpt lat="41.9629109" lon="3.1705829999999935">
        <ele>165.2623462434424</ele>
        <time>2026-08-20T15:20:11.117Z</time>
      </trkpt>
      <trkpt lat="41.9629156" lon="3.1705949999999916">
        <ele>165.37949960842116</ele>
        <time>2026-08-20T15:20:13.064Z</time>
      </trkpt>
      <trkpt lat="41.9629132" lon="3.170604499999996">
        <ele>165.6923758199698</ele>
        <time>2026-08-20T15:20:14.926Z</time>
      </trkpt>
      <trkpt lat="41.9629222" lon="3.1705949999999916">
        <ele>165.1407185768416</ele>
        <time>2026-08-20T15:20:16.821Z</time>
      </trkpt>
      <trkpt lat="41.9629359" lon="3.170591800000011">
        <ele>164.57329830710592</ele>
        <time>2026-08-20T15:20:18.908Z</time>
      </trkpt>
      <trkpt lat="41.9629431" lon="3.170600400000012">
        <ele>164.50334759344065</ele>
        <time>2026-08-20T15:20:20.947Z</time>
      </trkpt>
      <trkpt lat="41.9629512" lon="3.170601000000005">
        <ele>164.22056870841607</ele>
        <time>2026-08-20T15:20:22.826Z</time>
      </trkpt>
      <trkpt lat="41.9629561" lon="3.1705910000000017">
        <ele>163.82940605484836</ele>
        <time>2026-08-20T15:20:25.070Z</time>
      </trkpt>
      <trkpt lat="41.9629641" lon="3.1705948999999976">
        <ele>163.62274782208286</ele>
        <time>2026-08-20T15:20:26.983Z</time>
      </trkpt>
      <trkpt lat="41.9629714" lon="3.1705962999999997">
        <ele>163.38709208782362</ele>
        <time>2026-08-20T15:20:28.862Z</time>
      </trkpt>
      <trkpt lat="41.9629927" lon="3.170609000000013">
        <ele>162.8562158161735</ele>
        <time>2026-08-20T15:20:31.006Z</time>
      </trkpt>
      <trkpt lat="41.9630032" lon="3.1706092999999953">
        <ele>162.47299946440856</ele>
        <time>2026-08-20T15:20:32.869Z</time>
      </trkpt>
      <trkpt lat="41.9630157" lon="3.170637699999986">
        <ele>162.29326795406456</ele>
        <time>2026-08-20T15:20:34.924Z</time>
      </trkpt>
      <trkpt lat="41.9630283" lon="3.170658099999997">
        <ele>161.9169526121438</ele>
        <time>2026-08-20T15:20:37.117Z</time>
      </trkpt>
      <trkpt lat="41.9630339" lon="3.1706662999999935">
        <ele>161.7269524609899</ele>
        <time>2026-08-20T15:20:39.041Z</time>
      </trkpt>
      <trkpt lat="41.9630443" lon="3.1706714999999974">
        <ele>161.19823535515857</ele>
        <time>2026-08-20T15:20:41.089Z</time>
      </trkpt>
      <trkpt lat="41.9630421" lon="3.170668699999993">
        <ele>161.28256792377715</ele>
        <time>2026-08-20T15:20:42.967Z</time>
      </trkpt>
      <trkpt lat="41.9630542" lon="3.1706781000000035">
        <ele>160.71612593809522</ele>
        <time>2026-08-20T15:20:45.126Z</time>
      </trkpt>
      <trkpt lat="41.9630617" lon="3.1706914000000097">
        <ele>160.4750608836117</ele>
        <time>2026-08-20T15:20:47.046Z</time>
      </trkpt>
      <trkpt lat="41.9630733" lon="3.1707111999999995">
        <ele>160.0713319052596</ele>
        <time>2026-08-20T15:20:49.070Z</time>
      </trkpt>
      <trkpt lat="41.9630893" lon="3.1707236999999964">
        <ele>159.26820550307025</ele>
        <time>2026-08-20T15:20:51.070Z</time>
      </trkpt>
      <trkpt lat="41.9631068" lon="3.17073640000001">
        <ele>158.35429850593275</ele>
        <time>2026-08-20T15:20:53.083Z</time>
      </trkpt>
      <trkpt lat="41.9631151" lon="3.170746400000013">
        <ele>157.96423959204407</ele>
        <time>2026-08-20T15:20:54.946Z</time>
      </trkpt>
      <trkpt lat="41.9631079" lon="3.170750499999997">
        <ele>158.4716625806158</ele>
        <time>2026-08-20T15:20:56.768Z</time>
      </trkpt>
      <trkpt lat="41.9631208" lon="3.170779699999997">
        <ele>158.02361968162623</ele>
        <time>2026-08-20T15:20:58.766Z</time>
      </trkpt>
      <trkpt lat="41.9631407" lon="3.170804699999991">
        <ele>156.75091519820316</ele>
        <time>2026-08-20T15:21:01.117Z</time>
      </trkpt>
      <trkpt lat="41.9631511" lon="3.1708183000000076">
        <ele>155.92399578775021</ele>
        <time>2026-08-20T15:21:03.117Z</time>
      </trkpt>
      <trkpt lat="41.9631525" lon="3.1708149000000105">
        <ele>155.87192110313453</ele>
        <time>2026-08-20T15:21:05.168Z</time>
      </trkpt>
      <trkpt lat="41.963153" lon="3.17079480000001">
        <ele>156.06404054895052</ele>
        <time>2026-08-20T15:21:07.116Z</time>
      </trkpt>
      <trkpt lat="41.9631582" lon="3.1707959999999957">
        <ele>155.71194416655416</ele>
        <time>2026-08-20T15:21:08.926Z</time>
      </trkpt>
      <trkpt lat="41.9631601" lon="3.1708011999999997">
        <ele>155.5314516763727</ele>
        <time>2026-08-20T15:21:11.070Z</time>
      </trkpt>
      <trkpt lat="41.9631633" lon="3.1708102000000054">
        <ele>155.22642965931624</ele>
        <time>2026-08-20T15:21:13.116Z</time>
      </trkpt>
      <trkpt lat="41.9631692" lon="3.1708273000000133">
        <ele>154.66402454967684</ele>
        <time>2026-08-20T15:21:15.070Z</time>
      </trkpt>
      <trkpt lat="41.963174" lon="3.170861400000007">
        <ele>154.00139417550716</ele>
        <time>2026-08-20T15:21:17.070Z</time>
      </trkpt>
      <trkpt lat="41.9631672" lon="3.1709004999999877">
        <ele>154.01179245044375</ele>
        <time>2026-08-20T15:21:18.949Z</time>
      </trkpt>
      <trkpt lat="41.9631612" lon="3.170952199999988">
        <ele>153.81835527910593</ele>
        <time>2026-08-20T15:21:21.028Z</time>
      </trkpt>
      <trkpt lat="41.9631505" lon="3.170995000000005">
        <ele>153.97468675973775</ele>
        <time>2026-08-20T15:21:23.084Z</time>
      </trkpt>
      <trkpt lat="41.9631447" lon="3.1710291999999924">
        <ele>153.91988155563718</ele>
        <time>2026-08-20T15:21:24.908Z</time>
      </trkpt>
      <trkpt lat="41.9631486" lon="3.171066499999995">
        <ele>153.27587666650177</ele>
        <time>2026-08-20T15:21:27.116Z</time>
      </trkpt>
      <trkpt lat="41.9631401" lon="3.171092200000004">
        <ele>153.21911719214265</ele>
        <time>2026-08-20T15:21:29.070Z</time>
      </trkpt>
      <trkpt lat="41.9631262" lon="3.171121499999998">
        <ele>153.299384166628</ele>
        <time>2026-08-20T15:21:31.070Z</time>
      </trkpt>
      <trkpt lat="41.9631136" lon="3.171145200000012">
        <ele>153.40777889154612</ele>
        <time>2026-08-20T15:21:33.117Z</time>
      </trkpt>
      <trkpt lat="41.9630998" lon="3.1711594999999875">
        <ele>153.77846911016368</ele>
        <time>2026-08-20T15:21:34.944Z</time>
      </trkpt>
      <trkpt lat="41.9630849" lon="3.171184299999993">
        <ele>153.92482630955425</ele>
        <time>2026-08-20T15:21:37.086Z</time>
      </trkpt>
      <trkpt lat="41.9630755" lon="3.1712180000000103">
        <ele>153.54133325260162</ele>
        <time>2026-08-20T15:21:39.070Z</time>
      </trkpt>
      <trkpt lat="41.9630626" lon="3.171248100000014">
        <ele>153.38769531592726</ele>
        <time>2026-08-20T15:21:40.982Z</time>
      </trkpt>
      <trkpt lat="41.9630535" lon="3.1712852">
        <ele>152.83920532768693</ele>
        <time>2026-08-20T15:21:43.070Z</time>
      </trkpt>
      <trkpt lat="41.9630431" lon="3.171321500000005">
        <ele>152.33864463221613</ele>
        <time>2026-08-20T15:21:45.070Z</time>
      </trkpt>
      <trkpt lat="41.9630341" lon="3.171351399999992">
        <ele>151.92915530378485</ele>
        <time>2026-08-20T15:21:46.906Z</time>
      </trkpt>
      <trkpt lat="41.9630211" lon="3.1713770000000068">
        <ele>151.88716936474532</ele>
        <time>2026-08-20T15:21:48.945Z</time>
      </trkpt>
      <trkpt lat="41.9630095" lon="3.1713929000000007">
        <ele>151.99563712930373</ele>
        <time>2026-08-20T15:21:50.823Z</time>
      </trkpt>
      <trkpt lat="41.9630073" lon="3.1713913000000105">
        <ele>152.12453413880195</ele>
        <time>2026-08-20T15:21:53.006Z</time>
      </trkpt>
      <trkpt lat="41.9629916" lon="3.171398299999993">
        <ele>152.58244389053303</ele>
        <time>2026-08-20T15:21:55.124Z</time>
      </trkpt>
      <trkpt lat="41.9629812" lon="3.1714054999999917">
        <ele>152.81710675808395</ele>
        <time>2026-08-20T15:21:57.117Z</time>
      </trkpt>
      <trkpt lat="41.962968" lon="3.1714302999999973">
        <ele>152.72462897603705</ele>
        <time>2026-08-20T15:21:59.069Z</time>
      </trkpt>
      <trkpt lat="41.9629506" lon="3.171458400000006">
        <ele>152.69644843205666</ele>
        <time>2026-08-20T15:22:01.070Z</time>
      </trkpt>
      <trkpt lat="41.9629334" lon="3.1714886999999976">
        <ele>152.5843899980273</ele>
        <time>2026-08-20T15:22:03.005Z</time>
      </trkpt>
      <trkpt lat="41.9629177" lon="3.17152440000001">
        <ele>152.256346985152</ele>
        <time>2026-08-20T15:22:05.124Z</time>
      </trkpt>
      <trkpt lat="41.9629037" lon="3.171556900000013">
        <ele>151.92663897140395</ele>
        <time>2026-08-20T15:22:07.106Z</time>
      </trkpt>
      <trkpt lat="41.9628928" lon="3.1715863999999954">
        <ele>151.54667649284963</ele>
        <time>2026-08-20T15:22:09.106Z</time>
      </trkpt>
      <trkpt lat="41.9628802" lon="3.1716188000000045">
        <ele>151.13563504486254</ele>
        <time>2026-08-20T15:22:11.070Z</time>
      </trkpt>
      <trkpt lat="41.9628643" lon="3.1716536000000133">
        <ele>150.971778611323</ele>
        <time>2026-08-20T15:22:13.080Z</time>
      </trkpt>
      <trkpt lat="41.962847" lon="3.171680699999996">
        <ele>151.0430861527048</ele>
        <time>2026-08-20T15:22:15.112Z</time>
      </trkpt>
      <trkpt lat="41.9628293" lon="3.171701799999994">
        <ele>151.22084091893655</ele>
        <time>2026-08-20T15:22:16.927Z</time>
      </trkpt>
      <trkpt lat="41.9628079" lon="3.171730800000006">
        <ele>151.34090685379942</ele>
        <time>2026-08-20T15:22:19.087Z</time>
      </trkpt>
      <trkpt lat="41.9627909" lon="3.1717548999999963">
        <ele>151.3923959266544</ele>
        <time>2026-08-20T15:22:21.070Z</time>
      </trkpt>
      <trkpt lat="41.9627717" lon="3.1717802999999947">
        <ele>151.4639242427846</ele>
        <time>2026-08-20T15:22:23.007Z</time>
      </trkpt>
      <trkpt lat="41.9627498" lon="3.1718064000000084">
        <ele>151.5773535005181</ele>
        <time>2026-08-20T15:22:25.127Z</time>
      </trkpt>
      <trkpt lat="41.9627304" lon="3.1718303000000105">
        <ele>151.63679200688102</ele>
        <time>2026-08-20T15:22:27.116Z</time>
      </trkpt>
      <trkpt lat="41.9627113" lon="3.1718496999999957">
        <ele>151.67878733776013</ele>
        <time>2026-08-20T15:22:28.959Z</time>
      </trkpt>
      <trkpt lat="41.9626883" lon="3.1718740999999966">
        <ele>151.6470991474882</ele>
        <time>2026-08-20T15:22:31.117Z</time>
      </trkpt>
      <trkpt lat="41.9626663" lon="3.171894100000003">
        <ele>151.66676427596312</ele>
        <time>2026-08-20T15:22:33.086Z</time>
      </trkpt>
      <trkpt lat="41.9626448" lon="3.171912700000007">
        <ele>151.71814176832996</ele>
        <time>2026-08-20T15:22:35.070Z</time>
      </trkpt>
      <trkpt lat="41.962622" lon="3.1719309000000067">
        <ele>151.82733213771988</ele>
        <time>2026-08-20T15:22:37.043Z</time>
      </trkpt>
      <trkpt lat="41.9626024" lon="3.1719521999999927">
        <ele>151.77407189969654</ele>
        <time>2026-08-20T15:22:39.070Z</time>
      </trkpt>
      <trkpt lat="41.9625807" lon="3.1719663000000082">
        <ele>151.88883177592956</ele>
        <time>2026-08-20T15:22:41.070Z</time>
      </trkpt>
      <trkpt lat="41.9625605" lon="3.171981299999999">
        <ele>151.93102252612852</ele>
        <time>2026-08-20T15:22:42.929Z</time>
      </trkpt>
      <trkpt lat="41.9625384" lon="3.172003899999993">
        <ele>151.80200728336524</ele>
        <time>2026-08-20T15:22:45.007Z</time>
      </trkpt>
      <trkpt lat="41.9625178" lon="3.172024300000004">
        <ele>151.66331881748928</ele>
        <time>2026-08-20T15:22:47.070Z</time>
      </trkpt>
      <trkpt lat="41.9624947" lon="3.1720387000000017">
        <ele>151.68636850847503</ele>
        <time>2026-08-20T15:22:48.949Z</time>
      </trkpt>
      <trkpt lat="41.9624738" lon="3.1720550999999944">
        <ele>151.59577231665392</ele>
        <time>2026-08-20T15:22:51.085Z</time>
      </trkpt>
      <trkpt lat="41.9624522" lon="3.1720742999999914">
        <ele>151.41274622268693</ele>
        <time>2026-08-20T15:22:53.116Z</time>
      </trkpt>
      <trkpt lat="41.9624344" lon="3.172097000000008">
        <ele>150.9966447483366</ele>
        <time>2026-08-20T15:22:55.069Z</time>
      </trkpt>
      <trkpt lat="41.9624079" lon="3.172115600000012">
        <ele>150.74094483831894</ele>
        <time>2026-08-20T15:22:56.923Z</time>
      </trkpt>
      <trkpt lat="41.9623852" lon="3.172132199999993">
        <ele>150.47646846585735</ele>
        <time>2026-08-20T15:22:59.027Z</time>
      </trkpt>
      <trkpt lat="41.9623582" lon="3.1721463000000085">
        <ele>150.30130826011737</ele>
        <time>2026-08-20T15:23:01.114Z</time>
      </trkpt>
      <trkpt lat="41.962331" lon="3.1721654000000115">
        <ele>149.94632055868215</ele>
        <time>2026-08-20T15:23:02.945Z</time>
      </trkpt>
      <trkpt lat="41.9623034" lon="3.1721819999999923">
        <ele>149.6407995573921</ele>
        <time>2026-08-20T15:23:05.024Z</time>
      </trkpt>
      <trkpt lat="41.9622751" lon="3.1721991000000003">
        <ele>149.4708016854155</ele>
        <time>2026-08-20T15:23:07.103Z</time>
      </trkpt>
      <trkpt lat="41.9622463" lon="3.172216700000007">
        <ele>149.30283271346727</ele>
        <time>2026-08-20T15:23:09.175Z</time>
      </trkpt>
      <trkpt lat="41.9622224" lon="3.1722335999999984">
        <ele>149.106486567186</ele>
        <time>2026-08-20T15:23:11.117Z</time>
      </trkpt>
      <trkpt lat="41.9621961" lon="3.1722522000000026">
        <ele>148.88289235561305</ele>
        <time>2026-08-20T15:23:13.117Z</time>
      </trkpt>
      <trkpt lat="41.9621749" lon="3.17227410000001">
        <ele>148.54141786619266</ele>
        <time>2026-08-20T15:23:14.948Z</time>
      </trkpt>
      <trkpt lat="41.9621493" lon="3.1722962999999993">
        <ele>148.25276216569273</ele>
        <time>2026-08-20T15:23:17.028Z</time>
      </trkpt>
      <trkpt lat="41.9621215" lon="3.1723116999999945">
        <ele>148.1150358205787</ele>
        <time>2026-08-20T15:23:19.070Z</time>
      </trkpt>
      <trkpt lat="41.9620965" lon="3.1723216999999977">
        <ele>148.05981554074663</ele>
        <time>2026-08-20T15:23:20.884Z</time>
      </trkpt>
      <trkpt lat="41.9620655" lon="3.1723358000000133">
        <ele>147.91769556099615</ele>
        <time>2026-08-20T15:23:23.026Z</time>
      </trkpt>
      <trkpt lat="41.9620392" lon="3.172345699999994">
        <ele>147.8267911809152</ele>
        <time>2026-08-20T15:23:25.117Z</time>
      </trkpt>
      <trkpt lat="41.9620102" lon="3.172352200000006">
        <ele>147.83027151012573</ele>
        <time>2026-08-20T15:23:27.116Z</time>
      </trkpt>
      <trkpt lat="41.9619817" lon="3.172355799999991">
        <ele>147.90294135281195</ele>
        <time>2026-08-20T15:23:29.117Z</time>
      </trkpt>
      <trkpt lat="41.9619517" lon="3.1723579000000086">
        <ele>148.02348978153353</ele>
        <time>2026-08-20T15:23:31.117Z</time>
      </trkpt>
      <trkpt lat="41.9619235" lon="3.1723553999999865">
        <ele>148.27769657457608</ele>
        <time>2026-08-20T15:23:33.067Z</time>
      </trkpt>
      <trkpt lat="41.9618931" lon="3.172357000000005">
        <ele>148.41312133932684</ele>
        <time>2026-08-20T15:23:35.070Z</time>
      </trkpt>
      <trkpt lat="41.9618573" lon="3.172355799999991">
        <ele>148.67218887955664</ele>
        <time>2026-08-20T15:23:37.070Z</time>
      </trkpt>
      <trkpt lat="41.9618391" lon="3.172334500000005">
        <ele>149.49949480379595</ele>
        <time>2026-08-20T15:23:39.005Z</time>
      </trkpt>
      <trkpt lat="41.9618219" lon="3.1723234000000105">
        <ele>149.97558884544242</ele>
        <time>2026-08-20T15:23:41.163Z</time>
      </trkpt>
      <trkpt lat="41.9618109" lon="3.172375399999993">
        <ele>148.298175441324</ele>
        <time>2026-08-20T15:23:43.074Z</time>
      </trkpt>
      <trkpt lat="41.9617712" lon="3.172352100000012">
        <ele>149.32085375355703</ele>
        <time>2026-08-20T15:23:45.106Z</time>
      </trkpt>
      <trkpt lat="41.9617299" lon="3.1723551000000043">
        <ele>149.47254427904835</ele>
        <time>2026-08-20T15:23:47.104Z</time>
      </trkpt>
      <trkpt lat="41.9616963" lon="3.172352499999988">
        <ele>149.7634418301281</ele>
        <time>2026-08-20T15:23:49.069Z</time>
      </trkpt>
      <trkpt lat="41.9616658" lon="3.1723460999999986">
        <ele>150.16014898795748</ele>
        <time>2026-08-20T15:23:51.070Z</time>
      </trkpt>
      <trkpt lat="41.9616375" lon="3.172343100000006">
        <ele>150.43034419853612</ele>
        <time>2026-08-20T15:23:53.070Z</time>
      </trkpt>
      <trkpt lat="41.961612" lon="3.172338599999989">
        <ele>150.73996306688696</ele>
        <time>2026-08-20T15:23:54.965Z</time>
      </trkpt>
      <trkpt lat="41.961589" lon="3.172331899999989">
        <ele>151.22698104891856</ele>
        <time>2026-08-20T15:23:56.957Z</time>
      </trkpt>
      <trkpt lat="41.9615596" lon="3.1723256999999876">
        <ele>151.7633486052361</ele>
        <time>2026-08-20T15:23:58.924Z</time>
      </trkpt>
      <trkpt lat="41.9615314" lon="3.172317800000002">
        <ele>152.32829635246821</ele>
        <time>2026-08-20T15:24:01.100Z</time>
      </trkpt>
      <trkpt lat="41.9615045" lon="3.1723196000000087">
        <ele>152.5773859988695</ele>
        <time>2026-08-20T15:24:03.069Z</time>
      </trkpt>
      <trkpt lat="41.9614795" lon="3.1723202000000015">
        <ele>152.8425181562715</ele>
        <time>2026-08-20T15:24:04.883Z</time>
      </trkpt>
      <trkpt lat="41.9614521" lon="3.1723187999999993">
        <ele>153.19253429323382</ele>
        <time>2026-08-20T15:24:07.082Z</time>
      </trkpt>
      <trkpt lat="41.9614238" lon="3.1723255999999935">
        <ele>153.3237121162164</ele>
        <time>2026-08-20T15:24:09.070Z</time>
      </trkpt>
      <trkpt lat="41.9613957" lon="3.172327999999993">
        <ele>153.58134732751532</ele>
        <time>2026-08-20T15:24:11.002Z</time>
      </trkpt>
      <trkpt lat="41.9613667" lon="3.172334400000011">
        <ele>153.74853062969916</ele>
        <time>2026-08-20T15:24:13.081Z</time>
      </trkpt>
      <trkpt lat="41.9613379" lon="3.172330499999987">
        <ele>154.18449659211177</ele>
        <time>2026-08-20T15:24:15.070Z</time>
      </trkpt>
      <trkpt lat="41.961308" lon="3.1723207999999943">
        <ele>154.45685195207872</ele>
        <time>2026-08-20T15:24:16.929Z</time>
      </trkpt>
      <trkpt lat="41.961286" lon="3.172319200000004">
        <ele>154.49054428426538</ele>
        <time>2026-08-20T15:24:19.069Z</time>
      </trkpt>
      <trkpt lat="41.9612605" lon="3.1723129000000085">
        <ele>154.62464038124216</ele>
        <time>2026-08-20T15:24:21.070Z</time>
      </trkpt>
      <trkpt lat="41.961237" lon="3.172304099999991">
        <ele>154.80003232471535</ele>
        <time>2026-08-20T15:24:22.946Z</time>
      </trkpt>
      <trkpt lat="41.9612095" lon="3.1722977000000014">
        <ele>154.90527701830496</ele>
        <time>2026-08-20T15:24:25.070Z</time>
      </trkpt>
      <trkpt lat="41.9611866" lon="3.17228639999999">
        <ele>155.09614556209425</ele>
        <time>2026-08-20T15:24:27.082Z</time>
      </trkpt>
      <trkpt lat="41.9611666" lon="3.172280999999998">
        <ele>155.16348537048603</ele>
        <time>2026-08-20T15:24:28.946Z</time>
      </trkpt>
      <trkpt lat="41.9611442" lon="3.172270999999995">
        <ele>155.29706952072104</ele>
        <time>2026-08-20T15:24:30.948Z</time>
      </trkpt>
      <trkpt lat="41.9611232" lon="3.1722546999999963">
        <ele>155.51997273651912</ele>
        <time>2026-08-20T15:24:33.028Z</time>
      </trkpt>
      <trkpt lat="41.9611036" lon="3.172236199999986">
        <ele>155.75418190166096</ele>
        <time>2026-08-20T15:24:35.070Z</time>
      </trkpt>
      <trkpt lat="41.961079" lon="3.172215599999987">
        <ele>155.96724911582953</ele>
        <time>2026-08-20T15:24:36.909Z</time>
      </trkpt>
      <trkpt lat="41.9610611" lon="3.1721991000000003">
        <ele>156.11708022786573</ele>
        <time>2026-08-20T15:24:39.029Z</time>
      </trkpt>
      <trkpt lat="41.961042" lon="3.172175199999998">
        <ele>156.06636141499052</ele>
        <time>2026-08-20T15:24:41.069Z</time>
      </trkpt>
      <trkpt lat="41.9610273" lon="3.172144000000003">
        <ele>156.25732033756333</ele>
        <time>2026-08-20T15:24:43.101Z</time>
      </trkpt>
      <trkpt lat="41.9610094" lon="3.172120199999995">
        <ele>156.21192556207095</ele>
        <time>2026-08-20T15:24:45.070Z</time>
      </trkpt>
      <trkpt lat="41.9609896" lon="3.1720960000000105">
        <ele>156.1113599099989</ele>
        <time>2026-08-20T15:24:47.070Z</time>
      </trkpt>
      <trkpt lat="41.9609705" lon="3.172072899999989">
        <ele>155.9995685746183</ele>
        <time>2026-08-20T15:24:48.927Z</time>
      </trkpt>
      <trkpt lat="41.9609521" lon="3.1720486000000108">
        <ele>155.919075745987</ele>
        <time>2026-08-20T15:24:51.008Z</time>
      </trkpt>
      <trkpt lat="41.9609355" lon="3.1720221999999865">
        <ele>155.91717313318728</ele>
        <time>2026-08-20T15:24:53.071Z</time>
      </trkpt>
      <trkpt lat="41.9609216" lon="3.1719954000000143">
        <ele>155.99046044678576</ele>
        <time>2026-08-20T15:24:55.089Z</time>
      </trkpt>
      <trkpt lat="41.9609088" lon="3.171968800000002">
        <ele>156.0839469018835</ele>
        <time>2026-08-20T15:24:57.070Z</time>
      </trkpt>
      <trkpt lat="41.9608899" lon="3.171937299999996">
        <ele>156.07382901681632</ele>
        <time>2026-08-20T15:24:59.044Z</time>
      </trkpt>
      <trkpt lat="41.9608741" lon="3.1719158999999877">
        <ele>155.97085876849042</ele>
        <time>2026-08-20T15:25:01.125Z</time>
      </trkpt>
      <trkpt lat="41.9608552" lon="3.171889099999987">
        <ele>155.9404860743348</ele>
        <time>2026-08-20T15:25:03.070Z</time>
      </trkpt>
      <trkpt lat="41.9608343" lon="3.171859699999999">
        <ele>155.98547114837962</ele>
        <time>2026-08-20T15:25:05.070Z</time>
      </trkpt>
      <trkpt lat="41.960816" lon="3.1718362000000013">
        <ele>156.00230446512933</ele>
        <time>2026-08-20T15:25:07.077Z</time>
      </trkpt>
      <trkpt lat="41.9607962" lon="3.1718093000000067">
        <ele>156.08322126759265</ele>
        <time>2026-08-20T15:25:09.095Z</time>
      </trkpt>
      <trkpt lat="41.9607716" lon="3.1717839000000083">
        <ele>156.09261254374854</ele>
        <time>2026-08-20T15:25:11.070Z</time>
      </trkpt>
      <trkpt lat="41.9607483" lon="3.17175850000001">
        <ele>156.304061521237</ele>
        <time>2026-08-20T15:25:13.128Z</time>
      </trkpt>
      <trkpt lat="41.9607231" lon="3.1717350000000124">
        <ele>156.46570806321893</ele>
        <time>2026-08-20T15:25:15.070Z</time>
      </trkpt>
      <trkpt lat="41.960697" lon="3.171712299999996">
        <ele>156.62237063057907</ele>
        <time>2026-08-20T15:25:17.070Z</time>
      </trkpt>
      <trkpt lat="41.9606659" lon="3.1716882000000055">
        <ele>156.76930519700383</ele>
        <time>2026-08-20T15:25:19.070Z</time>
      </trkpt>
      <trkpt lat="41.9606525" lon="3.171668000000011">
        <ele>157.11308934352974</ele>
        <time>2026-08-20T15:25:21.082Z</time>
      </trkpt>
      <trkpt lat="41.9606551" lon="3.1716604000000075">
        <ele>157.3596755751292</ele>
        <time>2026-08-20T15:25:23.070Z</time>
      </trkpt>
      <trkpt lat="41.9606635" lon="3.1716710999999975">
        <ele>157.19487776996775</ele>
        <time>2026-08-20T15:25:25.043Z</time>
      </trkpt>
      <trkpt lat="41.9606623" lon="3.1716778999999917">
        <ele>156.99238353622263</ele>
        <time>2026-08-20T15:25:27.070Z</time>
      </trkpt>
      <trkpt lat="41.9606893" lon="3.1716949000000056">
        <ele>156.95708904097324</ele>
        <time>2026-08-20T15:25:29.070Z</time>
      </trkpt>
      <trkpt lat="41.9607127" lon="3.1717264000000114">
        <ele>156.51298065889807</ele>
        <time>2026-08-20T15:25:31.070Z</time>
      </trkpt>
      <trkpt lat="41.9607365" lon="3.171751999999998">
        <ele>156.26248662999598</ele>
        <time>2026-08-20T15:25:33.029Z</time>
      </trkpt>
      <trkpt lat="41.9607535" lon="3.171776399999999">
        <ele>155.95145999995054</ele>
        <time>2026-08-20T15:25:34.989Z</time>
      </trkpt>
      <trkpt lat="41.960777" lon="3.1718012999999985">
        <ele>155.7699541140594</ele>
        <time>2026-08-20T15:25:37.070Z</time>
      </trkpt>
      <trkpt lat="41.9607988" lon="3.1718271000000016">
        <ele>155.73520869913034</ele>
        <time>2026-08-20T15:25:39.070Z</time>
      </trkpt>
      <trkpt lat="41.9608142" lon="3.1718581000000086">
        <ele>155.44649119697524</ele>
        <time>2026-08-20T15:25:41.070Z</time>
      </trkpt>
      <trkpt lat="41.9608262" lon="3.1718897000000084">
        <ele>155.0713565153033</ele>
        <time>2026-08-20T15:25:43.150Z</time>
      </trkpt>
      <trkpt lat="41.9608371" lon="3.1719042">
        <ele>155.06799780374953</ele>
        <time>2026-08-20T15:25:45.070Z</time>
      </trkpt>
      <trkpt lat="41.9608476" lon="3.171934099999987">
        <ele>154.87503846258087</ele>
        <time>2026-08-20T15:25:46.967Z</time>
      </trkpt>
      <trkpt lat="41.9608631" lon="3.1719554000000016">
        <ele>154.9740656569867</ele>
        <time>2026-08-20T15:25:49.117Z</time>
      </trkpt>
      <trkpt lat="41.9608609" lon="3.17197010000001">
        <ele>154.660993258634</ele>
        <time>2026-08-20T15:25:51.069Z</time>
      </trkpt>
      <trkpt lat="41.9608444" lon="3.171982600000007">
        <ele>153.96977607524576</ele>
        <time>2026-08-20T15:25:53.027Z</time>
      </trkpt>
      <trkpt lat="41.9608321" lon="3.171996000000007">
        <ele>153.38992982987435</ele>
        <time>2026-08-20T15:25:54.845Z</time>
      </trkpt>
      <trkpt lat="41.9608177" lon="3.1720130999999867">
        <ele>152.69268998700397</ele>
        <time>2026-08-20T15:25:56.845Z</time>
      </trkpt>
      <trkpt lat="41.96081" lon="3.172043400000007">
        <ele>151.976946442928</ele>
        <time>2026-08-20T15:25:58.982Z</time>
      </trkpt>
      <trkpt lat="41.9608079" lon="3.172081800000001">
        <ele>151.29163864949996</ele>
        <time>2026-08-20T15:26:01.023Z</time>
      </trkpt>
      <trkpt lat="41.9608063" lon="3.172114999999991">
        <ele>150.70656144191</ele>
        <time>2026-08-20T15:26:03.095Z</time>
      </trkpt>
      <trkpt lat="41.9608087" lon="3.1721272999999997">
        <ele>150.57223723612884</ele>
        <time>2026-08-20T15:26:05.070Z</time>
      </trkpt>
      <trkpt lat="41.9607923" lon="3.172126600000013">
        <ele>150.1334616178531</ele>
        <time>2026-08-20T15:26:07.070Z</time>
      </trkpt>
      <trkpt lat="41.9607707" lon="3.1721186999999986">
        <ele>149.6715066116826</ele>
        <time>2026-08-20T15:26:09.007Z</time>
      </trkpt>
      <trkpt lat="41.9607557" lon="3.172128700000002">
        <ele>149.10292503260615</ele>
        <time>2026-08-20T15:26:11.070Z</time>
      </trkpt>
      <trkpt lat="41.9607434" lon="3.1721412999999927">
        <ele>148.55636476628356</ele>
        <time>2026-08-20T15:26:13.070Z</time>
      </trkpt>
      <trkpt lat="41.9607377" lon="3.1721536999999955">
        <ele>148.18838807062366</ele>
        <time>2026-08-20T15:26:15.082Z</time>
      </trkpt>
      <trkpt lat="41.9607331" lon="3.1721623999999906">
        <ele>147.91113908727408</ele>
        <time>2026-08-20T15:26:17.069Z</time>
      </trkpt>
      <trkpt lat="41.9607186" lon="3.1721713999999963">
        <ele>147.34686926391336</ele>
        <time>2026-08-20T15:26:18.883Z</time>
      </trkpt>
      <trkpt lat="41.9607182" lon="3.1721898000000124">
        <ele>147.06644300676197</ele>
        <time>2026-08-20T15:26:20.988Z</time>
      </trkpt>
      <trkpt lat="41.9607278" lon="3.1721947999999998">
        <ele>147.29952886064822</ele>
        <time>2026-08-20T15:26:22.924Z</time>
      </trkpt>
      <trkpt lat="41.9607247" lon="3.172204999999991">
        <ele>147.12160532160766</ele>
        <time>2026-08-20T15:26:25.070Z</time>
      </trkpt>
      <trkpt lat="41.960728" lon="3.172229299999998">
        <ele>147.00952151478123</ele>
        <time>2026-08-20T15:26:27.116Z</time>
      </trkpt>
      <trkpt lat="41.9607065" lon="3.172243299999991">
        <ele>146.2396968769017</ele>
        <time>2026-08-20T15:26:29.070Z</time>
      </trkpt>
      <trkpt lat="41.9606852" lon="3.1722651999999982">
        <ele>145.38234305457715</ele>
        <time>2026-08-20T15:26:31.070Z</time>
      </trkpt>
      <trkpt lat="41.9606703" lon="3.172290299999986">
        <ele>144.66789721849386</ele>
        <time>2026-08-20T15:26:33.070Z</time>
      </trkpt>
      <trkpt lat="41.9606571" lon="3.1723168000000044">
        <ele>143.97284743527152</ele>
        <time>2026-08-20T15:26:34.965Z</time>
      </trkpt>
      <trkpt lat="41.9606408" lon="3.1723427000000015">
        <ele>143.1628564325628</ele>
        <time>2026-08-20T15:26:37.069Z</time>
      </trkpt>
      <trkpt lat="41.9606288" lon="3.1723703000000114">
        <ele>142.45517558116327</ele>
        <time>2026-08-20T15:26:38.884Z</time>
      </trkpt>
      <trkpt lat="41.9606245" lon="3.1724049999999977">
        <ele>141.91363818184442</ele>
        <time>2026-08-20T15:26:41.069Z</time>
      </trkpt>
      <trkpt lat="41.9606282" lon="3.1724352999999894">
        <ele>141.69880849362855</ele>
        <time>2026-08-20T15:26:42.906Z</time>
      </trkpt>
      <trkpt lat="41.9606086" lon="3.1724761000000115">
        <ele>140.68093847887587</ele>
        <time>2026-08-20T15:26:44.929Z</time>
      </trkpt>
      <trkpt lat="41.9606004" lon="3.1725008999999886">
        <ele>140.3658688311725</ele>
        <time>2026-08-20T15:26:46.928Z</time>
      </trkpt>
      <trkpt lat="41.9606082" lon="3.172527699999989">
        <ele>140.6377925187916</ele>
        <time>2026-08-20T15:26:48.969Z</time>
      </trkpt>
      <trkpt lat="41.9606173" lon="3.172548000000006">
        <ele>140.96678430048678</ele>
        <time>2026-08-20T15:26:51.063Z</time>
      </trkpt>
      <trkpt lat="41.9606085" lon="3.172579100000007">
        <ele>140.620671734948</ele>
        <time>2026-08-20T15:26:52.968Z</time>
      </trkpt>
      <trkpt lat="41.9606102" lon="3.172610700000007">
        <ele>140.668271155483</ele>
        <time>2026-08-20T15:26:55.065Z</time>
      </trkpt>
      <trkpt lat="41.9606252" lon="3.172641199999987">
        <ele>141.23152337288107</ele>
        <time>2026-08-20T15:26:57.128Z</time>
      </trkpt>
      <trkpt lat="41.9606366" lon="3.1726660999999865">
        <ele>141.6673921528454</ele>
        <time>2026-08-20T15:26:59.116Z</time>
      </trkpt>
      <trkpt lat="41.9606527" lon="3.1726865999999916">
        <ele>142.29524513890368</ele>
        <time>2026-08-20T15:27:01.069Z</time>
      </trkpt>
      <trkpt lat="41.9606537" lon="3.1727175000000045">
        <ele>142.33597458274346</ele>
        <time>2026-08-20T15:27:03.041Z</time>
      </trkpt>
      <trkpt lat="41.9606587" lon="3.172742800000009">
        <ele>142.5373250046042</ele>
        <time>2026-08-20T15:27:04.921Z</time>
      </trkpt>
      <trkpt lat="41.9606747" lon="3.1727732999999887">
        <ele>143.17502501782076</ele>
        <time>2026-08-20T15:27:06.826Z</time>
      </trkpt>
      <trkpt lat="41.9606768" lon="3.172803299999998">
        <ele>143.25647327503694</ele>
        <time>2026-08-20T15:27:09.066Z</time>
      </trkpt>
      <trkpt lat="41.9606718" lon="3.172838299999995">
        <ele>143.0622251676195</ele>
        <time>2026-08-20T15:27:11.082Z</time>
      </trkpt>
      <trkpt lat="41.9606636" lon="3.1728702999999996">
        <ele>142.75088319059236</ele>
        <time>2026-08-20T15:27:13.065Z</time>
      </trkpt>
      <trkpt lat="41.9606531" lon="3.1728999999999985">
        <ele>142.3598741969666</ele>
        <time>2026-08-20T15:27:14.984Z</time>
      </trkpt>
      <trkpt lat="41.9606459" lon="3.1729328000000123">
        <ele>142.1018194909402</ele>
        <time>2026-08-20T15:27:17.024Z</time>
      </trkpt>
      <trkpt lat="41.9606302" lon="3.1729580999999882">
        <ele>141.53389704452394</ele>
        <time>2026-08-20T15:27:19.007Z</time>
      </trkpt>
      <trkpt lat="41.9606148" lon="3.172978900000004">
        <ele>140.98448787638821</ele>
        <time>2026-08-20T15:27:20.983Z</time>
      </trkpt>
      <trkpt lat="41.9606016" lon="3.1730024000000014">
        <ele>140.52668784884634</ele>
        <time>2026-08-20T15:27:22.885Z</time>
      </trkpt>
      <trkpt lat="41.9605825" lon="3.17301599999999">
        <ele>139.85341259889304</ele>
        <time>2026-08-20T15:27:24.725Z</time>
      </trkpt>
      <trkpt lat="41.960566" lon="3.173029000000014">
        <ele>139.24232098732577</ele>
        <time>2026-08-20T15:27:26.644Z</time>
      </trkpt>
      <trkpt lat="41.960546" lon="3.1730499999999893">
        <ele>138.53581621224</ele>
        <time>2026-08-20T15:27:28.587Z</time>
      </trkpt>
      <trkpt lat="41.9605373" lon="3.1730679000000066">
        <ele>138.2539157726406</ele>
        <time>2026-08-20T15:27:30.865Z</time>
      </trkpt>
      <trkpt lat="41.9605176" lon="3.173080800000008">
        <ele>137.65246406237085</ele>
        <time>2026-08-20T15:27:33.070Z</time>
      </trkpt>
      <trkpt lat="41.960497" lon="3.1730975000000115">
        <ele>137.0655455301686</ele>
        <time>2026-08-20T15:27:35.070Z</time>
      </trkpt>
      <trkpt lat="41.9604784" lon="3.173124599999994">
        <ele>136.5312543188755</ele>
        <time>2026-08-20T15:27:37.047Z</time>
      </trkpt>
      <trkpt lat="41.960456" lon="3.173144199999996">
        <ele>135.8340352108007</ele>
        <time>2026-08-20T15:27:39.086Z</time>
      </trkpt>
      <trkpt lat="41.9604355" lon="3.1731623999999954">
        <ele>135.1876711094651</ele>
        <time>2026-08-20T15:27:41.086Z</time>
      </trkpt>
      <trkpt lat="41.9604153" lon="3.173191199999991">
        <ele>134.56886439387793</ele>
        <time>2026-08-20T15:27:43.068Z</time>
      </trkpt>
      <trkpt lat="41.9604051" lon="3.1732231999999954">
        <ele>134.2919275198523</ele>
        <time>2026-08-20T15:27:45.084Z</time>
      </trkpt>
      <trkpt lat="41.9603948" lon="3.1732624999999928">
        <ele>134.01998211232143</ele>
        <time>2026-08-20T15:27:47.070Z</time>
      </trkpt>
      <trkpt lat="41.960385" lon="3.173294300000009">
        <ele>133.74073545377234</ele>
        <time>2026-08-20T15:27:48.881Z</time>
      </trkpt>
      <trkpt lat="41.9603642" lon="3.1733078000000035">
        <ele>133.05592638118733</ele>
        <time>2026-08-20T15:27:51.043Z</time>
      </trkpt>
      <trkpt lat="41.9603564" lon="3.1733375999999964">
        <ele>132.912608249167</ele>
        <time>2026-08-20T15:27:53.117Z</time>
      </trkpt>
      <trkpt lat="41.9603498" lon="3.1733734999999967">
        <ele>132.83620731981472</ele>
        <time>2026-08-20T15:27:55.082Z</time>
      </trkpt>
      <trkpt lat="41.9603364" lon="3.173405800000012">
        <ele>132.490301717186</ele>
        <time>2026-08-20T15:27:57.100Z</time>
      </trkpt>
      <trkpt lat="41.9603287" lon="3.1734385999999972">
        <ele>132.34948469912666</ele>
        <time>2026-08-20T15:27:59.115Z</time>
      </trkpt>
      <trkpt lat="41.9603132" lon="3.1734570000000133">
        <ele>131.85353915150887</ele>
        <time>2026-08-20T15:28:01.070Z</time>
      </trkpt>
      <trkpt lat="41.9602986" lon="3.1734798999999896">
        <ele>131.4042947197044</ele>
        <time>2026-08-20T15:28:03.070Z</time>
      </trkpt>
      <trkpt lat="41.960295" lon="3.173518300000012">
        <ele>131.42410346852432</ele>
        <time>2026-08-20T15:28:05.108Z</time>
      </trkpt>
      <trkpt lat="41.9602936" lon="3.1735352000000034">
        <ele>131.43901541383408</ele>
        <time>2026-08-20T15:28:06.949Z</time>
      </trkpt>
      <trkpt lat="41.9602805" lon="3.1735592999999938">
        <ele>131.03734316732468</ele>
        <time>2026-08-20T15:28:09.021Z</time>
      </trkpt>
      <trkpt lat="41.9602565" lon="3.173577800000004">
        <ele>130.2118559758477</ele>
        <time>2026-08-20T15:28:11.062Z</time>
      </trkpt>
      <trkpt lat="41.9602365" lon="3.173603600000007">
        <ele>129.70988111913042</ele>
        <time>2026-08-20T15:28:13.118Z</time>
      </trkpt>
      <trkpt lat="41.9602374" lon="3.173645599999986">
        <ele>130.16325839469857</ele>
        <time>2026-08-20T15:28:15.117Z</time>
      </trkpt>
      <trkpt lat="41.9602551" lon="3.1736854000000108">
        <ele>131.16704727461197</ele>
        <time>2026-08-20T15:28:17.069Z</time>
      </trkpt>
      <trkpt lat="41.9602532" lon="3.1737234">
        <ele>131.46071558399086</ele>
        <time>2026-08-20T15:28:19.070Z</time>
      </trkpt>
      <trkpt lat="41.9602435" lon="3.173763500000007">
        <ele>131.53406997775065</ele>
        <time>2026-08-20T15:28:21.072Z</time>
      </trkpt>
      <trkpt lat="41.9602315" lon="3.173798099999999">
        <ele>131.5097442491859</ele>
        <time>2026-08-20T15:28:23.117Z</time>
      </trkpt>
      <trkpt lat="41.9602236" lon="3.1738303999999857">
        <ele>131.60965011339292</ele>
        <time>2026-08-20T15:28:25.105Z</time>
      </trkpt>
      <trkpt lat="41.9602176" lon="3.1738665999999967">
        <ele>131.7608099334596</ele>
        <time>2026-08-20T15:28:27.120Z</time>
      </trkpt>
      <trkpt lat="41.9602164" lon="3.1738975000000096">
        <ele>131.97675413590957</ele>
        <time>2026-08-20T15:28:29.069Z</time>
      </trkpt>
      <trkpt lat="41.9602049" lon="3.1739307999999937">
        <ele>131.84755536376193</ele>
        <time>2026-08-20T15:28:31.116Z</time>
      </trkpt>
      <trkpt lat="41.9602034" lon="3.173967900000008">
        <ele>132.09565483921347</ele>
        <time>2026-08-20T15:28:33.117Z</time>
      </trkpt>
      <trkpt lat="41.960198" lon="3.1740033000000096">
        <ele>132.18598632994113</ele>
        <time>2026-08-20T15:28:35.072Z</time>
      </trkpt>
      <trkpt lat="41.9601881" lon="3.17403809999999">
        <ele>132.09889835722117</ele>
        <time>2026-08-20T15:28:37.087Z</time>
      </trkpt>
      <trkpt lat="41.9601813" lon="3.1740746000000115">
        <ele>132.13060943907146</ele>
        <time>2026-08-20T15:28:38.984Z</time>
      </trkpt>
      <trkpt lat="41.960176" lon="3.1741107">
        <ele>132.20867232940236</ele>
        <time>2026-08-20T15:28:40.896Z</time>
      </trkpt>
      <trkpt lat="41.9601726" lon="3.1741587999999865">
        <ele>132.41409224744157</ele>
        <time>2026-08-20T15:28:43.069Z</time>
      </trkpt>
      <trkpt lat="41.9601702" lon="3.174193400000007">
        <ele>132.54621991396056</ele>
        <time>2026-08-20T15:28:45.007Z</time>
      </trkpt>
      <trkpt lat="41.9601681" lon="3.174228499999998">
        <ele>132.69285313251945</ele>
        <time>2026-08-20T15:28:47.102Z</time>
      </trkpt>
      <trkpt lat="41.9601648" lon="3.1742649999999912">
        <ele>132.80173498656757</ele>
        <time>2026-08-20T15:28:49.117Z</time>
      </trkpt>
      <trkpt lat="41.960167" lon="3.174299100000013">
        <ele>133.10819150415472</ele>
        <time>2026-08-20T15:28:51.084Z</time>
      </trkpt>
      <trkpt lat="41.9601648" lon="3.1743333000000007">
        <ele>133.2444043300922</ele>
        <time>2026-08-20T15:28:53.101Z</time>
      </trkpt>
      <trkpt lat="41.9601647" lon="3.174365800000004">
        <ele>133.4511471469449</ele>
        <time>2026-08-20T15:28:54.964Z</time>
      </trkpt>
      <trkpt lat="41.960166" lon="3.1744038999999873">
        <ele>133.74884926273546</ele>
        <time>2026-08-20T15:28:57.069Z</time>
      </trkpt>
      <trkpt lat="41.9601711" lon="3.1744439">
        <ele>134.1253084958652</ele>
        <time>2026-08-20T15:28:59.070Z</time>
      </trkpt>
      <trkpt lat="41.9601874" lon="3.1744740999999976">
        <ele>134.8525986260142</ele>
        <time>2026-08-20T15:29:01.117Z</time>
      </trkpt>
      <trkpt lat="41.9601886" lon="3.1745174000000134">
        <ele>135.051510594027</ele>
        <time>2026-08-20T15:29:02.965Z</time>
      </trkpt>
      <trkpt lat="41.9601873" lon="3.1745521999999937">
        <ele>135.13098565732903</ele>
        <time>2026-08-20T15:29:04.989Z</time>
      </trkpt>
      <trkpt lat="41.9601918" lon="3.1745937999999967">
        <ele>135.43007126154225</ele>
        <time>2026-08-20T15:29:07.117Z</time>
      </trkpt>
      <trkpt lat="41.9602001" lon="3.1746267000000046">
        <ele>135.80976598110004</ele>
        <time>2026-08-20T15:29:09.070Z</time>
      </trkpt>
      <trkpt lat="41.9602021" lon="3.1746684999999957">
        <ele>136.0047024817423</ele>
        <time>2026-08-20T15:29:11.133Z</time>
      </trkpt>
      <trkpt lat="41.9602036" lon="3.174695899999989">
        <ele>136.1806553664014</ele>
        <time>2026-08-20T15:29:13.117Z</time>
      </trkpt>
      <trkpt lat="41.9602119" lon="3.1747207999999887">
        <ele>136.628491725002</ele>
        <time>2026-08-20T15:29:15.070Z</time>
      </trkpt>
      <trkpt lat="41.9602102" lon="3.1747482000000105">
        <ele>136.80006872051595</ele>
        <time>2026-08-20T15:29:17.070Z</time>
      </trkpt>
      <trkpt lat="41.9602024" lon="3.1747799999999984">
        <ele>136.83953421112747</ele>
        <time>2026-08-20T15:29:18.906Z</time>
      </trkpt>
      <trkpt lat="41.9601993" lon="3.174815599999988">
        <ele>137.0497901105864</ele>
        <time>2026-08-20T15:29:20.986Z</time>
      </trkpt>
      <trkpt lat="41.9601946" lon="3.174846500000001">
        <ele>137.183619560203</ele>
        <time>2026-08-20T15:29:23.042Z</time>
      </trkpt>
      <trkpt lat="41.9601903" lon="3.174886299999997">
        <ele>137.41054049868768</ele>
        <time>2026-08-20T15:29:25.081Z</time>
      </trkpt>
      <trkpt lat="41.9601863" lon="3.174917300000004">
        <ele>137.57680979483112</ele>
        <time>2026-08-20T15:29:27.070Z</time>
      </trkpt>
      <trkpt lat="41.9601798" lon="3.1749564000000134">
        <ele>137.76029326113144</ele>
        <time>2026-08-20T15:29:29.117Z</time>
      </trkpt>
      <trkpt lat="41.9601713" lon="3.174994599999991">
        <ele>137.82212686364744</ele>
        <time>2026-08-20T15:29:31.175Z</time>
      </trkpt>
      <trkpt lat="41.9601621" lon="3.175032200000004">
        <ele>137.852499876352</ele>
        <time>2026-08-20T15:29:33.080Z</time>
      </trkpt>
      <trkpt lat="41.9601516" lon="3.175067399999989">
        <ele>137.8511925788149</ele>
        <time>2026-08-20T15:29:35.117Z</time>
      </trkpt>
      <trkpt lat="41.9601365" lon="3.17510759999999">
        <ele>137.80064604761958</ele>
        <time>2026-08-20T15:29:37.117Z</time>
      </trkpt>
      <trkpt lat="41.9601171" lon="3.17513790000001">
        <ele>137.61300214394947</ele>
        <time>2026-08-20T15:29:39.016Z</time>
      </trkpt>
      <trkpt lat="41.960095" lon="3.175191500000011">
        <ele>137.57055331365456</ele>
        <time>2026-08-20T15:29:41.086Z</time>
      </trkpt>
      <trkpt lat="41.9600806" lon="3.1752309999999966">
        <ele>137.6017934881699</ele>
        <time>2026-08-20T15:29:43.086Z</time>
      </trkpt>
      <trkpt lat="41.9600707" lon="3.175272299999989">
        <ele>137.578876479554</ele>
        <time>2026-08-20T15:29:45.068Z</time>
      </trkpt>
      <trkpt lat="41.9600626" lon="3.1753209000000027">
        <ele>137.56122164979328</ele>
        <time>2026-08-20T15:29:47.027Z</time>
      </trkpt>
      <trkpt lat="41.9600601" lon="3.17535749999999">
        <ele>137.61936712416968</ele>
        <time>2026-08-20T15:29:49.117Z</time>
      </trkpt>
      <trkpt lat="41.9600572" lon="3.1753967999999873">
        <ele>137.68791475005807</ele>
        <time>2026-08-20T15:29:51.117Z</time>
      </trkpt>
      <trkpt lat="41.9600515" lon="3.1754300000000057">
        <ele>137.71900593828684</ele>
        <time>2026-08-20T15:29:53.070Z</time>
      </trkpt>
      <trkpt lat="41.9600451" lon="3.175468499999994">
        <ele>137.77717447404402</ele>
        <time>2026-08-20T15:29:55.117Z</time>
      </trkpt>
      <trkpt lat="41.9600386" lon="3.175495799999993">
        <ele>137.81591927279993</ele>
        <time>2026-08-20T15:29:57.070Z</time>
      </trkpt>
      <trkpt lat="41.9600374" lon="3.175534199999987">
        <ele>137.92562522452792</ele>
        <time>2026-08-20T15:29:59.117Z</time>
      </trkpt>
      <trkpt lat="41.9600346" lon="3.175573899999989">
        <ele>137.99861776058273</ele>
        <time>2026-08-20T15:30:01.106Z</time>
      </trkpt>
      <trkpt lat="41.9600312" lon="3.175603499999994">
        <ele>138.05977039406113</ele>
        <time>2026-08-20T15:30:03.082Z</time>
      </trkpt>
      <trkpt lat="41.9600339" lon="3.175640399999992">
        <ele>138.14898667772877</ele>
        <time>2026-08-20T15:30:05.097Z</time>
      </trkpt>
      <trkpt lat="41.9600339" lon="3.175677900000011">
        <ele>138.2351470887688</ele>
        <time>2026-08-20T15:30:07.117Z</time>
      </trkpt>
      <trkpt lat="41.9600401" lon="3.175715999999994">
        <ele>138.29003109797225</ele>
        <time>2026-08-20T15:30:09.129Z</time>
      </trkpt>
      <trkpt lat="41.9600464" lon="3.1757452999999884">
        <ele>138.30167577791872</ele>
        <time>2026-08-20T15:30:11.117Z</time>
      </trkpt>
      <trkpt lat="41.9600556" lon="3.1757776000000035">
        <ele>138.26783033510043</ele>
        <time>2026-08-20T15:30:13.116Z</time>
      </trkpt>
      <trkpt lat="41.9600543" lon="3.175810399999989">
        <ele>138.29712368701118</ele>
        <time>2026-08-20T15:30:15.086Z</time>
      </trkpt>
      <trkpt lat="41.9600516" lon="3.1758423999999934">
        <ele>138.31199956225112</ele>
        <time>2026-08-20T15:30:17.078Z</time>
      </trkpt>
      <trkpt lat="41.9600597" lon="3.1758783999999878">
        <ele>138.19244640737674</ele>
        <time>2026-08-20T15:30:19.094Z</time>
      </trkpt>
      <trkpt lat="41.9600695" lon="3.1759171999999865">
        <ele>138.0287837334229</ele>
        <time>2026-08-20T15:30:21.117Z</time>
      </trkpt>
      <trkpt lat="41.9600807" lon="3.1759547999999995">
        <ele>137.82236837237687</ele>
        <time>2026-08-20T15:30:23.070Z</time>
      </trkpt>
      <trkpt lat="41.9600924" lon="3.175991900000014">
        <ele>137.58305532029777</ele>
        <time>2026-08-20T15:30:25.139Z</time>
      </trkpt>
      <trkpt lat="41.960103" lon="3.1760294999999985">
        <ele>137.33546517773522</ele>
        <time>2026-08-20T15:30:27.070Z</time>
      </trkpt>
      <trkpt lat="41.9601142" lon="3.176070299999992">
        <ele>137.04501886656175</ele>
        <time>2026-08-20T15:30:29.070Z</time>
      </trkpt>
      <trkpt lat="41.9601246" lon="3.176101100000011">
        <ele>136.7865525342647</ele>
        <time>2026-08-20T15:30:30.882Z</time>
      </trkpt>
      <trkpt lat="41.9601359" lon="3.1761352000000045">
        <ele>136.49118749933845</ele>
        <time>2026-08-20T15:30:32.922Z</time>
      </trkpt>
      <trkpt lat="41.9601531" lon="3.176164699999987">
        <ele>136.06268089243176</ele>
        <time>2026-08-20T15:30:34.922Z</time>
      </trkpt>
      <trkpt lat="41.9601654" lon="3.1762018999999952">
        <ele>135.6921236011362</ele>
        <time>2026-08-20T15:30:36.906Z</time>
      </trkpt>
      <trkpt lat="41.9601768" lon="3.1762391999999977">
        <ele>135.31819694007544</ele>
        <time>2026-08-20T15:30:39.002Z</time>
      </trkpt>
      <trkpt lat="41.9601975" lon="3.1762712999999962">
        <ele>134.7185076308073</ele>
        <time>2026-08-20T15:30:41.117Z</time>
      </trkpt>
      <trkpt lat="41.9602186" lon="3.1763044999999863">
        <ele>134.0695778637536</ele>
        <time>2026-08-20T15:30:43.144Z</time>
      </trkpt>
      <trkpt lat="41.9602317" lon="3.176330400000012">
        <ele>133.54132269733455</ele>
        <time>2026-08-20T15:30:45.117Z</time>
      </trkpt>
      <trkpt lat="41.9602528" lon="3.176355099999995">
        <ele>132.6941638603781</ele>
        <time>2026-08-20T15:30:47.063Z</time>
      </trkpt>
      <trkpt lat="41.9602702" lon="3.176378999999997">
        <ele>132.0227654082872</ele>
        <time>2026-08-20T15:30:49.116Z</time>
      </trkpt>
      <trkpt lat="41.9602829" lon="3.1764056000000096">
        <ele>131.52669323842917</ele>
        <time>2026-08-20T15:30:51.147Z</time>
      </trkpt>
      <trkpt lat="41.9602919" lon="3.1764274999999884">
        <ele>131.17979261571097</ele>
        <time>2026-08-20T15:30:53.123Z</time>
      </trkpt>
      <trkpt lat="41.9603065" lon="3.1764565999999945">
        <ele>130.65062125614233</ele>
        <time>2026-08-20T15:30:55.161Z</time>
      </trkpt>
      <trkpt lat="41.9603178" lon="3.176478199999991">
        <ele>130.25809400335297</ele>
        <time>2026-08-20T15:30:57.080Z</time>
      </trkpt>
      <trkpt lat="41.9603383" lon="3.176507700000002">
        <ele>129.58780689591046</ele>
        <time>2026-08-20T15:30:59.116Z</time>
      </trkpt>
      <trkpt lat="41.9603463" lon="3.1765450000000044">
        <ele>129.31887517400156</ele>
        <time>2026-08-20T15:31:01.109Z</time>
      </trkpt>
      <trkpt lat="41.9603549" lon="3.176582200000013">
        <ele>129.04889084246093</ele>
        <time>2026-08-20T15:31:03.069Z</time>
      </trkpt>
      <trkpt lat="41.9603686" lon="3.1766159999999957">
        <ele>128.65515397050933</ele>
        <time>2026-08-20T15:31:05.117Z</time>
      </trkpt>
      <trkpt lat="41.9603831" lon="3.176641899999993">
        <ele>128.30307959720355</ele>
        <time>2026-08-20T15:31:07.117Z</time>
      </trkpt>
      <trkpt lat="41.9604038" lon="3.1766706999999883">
        <ele>127.90142340637694</ele>
        <time>2026-08-20T15:31:09.068Z</time>
      </trkpt>
      <trkpt lat="41.9604188" lon="3.176698799999997">
        <ele>127.64974914985088</ele>
        <time>2026-08-20T15:31:10.905Z</time>
      </trkpt>
      <trkpt lat="41.9604331" lon="3.176731100000012">
        <ele>127.43929257338544</ele>
        <time>2026-08-20T15:31:12.923Z</time>
      </trkpt>
      <trkpt lat="41.9604513" lon="3.1767567999999926">
        <ele>127.08304907119455</ele>
        <time>2026-08-20T15:31:15.027Z</time>
      </trkpt>
      <trkpt lat="41.9604659" lon="3.176778600000006">
        <ele>126.80259376617813</ele>
        <time>2026-08-20T15:31:17.026Z</time>
      </trkpt>
      <trkpt lat="41.9604798" lon="3.176799100000011">
        <ele>126.53308790406756</ele>
        <time>2026-08-20T15:31:18.913Z</time>
      </trkpt>
      <trkpt lat="41.960495" lon="3.176825699999995">
        <ele>126.26016314474124</ele>
        <time>2026-08-20T15:31:21.069Z</time>
      </trkpt>
      <trkpt lat="41.9605134" lon="3.1768505000000005">
        <ele>125.98672049698033</ele>
        <time>2026-08-20T15:31:23.117Z</time>
      </trkpt>
      <trkpt lat="41.9605334" lon="3.176875499999994">
        <ele>125.74534796951124</ele>
        <time>2026-08-20T15:31:25.117Z</time>
      </trkpt>
      <trkpt lat="41.9605553" lon="3.1768969000000027">
        <ele>125.46679073233452</ele>
        <time>2026-08-20T15:31:27.005Z</time>
      </trkpt>
      <trkpt lat="41.960576" lon="3.1769180000000006">
        <ele>125.2537521868275</ele>
        <time>2026-08-20T15:31:29.067Z</time>
      </trkpt>
      <trkpt lat="41.9605991" lon="3.1769366000000048">
        <ele>125.0489479141854</ele>
        <time>2026-08-20T15:31:31.114Z</time>
      </trkpt>
      <trkpt lat="41.9606197" lon="3.1769510999999966">
        <ele>124.84967317091478</ele>
        <time>2026-08-20T15:31:33.069Z</time>
      </trkpt>
      <trkpt lat="41.9606429" lon="3.176965700000011">
        <ele>124.61233183987787</ele>
        <time>2026-08-20T15:31:35.069Z</time>
      </trkpt>
      <trkpt lat="41.9606645" lon="3.176979100000011">
        <ele>124.39610602037479</ele>
        <time>2026-08-20T15:31:37.069Z</time>
      </trkpt>
      <trkpt lat="41.9606865" lon="3.1769926999999996">
        <ele>124.1822721639012</ele>
        <time>2026-08-20T15:31:39.041Z</time>
      </trkpt>
      <trkpt lat="41.9607078" lon="3.1770050000000083">
        <ele>123.97059868982853</ele>
        <time>2026-08-20T15:31:41.104Z</time>
      </trkpt>
      <trkpt lat="41.9607273" lon="3.177019900000005">
        <ele>123.83075674684224</ele>
        <time>2026-08-20T15:31:43.116Z</time>
      </trkpt>
      <trkpt lat="41.9607461" lon="3.1770368999999903">
        <ele>123.73813756092282</ele>
        <time>2026-08-20T15:31:45.117Z</time>
      </trkpt>
      <trkpt lat="41.9607672" lon="3.177050600000001">
        <ele>123.56889834772876</ele>
        <time>2026-08-20T15:31:46.942Z</time>
      </trkpt>
      <trkpt lat="41.9607924" lon="3.1770615000000078">
        <ele>123.51272151763771</ele>
        <time>2026-08-20T15:31:48.965Z</time>
      </trkpt>
      <trkpt lat="41.9608172" lon="3.177073699999994">
        <ele>123.66331703322768</ele>
        <time>2026-08-20T15:31:51.108Z</time>
      </trkpt>
      <trkpt lat="41.9608363" lon="3.177094000000011">
        <ele>123.93684761202772</ele>
        <time>2026-08-20T15:31:53.069Z</time>
      </trkpt>
      <trkpt lat="41.9608561" lon="3.1771155000000135">
        <ele>124.2313040344022</ele>
        <time>2026-08-20T15:31:55.069Z</time>
      </trkpt>
      <trkpt lat="41.9608746" lon="3.1771400000000085">
        <ele>124.57427421503498</ele>
        <time>2026-08-20T15:31:57.116Z</time>
      </trkpt>
      <trkpt lat="41.9608953" lon="3.1771597000000042">
        <ele>124.85143004853617</ele>
        <time>2026-08-20T15:31:59.117Z</time>
      </trkpt>
      <trkpt lat="41.9609149" lon="3.1771782000000144">
        <ele>125.11561203422207</ele>
        <time>2026-08-20T15:32:01.004Z</time>
      </trkpt>
      <trkpt lat="41.9609387" lon="3.1772029999999916">
        <ele>125.49329431707933</ele>
        <time>2026-08-20T15:32:03.067Z</time>
      </trkpt>
      <trkpt lat="41.9609556" lon="3.1772221999999886">
        <ele>125.79851236027415</ele>
        <time>2026-08-20T15:32:05.080Z</time>
      </trkpt>
      <trkpt lat="41.9609729" lon="3.177239600000007">
        <ele>126.07244276644741</ele>
        <time>2026-08-20T15:32:06.887Z</time>
      </trkpt>
      <trkpt lat="41.9609786" lon="3.1772631000000047">
        <ele>126.44706220747729</ele>
        <time>2026-08-20T15:32:09.005Z</time>
      </trkpt>
      <trkpt lat="41.9609984" lon="3.1772827000000063">
        <ele>126.75099776491673</ele>
        <time>2026-08-20T15:32:10.926Z</time>
      </trkpt>
      <trkpt lat="41.9610296" lon="3.1772986999999944">
        <ele>126.98848498136705</ele>
        <time>2026-08-20T15:32:12.885Z</time>
      </trkpt>
      <trkpt lat="41.9610543" lon="3.177316499999989">
        <ele>127.25499158391898</ele>
        <time>2026-08-20T15:32:14.925Z</time>
      </trkpt>
      <trkpt lat="41.9610714" lon="3.177346599999993">
        <ele>127.72136010377652</ele>
        <time>2026-08-20T15:32:16.885Z</time>
      </trkpt>
      <trkpt lat="41.9610891" lon="3.1773799999999994">
        <ele>128.20581259570633</ele>
        <time>2026-08-20T15:32:19.078Z</time>
      </trkpt>
      <trkpt lat="41.9611" lon="3.1774128000000132">
        <ele>128.66134541648407</ele>
        <time>2026-08-20T15:32:21.094Z</time>
      </trkpt>
      <trkpt lat="41.9611066" lon="3.1774423999999897">
        <ele>129.06414719117052</ele>
        <time>2026-08-20T15:32:23.069Z</time>
      </trkpt>
      <trkpt lat="41.9611128" lon="3.177472399999999">
        <ele>129.4279103317281</ele>
        <time>2026-08-20T15:32:25.069Z</time>
      </trkpt>
      <trkpt lat="41.9611225" lon="3.1775069999999914">
        <ele>129.5305455371794</ele>
        <time>2026-08-20T15:32:27.117Z</time>
      </trkpt>
      <trkpt lat="41.9611249" lon="3.1775365999999963">
        <ele>129.63638857903217</ele>
        <time>2026-08-20T15:32:29.069Z</time>
      </trkpt>
      <trkpt lat="41.961131" lon="3.1775672999999927">
        <ele>129.70173366549648</ele>
        <time>2026-08-20T15:32:30.948Z</time>
      </trkpt>
      <trkpt lat="41.9611402" lon="3.1776000000000124">
        <ele>129.71601634028124</ele>
        <time>2026-08-20T15:32:32.987Z</time>
      </trkpt>
      <trkpt lat="41.961152" lon="3.1776319999999885">
        <ele>129.6587706667608</ele>
        <time>2026-08-20T15:32:35.066Z</time>
      </trkpt>
      <trkpt lat="41.9611609" lon="3.1776688999999863">
        <ele>129.61343027831302</ele>
        <time>2026-08-20T15:32:37.069Z</time>
      </trkpt>
      <trkpt lat="41.9611755" lon="3.1777147999999897">
        <ele>129.44021151941953</ele>
        <time>2026-08-20T15:32:39.069Z</time>
      </trkpt>
      <trkpt lat="41.961186" lon="3.1777447999999993">
        <ele>129.2666227207407</ele>
        <time>2026-08-20T15:32:41.104Z</time>
      </trkpt>
      <trkpt lat="41.9612016" lon="3.17778340000001">
        <ele>128.77846380660674</ele>
        <time>2026-08-20T15:32:43.089Z</time>
      </trkpt>
      <trkpt lat="41.961215" lon="3.1778248999999903">
        <ele>128.30601222787377</ele>
        <time>2026-08-20T15:32:45.065Z</time>
      </trkpt>
      <trkpt lat="41.9612344" lon="3.177863000000002">
        <ele>127.72317741302533</ele>
        <time>2026-08-20T15:32:46.968Z</time>
      </trkpt>
      <trkpt lat="41.9612537" lon="3.177904600000005">
        <ele>127.12006877116325</ele>
        <time>2026-08-20T15:32:49.065Z</time>
      </trkpt>
      <trkpt lat="41.9612774" lon="3.177945099999988">
        <ele>126.42551434821756</ele>
        <time>2026-08-20T15:32:51.102Z</time>
      </trkpt>
      <trkpt lat="41.9612941" lon="3.177988599999992">
        <ele>125.85589130712833</ele>
        <time>2026-08-20T15:32:53.086Z</time>
      </trkpt>
      <trkpt lat="41.9613093" lon="3.178033699999986">
        <ele>125.30818887425153</ele>
        <time>2026-08-20T15:32:55.062Z</time>
      </trkpt>
      <trkpt lat="41.9613241" lon="3.1780759000000103">
        <ele>124.81854491858974</ele>
        <time>2026-08-20T15:32:57.149Z</time>
      </trkpt>
      <trkpt lat="41.9613328" lon="3.1781163999999933">
        <ele>124.48563297328678</ele>
        <time>2026-08-20T15:32:59.164Z</time>
      </trkpt>
      <trkpt lat="41.9613431" lon="3.178151000000014">
        <ele>124.21291646402419</ele>
        <time>2026-08-20T15:33:01.069Z</time>
      </trkpt>
      <trkpt lat="41.9613391" lon="3.178187400000013">
        <ele>124.11449468312665</ele>
        <time>2026-08-20T15:33:03.083Z</time>
      </trkpt>
      <trkpt lat="41.9613375" lon="3.1782201000000043">
        <ele>124.0036361778744</ele>
        <time>2026-08-20T15:33:05.098Z</time>
      </trkpt>
      <trkpt lat="41.9613433" lon="3.178253699999999">
        <ele>123.79815175538684</ele>
        <time>2026-08-20T15:33:07.069Z</time>
      </trkpt>
      <trkpt lat="41.9613422" lon="3.178295899999995">
        <ele>123.64266776931557</ele>
        <time>2026-08-20T15:33:09.069Z</time>
      </trkpt>
      <trkpt lat="41.9613387" lon="3.1783220000000085">
        <ele>123.51609253459573</ele>
        <time>2026-08-20T15:33:11.069Z</time>
      </trkpt>
      <trkpt lat="41.9613325" lon="3.17835629999999">
        <ele>123.33244246121413</ele>
        <time>2026-08-20T15:33:13.117Z</time>
      </trkpt>
      <trkpt lat="41.9613189" lon="3.178383800000006">
        <ele>123.2789317484838</ele>
        <time>2026-08-20T15:33:15.117Z</time>
      </trkpt>
      <trkpt lat="41.9613021" lon="3.178413599999999">
        <ele>123.23370647176435</ele>
        <time>2026-08-20T15:33:17.117Z</time>
      </trkpt>
      <trkpt lat="41.9612857" lon="3.1784398000000067">
        <ele>123.2016006834037</ele>
        <time>2026-08-20T15:33:19.117Z</time>
      </trkpt>
      <trkpt lat="41.9612665" lon="3.178465899999992">
        <ele>123.1893372823956</ele>
        <time>2026-08-20T15:33:21.117Z</time>
      </trkpt>
      <trkpt lat="41.9612429" lon="3.1784920000000056">
        <ele>123.20973367707063</ele>
        <time>2026-08-20T15:33:23.117Z</time>
      </trkpt>
      <trkpt lat="41.9612187" lon="3.1785165999999947">
        <ele>123.2347383547767</ele>
        <time>2026-08-20T15:33:25.130Z</time>
      </trkpt>
      <trkpt lat="41.9611939" lon="3.1785422000000096">
        <ele>123.24196376925532</ele>
        <time>2026-08-20T15:33:27.183Z</time>
      </trkpt>
      <trkpt lat="41.9611718" lon="3.178568299999995">
        <ele>123.20427397369701</ele>
        <time>2026-08-20T15:33:29.069Z</time>
      </trkpt>
      <trkpt lat="41.9611517" lon="3.1785996000000125">
        <ele>123.1226044758506</ele>
        <time>2026-08-20T15:33:31.117Z</time>
      </trkpt>
      <trkpt lat="41.9611334" lon="3.178628599999996">
        <ele>123.08419256920433</ele>
        <time>2026-08-20T15:33:33.117Z</time>
      </trkpt>
      <trkpt lat="41.9611146" lon="3.1786566000000107">
        <ele>123.07956884502654</ele>
        <time>2026-08-20T15:33:35.117Z</time>
      </trkpt>
      <trkpt lat="41.9610962" lon="3.178686599999992">
        <ele>123.0788036934827</ele>
        <time>2026-08-20T15:33:37.102Z</time>
      </trkpt>
      <trkpt lat="41.9610768" lon="3.1787162999999907">
        <ele>123.11414107518674</ele>
        <time>2026-08-20T15:33:39.118Z</time>
      </trkpt>
      <trkpt lat="41.9610554" lon="3.178741500000001">
        <ele>123.2152151778632</ele>
        <time>2026-08-20T15:33:41.068Z</time>
      </trkpt>
      <trkpt lat="41.9610351" lon="3.1787696000000096">
        <ele>123.17776281471285</ele>
        <time>2026-08-20T15:33:43.068Z</time>
      </trkpt>
      <trkpt lat="41.9610158" lon="3.178799199999986">
        <ele>123.07934814884571</ele>
        <time>2026-08-20T15:33:45.069Z</time>
      </trkpt>
      <trkpt lat="41.960998" lon="3.178831500000001">
        <ele>122.90848197208902</ele>
        <time>2026-08-20T15:33:47.105Z</time>
      </trkpt>
      <trkpt lat="41.9609799" lon="3.1788620000000094">
        <ele>122.69991448418777</ele>
        <time>2026-08-20T15:33:49.087Z</time>
      </trkpt>
      <trkpt lat="41.9609615" lon="3.1788928">
        <ele>122.3731861212494</ele>
        <time>2026-08-20T15:33:51.045Z</time>
      </trkpt>
      <trkpt lat="41.9609418" lon="3.1789247000000103">
        <ele>122.05059535689281</ele>
        <time>2026-08-20T15:33:53.028Z</time>
      </trkpt>
      <trkpt lat="41.9609204" lon="3.1789545999999973">
        <ele>121.77219750640275</ele>
        <time>2026-08-20T15:33:55.042Z</time>
      </trkpt>
      <trkpt lat="41.9608999" lon="3.178986100000003">
        <ele>121.48632075967018</ele>
        <time>2026-08-20T15:33:57.048Z</time>
      </trkpt>
      <trkpt lat="41.960882" lon="3.179019000000011">
        <ele>121.18778030130704</ele>
        <time>2026-08-20T15:33:59.006Z</time>
      </trkpt>
      <trkpt lat="41.9608635" lon="3.179052200000001">
        <ele>120.90224997164265</ele>
        <time>2026-08-20T15:34:01.028Z</time>
      </trkpt>
      <trkpt lat="41.9608479" lon="3.1790868999999873">
        <ele>120.59921219349941</ele>
        <time>2026-08-20T15:34:03.009Z</time>
      </trkpt>
      <trkpt lat="41.9608351" lon="3.1791278000000034">
        <ele>120.22599297551967</ele>
        <time>2026-08-20T15:34:04.982Z</time>
      </trkpt>
      <trkpt lat="41.9608222" lon="3.1791641000000084">
        <ele>119.79637455389725</ele>
        <time>2026-08-20T15:34:06.908Z</time>
      </trkpt>
      <trkpt lat="41.9608081" lon="3.1791987000000006">
        <ele>119.34846728487895</ele>
        <time>2026-08-20T15:34:09.069Z</time>
      </trkpt>
      <trkpt lat="41.9607884" lon="3.1792073999999957">
        <ele>119.31760703852987</ele>
        <time>2026-08-20T15:34:10.885Z</time>
      </trkpt>
      <trkpt lat="41.9607846" lon="3.1792600999999934">
        <ele>118.52354439145009</ele>
        <time>2026-08-20T15:34:13.117Z</time>
      </trkpt>
      <trkpt lat="41.9607663" lon="3.1792962000000102">
        <ele>117.99545371245262</ele>
        <time>2026-08-20T15:34:15.069Z</time>
      </trkpt>
      <trkpt lat="41.96075" lon="3.179321899999991">
        <ele>117.60766221693532</ele>
        <time>2026-08-20T15:34:17.069Z</time>
      </trkpt>
      <trkpt lat="41.9607426" lon="3.179349599999995">
        <ele>117.18838044500406</ele>
        <time>2026-08-20T15:34:19.069Z</time>
      </trkpt>
      <trkpt lat="41.960734" lon="3.1793785000000128">
        <ele>116.75433062062429</ele>
        <time>2026-08-20T15:34:21.069Z</time>
      </trkpt>
      <trkpt lat="41.9607352" lon="3.179411899999991">
        <ele>116.24460041146811</ele>
        <time>2026-08-20T15:34:23.096Z</time>
      </trkpt>
      <trkpt lat="41.9607314" lon="3.1794372999999894">
        <ele>115.47121926039911</ele>
        <time>2026-08-20T15:34:25.112Z</time>
      </trkpt>
      <trkpt lat="41.9607294" lon="3.1794637000000137">
        <ele>114.59204421388654</ele>
        <time>2026-08-20T15:34:27.069Z</time>
      </trkpt>
      <trkpt lat="41.9607308" lon="3.1794992000000093">
        <ele>113.40234759647419</ele>
        <time>2026-08-20T15:34:28.966Z</time>
      </trkpt>
      <trkpt lat="41.9607398" lon="3.1795179000000076">
        <ele>112.75133787919626</ele>
        <time>2026-08-20T15:34:30.886Z</time>
      </trkpt>
      <trkpt lat="41.9607591" lon="3.179541599999993">
        <ele>111.89202948494503</ele>
        <time>2026-08-20T15:34:33.005Z</time>
      </trkpt>
      <trkpt lat="41.960787" lon="3.179563900000005">
        <ele>111.08457880022094</ele>
        <time>2026-08-20T15:34:35.076Z</time>
      </trkpt>
      <trkpt lat="41.9608184" lon="3.179583199999996">
        <ele>110.5357979588155</ele>
        <time>2026-08-20T15:34:37.147Z</time>
      </trkpt>
      <trkpt lat="41.9608431" lon="3.1795975">
        <ele>110.16544581443232</ele>
        <time>2026-08-20T15:34:39.027Z</time>
      </trkpt>
      <trkpt lat="41.9608711" lon="3.1796123999999963">
        <ele>109.81922547667389</ele>
        <time>2026-08-20T15:34:41.083Z</time>
      </trkpt>
      <trkpt lat="41.9608942" lon="3.1796258999999907">
        <ele>109.52223805837957</ele>
        <time>2026-08-20T15:34:42.963Z</time>
      </trkpt>
      <trkpt lat="41.9609224" lon="3.1796409000000097">
        <ele>109.23518864232476</ele>
        <time>2026-08-20T15:34:45.116Z</time>
      </trkpt>
      <trkpt lat="41.9609457" lon="3.1796481000000085">
        <ele>109.16708305264817</ele>
        <time>2026-08-20T15:34:47.069Z</time>
      </trkpt>
      <trkpt lat="41.9609737" lon="3.1796488999999895">
        <ele>109.31186021712902</ele>
        <time>2026-08-20T15:34:49.072Z</time>
      </trkpt>
      <trkpt lat="41.9609969" lon="3.1796602999999948">
        <ele>109.15676561818618</ele>
        <time>2026-08-20T15:34:51.069Z</time>
      </trkpt>
      <trkpt lat="41.9610205" lon="3.1796686000000136">
        <ele>109.10204395841725</ele>
        <time>2026-08-20T15:34:53.117Z</time>
      </trkpt>
      <trkpt lat="41.9610435" lon="3.179678200000012">
        <ele>109.02732358520713</ele>
        <time>2026-08-20T15:34:55.116Z</time>
      </trkpt>
      <trkpt lat="41.9610669" lon="3.179682100000008">
        <ele>109.13001040341838</ele>
        <time>2026-08-20T15:34:57.069Z</time>
      </trkpt>
      <trkpt lat="41.9610957" lon="3.1796883000000093">
        <ele>109.28091334498977</ele>
        <time>2026-08-20T15:34:59.069Z</time>
      </trkpt>
      <trkpt lat="41.9611133" lon="3.179705200000001">
        <ele>109.18613141290031</ele>
        <time>2026-08-20T15:35:01.069Z</time>
      </trkpt>
      <trkpt lat="41.9611473" lon="3.1796922999999992">
        <ele>109.72892056700948</ele>
        <time>2026-08-20T15:35:03.069Z</time>
      </trkpt>
      <trkpt lat="41.9611722" lon="3.179678899999999">
        <ele>110.23035184188944</ele>
        <time>2026-08-20T15:35:04.972Z</time>
      </trkpt>
      <trkpt lat="41.9612139" lon="3.179666499999996">
        <ele>110.83891191058193</ele>
        <time>2026-08-20T15:35:07.117Z</time>
      </trkpt>
      <trkpt lat="41.961249" lon="3.1796678999999983">
        <ele>111.14093717100356</ele>
        <time>2026-08-20T15:35:09.117Z</time>
      </trkpt>
      <trkpt lat="41.9612772" lon="3.179672199999999">
        <ele>111.3442258363442</ele>
        <time>2026-08-20T15:35:11.084Z</time>
      </trkpt>
      <trkpt lat="41.9613067" lon="3.1796773000000087">
        <ele>111.56137710035894</ele>
        <time>2026-08-20T15:35:12.948Z</time>
      </trkpt>
      <trkpt lat="41.9613309" lon="3.179689599999989">
        <ele>111.6605735478301</ele>
        <time>2026-08-20T15:35:15.124Z</time>
      </trkpt>
      <trkpt lat="41.9613523" lon="3.1797023000000024">
        <ele>111.7875662002453</ele>
        <time>2026-08-20T15:35:17.124Z</time>
      </trkpt>
      <trkpt lat="41.9613748" lon="3.1797109999999975">
        <ele>112.01440898804401</ele>
        <time>2026-08-20T15:35:19.091Z</time>
      </trkpt>
      <trkpt lat="41.9614003" lon="3.179717399999987">
        <ele>112.3392341280855</ele>
        <time>2026-08-20T15:35:21.122Z</time>
      </trkpt>
      <trkpt lat="41.9614199" lon="3.179727299999996">
        <ele>112.55574022460921</ele>
        <time>2026-08-20T15:35:23.082Z</time>
      </trkpt>
      <trkpt lat="41.9614376" lon="3.1797425000000032">
        <ele>112.72021725262927</ele>
        <time>2026-08-20T15:35:24.923Z</time>
      </trkpt>
      <trkpt lat="41.9614567" lon="3.179762100000005">
        <ele>112.9136293987523</ele>
        <time>2026-08-20T15:35:26.963Z</time>
      </trkpt>
      <trkpt lat="41.9614757" lon="3.1797732999999937">
        <ele>113.20303133987322</ele>
        <time>2026-08-20T15:35:29.002Z</time>
      </trkpt>
      <trkpt lat="41.9614949" lon="3.1797835000000134">
        <ele>113.52853143273171</ele>
        <time>2026-08-20T15:35:31.089Z</time>
      </trkpt>
      <trkpt lat="41.961514" lon="3.179795899999988">
        <ele>113.86950029868106</ele>
        <time>2026-08-20T15:35:33.089Z</time>
      </trkpt>
      <trkpt lat="41.9615368" lon="3.1798100000000034">
        <ele>114.31780566022002</ele>
        <time>2026-08-20T15:35:35.117Z</time>
      </trkpt>
      <trkpt lat="41.9615554" lon="3.1798272000000054">
        <ele>114.70953094669281</ele>
        <time>2026-08-20T15:35:37.069Z</time>
      </trkpt>
      <trkpt lat="41.9615777" lon="3.1798373000000026">
        <ele>115.22684620136488</ele>
        <time>2026-08-20T15:35:39.005Z</time>
      </trkpt>
      <trkpt lat="41.9616038" lon="3.1798427999999888">
        <ele>115.85455011995509</ele>
        <time>2026-08-20T15:35:41.149Z</time>
      </trkpt>
      <trkpt lat="41.9616278" lon="3.1798497999999995">
        <ele>116.28156817461033</ele>
        <time>2026-08-20T15:35:43.117Z</time>
      </trkpt>
      <trkpt lat="41.9616492" lon="3.179849399999995">
        <ele>116.54394990150188</ele>
        <time>2026-08-20T15:35:44.922Z</time>
      </trkpt>
      <trkpt lat="41.9616791" lon="3.1798493000000008">
        <ele>116.91191868365499</ele>
        <time>2026-08-20T15:35:47.105Z</time>
      </trkpt>
      <trkpt lat="41.961713" lon="3.179842199999996">
        <ele>117.29375217620498</ele>
        <time>2026-08-20T15:35:49.069Z</time>
      </trkpt>
      <trkpt lat="41.9617338" lon="3.1798411000000044">
        <ele>117.54080876278768</ele>
        <time>2026-08-20T15:35:51.069Z</time>
      </trkpt>
      <trkpt lat="41.9617569" lon="3.1798472000000118">
        <ele>117.85778638890754</ele>
        <time>2026-08-20T15:35:52.964Z</time>
      </trkpt>
      <trkpt lat="41.9617844" lon="3.1798411000000044">
        <ele>118.15530641664093</ele>
        <time>2026-08-20T15:35:55.147Z</time>
      </trkpt>
      <trkpt lat="41.9618096" lon="3.1798365999999874">
        <ele>118.42940096064869</ele>
        <time>2026-08-20T15:35:57.117Z</time>
      </trkpt>
      <trkpt lat="41.9618314" lon="3.179828399999991">
        <ele>118.63004390739113</ele>
        <time>2026-08-20T15:35:59.023Z</time>
      </trkpt>
      <trkpt lat="41.9618551" lon="3.1798226999999883">
        <ele>118.86546460117862</ele>
        <time>2026-08-20T15:36:01.103Z</time>
      </trkpt>
      <trkpt lat="41.9618803" lon="3.1798221999999896">
        <ele>119.15731635972791</ele>
        <time>2026-08-20T15:36:03.119Z</time>
      </trkpt>
      <trkpt lat="41.961904" lon="3.179824999999994">
        <ele>119.45061648166912</ele>
        <time>2026-08-20T15:36:04.967Z</time>
      </trkpt>
      <trkpt lat="41.9619336" lon="3.179824499999995">
        <ele>119.77065600874523</ele>
        <time>2026-08-20T15:36:07.142Z</time>
      </trkpt>
      <trkpt lat="41.9619556" lon="3.1798225999999943">
        <ele>119.99497108847945</ele>
        <time>2026-08-20T15:36:09.069Z</time>
      </trkpt>
      <trkpt lat="41.9619833" lon="3.179821099999998">
        <ele>120.28528333651664</ele>
        <time>2026-08-20T15:36:10.989Z</time>
      </trkpt>
      <trkpt lat="41.962005" lon="3.1798238000000083">
        <ele>120.54709873845894</ele>
        <time>2026-08-20T15:36:13.148Z</time>
      </trkpt>
      <trkpt lat="41.9620276" lon="3.1798268000000007">
        <ele>120.82148201999124</ele>
        <time>2026-08-20T15:36:15.117Z</time>
      </trkpt>
      <trkpt lat="41.9620499" lon="3.1798312999999894">
        <ele>121.10595676282122</ele>
        <time>2026-08-20T15:36:17.068Z</time>
      </trkpt>
      <trkpt lat="41.9620742" lon="3.1798352000000136">
        <ele>121.40708390554731</ele>
        <time>2026-08-20T15:36:19.032Z</time>
      </trkpt>
      <trkpt lat="41.9620984" lon="3.1798425000000066">
        <ele>121.73745798562459</ele>
        <time>2026-08-20T15:36:21.185Z</time>
      </trkpt>
      <trkpt lat="41.9621205" lon="3.1798510000000135">
        <ele>122.05560262740555</ele>
        <time>2026-08-20T15:36:23.117Z</time>
      </trkpt>
      <trkpt lat="41.9621445" lon="3.179857900000002">
        <ele>122.38043661993133</ele>
        <time>2026-08-20T15:36:25.046Z</time>
      </trkpt>
      <trkpt lat="41.9621722" lon="3.1798621000000082">
        <ele>122.72444446153969</ele>
        <time>2026-08-20T15:36:27.117Z</time>
      </trkpt>
      <trkpt lat="41.9621988" lon="3.179862799999995">
        <ele>123.04947804376691</ele>
        <time>2026-08-20T15:36:29.116Z</time>
      </trkpt>
      <trkpt lat="41.9622268" lon="3.179862600000007">
        <ele>123.38346565947761</ele>
        <time>2026-08-20T15:36:31.124Z</time>
      </trkpt>
      <trkpt lat="41.9622549" lon="3.179866099999998">
        <ele>123.74682692548447</ele>
        <time>2026-08-20T15:36:33.106Z</time>
      </trkpt>
      <trkpt lat="41.962275" lon="3.1798827000000074">
        <ele>124.1069360653722</ele>
        <time>2026-08-20T15:36:35.069Z</time>
      </trkpt>
      <trkpt lat="41.9623006" lon="3.179891099999992">
        <ele>124.46303039949032</ele>
        <time>2026-08-20T15:36:37.069Z</time>
      </trkpt>
      <trkpt lat="41.962332" lon="3.179891099999992">
        <ele>124.82515817349089</ele>
        <time>2026-08-20T15:36:39.076Z</time>
      </trkpt>
      <trkpt lat="41.9623632" lon="3.1798995000000048">
        <ele>125.23398557574663</ele>
        <time>2026-08-20T15:36:40.964Z</time>
      </trkpt>
      <trkpt lat="41.9623937" lon="3.179916300000002">
        <ele>125.67145263562901</ele>
        <time>2026-08-20T15:36:43.068Z</time>
      </trkpt>
      <trkpt lat="41.9624255" lon="3.1799191000000064">
        <ele>126.03892116583141</ele>
        <time>2026-08-20T15:36:45.069Z</time>
      </trkpt>
      <trkpt lat="41.9624611" lon="3.1799297000000024">
        <ele>126.48142332589288</ele>
        <time>2026-08-20T15:36:47.140Z</time>
      </trkpt>
      <trkpt lat="41.9624842" lon="3.179937200000012">
        <ele>126.76995103800215</ele>
        <time>2026-08-20T15:36:49.068Z</time>
      </trkpt>
      <trkpt lat="41.9625089" lon="3.1799540000000093">
        <ele>127.11168240568914</ele>
        <time>2026-08-20T15:36:51.069Z</time>
      </trkpt>
      <trkpt lat="41.9625351" lon="3.179969099999994">
        <ele>127.45752219878298</ele>
        <time>2026-08-20T15:36:53.117Z</time>
      </trkpt>
      <trkpt lat="41.9625552" lon="3.179990800000013">
        <ele>127.7970517966294</ele>
        <time>2026-08-20T15:36:55.094Z</time>
      </trkpt>
      <trkpt lat="41.9625709" lon="3.180010699999997">
        <ele>128.08259304302658</ele>
        <time>2026-08-20T15:36:56.927Z</time>
      </trkpt>
      <trkpt lat="41.9625818" lon="3.180037800000008">
        <ele>128.35694289738282</ele>
        <time>2026-08-20T15:36:59.068Z</time>
      </trkpt>
      <trkpt lat="41.9625971" lon="3.1800634999999886">
        <ele>128.6677801159229</ele>
        <time>2026-08-20T15:37:01.046Z</time>
      </trkpt>
      <trkpt lat="41.9626073" lon="3.1800890000000095">
        <ele>128.92164108899473</ele>
        <time>2026-08-20T15:37:03.183Z</time>
      </trkpt>
      <trkpt lat="41.9626163" lon="3.1801130000000057">
        <ele>129.1528585863806</ele>
        <time>2026-08-20T15:37:05.183Z</time>
      </trkpt>
      <trkpt lat="41.9626276" lon="3.1801345000000083">
        <ele>129.3922911196666</ele>
        <time>2026-08-20T15:37:07.117Z</time>
      </trkpt>
      <trkpt lat="41.9626412" lon="3.180158000000006">
        <ele>129.66508029075138</ele>
        <time>2026-08-20T15:37:09.117Z</time>
      </trkpt>
      <trkpt lat="41.9626505" lon="3.180172199999987">
        <ele>129.84000389747953</ele>
        <time>2026-08-20T15:37:10.922Z</time>
      </trkpt>
      <trkpt lat="41.962658" lon="3.1802006000000063">
        <ele>130.07502563556375</ele>
        <time>2026-08-20T15:37:12.985Z</time>
      </trkpt>
      <trkpt lat="41.9626664" lon="3.180230800000004">
        <ele>130.32775298351146</ele>
        <time>2026-08-20T15:37:15.127Z</time>
      </trkpt>
      <trkpt lat="41.9626725" lon="3.180260699999991">
        <ele>130.53607958181138</ele>
        <time>2026-08-20T15:37:17.117Z</time>
      </trkpt>
      <trkpt lat="41.9626819" lon="3.1802848000000097">
        <ele>130.72391550183337</ele>
        <time>2026-08-20T15:37:19.069Z</time>
      </trkpt>
      <trkpt lat="41.9626985" lon="3.1803118999999924">
        <ele>131.00482038397593</ele>
        <time>2026-08-20T15:37:21.116Z</time>
      </trkpt>
      <trkpt lat="41.9627105" lon="3.1803424999999947">
        <ele>131.25960248982955</ele>
        <time>2026-08-20T15:37:23.117Z</time>
      </trkpt>
      <trkpt lat="41.9627256" lon="3.1803668999999957">
        <ele>131.5301936236998</ele>
        <time>2026-08-20T15:37:25.001Z</time>
      </trkpt>
      <trkpt lat="41.9627399" lon="3.1803931000000034">
        <ele>131.6808995568904</ele>
        <time>2026-08-20T15:37:27.089Z</time>
      </trkpt>
      <trkpt lat="41.9627528" lon="3.1804237000000057">
        <ele>131.85227553817455</ele>
        <time>2026-08-20T15:37:29.127Z</time>
      </trkpt>
      <trkpt lat="41.9627659" lon="3.180459799999994">
        <ele>132.0585616552392</ele>
        <time>2026-08-20T15:37:31.069Z</time>
      </trkpt>
      <trkpt lat="41.9627805" lon="3.180484000000007">
        <ele>132.22161320688537</ele>
        <time>2026-08-20T15:37:32.981Z</time>
      </trkpt>
      <trkpt lat="41.9627946" lon="3.180517100000003">
        <ele>132.43511716119406</ele>
        <time>2026-08-20T15:37:35.068Z</time>
      </trkpt>
      <trkpt lat="41.9628102" lon="3.180545499999994">
        <ele>132.6156310009329</ele>
        <time>2026-08-20T15:37:37.067Z</time>
      </trkpt>
      <trkpt lat="41.9628351" lon="3.180567599999989">
        <ele>132.82628685845341</ele>
        <time>2026-08-20T15:37:39.117Z</time>
      </trkpt>
      <trkpt lat="41.962855" lon="3.1805860999999993">
        <ele>133.02615514941465</ele>
        <time>2026-08-20T15:37:40.963Z</time>
      </trkpt>
      <trkpt lat="41.9628764" lon="3.1806082999999887">
        <ele>133.28311958276217</ele>
        <time>2026-08-20T15:37:43.069Z</time>
      </trkpt>
      <trkpt lat="41.9628922" lon="3.1806324000000075">
        <ele>133.54443007507817</ele>
        <time>2026-08-20T15:37:44.913Z</time>
      </trkpt>
      <trkpt lat="41.9629105" lon="3.1806551999999897">
        <ele>133.84279580786995</ele>
        <time>2026-08-20T15:37:47.117Z</time>
      </trkpt>
      <trkpt lat="41.9629259" lon="3.1806780999999944">
        <ele>134.14471188884139</ele>
        <time>2026-08-20T15:37:49.143Z</time>
      </trkpt>
      <trkpt lat="41.9629387" lon="3.180697600000002">
        <ele>134.41782476818574</ele>
        <time>2026-08-20T15:37:51.117Z</time>
      </trkpt>
      <trkpt lat="41.9629483" lon="3.180720699999995">
        <ele>134.70589951093405</ele>
        <time>2026-08-20T15:37:53.116Z</time>
      </trkpt>
      <trkpt lat="41.9629562" lon="3.1807284999999865">
        <ele>134.85603545176215</ele>
        <time>2026-08-20T15:37:55.043Z</time>
      </trkpt>
      <trkpt lat="41.9629637" lon="3.180737999999991">
        <ele>135.02138003000326</ele>
        <time>2026-08-20T15:37:57.117Z</time>
      </trkpt>
      <trkpt lat="41.9629731" lon="3.1807546999999943">
        <ele>135.28030256191224</ele>
        <time>2026-08-20T15:37:59.127Z</time>
      </trkpt>
      <trkpt lat="41.9629819" lon="3.1807674000000077">
        <ele>135.5041205868097</ele>
        <time>2026-08-20T15:38:00.982Z</time>
      </trkpt>
      <trkpt lat="41.9629888" lon="3.180791699999986">
        <ele>135.82673240390918</ele>
        <time>2026-08-20T15:38:03.117Z</time>
      </trkpt>
      <trkpt lat="41.9629856" lon="3.1808200000000113">
        <ele>136.02533161410716</ele>
        <time>2026-08-20T15:38:05.187Z</time>
      </trkpt>
      <trkpt lat="41.9629806" lon="3.180850899999996">
        <ele>136.16855505671782</ele>
        <time>2026-08-20T15:38:07.117Z</time>
      </trkpt>
      <trkpt lat="41.9629759" lon="3.1808739999999887">
        <ele>136.25535826049253</ele>
        <time>2026-08-20T15:38:09.088Z</time>
      </trkpt>
      <trkpt lat="41.9629587" lon="3.1808950999999865">
        <ele>136.12579880500817</ele>
        <time>2026-08-20T15:38:11.105Z</time>
      </trkpt>
      <trkpt lat="41.9629562" lon="3.1809292000000084">
        <ele>136.29645656244958</ele>
        <time>2026-08-20T15:38:13.069Z</time>
      </trkpt>
      <trkpt lat="41.9629502" lon="3.1809622000000104">
        <ele>136.39384838948413</ele>
        <time>2026-08-20T15:38:14.906Z</time>
      </trkpt>
      <trkpt lat="41.9629327" lon="3.1809906999999953">
        <ele>136.2417247444708</ele>
        <time>2026-08-20T15:38:17.002Z</time>
      </trkpt>
      <trkpt lat="41.962921" lon="3.1810259000000087">
        <ele>136.2079199999689</ele>
        <time>2026-08-20T15:38:19.069Z</time>
      </trkpt>
      <trkpt lat="41.9629031" lon="3.181044899999989">
        <ele>135.9486872981088</ele>
        <time>2026-08-20T15:38:21.106Z</time>
      </trkpt>
      <trkpt lat="41.9629005" lon="3.1810800000000086">
        <ele>136.05812393547282</ele>
        <time>2026-08-20T15:38:23.129Z</time>
      </trkpt>
      <trkpt lat="41.9628984" lon="3.181110200000006">
        <ele>136.1682476209567</ele>
        <time>2026-08-20T15:38:25.128Z</time>
      </trkpt>
      <trkpt lat="41.9628742" lon="3.1811222000000043">
        <ele>135.7330671008453</ele>
        <time>2026-08-20T15:38:27.069Z</time>
      </trkpt>
      <trkpt lat="41.96286" lon="3.1811514999999986">
        <ele>135.60958630818484</ele>
        <time>2026-08-20T15:38:29.117Z</time>
      </trkpt>
      <trkpt lat="41.9628458" lon="3.1811514000000045">
        <ele>135.32280687526605</ele>
        <time>2026-08-20T15:38:31.069Z</time>
      </trkpt>
      <trkpt lat="41.9628354" lon="3.1811606999999924">
        <ele>135.1699242353179</ele>
        <time>2026-08-20T15:38:33.069Z</time>
      </trkpt>
      <trkpt lat="41.9628332" lon="3.181161199999991">
        <ele>135.12893688371707</ele>
        <time>2026-08-20T15:38:35.074Z</time>
      </trkpt>
      <trkpt lat="41.9628252" lon="3.18115370000001">
        <ele>134.9219706089359</ele>
        <time>2026-08-20T15:38:37.117Z</time>
      </trkpt>
      <trkpt lat="41.9628132" lon="3.1811554999999885">
        <ele>134.69204103995523</ele>
        <time>2026-08-20T15:38:39.069Z</time>
      </trkpt>
      <trkpt lat="41.9628118" lon="3.181157500000012">
        <ele>134.67677065190338</ele>
        <time>2026-08-20T15:38:41.069Z</time>
      </trkpt>
      <trkpt lat="41.9628191" lon="3.1811567000000025">
        <ele>134.81821174878237</ele>
        <time>2026-08-20T15:38:42.908Z</time>
      </trkpt>
      <trkpt lat="41.962844" lon="3.181162400000005">
        <ele>135.3522953542413</ele>
        <time>2026-08-20T15:38:44.922Z</time>
      </trkpt>
      <trkpt lat="41.9628619" lon="3.1811621999999886">
        <ele>135.70915176747914</ele>
        <time>2026-08-20T15:38:46.923Z</time>
      </trkpt>
      <trkpt lat="41.962884" lon="3.1811572000000012">
        <ele>136.1241421444159</ele>
        <time>2026-08-20T15:38:49.003Z</time>
      </trkpt>
      <trkpt lat="41.9629128" lon="3.1811605000000043">
        <ele>136.718785440296</ele>
        <time>2026-08-20T15:38:51.044Z</time>
      </trkpt>
      <trkpt lat="41.9629324" lon="3.181168100000008">
        <ele>137.1472777205799</ele>
        <time>2026-08-20T15:38:53.068Z</time>
      </trkpt>
      <trkpt lat="41.9629565" lon="3.181174800000008">
        <ele>137.65677194441216</ele>
        <time>2026-08-20T15:38:55.069Z</time>
      </trkpt>
      <trkpt lat="41.9629814" lon="3.181183599999997">
        <ele>138.18598327994903</ele>
        <time>2026-08-20T15:38:57.085Z</time>
      </trkpt>
      <trkpt lat="41.9630084" lon="3.181188700000007">
        <ele>138.65785824739942</ele>
        <time>2026-08-20T15:38:59.124Z</time>
      </trkpt>
      <trkpt lat="41.9630334" lon="3.181200700000005">
        <ele>138.72221347630855</ele>
        <time>2026-08-20T15:39:01.108Z</time>
      </trkpt>
      <trkpt lat="41.9630598" lon="3.181217199999992">
        <ele>138.79092675902578</ele>
        <time>2026-08-20T15:39:03.069Z</time>
      </trkpt>
      <trkpt lat="41.9630936" lon="3.1812296999999887">
        <ele>138.8390059492292</ele>
        <time>2026-08-20T15:39:05.069Z</time>
      </trkpt>
      <trkpt lat="41.9631171" lon="3.181238900000011">
        <ele>138.86566006675963</ele>
        <time>2026-08-20T15:39:07.146Z</time>
      </trkpt>
      <trkpt lat="41.9631425" lon="3.181248399999987">
        <ele>138.88618848872898</ele>
        <time>2026-08-20T15:39:09.169Z</time>
      </trkpt>
      <trkpt lat="41.9631715" lon="3.1812631999999894">
        <ele>138.9048041133344</ele>
        <time>2026-08-20T15:39:11.069Z</time>
      </trkpt>
      <trkpt lat="41.9632031" lon="3.181278099999986">
        <ele>138.90908307698388</ele>
        <time>2026-08-20T15:39:13.116Z</time>
      </trkpt>
      <trkpt lat="41.9632415" lon="3.181289200000009">
        <ele>138.89438757339485</ele>
        <time>2026-08-20T15:39:15.117Z</time>
      </trkpt>
      <trkpt lat="41.9632849" lon="3.1812993000000063">
        <ele>138.8744905376849</ele>
        <time>2026-08-20T15:39:17.069Z</time>
      </trkpt>
      <trkpt lat="41.9633326" lon="3.181310400000001">
        <ele>139.0216820558913</ele>
        <time>2026-08-20T15:39:19.080Z</time>
      </trkpt>
      <trkpt lat="41.9634044" lon="3.181316900000013">
        <ele>139.2248286304762</ele>
        <time>2026-08-20T15:39:21.095Z</time>
      </trkpt>
      <trkpt lat="41.9634464" lon="3.1813358999999934">
        <ele>139.2377636042866</ele>
        <time>2026-08-20T15:39:23.110Z</time>
      </trkpt>
      <trkpt lat="41.9634759" lon="3.181367200000011">
        <ele>139.09286482104045</ele>
        <time>2026-08-20T15:39:25.069Z</time>
      </trkpt>
      <trkpt lat="41.9635023" lon="3.181395199999997">
        <ele>138.95087883447914</ele>
        <time>2026-08-20T15:39:27.068Z</time>
      </trkpt>
      <trkpt lat="41.9635246" lon="3.1814158999999904">
        <ele>138.84078167288138</ele>
        <time>2026-08-20T15:39:29.117Z</time>
      </trkpt>
      <trkpt lat="41.9635522" lon="3.1814409000000126">
        <ele>138.6979031038119</ele>
        <time>2026-08-20T15:39:31.117Z</time>
      </trkpt>
      <trkpt lat="41.9635828" lon="3.1814688999999987">
        <ele>138.3750177316567</ele>
        <time>2026-08-20T15:39:33.069Z</time>
      </trkpt>
      <trkpt lat="41.9636154" lon="3.1814818999999943">
        <ele>138.08061426698498</ele>
        <time>2026-08-20T15:39:35.069Z</time>
      </trkpt>
      <trkpt lat="41.9636436" lon="3.181494299999997">
        <ele>137.81081275036917</ele>
        <time>2026-08-20T15:39:37.089Z</time>
      </trkpt>
      <trkpt lat="41.963677" lon="3.1814899000000025">
        <ele>137.63613874580415</ele>
        <time>2026-08-20T15:39:39.069Z</time>
      </trkpt>
      <trkpt lat="41.9637071" lon="3.181489099999993">
        <ele>137.45475570746325</ele>
        <time>2026-08-20T15:39:41.069Z</time>
      </trkpt>
      <trkpt lat="41.9637368" lon="3.1814846999999986">
        <ele>137.30714197612104</ele>
        <time>2026-08-20T15:39:43.069Z</time>
      </trkpt>
      <trkpt lat="41.9637481" lon="3.1814831000000083">
        <ele>137.25096166591726</ele>
        <time>2026-08-20T15:39:45.069Z</time>
      </trkpt>
      <trkpt lat="41.9637645" lon="3.181485600000002">
        <ele>137.12748824638996</ele>
        <time>2026-08-20T15:39:47.069Z</time>
      </trkpt>
      <trkpt lat="41.9637794" lon="3.1814880000000016">
        <ele>137.01350914638283</ele>
        <time>2026-08-20T15:39:49.069Z</time>
      </trkpt>
      <trkpt lat="41.9637848" lon="3.1814885000000004">
        <ele>136.97536989633352</ele>
        <time>2026-08-20T15:39:50.907Z</time>
      </trkpt>
      <trkpt lat="41.9637871" lon="3.1814923999999962">
        <ele>136.92583887685822</ele>
        <time>2026-08-20T15:39:53.028Z</time>
      </trkpt>
      <trkpt lat="41.9638449" lon="3.181511400000005">
        <ele>136.41117887812334</ele>
        <time>2026-08-20T15:39:55.069Z</time>
      </trkpt>
      <trkpt lat="41.9638838" lon="3.1815201">
        <ele>136.25509941255413</ele>
        <time>2026-08-20T15:39:57.068Z</time>
      </trkpt>
      <trkpt lat="41.9639149" lon="3.1815268999999944">
        <ele>136.1260319757585</ele>
        <time>2026-08-20T15:39:59.069Z</time>
      </trkpt>
      <trkpt lat="41.9639461" lon="3.1815296000000046">
        <ele>136.03589550008326</ele>
        <time>2026-08-20T15:40:01.069Z</time>
      </trkpt>
      <trkpt lat="41.9639719" lon="3.1815320000000042">
        <ele>135.95795767182327</ele>
        <time>2026-08-20T15:40:02.970Z</time>
      </trkpt>
      <trkpt lat="41.9640038" lon="3.181542400000012">
        <ele>135.7740734194874</ele>
        <time>2026-08-20T15:40:05.069Z</time>
      </trkpt>
      <trkpt lat="41.9640321" lon="3.181547800000004">
        <ele>135.64950525064899</ele>
        <time>2026-08-20T15:40:07.069Z</time>
      </trkpt>
      <trkpt lat="41.9640596" lon="3.181553699999995">
        <ele>135.5169633728421</ele>
        <time>2026-08-20T15:40:09.069Z</time>
      </trkpt>
      <trkpt lat="41.9640865" lon="3.1815627000000006">
        <ele>135.3431513426085</ele>
        <time>2026-08-20T15:40:11.069Z</time>
      </trkpt>
      <trkpt lat="41.9641148" lon="3.1815751000000034">
        <ele>135.11630814930973</ele>
        <time>2026-08-20T15:40:13.069Z</time>
      </trkpt>
      <trkpt lat="41.9641432" lon="3.181580800000006">
        <ele>134.8085514785888</ele>
        <time>2026-08-20T15:40:15.069Z</time>
      </trkpt>
      <trkpt lat="41.9641726" lon="3.181582700000007">
        <ele>134.52629810014443</ele>
        <time>2026-08-20T15:40:17.069Z</time>
      </trkpt>
      <trkpt lat="41.9642031" lon="3.1815865000000088">
        <ele>134.20420474248868</ele>
        <time>2026-08-20T15:40:19.046Z</time>
      </trkpt>
      <trkpt lat="41.9642333" lon="3.1815842999999973">
        <ele>133.9717089759432</ele>
        <time>2026-08-20T15:40:21.005Z</time>
      </trkpt>
      <trkpt lat="41.9642637" lon="3.181578900000005">
        <ele>133.7912035938245</ele>
        <time>2026-08-20T15:40:22.926Z</time>
      </trkpt>
      <trkpt lat="41.9642891" lon="3.181564199999997">
        <ele>133.81328945060505</ele>
        <time>2026-08-20T15:40:24.806Z</time>
      </trkpt>
      <trkpt lat="41.9643095" lon="3.1815505000000144">
        <ele>133.8742627097607</ele>
        <time>2026-08-20T15:40:26.862Z</time>
      </trkpt>
      <trkpt lat="41.9643288" lon="3.1815426">
        <ele>133.8551947095218</ele>
        <time>2026-08-20T15:40:28.806Z</time>
      </trkpt>
      <trkpt lat="41.9642783" lon="3.1815764000000115">
        <ele>133.70542895894653</ele>
        <time>2026-08-20T15:40:30.685Z</time>
      </trkpt>
      <trkpt lat="41.9642986" lon="3.1815771999999924">
        <ele>133.51748178674703</ele>
        <time>2026-08-20T15:40:32.622Z</time>
      </trkpt>
      <trkpt lat="41.9643298" lon="3.1815790999999933">
        <ele>133.2156962835225</ele>
        <time>2026-08-20T15:40:34.525Z</time>
      </trkpt>
      <trkpt lat="41.9643593" lon="3.1815802000000133">
        <ele>132.94056201957267</ele>
        <time>2026-08-20T15:40:36.325Z</time>
      </trkpt>
      <trkpt lat="41.9643884" lon="3.1815885000000037">
        <ele>132.5341758611801</ele>
        <time>2026-08-20T15:40:38.268Z</time>
      </trkpt>
      <trkpt lat="41.9644173" lon="3.1815990999999997">
        <ele>132.27244632851958</ele>
        <time>2026-08-20T15:40:40.163Z</time>
      </trkpt>
      <trkpt lat="41.9644401" lon="3.18160850000001">
        <ele>132.0978545097136</ele>
        <time>2026-08-20T15:40:42.106Z</time>
      </trkpt>
      <trkpt lat="41.9644659" lon="3.1816162000000077">
        <ele>131.9598228919721</ele>
        <time>2026-08-20T15:40:44.025Z</time>
      </trkpt>
      <trkpt lat="41.9644892" lon="3.1816241999999875">
        <ele>131.82237573589384</ele>
        <time>2026-08-20T15:40:46.042Z</time>
      </trkpt>
      <trkpt lat="41.9645112" lon="3.1816341999999906">
        <ele>131.6565282169766</ele>
        <time>2026-08-20T15:40:48.002Z</time>
      </trkpt>
      <trkpt lat="41.9645327" lon="3.1816388000000018">
        <ele>131.58659145954672</ele>
        <time>2026-08-20T15:40:50.026Z</time>
      </trkpt>
      <trkpt lat="41.9645567" lon="3.1816378999999984">
        <ele>131.60979109946794</ele>
        <time>2026-08-20T15:40:52.025Z</time>
      </trkpt>
      <trkpt lat="41.9645805" lon="3.1816526000000067">
        <ele>131.54126263048607</ele>
        <time>2026-08-20T15:40:53.921Z</time>
      </trkpt>
      <trkpt lat="41.9646114" lon="3.1816804000000047">
        <ele>131.47418866104002</ele>
        <time>2026-08-20T15:40:56.087Z</time>
      </trkpt>
      <trkpt lat="41.9646367" lon="3.1816895000000045">
        <ele>131.4414318479424</ele>
        <time>2026-08-20T15:40:58.022Z</time>
      </trkpt>
      <trkpt lat="41.9646654" lon="3.1816862000000015">
        <ele>131.44321262486557</ele>
        <time>2026-08-20T15:40:59.982Z</time>
      </trkpt>
      <trkpt lat="41.9646995" lon="3.181678000000005">
        <ele>131.35874197998513</ele>
        <time>2026-08-20T15:41:02.062Z</time>
      </trkpt>
      <trkpt lat="41.9647283" lon="3.1816742000000033">
        <ele>131.24969708406195</ele>
        <time>2026-08-20T15:41:04.085Z</time>
      </trkpt>
      <trkpt lat="41.9647602" lon="3.181674700000002">
        <ele>131.11238389584412</ele>
        <time>2026-08-20T15:41:06.124Z</time>
      </trkpt>
      <trkpt lat="41.964792" lon="3.1816653999999858">
        <ele>131.00774322922317</ele>
        <time>2026-08-20T15:41:08.067Z</time>
      </trkpt>
      <trkpt lat="41.9648237" lon="3.181652899999989">
        <ele>130.91219462167984</ele>
        <time>2026-08-20T15:41:10.002Z</time>
      </trkpt>
      <trkpt lat="41.9648545" lon="3.1816453000000138">
        <ele>130.8031806297819</ele>
        <time>2026-08-20T15:41:12.041Z</time>
      </trkpt>
      <trkpt lat="41.9648827" lon="3.1816372000000115">
        <ele>130.76133599048566</ele>
        <time>2026-08-20T15:41:14.064Z</time>
      </trkpt>
      <trkpt lat="41.9649137" lon="3.18162989999999">
        <ele>130.7556723472847</ele>
        <time>2026-08-20T15:41:16.064Z</time>
      </trkpt>
      <trkpt lat="41.9649343" lon="3.1816255999999896">
        <ele>130.74531355676618</ele>
        <time>2026-08-20T15:41:18.089Z</time>
      </trkpt>
      <trkpt lat="41.9649606" lon="3.1816253000000074">
        <ele>130.6347154504168</ele>
        <time>2026-08-20T15:41:20.088Z</time>
      </trkpt>
      <trkpt lat="41.9649878" lon="3.1816268000000036">
        <ele>130.47479845748822</ele>
        <time>2026-08-20T15:41:22.089Z</time>
      </trkpt>
      <trkpt lat="41.9650171" lon="3.181627700000007">
        <ele>130.31551185389242</ele>
        <time>2026-08-20T15:41:24.105Z</time>
      </trkpt>
      <trkpt lat="41.9650429" lon="3.181626499999993">
        <ele>130.2104621771096</ele>
        <time>2026-08-20T15:41:26.105Z</time>
      </trkpt>
      <trkpt lat="41.9650678" lon="3.181623800000011">
        <ele>130.1358672834499</ele>
        <time>2026-08-20T15:41:28.049Z</time>
      </trkpt>
      <trkpt lat="41.9650953" lon="3.181621199999995">
        <ele>130.0462887300637</ele>
        <time>2026-08-20T15:41:30.105Z</time>
      </trkpt>
      <trkpt lat="41.9651231" lon="3.181610799999987">
        <ele>130.08979462350567</ele>
        <time>2026-08-20T15:41:32.065Z</time>
      </trkpt>
      <trkpt lat="41.9651508" lon="3.181601999999998">
        <ele>130.1042341751936</ele>
        <time>2026-08-20T15:41:34.104Z</time>
      </trkpt>
      <trkpt lat="41.9651755" lon="3.181594600000011">
        <ele>130.10802001387788</ele>
        <time>2026-08-20T15:41:36.143Z</time>
      </trkpt>
      <trkpt lat="41.9651999" lon="3.1815842999999973">
        <ele>130.16147972778427</ele>
        <time>2026-08-20T15:41:38.126Z</time>
      </trkpt>
      <trkpt lat="41.9652242" lon="3.1815737999999953">
        <ele>130.2170883548484</ele>
        <time>2026-08-20T15:41:40.126Z</time>
      </trkpt>
      <trkpt lat="41.9652492" lon="3.1815618999999913">
        <ele>130.157268407617</ele>
        <time>2026-08-20T15:41:42.101Z</time>
      </trkpt>
      <trkpt lat="41.9652754" lon="3.1815540000000055">
        <ele>129.96293183812438</ele>
        <time>2026-08-20T15:41:44.126Z</time>
      </trkpt>
      <trkpt lat="41.9653012" lon="3.1815459999999973">
        <ele>129.75630141191732</ele>
        <time>2026-08-20T15:41:46.127Z</time>
      </trkpt>
      <trkpt lat="41.9653247" lon="3.181539700000002">
        <ele>129.53938005860135</ele>
        <time>2026-08-20T15:41:48.086Z</time>
      </trkpt>
      <trkpt lat="41.9653492" lon="3.1815420000000074">
        <ele>129.19669643827373</ele>
        <time>2026-08-20T15:41:50.126Z</time>
      </trkpt>
      <trkpt lat="41.9653808" lon="3.181549600000011">
        <ele>128.71540311544018</ele>
        <time>2026-08-20T15:41:52.084Z</time>
      </trkpt>
      <trkpt lat="41.9654015" lon="3.1815560999999946">
        <ele>128.39794183932784</ele>
        <time>2026-08-20T15:41:54.109Z</time>
      </trkpt>
      <trkpt lat="41.9654242" lon="3.181559700000008">
        <ele>128.0925220024989</ele>
        <time>2026-08-20T15:41:56.108Z</time>
      </trkpt>
      <trkpt lat="41.9654491" lon="3.181565599999999">
        <ele>127.75230410463601</ele>
        <time>2026-08-20T15:41:58.084Z</time>
      </trkpt>
      <trkpt lat="41.965477" lon="3.1815680999999927">
        <ele>127.41054041127337</ele>
        <time>2026-08-20T15:42:00.068Z</time>
      </trkpt>
      <trkpt lat="41.9655028" lon="3.1815625000000125">
        <ele>127.13643754422337</ele>
        <time>2026-08-20T15:42:02.042Z</time>
      </trkpt>
      <trkpt lat="41.9655307" lon="3.181547800000004">
        <ele>127.03022433043566</ele>
        <time>2026-08-20T15:42:04.106Z</time>
      </trkpt>
      <trkpt lat="41.9655583" lon="3.181535700000012">
        <ele>126.94146428556182</ele>
        <time>2026-08-20T15:42:06.129Z</time>
      </trkpt>
      <trkpt lat="41.9655857" lon="3.1815234999999973">
        <ele>126.84702973508799</ele>
        <time>2026-08-20T15:42:08.144Z</time>
      </trkpt>
      <trkpt lat="41.9656128" lon="3.1815124000000026">
        <ele>126.74352686115284</ele>
        <time>2026-08-20T15:42:10.185Z</time>
      </trkpt>
      <trkpt lat="41.9656404" lon="3.1815038999999956">
        <ele>126.62325086040003</ele>
        <time>2026-08-20T15:42:12.162Z</time>
      </trkpt>
      <trkpt lat="41.9656741" lon="3.1814986999999917">
        <ele>126.45613707797887</ele>
        <time>2026-08-20T15:42:14.122Z</time>
      </trkpt>
      <trkpt lat="41.9656987" lon="3.1814990999999964">
        <ele>126.3219383233366</ele>
        <time>2026-08-20T15:42:16.105Z</time>
      </trkpt>
      <trkpt lat="41.9657284" lon="3.1815024999999935">
        <ele>126.15424785314538</ele>
        <time>2026-08-20T15:42:18.088Z</time>
      </trkpt>
      <trkpt lat="41.9657565" lon="3.181508199999996">
        <ele>125.99323152215054</ele>
        <time>2026-08-20T15:42:20.104Z</time>
      </trkpt>
      <trkpt lat="41.9657842" lon="3.1815128000000072">
        <ele>125.83929757831103</ele>
        <time>2026-08-20T15:42:22.088Z</time>
      </trkpt>
      <trkpt lat="41.9658104" lon="3.181516799999997">
        <ele>125.61581320730575</ele>
        <time>2026-08-20T15:42:24.127Z</time>
      </trkpt>
      <trkpt lat="41.965834" lon="3.1815224000000057">
        <ele>125.4087132502137</ele>
        <time>2026-08-20T15:42:26.103Z</time>
      </trkpt>
      <trkpt lat="41.9658586" lon="3.181522599999994">
        <ele>125.20005923061206</ele>
        <time>2026-08-20T15:42:28.125Z</time>
      </trkpt>
      <trkpt lat="41.9658835" lon="3.1815178999999887">
        <ele>124.99278770148159</ele>
        <time>2026-08-20T15:42:30.142Z</time>
      </trkpt>
      <trkpt lat="41.9659081" lon="3.1815242000000126">
        <ele>124.77965449184211</ele>
        <time>2026-08-20T15:42:32.142Z</time>
      </trkpt>
      <trkpt lat="41.9659305" lon="3.1815368000000035">
        <ele>124.58408273829986</ele>
        <time>2026-08-20T15:42:34.023Z</time>
      </trkpt>
      <trkpt lat="41.9659612" lon="3.181553000000008">
        <ele>124.32238689097915</ele>
        <time>2026-08-20T15:42:35.982Z</time>
      </trkpt>
      <trkpt lat="41.9659845" lon="3.181557199999986">
        <ele>124.12913260097292</ele>
        <time>2026-08-20T15:42:37.982Z</time>
      </trkpt>
      <trkpt lat="41.966011" lon="3.1815646999999956">
        <ele>123.91105149854837</ele>
        <time>2026-08-20T15:42:39.965Z</time>
      </trkpt>
      <trkpt lat="41.9660379" lon="3.181568900000002">
        <ele>123.69157220129401</ele>
        <time>2026-08-20T15:42:41.989Z</time>
      </trkpt>
      <trkpt lat="41.9660679" lon="3.181568999999996">
        <ele>123.39822530933714</ele>
        <time>2026-08-20T15:42:44.004Z</time>
      </trkpt>
      <trkpt lat="41.9660955" lon="3.1815612999999985">
        <ele>122.83147982024416</ele>
        <time>2026-08-20T15:42:46.003Z</time>
      </trkpt>
      <trkpt lat="41.9661241" lon="3.1815492000000063">
        <ele>122.24858426031679</ele>
        <time>2026-08-20T15:42:48.026Z</time>
      </trkpt>
      <trkpt lat="41.9661528" lon="3.1815334000000064">
        <ele>121.67103840891575</ele>
        <time>2026-08-20T15:42:49.962Z</time>
      </trkpt>
      <trkpt lat="41.9661857" lon="3.1815250999999876">
        <ele>121.01224370872592</ele>
        <time>2026-08-20T15:42:51.961Z</time>
      </trkpt>
      <trkpt lat="41.9662187" lon="3.181480999999991">
        <ele>120.38985476915717</ele>
        <time>2026-08-20T15:42:54.128Z</time>
      </trkpt>
      <trkpt lat="41.9662551" lon="3.1814331999999865">
        <ele>119.73159066710366</ele>
        <time>2026-08-20T15:42:56.129Z</time>
      </trkpt>
      <trkpt lat="41.9662941" lon="3.181403700000004">
        <ele>119.025197904162</ele>
        <time>2026-08-20T15:42:58.569Z</time>
      </trkpt>
      <trkpt lat="41.9663215" lon="3.1813761999999883">
        <ele>118.55327724438229</ele>
        <time>2026-08-20T15:43:01.088Z</time>
      </trkpt>
      <trkpt lat="41.9663546" lon="3.1812954000000104">
        <ele>119.24855090907786</ele>
        <time>2026-08-20T15:43:03.068Z</time>
      </trkpt>
      <trkpt lat="41.9663787" lon="3.1812467999999967">
        <ele>119.6880642005204</ele>
        <time>2026-08-20T15:43:04.887Z</time>
      </trkpt>
      <trkpt lat="41.9663994" lon="3.181206199999991">
        <ele>119.97999587457386</ele>
        <time>2026-08-20T15:43:06.846Z</time>
      </trkpt>
      <trkpt lat="41.9664276" lon="3.1811582999999928">
        <ele>120.16501011892147</ele>
        <time>2026-08-20T15:43:09.067Z</time>
      </trkpt>
      <trkpt lat="41.9664537" lon="3.181125299999991">
        <ele>120.08289814481255</ele>
        <time>2026-08-20T15:43:11.068Z</time>
      </trkpt>
      <trkpt lat="41.966473" lon="3.181098899999995">
        <ele>120.0110377744908</ele>
        <time>2026-08-20T15:43:13.068Z</time>
      </trkpt>
      <trkpt lat="41.9664949" lon="3.1810773999999924">
        <ele>119.74405631349623</ele>
        <time>2026-08-20T15:43:14.889Z</time>
      </trkpt>
      <trkpt lat="41.9665252" lon="3.181062400000002">
        <ele>119.14244805656986</ele>
        <time>2026-08-20T15:43:16.887Z</time>
      </trkpt>
      <trkpt lat="41.9665529" lon="3.181041999999991">
        <ele>118.6522053883967</ele>
        <time>2026-08-20T15:43:18.967Z</time>
      </trkpt>
      <trkpt lat="41.9665783" lon="3.181018800000004">
        <ele>118.24103984192759</ele>
        <time>2026-08-20T15:43:20.886Z</time>
      </trkpt>
      <trkpt lat="41.9666119" lon="3.1809993999999904">
        <ele>117.58855974264831</ele>
        <time>2026-08-20T15:43:22.805Z</time>
      </trkpt>
      <trkpt lat="41.9666364" lon="3.180987700000003">
        <ele>117.2968030261864</ele>
        <time>2026-08-20T15:43:24.805Z</time>
      </trkpt>
      <trkpt lat="41.9666692" lon="3.180975799999999">
        <ele>116.99800666447534</ele>
        <time>2026-08-20T15:43:26.804Z</time>
      </trkpt>
      <trkpt lat="41.9667024" lon="3.1809623000000045">
        <ele>116.67817647726332</ele>
        <time>2026-08-20T15:43:28.788Z</time>
      </trkpt>
      <trkpt lat="41.966739" lon="3.1809504999999945">
        <ele>116.27502720343098</ele>
        <time>2026-08-20T15:43:30.883Z</time>
      </trkpt>
      <trkpt lat="41.9667781" lon="3.1809479000000067">
        <ele>115.77426413421014</ele>
        <time>2026-08-20T15:43:32.923Z</time>
      </trkpt>
      <trkpt lat="41.9668171" lon="3.1809393000000057">
        <ele>115.2830393567671</ele>
        <time>2026-08-20T15:43:34.985Z</time>
      </trkpt>
      <trkpt lat="41.966857" lon="3.1809298000000013">
        <ele>114.75805179200641</ele>
        <time>2026-08-20T15:43:37.000Z</time>
      </trkpt>
      <trkpt lat="41.9668964" lon="3.1809101000000055">
        <ele>114.21316813066913</ele>
        <time>2026-08-20T15:43:39.066Z</time>
      </trkpt>
      <trkpt lat="41.9669386" lon="3.180890599999998">
        <ele>113.7967510612043</ele>
        <time>2026-08-20T15:43:41.106Z</time>
      </trkpt>
      <trkpt lat="41.9669798" lon="3.1808790999999985">
        <ele>113.39068899298248</ele>
        <time>2026-08-20T15:43:43.068Z</time>
      </trkpt>
      <trkpt lat="41.9670149" lon="3.1808671999999945">
        <ele>113.03255304551068</ele>
        <time>2026-08-20T15:43:45.067Z</time>
      </trkpt>
      <trkpt lat="41.9670482" lon="3.1808564000000104">
        <ele>112.68462989584646</ele>
        <time>2026-08-20T15:43:47.068Z</time>
      </trkpt>
      <trkpt lat="41.9670766" lon="3.1808422000000007">
        <ele>112.36957745034277</ele>
        <time>2026-08-20T15:43:49.072Z</time>
      </trkpt>
      <trkpt lat="41.9671059" lon="3.1808267000000114">
        <ele>112.03227695046868</ele>
        <time>2026-08-20T15:43:51.117Z</time>
      </trkpt>
      <trkpt lat="41.9671352" lon="3.1808038000000067">
        <ele>111.65924740694372</ele>
        <time>2026-08-20T15:43:53.068Z</time>
      </trkpt>
      <trkpt lat="41.967156" lon="3.1807745000000125">
        <ele>111.31292968240821</ele>
        <time>2026-08-20T15:43:55.068Z</time>
      </trkpt>
      <trkpt lat="41.9671844" lon="3.180755299999987">
        <ele>110.88059135043285</ele>
        <time>2026-08-20T15:43:57.068Z</time>
      </trkpt>
      <trkpt lat="41.9672032" lon="3.180716899999993">
        <ele>110.42913234039216</ele>
        <time>2026-08-20T15:43:59.068Z</time>
      </trkpt>
      <trkpt lat="41.9672208" lon="3.1806754000000126">
        <ele>109.98483870204169</ele>
        <time>2026-08-20T15:44:00.884Z</time>
      </trkpt>
      <trkpt lat="41.9672344" lon="3.1806350999999893">
        <ele>109.60708163385246</ele>
        <time>2026-08-20T15:44:02.981Z</time>
      </trkpt>
      <trkpt lat="41.9672521" lon="3.180593600000009">
        <ele>109.16907672963094</ele>
        <time>2026-08-20T15:44:05.061Z</time>
      </trkpt>
      <trkpt lat="41.9672571" lon="3.1805473000000006">
        <ele>108.89181123988834</ele>
        <time>2026-08-20T15:44:07.022Z</time>
      </trkpt>
      <trkpt lat="41.9672515" lon="3.1805048999999883">
        <ele>108.70720821116906</ele>
        <time>2026-08-20T15:44:09.007Z</time>
      </trkpt>
      <trkpt lat="41.9672478" lon="3.180460299999993">
        <ele>108.41562131280077</ele>
        <time>2026-08-20T15:44:11.024Z</time>
      </trkpt>
      <trkpt lat="41.967242" lon="3.18041199999999">
        <ele>108.11266321486191</ele>
        <time>2026-08-20T15:44:13.068Z</time>
      </trkpt>
      <trkpt lat="41.9672401" lon="3.180366399999997">
        <ele>107.77813012761858</ele>
        <time>2026-08-20T15:44:15.068Z</time>
      </trkpt>
      <trkpt lat="41.9672479" lon="3.1803296999999873">
        <ele>107.41502154664126</ele>
        <time>2026-08-20T15:44:17.067Z</time>
      </trkpt>
      <trkpt lat="41.9672336" lon="3.1802840000000003">
        <ele>107.19144758184473</ele>
        <time>2026-08-20T15:44:19.085Z</time>
      </trkpt>
      <trkpt lat="41.9672298" lon="3.1802280999999937">
        <ele>106.87923789511365</ele>
        <time>2026-08-20T15:44:21.068Z</time>
      </trkpt>
      <trkpt lat="41.9672296" lon="3.180190699999997">
        <ele>106.75401943800132</ele>
        <time>2026-08-20T15:44:22.882Z</time>
      </trkpt>
      <trkpt lat="41.967224" lon="3.1801480000000026">
        <ele>106.6532845841757</ele>
        <time>2026-08-20T15:44:24.804Z</time>
      </trkpt>
      <trkpt lat="41.9672207" lon="3.1801002999999923">
        <ele>106.51648192356485</ele>
        <time>2026-08-20T15:44:27.005Z</time>
      </trkpt>
      <trkpt lat="41.9672248" lon="3.1800547999999935">
        <ele>106.32986350448829</ele>
        <time>2026-08-20T15:44:29.062Z</time>
      </trkpt>
      <trkpt lat="41.9672385" lon="3.1800143000000105">
        <ele>106.08861192714706</ele>
        <time>2026-08-20T15:44:31.078Z</time>
      </trkpt>
      <trkpt lat="41.967245" lon="3.179980900000004">
        <ele>105.92749269584161</ele>
        <time>2026-08-20T15:44:33.068Z</time>
      </trkpt>
      <trkpt lat="41.9672569" lon="3.1799537999999927">
        <ele>105.95281670896215</ele>
        <time>2026-08-20T15:44:35.068Z</time>
      </trkpt>
      <trkpt lat="41.9672685" lon="3.1799311999999986">
        <ele>106.03314238706848</ele>
        <time>2026-08-20T15:44:37.068Z</time>
      </trkpt>
      <trkpt lat="41.96729" lon="3.1799186000000077">
        <ele>105.94566984783367</ele>
        <time>2026-08-20T15:44:39.117Z</time>
      </trkpt>
      <trkpt lat="41.9673065" lon="3.1798893000000135">
        <ele>106.00517852314067</ele>
        <time>2026-08-20T15:44:41.116Z</time>
      </trkpt>
      <trkpt lat="41.9673261" lon="3.179864600000002">
        <ele>105.98621828816744</ele>
        <time>2026-08-20T15:44:43.117Z</time>
      </trkpt>
      <trkpt lat="41.9673415" lon="3.179839600000008">
        <ele>105.99229812404884</ele>
        <time>2026-08-20T15:44:45.091Z</time>
      </trkpt>
      <trkpt lat="41.9673596" lon="3.179829500000011">
        <ele>105.86874362596697</ele>
        <time>2026-08-20T15:44:47.068Z</time>
      </trkpt>
      <trkpt lat="41.9673855" lon="3.179826100000014">
        <ele>105.62123779940299</ele>
        <time>2026-08-20T15:44:49.067Z</time>
      </trkpt>
      <trkpt lat="41.9674163" lon="3.179830900000013">
        <ele>105.28115458980739</ele>
        <time>2026-08-20T15:44:51.068Z</time>
      </trkpt>
      <trkpt lat="41.9674441" lon="3.1798386000000107">
        <ele>104.96529905609637</ele>
        <time>2026-08-20T15:44:53.067Z</time>
      </trkpt>
      <trkpt lat="41.9674692" lon="3.179839500000014">
        <ele>104.75470860900421</ele>
        <time>2026-08-20T15:44:54.889Z</time>
      </trkpt>
      <trkpt lat="41.9674951" lon="3.1798426999999947">
        <ele>104.56175480932215</ele>
        <time>2026-08-20T15:44:56.722Z</time>
      </trkpt>
      <trkpt lat="41.9675275" lon="3.1798564000000056">
        <ele>104.2695089962378</ele>
        <time>2026-08-20T15:44:59.098Z</time>
      </trkpt>
      <trkpt lat="41.967551" lon="3.179867999999999">
        <ele>104.0411644059736</ele>
        <time>2026-08-20T15:45:00.908Z</time>
      </trkpt>
      <trkpt lat="41.9675835" lon="3.179878000000002">
        <ele>103.74733293281979</ele>
        <time>2026-08-20T15:45:03.069Z</time>
      </trkpt>
      <trkpt lat="41.9676177" lon="3.1798895000000016">
        <ele>103.42243123647464</ele>
        <time>2026-08-20T15:45:05.061Z</time>
      </trkpt>
      <trkpt lat="41.9676468" lon="3.1798893000000135">
        <ele>103.2029328797628</ele>
        <time>2026-08-20T15:45:07.101Z</time>
      </trkpt>
      <trkpt lat="41.9676726" lon="3.1798880999999994">
        <ele>103.01553295814672</ele>
        <time>2026-08-20T15:45:09.070Z</time>
      </trkpt>
      <trkpt lat="41.9676948" lon="3.1798794999999984">
        <ele>102.90961785043982</ele>
        <time>2026-08-20T15:45:11.067Z</time>
      </trkpt>
      <trkpt lat="41.967722" lon="3.1798809000000006">
        <ele>102.69634147273528</ele>
        <time>2026-08-20T15:45:13.101Z</time>
      </trkpt>
      <trkpt lat="41.9677494" lon="3.1798703000000046">
        <ele>102.60030969396698</ele>
        <time>2026-08-20T15:45:15.067Z</time>
      </trkpt>
      <trkpt lat="41.9677775" lon="3.179868599999992">
        <ele>102.44924361211122</ele>
        <time>2026-08-20T15:45:17.068Z</time>
      </trkpt>
      <trkpt lat="41.9678026" lon="3.179871200000008">
        <ele>102.28141419084416</ele>
        <time>2026-08-20T15:45:18.868Z</time>
      </trkpt>
      <trkpt lat="41.9678314" lon="3.17987389999999">
        <ele>102.09040835149945</ele>
        <time>2026-08-20T15:45:20.908Z</time>
      </trkpt>
      <trkpt lat="41.9678624" lon="3.1798760000000073">
        <ele>101.8907291524407</ele>
        <time>2026-08-20T15:45:22.966Z</time>
      </trkpt>
      <trkpt lat="41.9678924" lon="3.179881200000011">
        <ele>101.66995698113224</ele>
        <time>2026-08-20T15:45:24.982Z</time>
      </trkpt>
      <trkpt lat="41.967922" lon="3.1798841000000095">
        <ele>101.469963559375</ele>
        <time>2026-08-20T15:45:26.983Z</time>
      </trkpt>
      <trkpt lat="41.9679506" lon="3.17988170000001">
        <ele>101.32163944866805</ele>
        <time>2026-08-20T15:45:29.006Z</time>
      </trkpt>
      <trkpt lat="41.9679813" lon="3.1798876000000007">
        <ele>101.08747007171382</ele>
        <time>2026-08-20T15:45:31.088Z</time>
      </trkpt>
      <trkpt lat="41.9680095" lon="3.1799058000000002">
        <ele>100.75502999656366</ele>
        <time>2026-08-20T15:45:33.068Z</time>
      </trkpt>
      <trkpt lat="41.9680365" lon="3.1799174999999877">
        <ele>100.42512602198937</ele>
        <time>2026-08-20T15:45:35.068Z</time>
      </trkpt>
      <trkpt lat="41.9680638" lon="3.179927300000003">
        <ele>100.10046396397762</ele>
        <time>2026-08-20T15:45:37.074Z</time>
      </trkpt>
      <trkpt lat="41.9680937" lon="3.179934000000003">
        <ele>99.77844679851309</ele>
        <time>2026-08-20T15:45:39.186Z</time>
      </trkpt>
      <trkpt lat="41.9681223" lon="3.179930600000006">
        <ele>99.56708629718915</ele>
        <time>2026-08-20T15:45:41.106Z</time>
      </trkpt>
      <trkpt lat="41.9681558" lon="3.1799279999999897">
        <ele>99.30748214643836</ele>
        <time>2026-08-20T15:45:43.121Z</time>
      </trkpt>
      <trkpt lat="41.9681887" lon="3.1799239000000057">
        <ele>99.07132801589063</ele>
        <time>2026-08-20T15:45:45.067Z</time>
      </trkpt>
      <trkpt lat="41.9682216" lon="3.1799257000000125">
        <ele>98.77121521937471</ele>
        <time>2026-08-20T15:45:47.145Z</time>
      </trkpt>
      <trkpt lat="41.9682531" lon="3.179924800000009">
        <ele>98.5132963688569</ele>
        <time>2026-08-20T15:45:49.129Z</time>
      </trkpt>
      <trkpt lat="41.9682792" lon="3.179916899999995">
        <ele>98.38555224410855</ele>
        <time>2026-08-20T15:45:51.106Z</time>
      </trkpt>
      <trkpt lat="41.9683089" lon="3.1799107999999876">
        <ele>98.27132778209005</ele>
        <time>2026-08-20T15:45:53.068Z</time>
      </trkpt>
      <trkpt lat="41.9683388" lon="3.1799040999999875">
        <ele>98.19830239019943</ele>
        <time>2026-08-20T15:45:55.084Z</time>
      </trkpt>
      <trkpt lat="41.9683674" lon="3.179904300000004">
        <ele>98.04754106252517</ele>
        <time>2026-08-20T15:45:57.085Z</time>
      </trkpt>
      <trkpt lat="41.9683965" lon="3.179914999999994">
        <ele>97.7577794058613</ele>
        <time>2026-08-20T15:45:59.069Z</time>
      </trkpt>
      <trkpt lat="41.968426" lon="3.1799191000000064">
        <ele>97.54786640154725</ele>
        <time>2026-08-20T15:46:01.078Z</time>
      </trkpt>
      <trkpt lat="41.968453" lon="3.179909400000014">
        <ele>97.5350978026548</ele>
        <time>2026-08-20T15:46:03.068Z</time>
      </trkpt>
      <trkpt lat="41.9684831" lon="3.1798984000000132">
        <ele>97.52873475760143</ele>
        <time>2026-08-20T15:46:05.116Z</time>
      </trkpt>
      <trkpt lat="41.9685088" lon="3.179876500000006">
        <ele>97.70227771595572</ele>
        <time>2026-08-20T15:46:07.068Z</time>
      </trkpt>
      <trkpt lat="41.9685374" lon="3.1798664000000088">
        <ele>97.70422062081566</ele>
        <time>2026-08-20T15:46:09.097Z</time>
      </trkpt>
      <trkpt lat="41.968563" lon="3.1798431999999934">
        <ele>97.91428258140942</ele>
        <time>2026-08-20T15:46:11.068Z</time>
      </trkpt>
      <trkpt lat="41.9685854" lon="3.1798306999999966">
        <ele>98.07178715913628</ele>
        <time>2026-08-20T15:46:12.905Z</time>
      </trkpt>
      <trkpt lat="41.9686087" lon="3.1798133000000064">
        <ele>98.29746727356125</ele>
        <time>2026-08-20T15:46:14.842Z</time>
      </trkpt>
      <trkpt lat="41.9686349" lon="3.179796500000009">
        <ele>98.48655426784688</ele>
        <time>2026-08-20T15:46:16.907Z</time>
      </trkpt>
      <trkpt lat="41.9686649" lon="3.179786000000007">
        <ele>98.56953405843613</ele>
        <time>2026-08-20T15:46:18.963Z</time>
      </trkpt>
      <trkpt lat="41.9686883" lon="3.179782899999992">
        <ele>98.56630868497962</ele>
        <time>2026-08-20T15:46:20.844Z</time>
      </trkpt>
      <trkpt lat="41.968714" lon="3.1797765999999967">
        <ele>98.58592281606145</ele>
        <time>2026-08-20T15:46:22.869Z</time>
      </trkpt>
      <trkpt lat="41.9687411" lon="3.179770899999994">
        <ele>98.58706495904595</ele>
        <time>2026-08-20T15:46:24.908Z</time>
      </trkpt>
      <trkpt lat="41.9687695" lon="3.179757499999994">
        <ele>98.6377088691367</ele>
        <time>2026-08-20T15:46:27.068Z</time>
      </trkpt>
      <trkpt lat="41.9687869" lon="3.179746200000011">
        <ele>98.68009001126237</ele>
        <time>2026-08-20T15:46:29.084Z</time>
      </trkpt>
      <trkpt lat="41.9688004" lon="3.179736399999996">
        <ele>98.71173614576183</ele>
        <time>2026-08-20T15:46:31.068Z</time>
      </trkpt>
      <trkpt lat="41.9688225" lon="3.179723700000011">
        <ele>98.72412010490154</ele>
        <time>2026-08-20T15:46:33.067Z</time>
      </trkpt>
      <trkpt lat="41.9688504" lon="3.1797160000000133">
        <ele>98.65970680489437</ele>
        <time>2026-08-20T15:46:35.068Z</time>
      </trkpt>
      <trkpt lat="41.9688786" lon="3.1797051000000067">
        <ele>98.55404479552395</ele>
        <time>2026-08-20T15:46:37.082Z</time>
      </trkpt>
      <trkpt lat="41.9689052" lon="3.1796935000000133">
        <ele>98.44364926858925</ele>
        <time>2026-08-20T15:46:38.986Z</time>
      </trkpt>
      <trkpt lat="41.9689348" lon="3.1796918999999946">
        <ele>98.26306317157871</ele>
        <time>2026-08-20T15:46:41.082Z</time>
      </trkpt>
      <trkpt lat="41.9689651" lon="3.179692899999992">
        <ele>98.07360097370136</ele>
        <time>2026-08-20T15:46:43.088Z</time>
      </trkpt>
      <trkpt lat="41.9689951" lon="3.1796985999999947">
        <ele>97.87911068192807</ele>
        <time>2026-08-20T15:46:45.068Z</time>
      </trkpt>
      <trkpt lat="41.9690269" lon="3.179701300000005">
        <ele>97.6841824765729</ele>
        <time>2026-08-20T15:46:47.068Z</time>
      </trkpt>
      <trkpt lat="41.9690603" lon="3.1797084000000098">
        <ele>97.48469851412048</ele>
        <time>2026-08-20T15:46:49.068Z</time>
      </trkpt>
      <trkpt lat="41.969093" lon="3.1797128000000043">
        <ele>97.29925742557788</ele>
        <time>2026-08-20T15:46:51.080Z</time>
      </trkpt>
      <trkpt lat="41.9691256" lon="3.1797249999999906">
        <ele>97.12913058695867</ele>
        <time>2026-08-20T15:46:53.068Z</time>
      </trkpt>
      <trkpt lat="41.9691502" lon="3.1797511999999983">
        <ele>96.9421940398366</ele>
        <time>2026-08-20T15:46:55.104Z</time>
      </trkpt>
      <trkpt lat="41.9691799" lon="3.179748499999988">
        <ele>96.65735617706201</ele>
        <time>2026-08-20T15:46:57.068Z</time>
      </trkpt>
      <trkpt lat="41.9692132" lon="3.179735099999988">
        <ele>96.32818996191652</ele>
        <time>2026-08-20T15:46:59.068Z</time>
      </trkpt>
      <trkpt lat="41.9692391" lon="3.1797296999999958">
        <ele>96.08134717098282</ele>
        <time>2026-08-20T15:47:00.906Z</time>
      </trkpt>
      <trkpt lat="41.9692686" lon="3.1797223000000088">
        <ele>95.8019724766743</ele>
        <time>2026-08-20T15:47:02.842Z</time>
      </trkpt>
      <trkpt lat="41.9692964" lon="3.1797167999999942">
        <ele>95.54241498352593</ele>
        <time>2026-08-20T15:47:04.826Z</time>
      </trkpt>
      <trkpt lat="41.969328" lon="3.179702700000007">
        <ele>95.24858689484849</ele>
        <time>2026-08-20T15:47:07.068Z</time>
      </trkpt>
      <trkpt lat="41.9693557" lon="3.179688999999996">
        <ele>95.01191985449893</ele>
        <time>2026-08-20T15:47:09.068Z</time>
      </trkpt>
      <trkpt lat="41.9693786" lon="3.1796784999999943">
        <ele>94.84336618028874</ele>
        <time>2026-08-20T15:47:11.042Z</time>
      </trkpt>
      <trkpt lat="41.9694063" lon="3.1796726999999976">
        <ele>94.63760491957058</ele>
        <time>2026-08-20T15:47:12.985Z</time>
      </trkpt>
      <trkpt lat="41.9694371" lon="3.179663199999993">
        <ele>94.51044847126936</ele>
        <time>2026-08-20T15:47:15.105Z</time>
      </trkpt>
      <trkpt lat="41.9694677" lon="3.17966100000001">
        <ele>94.35729052778055</ele>
        <time>2026-08-20T15:47:17.067Z</time>
      </trkpt>
      <trkpt lat="41.9694957" lon="3.1796487000000013">
        <ele>94.26867802681764</ele>
        <time>2026-08-20T15:47:19.065Z</time>
      </trkpt>
      <trkpt lat="41.9695252" lon="3.1796362000000045">
        <ele>94.18105321511841</ele>
        <time>2026-08-20T15:47:21.082Z</time>
      </trkpt>
      <trkpt lat="41.9695561" lon="3.179626899999988">
        <ele>94.07686643274984</ele>
        <time>2026-08-20T15:47:23.068Z</time>
      </trkpt>
      <trkpt lat="41.9695807" lon="3.179602999999986">
        <ele>94.09426337752187</ele>
        <time>2026-08-20T15:47:24.906Z</time>
      </trkpt>
      <trkpt lat="41.9696043" lon="3.17959350000001">
        <ele>94.04151206040598</ele>
        <time>2026-08-20T15:47:26.866Z</time>
      </trkpt>
      <trkpt lat="41.9696374" lon="3.179578200000009">
        <ele>93.98846626070907</ele>
        <time>2026-08-20T15:47:29.025Z</time>
      </trkpt>
      <trkpt lat="41.9696691" lon="3.179563900000005">
        <ele>93.9456255624067</ele>
        <time>2026-08-20T15:47:30.849Z</time>
      </trkpt>
      <trkpt lat="41.9696959" lon="3.179538199999996">
        <ele>94.08493800478143</ele>
        <time>2026-08-20T15:47:33.080Z</time>
      </trkpt>
      <trkpt lat="41.9697233" lon="3.1795185999999944">
        <ele>94.22260057251701</ele>
        <time>2026-08-20T15:47:35.089Z</time>
      </trkpt>
      <trkpt lat="41.9697451" lon="3.1794873999999993">
        <ele>94.41242901934933</ele>
        <time>2026-08-20T15:47:37.116Z</time>
      </trkpt>
      <trkpt lat="41.9697659" lon="3.179460199999994">
        <ele>94.5597801903186</ele>
        <time>2026-08-20T15:47:39.068Z</time>
      </trkpt>
      <trkpt lat="41.9697849" lon="3.179430300000007">
        <ele>94.70595512599078</ele>
        <time>2026-08-20T15:47:41.068Z</time>
      </trkpt>
      <trkpt lat="41.9698056" lon="3.179399200000006">
        <ele>94.86854617915132</ele>
        <time>2026-08-20T15:47:42.947Z</time>
      </trkpt>
      <trkpt lat="41.9698195" lon="3.179376700000006">
        <ele>94.98672337888264</ele>
        <time>2026-08-20T15:47:44.884Z</time>
      </trkpt>
      <trkpt lat="41.9698398" lon="3.179347199999995">
        <ele>95.10554147592732</ele>
        <time>2026-08-20T15:47:46.948Z</time>
      </trkpt>
      <trkpt lat="41.9698626" lon="3.1793261999999913">
        <ele>95.13388863718994</ele>
        <time>2026-08-20T15:47:48.908Z</time>
      </trkpt>
      <trkpt lat="41.9698876" lon="3.1792821999999887">
        <ele>95.22121437677245</ele>
        <time>2026-08-20T15:47:51.068Z</time>
      </trkpt>
      <trkpt lat="41.9699067" lon="3.1792609000000027">
        <ele>95.1968782216811</ele>
        <time>2026-08-20T15:47:52.908Z</time>
      </trkpt>
      <trkpt lat="41.969931" lon="3.179229200000009">
        <ele>95.14349426468937</ele>
        <time>2026-08-20T15:47:54.906Z</time>
      </trkpt>
      <trkpt lat="41.9699617" lon="3.179203699999988">
        <ele>94.96840283811069</ele>
        <time>2026-08-20T15:47:56.922Z</time>
      </trkpt>
      <trkpt lat="41.96999" lon="3.179179000000005">
        <ele>94.70671884202513</ele>
        <time>2026-08-20T15:47:58.904Z</time>
      </trkpt>
      <trkpt lat="41.9700175" lon="3.17914540000001">
        <ele>94.46290041732922</ele>
        <time>2026-08-20T15:48:00.824Z</time>
      </trkpt>
      <trkpt lat="41.9700539" lon="3.1791297999999983">
        <ele>94.10709269822911</ele>
        <time>2026-08-20T15:48:02.865Z</time>
      </trkpt>
      <trkpt lat="41.9700777" lon="3.179111699999993">
        <ele>93.92094247620383</ele>
        <time>2026-08-20T15:48:04.768Z</time>
      </trkpt>
      <trkpt lat="41.970104" lon="3.17907790000001">
        <ele>93.75383040235202</ele>
        <time>2026-08-20T15:48:06.768Z</time>
      </trkpt>
      <trkpt lat="41.9701329" lon="3.1790552999999875">
        <ele>93.47562418168575</ele>
        <time>2026-08-20T15:48:08.849Z</time>
      </trkpt>
      <trkpt lat="41.9701601" lon="3.1790392000000054">
        <ele>93.17365989045715</ele>
        <time>2026-08-20T15:48:10.729Z</time>
      </trkpt>
      <trkpt lat="41.9701963" lon="3.179033000000004">
        <ele>92.70794476723131</ele>
        <time>2026-08-20T15:48:12.705Z</time>
      </trkpt>
      <trkpt lat="41.9702329" lon="3.179029600000007">
        <ele>92.223142580239</ele>
        <time>2026-08-20T15:48:14.707Z</time>
      </trkpt>
      <trkpt lat="41.9702688" lon="3.179028299999999">
        <ele>91.77891967252873</ele>
        <time>2026-08-20T15:48:16.708Z</time>
      </trkpt>
      <trkpt lat="41.9703095" lon="3.1790340000000015">
        <ele>91.26720526844949</ele>
        <time>2026-08-20T15:48:19.067Z</time>
      </trkpt>
      <trkpt lat="41.970342" lon="3.179028499999987">
        <ele>90.87684163505774</ele>
        <time>2026-08-20T15:48:21.068Z</time>
      </trkpt>
      <trkpt lat="41.9703743" lon="3.1790426999999966">
        <ele>90.45033595665879</ele>
        <time>2026-08-20T15:48:23.068Z</time>
      </trkpt>
      <trkpt lat="41.9704043" lon="3.1790584999999965">
        <ele>90.04620914384321</ele>
        <time>2026-08-20T15:48:25.068Z</time>
      </trkpt>
      <trkpt lat="41.9704291" lon="3.179082099999988">
        <ele>89.68697535519513</ele>
        <time>2026-08-20T15:48:27.072Z</time>
      </trkpt>
      <trkpt lat="41.9704636" lon="3.1790789000000075">
        <ele>89.26367762100705</ele>
        <time>2026-08-20T15:48:29.068Z</time>
      </trkpt>
      <trkpt lat="41.9704944" lon="3.1790913000000103">
        <ele>88.8500465705807</ele>
        <time>2026-08-20T15:48:31.069Z</time>
      </trkpt>
      <trkpt lat="41.9705243" lon="3.179101099999997">
        <ele>88.51395809299025</ele>
        <time>2026-08-20T15:48:33.068Z</time>
      </trkpt>
      <trkpt lat="41.9705529" lon="3.1791066000000114">
        <ele>88.32643216583718</ele>
        <time>2026-08-20T15:48:34.968Z</time>
      </trkpt>
      <trkpt lat="41.9705822" lon="3.1791254000000038">
        <ele>88.10917808204235</ele>
        <time>2026-08-20T15:48:37.068Z</time>
      </trkpt>
      <trkpt lat="41.9706098" lon="3.179137400000002">
        <ele>87.9211293387553</ele>
        <time>2026-08-20T15:48:39.068Z</time>
      </trkpt>
      <trkpt lat="41.9706397" lon="3.1791497000000106">
        <ele>87.77464454779722</ele>
        <time>2026-08-20T15:48:41.046Z</time>
      </trkpt>
      <trkpt lat="41.9706705" lon="3.1791647999999952">
        <ele>87.61105704717941</ele>
        <time>2026-08-20T15:48:43.068Z</time>
      </trkpt>
      <trkpt lat="41.9706987" lon="3.1791795000000036">
        <ele>87.44243164812687</ele>
        <time>2026-08-20T15:48:45.049Z</time>
      </trkpt>
      <trkpt lat="41.9707278" lon="3.1791978999999913">
        <ele>87.24869784617213</ele>
        <time>2026-08-20T15:48:47.026Z</time>
      </trkpt>
      <trkpt lat="41.9707607" lon="3.179206399999998">
        <ele>87.00268329812204</ele>
        <time>2026-08-20T15:48:49.068Z</time>
      </trkpt>
      <trkpt lat="41.9707915" lon="3.179208100000011">
        <ele>86.76696844032784</ele>
        <time>2026-08-20T15:48:50.963Z</time>
      </trkpt>
      <trkpt lat="41.9708257" lon="3.1792113999999856">
        <ele>86.61867674265108</ele>
        <time>2026-08-20T15:48:53.068Z</time>
      </trkpt>
      <trkpt lat="41.9708569" lon="3.1792151999999874">
        <ele>86.48438363855212</ele>
        <time>2026-08-20T15:48:55.093Z</time>
      </trkpt>
      <trkpt lat="41.9708934" lon="3.1792211000000066">
        <ele>86.32157857793712</ele>
        <time>2026-08-20T15:48:57.046Z</time>
      </trkpt>
      <trkpt lat="41.9709154" lon="3.179228099999989">
        <ele>86.21383017825623</ele>
        <time>2026-08-20T15:48:59.007Z</time>
      </trkpt>
      <trkpt lat="41.970942" lon="3.1792335000000094">
        <ele>86.08745647757674</ele>
        <time>2026-08-20T15:49:01.024Z</time>
      </trkpt>
      <trkpt lat="41.9709676" lon="3.179234100000002">
        <ele>85.97588128645836</ele>
        <time>2026-08-20T15:49:02.907Z</time>
      </trkpt>
      <trkpt lat="41.9709962" lon="3.1792268000000092">
        <ele>85.87463406549323</ele>
        <time>2026-08-20T15:49:04.869Z</time>
      </trkpt>
      <trkpt lat="41.97102" lon="3.1792199999999866">
        <ele>85.79557136019324</ele>
        <time>2026-08-20T15:49:06.847Z</time>
      </trkpt>
      <trkpt lat="41.9710452" lon="3.179214900000005">
        <ele>85.70786362758686</ele>
        <time>2026-08-20T15:49:08.848Z</time>
      </trkpt>
      <trkpt lat="41.9710707" lon="3.1792196000000104">
        <ele>85.5854771080965</ele>
        <time>2026-08-20T15:49:10.866Z</time>
      </trkpt>
      <trkpt lat="41.9710962" lon="3.179222299999992">
        <ele>85.3692094667582</ele>
        <time>2026-08-20T15:49:12.868Z</time>
      </trkpt>
      <trkpt lat="41.9711246" lon="3.1792244000000096">
        <ele>85.1351558084938</ele>
        <time>2026-08-20T15:49:14.861Z</time>
      </trkpt>
      <trkpt lat="41.9711461" lon="3.1792389000000014">
        <ele>84.9528964186341</ele>
        <time>2026-08-20T15:49:16.727Z</time>
      </trkpt>
      <trkpt lat="41.9711718" lon="3.1792523999999958">
        <ele>84.76633345839227</ele>
        <time>2026-08-20T15:49:18.624Z</time>
      </trkpt>
      <trkpt lat="41.9711862" lon="3.179279400000013">
        <ele>84.69278670033292</ele>
        <time>2026-08-20T15:49:21.009Z</time>
      </trkpt>
      <trkpt lat="41.9712195" lon="3.179261099999991">
        <ele>84.45612359543125</ele>
        <time>2026-08-20T15:49:23.067Z</time>
      </trkpt>
      <trkpt lat="41.9712496" lon="3.179248699999988">
        <ele>84.21469462208931</ele>
        <time>2026-08-20T15:49:25.068Z</time>
      </trkpt>
      <trkpt lat="41.9712622" lon="3.1792337999999916">
        <ele>84.06575561454515</ele>
        <time>2026-08-20T15:49:27.068Z</time>
      </trkpt>
      <trkpt lat="41.9712614" lon="3.1792318999999907">
        <ele>84.06432218578136</ele>
        <time>2026-08-20T15:49:28.925Z</time>
      </trkpt>
      <trkpt lat="41.971265" lon="3.1791834999999935">
        <ele>83.83664675870091</ele>
        <time>2026-08-20T15:49:31.070Z</time>
      </trkpt>
      <trkpt lat="41.9712728" lon="3.179151300000001">
        <ele>83.61810724413468</ele>
        <time>2026-08-20T15:49:32.984Z</time>
      </trkpt>
      <trkpt lat="41.9714193" lon="3.1791575999999964">
        <ele>82.43775881311014</ele>
        <time>2026-08-20T15:49:35.067Z</time>
      </trkpt>
      <trkpt lat="41.9714611" lon="3.179158199999989">
        <ele>82.20953757704235</ele>
        <time>2026-08-20T15:49:37.068Z</time>
      </trkpt>
      <trkpt lat="41.9714915" lon="3.1791700999999932">
        <ele>82.11832117438834</ele>
        <time>2026-08-20T15:49:39.068Z</time>
      </trkpt>
      <trkpt lat="41.9715137" lon="3.1791978999999913">
        <ele>82.17075479928174</ele>
        <time>2026-08-20T15:49:41.117Z</time>
      </trkpt>
      <trkpt lat="41.9715501" lon="3.1792086000000097">
        <ele>82.02436635038141</ele>
        <time>2026-08-20T15:49:43.068Z</time>
      </trkpt>
      <trkpt lat="41.9715795" lon="3.1792145000000005">
        <ele>81.88598890977265</ele>
        <time>2026-08-20T15:49:44.909Z</time>
      </trkpt>
      <trkpt lat="41.971612" lon="3.1792216999999994">
        <ele>81.73418409215815</ele>
        <time>2026-08-20T15:49:46.901Z</time>
      </trkpt>
      <trkpt lat="41.9716418" lon="3.1792265999999927">
        <ele>81.55000624982296</ele>
        <time>2026-08-20T15:49:49.006Z</time>
      </trkpt>
      <trkpt lat="41.9716793" lon="3.1792302000000063">
        <ele>81.25458443725489</ele>
        <time>2026-08-20T15:49:51.022Z</time>
      </trkpt>
      <trkpt lat="41.971703" lon="3.1792350999999996">
        <ele>81.07315909405392</ele>
        <time>2026-08-20T15:49:53.062Z</time>
      </trkpt>
      <trkpt lat="41.9717317" lon="3.1792384000000027">
        <ele>80.83763565895373</ele>
        <time>2026-08-20T15:49:55.024Z</time>
      </trkpt>
      <trkpt lat="41.9717638" lon="3.1792460000000062">
        <ele>80.57492904006878</ele>
        <time>2026-08-20T15:49:57.065Z</time>
      </trkpt>
      <trkpt lat="41.9717954" lon="3.1792632000000083">
        <ele>80.3117660446536</ele>
        <time>2026-08-20T15:49:59.068Z</time>
      </trkpt>
      <trkpt lat="41.9718254" lon="3.1792770000000132">
        <ele>80.03353735636652</ele>
        <time>2026-08-20T15:50:01.067Z</time>
      </trkpt>
      <trkpt lat="41.9718572" lon="3.1792892999999935">
        <ele>79.71517311225377</ele>
        <time>2026-08-20T15:50:03.068Z</time>
      </trkpt>
      <trkpt lat="41.9718767" lon="3.179302699999994">
        <ele>79.50104962804599</ele>
        <time>2026-08-20T15:50:05.068Z</time>
      </trkpt>
      <trkpt lat="41.9718958" lon="3.179315300000013">
        <ele>79.27810581530001</ele>
        <time>2026-08-20T15:50:07.068Z</time>
      </trkpt>
      <trkpt lat="41.9718584" lon="3.1793012999999917">
        <ele>79.69281176330622</ele>
        <time>2026-08-20T15:50:09.067Z</time>
      </trkpt>
      <trkpt lat="41.97187" lon="3.1792976000000124">
        <ele>79.5768615482963</ele>
        <time>2026-08-20T15:50:10.903Z</time>
      </trkpt>
      <trkpt lat="41.9719095" lon="3.1793137999999885">
        <ele>79.14789501961398</ele>
        <time>2026-08-20T15:50:12.904Z</time>
      </trkpt>
      <trkpt lat="41.9719339" lon="3.1793327000000033">
        <ele>78.91697141996477</ele>
        <time>2026-08-20T15:50:14.864Z</time>
      </trkpt>
      <trkpt lat="41.9719562" lon="3.1793586000000005">
        <ele>78.66173134124449</ele>
        <time>2026-08-20T15:50:16.808Z</time>
      </trkpt>
      <trkpt lat="41.9719822" lon="3.179382299999986">
        <ele>78.35872246580439</ele>
        <time>2026-08-20T15:50:18.987Z</time>
      </trkpt>
      <trkpt lat="41.9720129" lon="3.179397800000004">
        <ele>78.02314683840049</ele>
        <time>2026-08-20T15:50:21.068Z</time>
      </trkpt>
      <trkpt lat="41.9720362" lon="3.1794160000000034">
        <ele>77.72557102665272</ele>
        <time>2026-08-20T15:50:22.989Z</time>
      </trkpt>
      <trkpt lat="41.972065" lon="3.17943249999999">
        <ele>77.52638843955393</ele>
        <time>2026-08-20T15:50:25.085Z</time>
      </trkpt>
      <trkpt lat="41.9720899" lon="3.1794510000000002">
        <ele>77.38559138931569</ele>
        <time>2026-08-20T15:50:27.068Z</time>
      </trkpt>
      <trkpt lat="41.9721161" lon="3.1794695000000104">
        <ele>77.24735849519463</ele>
        <time>2026-08-20T15:50:29.067Z</time>
      </trkpt>
      <trkpt lat="41.9721422" lon="3.179482400000012">
        <ele>77.09363878704156</ele>
        <time>2026-08-20T15:50:31.068Z</time>
      </trkpt>
      <trkpt lat="41.9721683" lon="3.1794960999999944">
        <ele>76.95468215370256</ele>
        <time>2026-08-20T15:50:33.068Z</time>
      </trkpt>
      <trkpt lat="41.9721974" lon="3.1795114999999896">
        <ele>76.9270338265255</ele>
        <time>2026-08-20T15:50:34.968Z</time>
      </trkpt>
      <trkpt lat="41.9722172" lon="3.1795277999999882">
        <ele>77.02593360885169</ele>
        <time>2026-08-20T15:50:36.848Z</time>
      </trkpt>
      <trkpt lat="41.9722457" lon="3.179546700000003">
        <ele>77.13096663841915</ele>
        <time>2026-08-20T15:50:39.066Z</time>
      </trkpt>
      <trkpt lat="41.9722773" lon="3.1795477999999946">
        <ele>77.13264295286244</ele>
        <time>2026-08-20T15:50:41.068Z</time>
      </trkpt>
      <trkpt lat="41.9723066" lon="3.1795549999999935">
        <ele>77.16288279286994</ele>
        <time>2026-08-20T15:50:43.115Z</time>
      </trkpt>
      <trkpt lat="41.9723367" lon="3.179550500000005">
        <ele>77.13650287291861</ele>
        <time>2026-08-20T15:50:45.068Z</time>
      </trkpt>
      <trkpt lat="41.9723651" lon="3.179553700000014">
        <ele>77.14492833747089</ele>
        <time>2026-08-20T15:50:47.068Z</time>
      </trkpt>
      <trkpt lat="41.9723936" lon="3.1795511999999917">
        <ele>77.12971957207147</ele>
        <time>2026-08-20T15:50:49.068Z</time>
      </trkpt>
      <trkpt lat="41.9724229" lon="3.1795481999999993">
        <ele>77.11424142440619</ele>
        <time>2026-08-20T15:50:51.068Z</time>
      </trkpt>
      <trkpt lat="41.9724467" lon="3.1795299000000057">
        <ele>77.05233646664078</ele>
        <time>2026-08-20T15:50:53.086Z</time>
      </trkpt>
      <trkpt lat="41.972479" lon="3.179550199999994">
        <ele>77.06679838978434</ele>
        <time>2026-08-20T15:50:55.068Z</time>
      </trkpt>
      <trkpt lat="41.9725107" lon="3.1795634000000064">
        <ele>77.00649283591865</ele>
        <time>2026-08-20T15:50:57.068Z</time>
      </trkpt>
      <trkpt lat="41.9725406" lon="3.1795735000000036">
        <ele>76.93166123928175</ele>
        <time>2026-08-20T15:50:59.068Z</time>
      </trkpt>
      <trkpt lat="41.9725715" lon="3.1795860999999945">
        <ele>76.84466498927144</ele>
        <time>2026-08-20T15:51:01.068Z</time>
      </trkpt>
      <trkpt lat="41.9726045" lon="3.179597599999994">
        <ele>76.73502069358614</ele>
        <time>2026-08-20T15:51:03.068Z</time>
      </trkpt>
      <trkpt lat="41.9726418" lon="3.179606299999989">
        <ele>76.59544824347385</ele>
        <time>2026-08-20T15:51:05.067Z</time>
      </trkpt>
      <trkpt lat="41.9726736" lon="3.1796189000000084">
        <ele>76.46221678772001</ele>
        <time>2026-08-20T15:51:07.068Z</time>
      </trkpt>
      <trkpt lat="41.9727047" lon="3.179630599999996">
        <ele>76.31842388324031</ele>
        <time>2026-08-20T15:51:09.117Z</time>
      </trkpt>
      <trkpt lat="41.9727403" lon="3.179639100000003">
        <ele>76.14587995455277</ele>
        <time>2026-08-20T15:51:11.083Z</time>
      </trkpt>
      <trkpt lat="41.9727668" lon="3.1796540999999934">
        <ele>75.86088838416437</ele>
        <time>2026-08-20T15:51:13.067Z</time>
      </trkpt>
      <trkpt lat="41.9727974" lon="3.1796678000000043">
        <ele>75.5238415874127</ele>
        <time>2026-08-20T15:51:15.068Z</time>
      </trkpt>
      <trkpt lat="41.9728291" lon="3.179680300000001">
        <ele>75.16354587391284</ele>
        <time>2026-08-20T15:51:17.067Z</time>
      </trkpt>
      <trkpt lat="41.972862" lon="3.1796922999999992">
        <ele>74.7772196213952</ele>
        <time>2026-08-20T15:51:19.068Z</time>
      </trkpt>
      <trkpt lat="41.9728903" lon="3.179699499999998">
        <ele>74.46593845570548</ele>
        <time>2026-08-20T15:51:21.116Z</time>
      </trkpt>
      <trkpt lat="41.9729157" lon="3.1797136000000137">
        <ele>74.17927466068163</ele>
        <time>2026-08-20T15:51:23.083Z</time>
      </trkpt>
      <trkpt lat="41.97294" lon="3.1797366000000125">
        <ele>73.89464320623227</ele>
        <time>2026-08-20T15:51:25.099Z</time>
      </trkpt>
      <trkpt lat="41.9729689" lon="3.179749799999996">
        <ele>73.58626660043635</ele>
        <time>2026-08-20T15:51:27.099Z</time>
      </trkpt>
      <trkpt lat="41.972997" lon="3.1797564000000023">
        <ele>73.29909271682689</ele>
        <time>2026-08-20T15:51:29.116Z</time>
      </trkpt>
      <trkpt lat="41.9730378" lon="3.179737999999986">
        <ele>73.05634003645555</ele>
        <time>2026-08-20T15:51:31.067Z</time>
      </trkpt>
      <trkpt lat="41.9730739" lon="3.1797320999999954">
        <ele>72.9681226253282</ele>
        <time>2026-08-20T15:51:32.902Z</time>
      </trkpt>
      <trkpt lat="41.9731032" lon="3.1797329000000047">
        <ele>72.88914383438158</ele>
        <time>2026-08-20T15:51:34.942Z</time>
      </trkpt>
      <trkpt lat="41.9731343" lon="3.179723999999993">
        <ele>72.82595652785525</ele>
        <time>2026-08-20T15:51:36.942Z</time>
      </trkpt>
      <trkpt lat="41.9731653" lon="3.179720000000003">
        <ele>72.75630150904335</ele>
        <time>2026-08-20T15:51:38.926Z</time>
      </trkpt>
      <trkpt lat="41.9732006" lon="3.1797176000000036">
        <ele>72.67386076392356</ele>
        <time>2026-08-20T15:51:41.102Z</time>
      </trkpt>
      <trkpt lat="41.9732319" lon="3.1797142000000065">
        <ele>72.60610883366374</ele>
        <time>2026-08-20T15:51:43.067Z</time>
      </trkpt>
      <trkpt lat="41.973262" lon="3.179704700000002">
        <ele>72.56416714918676</ele>
        <time>2026-08-20T15:51:45.068Z</time>
      </trkpt>
      <trkpt lat="41.9732859" lon="3.179697400000009">
        <ele>72.53394420959849</ele>
        <time>2026-08-20T15:51:46.950Z</time>
      </trkpt>
      <trkpt lat="41.9733273" lon="3.1797005999999897">
        <ele>72.33154570627597</ele>
        <time>2026-08-20T15:51:49.078Z</time>
      </trkpt>
      <trkpt lat="41.9733585" lon="3.179710099999994">
        <ele>72.1307813294689</ele>
        <time>2026-08-20T15:51:51.094Z</time>
      </trkpt>
      <trkpt lat="41.9733875" lon="3.1797214999999994">
        <ele>71.93732572668445</ele>
        <time>2026-08-20T15:51:53.067Z</time>
      </trkpt>
      <trkpt lat="41.9734176" lon="3.1797254999999893">
        <ele>71.76495718478849</ele>
        <time>2026-08-20T15:51:55.067Z</time>
      </trkpt>
      <trkpt lat="41.973445" lon="3.1797353999999984">
        <ele>71.58874304969099</ele>
        <time>2026-08-20T15:51:57.067Z</time>
      </trkpt>
      <trkpt lat="41.973473" lon="3.1797440999999935">
        <ele>71.41510084281151</ele>
        <time>2026-08-20T15:51:59.067Z</time>
      </trkpt>
      <trkpt lat="41.9735004" lon="3.1797564999999963">
        <ele>71.23520999164997</ele>
        <time>2026-08-20T15:52:01.067Z</time>
      </trkpt>
      <trkpt lat="41.9735288" lon="3.179767499999997">
        <ele>71.05673064236773</ele>
        <time>2026-08-20T15:52:03.117Z</time>
      </trkpt>
      <trkpt lat="41.9735549" lon="3.1797751999999946">
        <ele>70.90146720793251</ele>
        <time>2026-08-20T15:52:05.066Z</time>
      </trkpt>
      <trkpt lat="41.9735823" lon="3.179789999999997">
        <ele>70.7075924888518</ele>
        <time>2026-08-20T15:52:07.066Z</time>
      </trkpt>
      <trkpt lat="41.9736189" lon="3.179802599999988">
        <ele>70.43423326293765</ele>
        <time>2026-08-20T15:52:09.067Z</time>
      </trkpt>
      <trkpt lat="41.9736418" lon="3.17981420000001">
        <ele>70.26800391644615</ele>
        <time>2026-08-20T15:52:11.079Z</time>
      </trkpt>
      <trkpt lat="41.9736725" lon="3.179822300000012">
        <ele>70.06768475145851</ele>
        <time>2026-08-20T15:52:13.167Z</time>
      </trkpt>
      <trkpt lat="41.9737027" lon="3.179828299999997">
        <ele>69.88086006271853</ele>
        <time>2026-08-20T15:52:15.067Z</time>
      </trkpt>
      <trkpt lat="41.9737348" lon="3.179835499999996">
        <ele>69.69104750536141</ele>
        <time>2026-08-20T15:52:16.903Z</time>
      </trkpt>
      <trkpt lat="41.9737611" lon="3.1798430000000053">
        <ele>69.54454297159667</ele>
        <time>2026-08-20T15:52:19.117Z</time>
      </trkpt>
      <trkpt lat="41.9737829" lon="3.1798597000000086">
        <ele>69.44613762049808</ele>
        <time>2026-08-20T15:52:20.943Z</time>
      </trkpt>
      <trkpt lat="41.9738125" lon="3.179874600000005">
        <ele>69.31952877673511</ele>
        <time>2026-08-20T15:52:23.086Z</time>
      </trkpt>
      <trkpt lat="41.9738486" lon="3.1798866000000032">
        <ele>69.17163424444169</ele>
        <time>2026-08-20T15:52:25.117Z</time>
      </trkpt>
      <trkpt lat="41.9738881" lon="3.1798994000000107">
        <ele>69.23296234811119</ele>
        <time>2026-08-20T15:52:27.067Z</time>
      </trkpt>
      <trkpt lat="41.9739183" lon="3.1799230999999963">
        <ele>69.36643258003642</ele>
        <time>2026-08-20T15:52:29.067Z</time>
      </trkpt>
      <trkpt lat="41.9739464" lon="3.1799369000000013">
        <ele>69.47391446319143</ele>
        <time>2026-08-20T15:52:30.927Z</time>
      </trkpt>
      <trkpt lat="41.9739806" lon="3.1799397999999997">
        <ele>69.55013138221565</ele>
        <time>2026-08-20T15:52:33.002Z</time>
      </trkpt>
      <trkpt lat="41.9740092" lon="3.179949999999991">
        <ele>69.6603584964911</ele>
        <time>2026-08-20T15:52:35.043Z</time>
      </trkpt>
      <trkpt lat="41.9740334" lon="3.179965199999998">
        <ele>69.80097834069774</ele>
        <time>2026-08-20T15:52:37.067Z</time>
      </trkpt>
      <trkpt lat="41.9740585" lon="3.1799780999999996">
        <ele>69.9783552178944</ele>
        <time>2026-08-20T15:52:39.117Z</time>
      </trkpt>
      <trkpt lat="41.9740801" lon="3.1799986000000047">
        <ele>70.2920598853019</ele>
        <time>2026-08-20T15:52:41.066Z</time>
      </trkpt>
      <trkpt lat="41.974102" lon="3.180019399999992">
        <ele>70.61177225199621</ele>
        <time>2026-08-20T15:52:43.067Z</time>
      </trkpt>
      <trkpt lat="41.9741226" lon="3.18004049999999">
        <ele>70.93357789998761</ele>
        <time>2026-08-20T15:52:44.988Z</time>
      </trkpt>
      <trkpt lat="41.9741484" lon="3.180051800000001">
        <ele>70.97340094790634</ele>
        <time>2026-08-20T15:52:47.100Z</time>
      </trkpt>
      <trkpt lat="41.9741731" lon="3.1800614999999937">
        <ele>70.92595145248615</ele>
        <time>2026-08-20T15:52:49.047Z</time>
      </trkpt>
      <trkpt lat="41.9742024" lon="3.1800687999999866">
        <ele>70.81838880553906</ele>
        <time>2026-08-20T15:52:51.066Z</time>
      </trkpt>
      <trkpt lat="41.9742331" lon="3.1800704000000053">
        <ele>70.62639380203458</ele>
        <time>2026-08-20T15:52:53.117Z</time>
      </trkpt>
      <trkpt lat="41.9742602" lon="3.1800818000000106">
        <ele>70.59778747094006</ele>
        <time>2026-08-20T15:52:55.117Z</time>
      </trkpt>
      <trkpt lat="41.974284" lon="3.180096800000001">
        <ele>70.64828820487062</ele>
        <time>2026-08-20T15:52:56.947Z</time>
      </trkpt>
      <trkpt lat="41.9743095" lon="3.180117700000011">
        <ele>70.77938319425687</ele>
        <time>2026-08-20T15:52:58.948Z</time>
      </trkpt>
      <trkpt lat="41.974332" lon="3.180136900000008">
        <ele>70.91412401662213</ele>
        <time>2026-08-20T15:53:00.982Z</time>
      </trkpt>
      <trkpt lat="41.9743539" lon="3.180152700000008">
        <ele>71.00975931272579</ele>
        <time>2026-08-20T15:53:02.982Z</time>
      </trkpt>
      <trkpt lat="41.9743781" lon="3.1801672999999937">
        <ele>71.0795089384771</ele>
        <time>2026-08-20T15:53:05.009Z</time>
      </trkpt>
      <trkpt lat="41.9744023" lon="3.1801778999999897">
        <ele>71.09437080154046</ele>
        <time>2026-08-20T15:53:07.027Z</time>
      </trkpt>
      <trkpt lat="41.9744264" lon="3.180187499999988">
        <ele>71.10629377871554</ele>
        <time>2026-08-20T15:53:09.068Z</time>
      </trkpt>
      <trkpt lat="41.9744492" lon="3.1801935999999955">
        <ele>71.07126539636623</ele>
        <time>2026-08-20T15:53:11.086Z</time>
      </trkpt>
      <trkpt lat="41.9744736" lon="3.180197600000014">
        <ele>70.99278109148489</ele>
        <time>2026-08-20T15:53:13.103Z</time>
      </trkpt>
      <trkpt lat="41.9744979" lon="3.1802039000000093">
        <ele>70.94424113140921</ele>
        <time>2026-08-20T15:53:15.088Z</time>
      </trkpt>
      <trkpt lat="41.9745208" lon="3.180210499999987">
        <ele>70.90339870329198</ele>
        <time>2026-08-20T15:53:17.043Z</time>
      </trkpt>
      <trkpt lat="41.974548" lon="3.18021379999999">
        <ele>70.7887027930949</ele>
        <time>2026-08-20T15:53:19.069Z</time>
      </trkpt>
      <trkpt lat="41.9745684" lon="3.180216800000011">
        <ele>70.70774167430477</ele>
        <time>2026-08-20T15:53:20.950Z</time>
      </trkpt>
      <trkpt lat="41.9746033" lon="3.1802246000000025">
        <ele>70.59825581356824</ele>
        <time>2026-08-20T15:53:23.009Z</time>
      </trkpt>
      <trkpt lat="41.9746325" lon="3.1802337000000023">
        <ele>70.53137801408316</ele>
        <time>2026-08-20T15:53:25.026Z</time>
      </trkpt>
      <trkpt lat="41.9746595" lon="3.1802495999999962">
        <ele>70.54952558502413</ele>
        <time>2026-08-20T15:53:26.964Z</time>
      </trkpt>
      <trkpt lat="41.9746816" lon="3.180281000000008">
        <ele>70.93208639603651</ele>
        <time>2026-08-20T15:53:29.067Z</time>
      </trkpt>
      <trkpt lat="41.9747037" lon="3.18030490000001">
        <ele>71.21894482769704</ele>
        <time>2026-08-20T15:53:31.117Z</time>
      </trkpt>
      <trkpt lat="41.97474" lon="3.180302299999994">
        <ele>70.99319326004031</ele>
        <time>2026-08-20T15:53:33.088Z</time>
      </trkpt>
      <trkpt lat="41.9747746" lon="3.1802992000000074">
        <ele>70.77166363390356</ele>
        <time>2026-08-20T15:53:35.117Z</time>
      </trkpt>
      <trkpt lat="41.9748013" lon="3.180300999999986">
        <ele>70.66557879457713</ele>
        <time>2026-08-20T15:53:37.067Z</time>
      </trkpt>
      <trkpt lat="41.974827" lon="3.180308999999994">
        <ele>70.65192323247342</ele>
        <time>2026-08-20T15:53:39.067Z</time>
      </trkpt>
      <trkpt lat="41.9748555" lon="3.1803275999999983">
        <ele>70.76292451841094</ele>
        <time>2026-08-20T15:53:41.067Z</time>
      </trkpt>
      <trkpt lat="41.9748784" lon="3.1803394000000083">
        <ele>70.79593424973709</ele>
        <time>2026-08-20T15:53:42.869Z</time>
      </trkpt>
      <trkpt lat="41.9749054" lon="3.1803567000000044">
        <ele>70.86619542361534</ele>
        <time>2026-08-20T15:53:44.941Z</time>
      </trkpt>
      <trkpt lat="41.9749274" lon="3.1803726999999924">
        <ele>70.93486814637767</ele>
        <time>2026-08-20T15:53:46.888Z</time>
      </trkpt>
      <trkpt lat="41.9749648" lon="3.1803702999999928">
        <ele>70.67063048152995</ele>
        <time>2026-08-20T15:53:49.066Z</time>
      </trkpt>
      <trkpt lat="41.9749916" lon="3.180374300000011">
        <ele>70.3365727350415</ele>
        <time>2026-08-20T15:53:50.947Z</time>
      </trkpt>
      <trkpt lat="41.9750209" lon="3.180378399999995">
        <ele>69.96008421388352</ele>
        <time>2026-08-20T15:53:52.949Z</time>
      </trkpt>
      <trkpt lat="41.9750507" lon="3.180378300000001">
        <ele>69.52864925110478</ele>
        <time>2026-08-20T15:53:54.982Z</time>
      </trkpt>
      <trkpt lat="41.9750805" lon="3.1803824000000134">
        <ele>69.13825910938239</ele>
        <time>2026-08-20T15:53:57.088Z</time>
      </trkpt>
      <trkpt lat="41.9751044" lon="3.180376499999994">
        <ele>68.73640391260754</ele>
        <time>2026-08-20T15:53:59.009Z</time>
      </trkpt>
      <trkpt lat="41.9751288" lon="3.1803701000000046">
        <ele>68.32818351040021</ele>
        <time>2026-08-20T15:54:01.027Z</time>
      </trkpt>
      <trkpt lat="41.9751545" lon="3.180362400000007">
        <ele>67.89641861275406</ele>
        <time>2026-08-20T15:54:03.028Z</time>
      </trkpt>
      <trkpt lat="41.9751792" lon="3.1803688999999906">
        <ele>67.598472513327</ele>
        <time>2026-08-20T15:54:05.061Z</time>
      </trkpt>
      <trkpt lat="41.9752081" lon="3.180376499999994">
        <ele>67.24229213312202</ele>
        <time>2026-08-20T15:54:07.064Z</time>
      </trkpt>
      <trkpt lat="41.9752373" lon="3.1803853000000117">
        <ele>66.8818488777698</ele>
        <time>2026-08-20T15:54:09.041Z</time>
      </trkpt>
      <trkpt lat="41.9752725" lon="3.1803894999999898">
        <ele>66.73047392114273</ele>
        <time>2026-08-20T15:54:11.083Z</time>
      </trkpt>
      <trkpt lat="41.9753041" lon="3.180383799999987">
        <ele>66.58909836516227</ele>
        <time>2026-08-20T15:54:13.068Z</time>
      </trkpt>
      <trkpt lat="41.975336" lon="3.18038820000001">
        <ele>66.52194766347617</ele>
        <time>2026-08-20T15:54:15.086Z</time>
      </trkpt>
      <trkpt lat="41.9753646" lon="3.1803931999999975">
        <ele>66.47341970180368</ele>
        <time>2026-08-20T15:54:17.023Z</time>
      </trkpt>
      <trkpt lat="41.9754008" lon="3.1804056000000003">
        <ele>66.46991531963731</ele>
        <time>2026-08-20T15:54:19.104Z</time>
      </trkpt>
      <trkpt lat="41.975431" lon="3.180421999999993">
        <ele>66.53049941946253</ele>
        <time>2026-08-20T15:54:21.066Z</time>
      </trkpt>
      <trkpt lat="41.975462" lon="3.1804242000000045">
        <ele>66.46707598146484</ele>
        <time>2026-08-20T15:54:23.075Z</time>
      </trkpt>
      <trkpt lat="41.9754982" lon="3.180424600000009">
        <ele>66.37366618395427</ele>
        <time>2026-08-20T15:54:25.092Z</time>
      </trkpt>
      <trkpt lat="41.9755246" lon="3.1804400999999984">
        <ele>66.44723267469581</ele>
        <time>2026-08-20T15:54:27.109Z</time>
      </trkpt>
      <trkpt lat="41.9755494" lon="3.1804552000000115">
        <ele>66.41705540142824</ele>
        <time>2026-08-20T15:54:28.942Z</time>
      </trkpt>
      <trkpt lat="41.9755765" lon="3.180472299999991">
        <ele>66.37749847822974</ele>
        <time>2026-08-20T15:54:30.967Z</time>
      </trkpt>
      <trkpt lat="41.9756096" lon="3.180477400000001">
        <ele>66.17001271482896</ele>
        <time>2026-08-20T15:54:32.967Z</time>
      </trkpt>
      <trkpt lat="41.975644" lon="3.1804780999999878">
        <ele>65.91037589417947</ele>
        <time>2026-08-20T15:54:34.968Z</time>
      </trkpt>
      <trkpt lat="41.9756784" lon="3.1804799999999886">
        <ele>65.65960740234878</ele>
        <time>2026-08-20T15:54:37.067Z</time>
      </trkpt>
      <trkpt lat="41.9757103" lon="3.1804836000000023">
        <ele>65.43919537030986</ele>
        <time>2026-08-20T15:54:39.066Z</time>
      </trkpt>
      <trkpt lat="41.975742" lon="3.1804883000000075">
        <ele>65.22483634399862</ele>
        <time>2026-08-20T15:54:41.117Z</time>
      </trkpt>
      <trkpt lat="41.9757732" lon="3.180496699999992">
        <ele>65.03464946209273</ele>
        <time>2026-08-20T15:54:43.067Z</time>
      </trkpt>
      <trkpt lat="41.9758062" lon="3.1805010999999865">
        <ele>64.74977803661741</ele>
        <time>2026-08-20T15:54:45.066Z</time>
      </trkpt>
      <trkpt lat="41.9758436" lon="3.1805094999999994">
        <ele>64.21565606602375</ele>
        <time>2026-08-20T15:54:47.067Z</time>
      </trkpt>
      <trkpt lat="41.9758766" lon="3.1805200999999954">
        <ele>63.748108704589576</ele>
        <time>2026-08-20T15:54:49.067Z</time>
      </trkpt>
      <trkpt lat="41.9759128" lon="3.1805281999999977">
        <ele>63.20470823019897</ele>
        <time>2026-08-20T15:54:51.066Z</time>
      </trkpt>
      <trkpt lat="41.9759454" lon="3.18054140000001">
        <ele>62.784070496697396</ele>
        <time>2026-08-20T15:54:53.076Z</time>
      </trkpt>
      <trkpt lat="41.9759823" lon="3.1805466000000138">
        <ele>62.22767701135228</ele>
        <time>2026-08-20T15:54:55.093Z</time>
      </trkpt>
      <trkpt lat="41.9760212" lon="3.180540900000011">
        <ele>61.556430333838485</ele>
        <time>2026-08-20T15:54:57.117Z</time>
      </trkpt>
      <trkpt lat="41.9760608" lon="3.180546899999996">
        <ele>60.959090798882116</ele>
        <time>2026-08-20T15:54:59.067Z</time>
      </trkpt>
      <trkpt lat="41.9760939" lon="3.180568700000009">
        <ele>60.76485981040977</ele>
        <time>2026-08-20T15:55:01.117Z</time>
      </trkpt>
      <trkpt lat="41.9761243" lon="3.180581200000006">
        <ele>60.70897833957629</ele>
        <time>2026-08-20T15:55:03.067Z</time>
      </trkpt>
      <trkpt lat="41.9761532" lon="3.1805980000000034">
        <ele>60.663629577205896</ele>
        <time>2026-08-20T15:55:05.066Z</time>
      </trkpt>
      <trkpt lat="41.9761799" lon="3.1806166000000076">
        <ele>60.61442735109965</ele>
        <time>2026-08-20T15:55:07.082Z</time>
      </trkpt>
      <trkpt lat="41.9762091" lon="3.1806310000000053">
        <ele>60.511200602365</ele>
        <time>2026-08-20T15:55:09.067Z</time>
      </trkpt>
      <trkpt lat="41.9762365" lon="3.1806502999999964">
        <ele>60.413404877056834</ele>
        <time>2026-08-20T15:55:11.114Z</time>
      </trkpt>
      <trkpt lat="41.9762625" lon="3.1806669999999997">
        <ele>60.29309963471426</ele>
        <time>2026-08-20T15:55:13.132Z</time>
      </trkpt>
      <trkpt lat="41.9762866" lon="3.180680499999994">
        <ele>60.15924397452104</ele>
        <time>2026-08-20T15:55:14.989Z</time>
      </trkpt>
      <trkpt lat="41.9763123" lon="3.180696299999994">
        <ele>60.00086509886311</ele>
        <time>2026-08-20T15:55:16.965Z</time>
      </trkpt>
      <trkpt lat="41.9763386" lon="3.1807130999999913">
        <ele>59.81883167312658</ele>
        <time>2026-08-20T15:55:18.926Z</time>
      </trkpt>
      <trkpt lat="41.9763615" lon="3.180734000000001">
        <ele>59.632566785538316</ele>
        <time>2026-08-20T15:55:21.062Z</time>
      </trkpt>
      <trkpt lat="41.9763827" lon="3.1807526000000053">
        <ele>59.41533511543112</ele>
        <time>2026-08-20T15:55:23.067Z</time>
      </trkpt>
      <trkpt lat="41.976402" lon="3.1807732000000044">
        <ele>59.20851584833381</ele>
        <time>2026-08-20T15:55:25.067Z</time>
      </trkpt>
      <trkpt lat="41.976429" lon="3.1807818999999995">
        <ele>58.91779866017642</ele>
        <time>2026-08-20T15:55:27.067Z</time>
      </trkpt>
      <trkpt lat="41.976459" lon="3.180779699999988">
        <ele>58.600602831669214</ele>
        <time>2026-08-20T15:55:29.067Z</time>
      </trkpt>
      <trkpt lat="41.9764845" lon="3.1807785999999965">
        <ele>58.331151326204</ele>
        <time>2026-08-20T15:55:31.071Z</time>
      </trkpt>
      <trkpt lat="41.9765135" lon="3.1808024000000046">
        <ele>57.98482926672227</ele>
        <time>2026-08-20T15:55:33.066Z</time>
      </trkpt>
      <trkpt lat="41.9765359" lon="3.180833799999988">
        <ele>57.97517473875762</ele>
        <time>2026-08-20T15:55:35.066Z</time>
      </trkpt>
      <trkpt lat="41.9765694" lon="3.1808380999999883">
        <ele>57.64777772446807</ele>
        <time>2026-08-20T15:55:37.067Z</time>
      </trkpt>
      <trkpt lat="41.9766081" lon="3.1808653999999876">
        <ele>57.46925524730516</ele>
        <time>2026-08-20T15:55:39.067Z</time>
      </trkpt>
      <trkpt lat="41.9766332" lon="3.1808773999999858">
        <ele>57.30268379330072</ele>
        <time>2026-08-20T15:55:41.067Z</time>
      </trkpt>
      <trkpt lat="41.9766632" lon="3.180890699999992">
        <ele>57.26553911317927</ele>
        <time>2026-08-20T15:55:43.067Z</time>
      </trkpt>
      <trkpt lat="41.9766925" lon="3.180905899999999">
        <ele>57.23906250763121</ele>
        <time>2026-08-20T15:55:45.083Z</time>
      </trkpt>
      <trkpt lat="41.9767245" lon="3.1809212000000002">
        <ele>57.18244038639686</ele>
        <time>2026-08-20T15:55:47.099Z</time>
      </trkpt>
      <trkpt lat="41.9767493" lon="3.180940200000009">
        <ele>57.175740058240336</ele>
        <time>2026-08-20T15:55:48.988Z</time>
      </trkpt>
      <trkpt lat="41.9767824" lon="3.1809577999999874">
        <ele>57.09171426519512</ele>
        <time>2026-08-20T15:55:51.067Z</time>
      </trkpt>
      <trkpt lat="41.9768118" lon="3.1809637000000066">
        <ele>56.94344629632083</ele>
        <time>2026-08-20T15:55:53.006Z</time>
      </trkpt>
      <trkpt lat="41.9768432" lon="3.180971900000003">
        <ele>56.78814884911374</ele>
        <time>2026-08-20T15:55:54.983Z</time>
      </trkpt>
      <trkpt lat="41.9768697" lon="3.180987799999997">
        <ele>56.69249178260076</ele>
        <time>2026-08-20T15:55:56.882Z</time>
      </trkpt>
      <trkpt lat="41.9768856" lon="3.1810159000000056">
        <ele>56.71057429874342</ele>
        <time>2026-08-20T15:55:59.066Z</time>
      </trkpt>
      <trkpt lat="41.9768856" lon="3.1810159000000056">
        <ele>56.71057429874342</ele>
        <time>2026-08-20T15:55:59.066Z</time>
      </trkpt>
      <trkpt lat="41.9768927" lon="3.1810236999999972">
        <ele>56.69294297060041</ele>
        <time>2026-08-20T15:56:02.067Z</time>
      </trkpt>
      <trkpt lat="41.9768865" lon="3.1810146999999915">
        <ele>56.698731511885875</ele>
        <time>2026-08-20T15:56:04.067Z</time>
      </trkpt>
      <trkpt lat="41.976884" lon="3.1810140999999987">
        <ele>56.71408504182962</ele>
        <time>2026-08-20T15:56:06.066Z</time>
      </trkpt>
      <trkpt lat="41.9768859" lon="3.1810159000000056">
        <ele>56.70840257660615</ele>
        <time>2026-08-20T15:56:08.066Z</time>
      </trkpt>
      <trkpt lat="41.9768904" lon="3.1810259000000087">
        <ele>56.71952726124836</ele>
        <time>2026-08-20T15:56:10.067Z</time>
      </trkpt>
      <trkpt lat="41.9769052" lon="3.1810247999999888">
        <ele>56.60523013649071</ele>
        <time>2026-08-20T15:56:11.937Z</time>
      </trkpt>
      <trkpt lat="41.976969" lon="3.181030899999996">
        <ele>56.24072166903355</ele>
        <time>2026-08-20T15:56:14.085Z</time>
      </trkpt>
      <trkpt lat="41.9769796" lon="3.1810469000000126">
        <ele>56.225740503665314</ele>
        <time>2026-08-20T15:56:16.101Z</time>
      </trkpt>
      <trkpt lat="41.9768922" lon="3.180980799999986">
        <ele>56.51053563370449</ele>
        <time>2026-08-20T15:56:17.937Z</time>
      </trkpt>
      <trkpt lat="41.9768483" lon="3.1809598000000108">
        <ele>56.69326327932182</ele>
        <time>2026-08-20T15:56:20.067Z</time>
      </trkpt>
      <trkpt lat="41.9768322" lon="3.18097130000001">
        <ele>56.85589165326743</ele>
        <time>2026-08-20T15:56:22.067Z</time>
      </trkpt>
      <trkpt lat="41.9768264" lon="3.1809881000000075">
        <ele>56.98587358148135</ele>
        <time>2026-08-20T15:56:23.881Z</time>
      </trkpt>
      <trkpt lat="41.9768274" lon="3.1810067000000117">
        <ele>57.08133554349912</ele>
        <time>2026-08-20T15:56:25.778Z</time>
      </trkpt>
      <trkpt lat="41.9768412" lon="3.1810212999999976">
        <ele>57.06033100093242</ele>
        <time>2026-08-20T15:56:28.066Z</time>
      </trkpt>
      <trkpt lat="41.9768478" lon="3.1810383000000115">
        <ele>57.0991377812566</ele>
        <time>2026-08-20T15:56:30.102Z</time>
      </trkpt>
      <trkpt lat="41.9768392" lon="3.181062300000008">
        <ele>57.291653939954315</ele>
        <time>2026-08-20T15:56:32.118Z</time>
      </trkpt>
      <trkpt lat="41.9768301" lon="3.181090100000006">
        <ele>57.51207164590887</ele>
        <time>2026-08-20T15:56:33.939Z</time>
      </trkpt>
      <trkpt lat="41.9768141" lon="3.1811223999999925">
        <ele>57.78122096061851</ele>
        <time>2026-08-20T15:56:36.074Z</time>
      </trkpt>
      <trkpt lat="41.9767882" lon="3.1811486">
        <ele>58.068966689373035</ele>
        <time>2026-08-20T15:56:38.067Z</time>
      </trkpt>
      <trkpt lat="41.976776" lon="3.1811812999999916">
        <ele>58.25858085157319</ele>
        <time>2026-08-20T15:56:40.073Z</time>
      </trkpt>
      <trkpt lat="41.9767603" lon="3.1812102000000095">
        <ele>58.43543927714093</ele>
        <time>2026-08-20T15:56:42.089Z</time>
      </trkpt>
      <trkpt lat="41.9767511" lon="3.181223899999992">
        <ele>58.51997151049055</ele>
        <time>2026-08-20T15:56:43.942Z</time>
      </trkpt>
      <trkpt lat="41.9767484" lon="3.181221800000003">
        <ele>58.528010508747364</ele>
        <time>2026-08-20T15:56:45.974Z</time>
      </trkpt>
      <trkpt lat="41.9767357" lon="3.1812267999999904">
        <ele>58.602714750337555</ele>
        <time>2026-08-20T15:56:48.016Z</time>
      </trkpt>
      <trkpt lat="41.9767249" lon="3.181237199999998">
        <ele>58.675694088767976</ele>
        <time>2026-08-20T15:56:50.067Z</time>
      </trkpt>
      <trkpt lat="41.9767051" lon="3.181258000000014">
        <ele>58.797250014334324</ele>
        <time>2026-08-20T15:56:52.067Z</time>
      </trkpt>
      <trkpt lat="41.976685" lon="3.1812696000000074">
        <ele>58.89041075988172</ele>
        <time>2026-08-20T15:56:54.076Z</time>
      </trkpt>
      <trkpt lat="41.9766671" lon="3.1812936999999977">
        <ele>58.97015755688828</ele>
        <time>2026-08-20T15:56:56.092Z</time>
      </trkpt>
      <trkpt lat="41.9766519" lon="3.1813164000000143">
        <ele>59.020981678197316</ele>
        <time>2026-08-20T15:56:57.959Z</time>
      </trkpt>
      <trkpt lat="41.9766336" lon="3.1813359999999875">
        <ele>59.06859647256877</ele>
        <time>2026-08-20T15:57:00.081Z</time>
      </trkpt>
      <trkpt lat="41.9766186" lon="3.1813549000000023">
        <ele>59.26239162377299</ele>
        <time>2026-08-20T15:57:02.066Z</time>
      </trkpt>
      <trkpt lat="41.9765994" lon="3.1813688000000013">
        <ele>59.52421496804144</ele>
        <time>2026-08-20T15:57:04.066Z</time>
      </trkpt>
      <trkpt lat="41.9765767" lon="3.181393700000001">
        <ele>59.84211430243588</ele>
        <time>2026-08-20T15:57:06.000Z</time>
      </trkpt>
      <trkpt lat="41.9765608" lon="3.1814153999999917">
        <ele>60.05514986458355</ele>
        <time>2026-08-20T15:57:08.041Z</time>
      </trkpt>
      <trkpt lat="41.9765371" lon="3.1814263999999923">
        <ele>60.35225606718047</ele>
        <time>2026-08-20T15:57:10.095Z</time>
      </trkpt>
      <trkpt lat="41.9765192" lon="3.1814464999999927">
        <ele>60.56700244279445</ele>
        <time>2026-08-20T15:57:11.899Z</time>
      </trkpt>
      <trkpt lat="41.9765007" lon="3.1814766999999904">
        <ele>60.77039594865805</ele>
        <time>2026-08-20T15:57:14.060Z</time>
      </trkpt>
      <trkpt lat="41.9764834" lon="3.181498199999993">
        <ele>60.950091981985466</ele>
        <time>2026-08-20T15:57:16.067Z</time>
      </trkpt>
      <trkpt lat="41.9764683" lon="3.181515200000007">
        <ele>61.09894252869892</ele>
        <time>2026-08-20T15:57:18.067Z</time>
      </trkpt>
      <trkpt lat="41.9764548" lon="3.181533099999996">
        <ele>61.221040377241565</ele>
        <time>2026-08-20T15:57:20.020Z</time>
      </trkpt>
      <trkpt lat="41.9764385" lon="3.181542400000012">
        <ele>61.37835138804566</ele>
        <time>2026-08-20T15:57:21.836Z</time>
      </trkpt>
      <trkpt lat="41.9764208" lon="3.181555199999991">
        <ele>61.53818487793475</ele>
        <time>2026-08-20T15:57:24.097Z</time>
      </trkpt>
      <trkpt lat="41.9764022" lon="3.181558499999994">
        <ele>61.721108954279096</ele>
        <time>2026-08-20T15:57:26.113Z</time>
      </trkpt>
      <trkpt lat="41.976384" lon="3.181561700000003">
        <ele>61.89820568609252</ele>
        <time>2026-08-20T15:57:28.067Z</time>
      </trkpt>
      <trkpt lat="41.9763708" lon="3.1815746000000047">
        <ele>61.99591719500094</ele>
        <time>2026-08-20T15:57:29.941Z</time>
      </trkpt>
      <trkpt lat="41.9763487" lon="3.1815903000000105">
        <ele>62.04461087811339</ele>
        <time>2026-08-20T15:57:32.061Z</time>
      </trkpt>
      <trkpt lat="41.9763415" lon="3.1816109000000097">
        <ele>61.93412779875779</ele>
        <time>2026-08-20T15:57:34.067Z</time>
      </trkpt>
      <trkpt lat="41.976334" lon="3.1816394999999886">
        <ele>61.798847425613154</ele>
        <time>2026-08-20T15:57:36.117Z</time>
      </trkpt>
      <trkpt lat="41.976318" lon="3.181655400000011">
        <ele>61.63898827096129</ele>
        <time>2026-08-20T15:57:38.097Z</time>
      </trkpt>
      <trkpt lat="41.9763112" lon="3.1816702000000134">
        <ele>61.54419205859087</ele>
        <time>2026-08-20T15:57:39.901Z</time>
      </trkpt>
      <trkpt lat="41.976304" lon="3.1816894000000104">
        <ele>61.43314710437273</ele>
        <time>2026-08-20T15:57:41.701Z</time>
      </trkpt>
      <trkpt lat="41.9762915" lon="3.181718200000006">
        <ele>61.2587600399077</ele>
        <time>2026-08-20T15:57:44.066Z</time>
      </trkpt>
      <trkpt lat="41.9762786" lon="3.1817455000000052">
        <ele>61.09060495433544</ele>
        <time>2026-08-20T15:57:46.100Z</time>
      </trkpt>
      <trkpt lat="41.9762759" lon="3.18177510000001">
        <ele>60.97932744172612</ele>
        <time>2026-08-20T15:57:48.020Z</time>
      </trkpt>
      <trkpt lat="41.9762814" lon="3.181811500000009">
        <ele>60.89415423969239</ele>
        <time>2026-08-20T15:57:50.079Z</time>
      </trkpt>
      <trkpt lat="41.9762855" lon="3.1818424999999877">
        <ele>60.81668921676357</ele>
        <time>2026-08-20T15:57:51.979Z</time>
      </trkpt>
      <trkpt lat="41.9762959" lon="3.181878100000006">
        <ele>60.756633067970874</ele>
        <time>2026-08-20T15:57:54.112Z</time>
      </trkpt>
      <trkpt lat="41.9763103" lon="3.1819030999999995">
        <ele>60.74927924273824</ele>
        <time>2026-08-20T15:57:55.940Z</time>
      </trkpt>
      <trkpt lat="41.9763229" lon="3.1819341000000065">
        <ele>60.72974945628755</ele>
        <time>2026-08-20T15:57:58.067Z</time>
      </trkpt>
      <trkpt lat="41.9763367" lon="3.181956299999996">
        <ele>60.751569696214354</ele>
        <time>2026-08-20T15:58:00.066Z</time>
      </trkpt>
      <trkpt lat="41.9763445" lon="3.181983300000013">
        <ele>60.7293582689521</ele>
        <time>2026-08-20T15:58:02.067Z</time>
      </trkpt>
      <trkpt lat="41.9763487" lon="3.1820123999999907">
        <ele>60.68296000223623</ele>
        <time>2026-08-20T15:58:03.935Z</time>
      </trkpt>
      <trkpt lat="41.9763581" lon="3.1820400999999947">
        <ele>60.66689441469285</ele>
        <time>2026-08-20T15:58:06.100Z</time>
      </trkpt>
      <trkpt lat="41.9763562" lon="3.1820638000000088">
        <ele>60.59619400814237</ele>
        <time>2026-08-20T15:58:08.067Z</time>
      </trkpt>
      <trkpt lat="41.9763569" lon="3.1820906000000093">
        <ele>60.54051509899935</ele>
        <time>2026-08-20T15:58:10.081Z</time>
      </trkpt>
      <trkpt lat="41.9763605" lon="3.1821140000000128">
        <ele>60.521008291509666</ele>
        <time>2026-08-20T15:58:12.066Z</time>
      </trkpt>
      <trkpt lat="41.9763583" lon="3.182138600000002">
        <ele>60.44384522282232</ele>
        <time>2026-08-20T15:58:14.067Z</time>
      </trkpt>
      <trkpt lat="41.9763487" lon="3.182166599999988">
        <ele>60.336409456863606</ele>
        <time>2026-08-20T15:58:16.070Z</time>
      </trkpt>
      <trkpt lat="41.976348" lon="3.182198900000003">
        <ele>60.26926136905748</ele>
        <time>2026-08-20T15:58:17.979Z</time>
      </trkpt>
      <trkpt lat="41.9763473" lon="3.182235100000014">
        <ele>60.37037481868118</ele>
        <time>2026-08-20T15:58:19.996Z</time>
      </trkpt>
      <trkpt lat="41.9763443" lon="3.1822659000000044">
        <ele>60.45093327735319</ele>
        <time>2026-08-20T15:58:22.067Z</time>
      </trkpt>
      <trkpt lat="41.976341" lon="3.1822932000000037">
        <ele>60.521155703892695</ele>
        <time>2026-08-20T15:58:24.067Z</time>
      </trkpt>
      <trkpt lat="41.9763356" lon="3.182321800000011">
        <ele>60.59076329984433</ele>
        <time>2026-08-20T15:58:26.067Z</time>
      </trkpt>
      <trkpt lat="41.9763397" lon="3.1823465999999883">
        <ele>60.670571841036654</ele>
        <time>2026-08-20T15:58:28.035Z</time>
      </trkpt>
      <trkpt lat="41.9763374" lon="3.1823804999999936">
        <ele>60.76244148582063</ele>
        <time>2026-08-20T15:58:30.116Z</time>
      </trkpt>
      <trkpt lat="41.97634" lon="3.182410500000003">
        <ele>60.85349594593976</ele>
        <time>2026-08-20T15:58:32.087Z</time>
      </trkpt>
      <trkpt lat="41.9763304" lon="3.1824502999999993">
        <ele>60.94794252084351</ele>
        <time>2026-08-20T15:58:34.103Z</time>
      </trkpt>
      <trkpt lat="41.9763177" lon="3.1824813000000063">
        <ele>61.06603808897646</ele>
        <time>2026-08-20T15:58:36.119Z</time>
      </trkpt>
      <trkpt lat="41.9763166" lon="3.1825153999999998">
        <ele>61.486590170373404</ele>
        <time>2026-08-20T15:58:38.067Z</time>
      </trkpt>
      <trkpt lat="41.9763198" lon="3.1825522000000035">
        <ele>61.95333957884527</ele>
        <time>2026-08-20T15:58:40.066Z</time>
      </trkpt>
      <trkpt lat="41.9763195" lon="3.1825886999999966">
        <ele>62.40675101604886</ele>
        <time>2026-08-20T15:58:42.115Z</time>
      </trkpt>
      <trkpt lat="41.9763175" lon="3.182622000000009">
        <ele>62.81233696830999</ele>
        <time>2026-08-20T15:58:44.071Z</time>
      </trkpt>
      <trkpt lat="41.9763119" lon="3.1826574000000107">
        <ele>63.22324846630003</ele>
        <time>2026-08-20T15:58:46.086Z</time>
      </trkpt>
      <trkpt lat="41.9763079" lon="3.1826978999999938">
        <ele>63.69888243708952</ele>
        <time>2026-08-20T15:58:47.977Z</time>
      </trkpt>
      <trkpt lat="41.9763045" lon="3.182728999999995">
        <ele>64.05822085208987</ele>
        <time>2026-08-20T15:58:50.040Z</time>
      </trkpt>
      <trkpt lat="41.9763051" lon="3.1827662999999973">
        <ele>64.4520441917221</ele>
        <time>2026-08-20T15:58:51.999Z</time>
      </trkpt>
      <trkpt lat="41.9763122" lon="3.1828073000000074">
        <ele>64.78337894824679</ele>
        <time>2026-08-20T15:58:54.067Z</time>
      </trkpt>
      <trkpt lat="41.9763164" lon="3.1828472999999917">
        <ele>65.08552380257038</ele>
        <time>2026-08-20T15:58:56.078Z</time>
      </trkpt>
      <trkpt lat="41.9763211" lon="3.182888399999996">
        <ele>65.3951220378902</ele>
        <time>2026-08-20T15:58:58.102Z</time>
      </trkpt>
      <trkpt lat="41.9763242" lon="3.1829295">
        <ele>65.69297535647128</ele>
        <time>2026-08-20T15:59:00.082Z</time>
      </trkpt>
      <trkpt lat="41.9763266" lon="3.182974300000012">
        <ele>66.01036970054227</ele>
        <time>2026-08-20T15:59:02.014Z</time>
      </trkpt>
      <trkpt lat="41.9763291" lon="3.183021999999994">
        <ele>66.3460266405761</ele>
        <time>2026-08-20T15:59:04.115Z</time>
      </trkpt>
      <trkpt lat="41.9763347" lon="3.1830751999999904">
        <ele>66.57483007980775</ele>
        <time>2026-08-20T15:59:06.067Z</time>
      </trkpt>
      <trkpt lat="41.976339" lon="3.1831248000000016">
        <ele>66.74509646178072</ele>
        <time>2026-08-20T15:59:08.067Z</time>
      </trkpt>
      <trkpt lat="41.976355" lon="3.183178599999991">
        <ele>66.95095125329262</ele>
        <time>2026-08-20T15:59:10.067Z</time>
      </trkpt>
      <trkpt lat="41.976375" lon="3.1831900999999903">
        <ele>66.74226856340705</ele>
        <time>2026-08-20T15:59:12.067Z</time>
      </trkpt>
      <trkpt lat="41.9763841" lon="3.1831880000000012">
        <ele>66.61893707559221</ele>
        <time>2026-08-20T15:59:14.083Z</time>
      </trkpt>
      <trkpt lat="41.9763861" lon="3.183209500000004">
        <ele>66.65462552009244</ele>
        <time>2026-08-20T15:59:16.067Z</time>
      </trkpt>
      <trkpt lat="41.9763933" lon="3.1832043">
        <ele>66.54686990203034</ele>
        <time>2026-08-20T15:59:18.067Z</time>
      </trkpt>
      <trkpt lat="41.9763889" lon="3.183212200000014">
        <ele>66.62620918967922</ele>
        <time>2026-08-20T15:59:20.067Z</time>
      </trkpt>
      <trkpt lat="41.9763819" lon="3.1832253000000037">
        <ele>66.75403617582072</ele>
        <time>2026-08-20T15:59:22.067Z</time>
      </trkpt>
      <trkpt lat="41.9763832" lon="3.183232800000013">
        <ele>66.75870509266534</ele>
        <time>2026-08-20T15:59:24.067Z</time>
      </trkpt>
      <trkpt lat="41.9764097" lon="3.183236099999988">
        <ele>66.42577486181219</ele>
        <time>2026-08-20T15:59:26.058Z</time>
      </trkpt>
      <trkpt lat="41.976416" lon="3.1832410000000095">
        <ele>66.35830539697758</ele>
        <time>2026-08-20T15:59:28.059Z</time>
      </trkpt>
      <trkpt lat="41.9764277" lon="3.1832224000000053">
        <ele>66.15438296722898</ele>
        <time>2026-08-20T15:59:30.095Z</time>
      </trkpt>
      <trkpt lat="41.9764436" lon="3.1832041000000117">
        <ele>65.89737853395025</ele>
        <time>2026-08-20T15:59:31.899Z</time>
      </trkpt>
      <trkpt lat="41.9764603" lon="3.183178099999992">
        <ele>65.60871886094085</ele>
        <time>2026-08-20T15:59:33.979Z</time>
      </trkpt>
      <trkpt lat="41.9764795" lon="3.183162600000003">
        <ele>65.31783805381347</ele>
        <time>2026-08-20T15:59:36.036Z</time>
      </trkpt>
      <trkpt lat="41.9764953" lon="3.1831438000000105">
        <ele>65.06182963655307</ele>
        <time>2026-08-20T15:59:38.067Z</time>
      </trkpt>
      <trkpt lat="41.976514" lon="3.183126299999998">
        <ele>64.77250841060854</ele>
        <time>2026-08-20T15:59:40.067Z</time>
      </trkpt>
      <trkpt lat="41.9765363" lon="3.183115200000003">
        <ele>64.45506328939591</ele>
        <time>2026-08-20T15:59:42.059Z</time>
      </trkpt>
      <trkpt lat="41.9765531" lon="3.1831008000000054">
        <ele>64.19942779367582</ele>
        <time>2026-08-20T15:59:44.067Z</time>
      </trkpt>
      <trkpt lat="41.9765782" lon="3.1830798999999956">
        <ele>63.81970933860578</ele>
        <time>2026-08-20T15:59:46.101Z</time>
      </trkpt>
      <trkpt lat="41.9765918" lon="3.183072799999991">
        <ele>63.62579225105696</ele>
        <time>2026-08-20T15:59:48.066Z</time>
      </trkpt>
      <trkpt lat="41.9766071" lon="3.183054900000002">
        <ele>63.38070617051327</ele>
        <time>2026-08-20T15:59:50.078Z</time>
      </trkpt>
      <trkpt lat="41.9766191" lon="3.183040599999998">
        <ele>63.18799508235155</ele>
        <time>2026-08-20T15:59:52.067Z</time>
      </trkpt>
      <trkpt lat="41.9766315" lon="3.183020199999987">
        <ele>63.003547212266156</ele>
        <time>2026-08-20T15:59:53.982Z</time>
      </trkpt>
      <trkpt lat="41.976659" lon="3.1830177999999876">
        <ele>63.3473477747805</ele>
        <time>2026-08-20T15:59:56.082Z</time>
      </trkpt>
      <trkpt lat="41.9766809" lon="3.183018400000009">
        <ele>63.68130357489952</ele>
        <time>2026-08-20T15:59:57.986Z</time>
      </trkpt>
      <trkpt lat="41.9767032" lon="3.1830097000000137">
        <ele>64.02487395446163</ele>
        <time>2026-08-20T15:59:59.896Z</time>
      </trkpt>
      <trkpt lat="41.9767224" lon="3.1830024999999864">
        <ele>64.32291100004998</ele>
        <time>2026-08-20T16:00:02.067Z</time>
      </trkpt>
      <trkpt lat="41.976741" lon="3.1829904999999883">
        <ele>64.61712567775213</ele>
        <time>2026-08-20T16:00:04.067Z</time>
      </trkpt>
      <trkpt lat="41.9767622" lon="3.1829877000000124">
        <ele>64.9473708389489</ele>
        <time>2026-08-20T16:00:06.067Z</time>
      </trkpt>
      <trkpt lat="41.9767826" lon="3.1829916000000082">
        <ele>65.259358421665</ele>
        <time>2026-08-20T16:00:08.070Z</time>
      </trkpt>
      <trkpt lat="41.9767996" lon="3.182978300000002">
        <ele>65.53727968217362</ele>
        <time>2026-08-20T16:00:10.086Z</time>
      </trkpt>
      <trkpt lat="41.976816" lon="3.18297179999999">
        <ele>65.80066891734174</ele>
        <time>2026-08-20T16:00:12.103Z</time>
      </trkpt>
      <trkpt lat="41.9768314" lon="3.182985300000013">
        <ele>66.02235640109622</ele>
        <time>2026-08-20T16:00:14.067Z</time>
      </trkpt>
      <trkpt lat="41.9768485" lon="3.182985400000007">
        <ele>66.28733864268742</ele>
        <time>2026-08-20T16:00:15.875Z</time>
      </trkpt>
      <trkpt lat="41.9768641" lon="3.1829759999999965">
        <ele>66.54457260177048</ele>
        <time>2026-08-20T16:00:18.067Z</time>
      </trkpt>
      <trkpt lat="41.976878" lon="3.182964300000009">
        <ele>66.78146184994955</ele>
        <time>2026-08-20T16:00:20.067Z</time>
      </trkpt>
      <trkpt lat="41.9768911" lon="3.182953800000007">
        <ele>67.0060326594444</ele>
        <time>2026-08-20T16:00:22.072Z</time>
      </trkpt>
      <trkpt lat="41.9769095" lon="3.1829614000000106">
        <ele>67.28069717924389</ele>
        <time>2026-08-20T16:00:24.088Z</time>
      </trkpt>
      <trkpt lat="41.9769249" lon="3.1829607999999894">
        <ele>67.57737636116823</ele>
        <time>2026-08-20T16:00:26.100Z</time>
      </trkpt>
      <trkpt lat="41.976941" lon="3.1829707999999926">
        <ele>67.88295264900286</ele>
        <time>2026-08-20T16:00:28.059Z</time>
      </trkpt>
      <trkpt lat="41.9769511" lon="3.1829619000000093">
        <ele>68.09949385803918</ele>
        <time>2026-08-20T16:00:29.939Z</time>
      </trkpt>
      <trkpt lat="41.9769592" lon="3.1829654999999946">
        <ele>68.25654331589918</ele>
        <time>2026-08-20T16:00:32.067Z</time>
      </trkpt>
      <trkpt lat="41.9769677" lon="3.182976499999995">
        <ele>68.41296765151034</ele>
        <time>2026-08-20T16:00:33.938Z</time>
      </trkpt>
      <trkpt lat="41.9769859" lon="3.1829655999999886">
        <ele>68.79185386138569</ele>
        <time>2026-08-20T16:00:36.071Z</time>
      </trkpt>
      <trkpt lat="41.9769957" lon="3.1829573999999923">
        <ele>68.99580910946514</ele>
        <time>2026-08-20T16:00:38.075Z</time>
      </trkpt>
      <trkpt lat="41.9770069" lon="3.1829595000000097">
        <ele>69.21761366030027</ele>
        <time>2026-08-20T16:00:40.103Z</time>
      </trkpt>
      <trkpt lat="41.9770215" lon="3.1829759000000024">
        <ele>69.49997144599922</ele>
        <time>2026-08-20T16:00:41.955Z</time>
      </trkpt>
      <trkpt lat="41.9770266" lon="3.1829883999999993">
        <ele>69.59672719428282</ele>
        <time>2026-08-20T16:00:43.755Z</time>
      </trkpt>
      <trkpt lat="41.9770422" lon="3.183002700000003">
        <ele>69.91010782183214</ele>
        <time>2026-08-20T16:00:45.915Z</time>
      </trkpt>
      <trkpt lat="41.9770558" lon="3.183008699999988">
        <ele>70.1888404412263</ele>
        <time>2026-08-20T16:00:47.819Z</time>
      </trkpt>
      <trkpt lat="41.9770711" lon="3.1830227000000093">
        <ele>70.50564725122001</ele>
        <time>2026-08-20T16:00:50.070Z</time>
      </trkpt>
      <trkpt lat="41.9770743" lon="3.1830383999999867">
        <ele>70.57443457552587</ele>
        <time>2026-08-20T16:00:52.067Z</time>
      </trkpt>
      <trkpt lat="41.9770827" lon="3.1830467999999996">
        <ele>70.75084495279307</ele>
        <time>2026-08-20T16:00:53.990Z</time>
      </trkpt>
      <trkpt lat="41.9770912" lon="3.183063500000003">
        <ele>70.92905501304223</ele>
        <time>2026-08-20T16:00:55.882Z</time>
      </trkpt>
      <trkpt lat="41.9770987" lon="3.1830836999999974">
        <ele>71.08511294112385</ele>
        <time>2026-08-20T16:00:58.067Z</time>
      </trkpt>
      <trkpt lat="41.9771146" lon="3.1830865999999958">
        <ele>71.41323918635702</ele>
        <time>2026-08-20T16:01:00.067Z</time>
      </trkpt>
      <trkpt lat="41.9771214" lon="3.1830852999999877">
        <ele>71.5536851008758</ele>
        <time>2026-08-20T16:01:02.067Z</time>
      </trkpt>
      <trkpt lat="41.9771259" lon="3.1830832999999927">
        <ele>71.64682862643167</ele>
        <time>2026-08-20T16:01:04.071Z</time>
      </trkpt>
      <trkpt lat="41.9771312" lon="3.1830924999999866">
        <ele>71.75481826546158</ele>
        <time>2026-08-20T16:01:06.066Z</time>
      </trkpt>
      <trkpt lat="41.9771352" lon="3.183097900000007">
        <ele>71.83624732222124</ele>
        <time>2026-08-20T16:01:08.065Z</time>
      </trkpt>
      <trkpt lat="41.977139" lon="3.1830989000000045">
        <ele>71.9142195183221</ele>
        <time>2026-08-20T16:01:10.066Z</time>
      </trkpt>
      <trkpt lat="41.977142" lon="3.1830994999999973">
        <ele>71.97578856447528</ele>
        <time>2026-08-20T16:01:12.065Z</time>
      </trkpt>
      <trkpt lat="41.9771503" lon="3.1830976999999905">
        <ele>72.14693787537271</ele>
        <time>2026-08-20T16:01:14.066Z</time>
      </trkpt>
      <trkpt lat="41.9771565" lon="3.1830961999999943">
        <ele>72.27493669370655</ele>
        <time>2026-08-20T16:01:16.066Z</time>
      </trkpt>
      <trkpt lat="41.9771587" lon="3.1830961999999943">
        <ele>72.32021557148674</ele>
        <time>2026-08-20T16:01:18.075Z</time>
      </trkpt>
      <trkpt lat="41.9771607" lon="3.1830961">
        <ele>72.36141016659384</ele>
        <time>2026-08-20T16:01:20.092Z</time>
      </trkpt>
      <trkpt lat="41.9771606" lon="3.1830955000000074">
        <ele>72.35954352756441</ele>
        <time>2026-08-20T16:01:22.065Z</time>
      </trkpt>
      <trkpt lat="41.9771604" lon="3.183095299999991">
        <ele>72.3554901343222</ele>
        <time>2026-08-20T16:01:24.066Z</time>
      </trkpt>
      <trkpt lat="41.9771606" lon="3.183094899999986">
        <ele>72.35973507384053</ele>
        <time>2026-08-20T16:01:26.065Z</time>
      </trkpt>
      <trkpt lat="41.9771608" lon="3.1830943999999874">
        <ele>72.36401291836191</ele>
        <time>2026-08-20T16:01:28.066Z</time>
      </trkpt>
      <trkpt lat="41.9771604" lon="3.1830941000000053">
        <ele>72.35587191957131</ele>
        <time>2026-08-20T16:01:30.066Z</time>
      </trkpt>
      <trkpt lat="41.9771611" lon="3.183094000000011">
        <ele>72.3703190390892</ele>
        <time>2026-08-20T16:01:31.917Z</time>
      </trkpt>
      <trkpt lat="41.9771749" lon="3.1830923999999925">
        <ele>72.65514188459176</ele>
        <time>2026-08-20T16:01:34.066Z</time>
      </trkpt>
      <trkpt lat="41.9771791" lon="3.1830924999999866">
        <ele>72.74162831278977</ele>
        <time>2026-08-20T16:01:35.878Z</time>
      </trkpt>
      <trkpt lat="41.9771892" lon="3.1831015999999863">
        <ele>72.9453803026186</ele>
        <time>2026-08-20T16:01:38.066Z</time>
      </trkpt>
      <trkpt lat="41.9771914" lon="3.1831069000000127">
        <ele>72.99680386832897</ele>
        <time>2026-08-20T16:01:40.066Z</time>
      </trkpt>
      <trkpt lat="41.9771934" lon="3.1831074000000115">
        <ele>73.0580827734229</ele>
        <time>2026-08-20T16:01:42.066Z</time>
      </trkpt>
      <trkpt lat="41.9771939" lon="3.183108400000009">
        <ele>73.07291934625022</ele>
        <time>2026-08-20T16:01:44.069Z</time>
      </trkpt>
      <trkpt lat="41.977195" lon="3.1831089000000077">
        <ele>73.10645607287002</ele>
        <time>2026-08-20T16:01:46.086Z</time>
      </trkpt>
      <trkpt lat="41.9771953" lon="3.1831095999999945">
        <ele>73.11527658780503</ele>
        <time>2026-08-20T16:01:48.066Z</time>
      </trkpt>
      <trkpt lat="41.9771962" lon="3.1831101999999873">
        <ele>73.1425738085931</ele>
        <time>2026-08-20T16:01:49.901Z</time>
      </trkpt>
      <trkpt lat="41.9771964" lon="3.1831186000000002">
        <ele>73.14373944018563</ele>
        <time>2026-08-20T16:01:52.062Z</time>
      </trkpt>
      <trkpt lat="41.9771892" lon="3.183114399999994">
        <ele>72.93929990874875</ele>
        <time>2026-08-20T16:01:54.066Z</time>
      </trkpt>
      <trkpt lat="41.9771766" lon="3.1831265000000144">
        <ele>72.6763071470437</ele>
        <time>2026-08-20T16:01:56.066Z</time>
      </trkpt>
      <trkpt lat="41.9771666" lon="3.1831592000000057">
        <ele>72.46063654382786</ele>
        <time>2026-08-20T16:01:58.079Z</time>
      </trkpt>
      <trkpt lat="41.9771489" lon="3.18316759999999">
        <ele>72.10027514128801</ele>
        <time>2026-08-20T16:01:59.900Z</time>
      </trkpt>
      <trkpt lat="41.9771269" lon="3.183142299999986">
        <ele>71.65947528155715</ele>
        <time>2026-08-20T16:02:01.957Z</time>
      </trkpt>
      <trkpt lat="41.9771059" lon="3.1831387000000007">
        <ele>71.23261778123674</ele>
        <time>2026-08-20T16:02:03.798Z</time>
      </trkpt>
      <trkpt lat="41.9770897" lon="3.183129500000007">
        <ele>70.90233492670907</ele>
        <time>2026-08-20T16:02:05.599Z</time>
      </trkpt>
      <trkpt lat="41.977087" lon="3.1830991999999867">
        <ele>70.84478076786833</ele>
        <time>2026-08-20T16:02:08.066Z</time>
      </trkpt>
      <trkpt lat="41.9770827" lon="3.1830817999999965">
        <ele>70.75452293030199</ele>
        <time>2026-08-20T16:02:09.920Z</time>
      </trkpt>
      <trkpt lat="41.9770859" lon="3.183080799999999">
        <ele>70.82054646415807</ele>
        <time>2026-08-20T16:02:12.066Z</time>
      </trkpt>
      <trkpt lat="41.9770851" lon="3.18307870000001">
        <ele>70.80382108410829</ele>
        <time>2026-08-20T16:02:14.104Z</time>
      </trkpt>
      <trkpt lat="41.9770869" lon="3.183078800000004">
        <ele>70.84104724312803</ele>
        <time>2026-08-20T16:02:16.066Z</time>
      </trkpt>
      <trkpt lat="41.9770877" lon="3.183078899999998">
        <ele>70.85759589806376</ele>
        <time>2026-08-20T16:02:18.066Z</time>
      </trkpt>
      <trkpt lat="41.9770881" lon="3.183079399999997">
        <ele>70.86590395068897</ele>
        <time>2026-08-20T16:02:19.929Z</time>
      </trkpt>
      <trkpt lat="41.977089" lon="3.183079300000003">
        <ele>70.88450241118161</ele>
        <time>2026-08-20T16:02:22.066Z</time>
      </trkpt>
      <trkpt lat="41.9770884" lon="3.1830790999999863">
        <ele>70.87208358543077</ele>
        <time>2026-08-20T16:02:24.075Z</time>
      </trkpt>
      <trkpt lat="41.9770715" lon="3.18305620000001">
        <ele>70.51888180224346</ele>
        <time>2026-08-20T16:02:26.065Z</time>
      </trkpt>
      <trkpt lat="41.9770522" lon="3.1830343000000028">
        <ele>70.11151764525098</ele>
        <time>2026-08-20T16:02:28.082Z</time>
      </trkpt>
      <trkpt lat="41.9770385" lon="3.183016400000014">
        <ele>69.82943573138638</ele>
        <time>2026-08-20T16:02:29.899Z</time>
      </trkpt>
      <trkpt lat="41.9770273" lon="3.183007900000007">
        <ele>69.60146109739571</ele>
        <time>2026-08-20T16:02:31.941Z</time>
      </trkpt>
      <trkpt lat="41.9770108" lon="3.182998099999992">
        <ele>69.26826510196918</ele>
        <time>2026-08-20T16:02:33.815Z</time>
      </trkpt>
      <trkpt lat="41.9769994" lon="3.1829811000000063">
        <ele>69.04931220602704</ele>
        <time>2026-08-20T16:02:35.695Z</time>
      </trkpt>
      <trkpt lat="41.9769965" lon="3.1829786000000126">
        <ele>68.99279793121082</ele>
        <time>2026-08-20T16:02:37.524Z</time>
      </trkpt>
      <trkpt lat="41.9769663" lon="3.1829652000000124">
        <ele>68.39930739694677</ele>
        <time>2026-08-20T16:02:40.101Z</time>
      </trkpt>
      <trkpt lat="41.9769422" lon="3.182968499999987">
        <ele>67.91080745334885</ele>
        <time>2026-08-20T16:02:42.040Z</time>
      </trkpt>
      <trkpt lat="41.9769186" lon="3.1829734000000087">
        <ele>67.42719724461863</ele>
        <time>2026-08-20T16:02:43.842Z</time>
      </trkpt>
      <trkpt lat="41.9768907" lon="3.1829700000000116">
        <ele>66.96993776190003</ele>
        <time>2026-08-20T16:02:45.859Z</time>
      </trkpt>
      <trkpt lat="41.9768658" lon="3.1829847999999856">
        <ele>66.5565489746709</ele>
        <time>2026-08-20T16:02:47.715Z</time>
      </trkpt>
      <trkpt lat="41.9768394" lon="3.1829885999999874">
        <ele>66.1416256913921</ele>
        <time>2026-08-20T16:02:50.071Z</time>
      </trkpt>
      <trkpt lat="41.9768076" lon="3.1829847999999856">
        <ele>65.65394045090508</ele>
        <time>2026-08-20T16:02:52.088Z</time>
      </trkpt>
      <trkpt lat="41.9767867" lon="3.1829754999999977">
        <ele>65.33948754380125</ele>
        <time>2026-08-20T16:02:54.065Z</time>
      </trkpt>
      <trkpt lat="41.9767612" lon="3.1829777000000092">
        <ele>64.94033493184943</ele>
        <time>2026-08-20T16:02:56.066Z</time>
      </trkpt>
      <trkpt lat="41.9767481" lon="3.1829917999999964">
        <ele>64.72595918383715</ele>
        <time>2026-08-20T16:02:58.066Z</time>
      </trkpt>
      <trkpt lat="41.9767422" lon="3.1830075999999963">
        <ele>64.6237275484936</ele>
        <time>2026-08-20T16:03:00.066Z</time>
      </trkpt>
      <trkpt lat="41.9767236" lon="3.183042400000005">
        <ele>64.34758593805641</ele>
        <time>2026-08-20T16:03:02.077Z</time>
      </trkpt>
      <trkpt lat="41.9767148" lon="3.183011899999997">
        <ele>64.20148236562144</ele>
        <time>2026-08-20T16:03:04.039Z</time>
      </trkpt>
      <trkpt lat="41.9766989" lon="3.18300339999999">
        <ele>63.961318974172364</ele>
        <time>2026-08-20T16:03:06.081Z</time>
      </trkpt>
      <trkpt lat="41.9766796" lon="3.1830155000000104">
        <ele>63.66211146127606</ele>
        <time>2026-08-20T16:03:08.066Z</time>
      </trkpt>
      <trkpt lat="41.9766582" lon="3.1830242000000055">
        <ele>63.33479600500575</ele>
        <time>2026-08-20T16:03:10.066Z</time>
      </trkpt>
      <trkpt lat="41.976634" lon="3.183040599999998">
        <ele>62.99719064371627</ele>
        <time>2026-08-20T16:03:12.066Z</time>
      </trkpt>
      <trkpt lat="41.9766146" lon="3.1830541999999866">
        <ele>63.282692993220266</ele>
        <time>2026-08-20T16:03:13.918Z</time>
      </trkpt>
      <trkpt lat="41.9765923" lon="3.1830624000000114">
        <ele>63.59089531121807</ele>
        <time>2026-08-20T16:03:15.759Z</time>
      </trkpt>
      <trkpt lat="41.9765666" lon="3.183075300000013">
        <ele>63.95585295068319</ele>
        <time>2026-08-20T16:03:17.841Z</time>
      </trkpt>
      <trkpt lat="41.9765422" lon="3.1830817999999965">
        <ele>64.28679774425504</ele>
        <time>2026-08-20T16:03:19.842Z</time>
      </trkpt>
      <trkpt lat="41.9765219" lon="3.1831052">
        <ele>64.61229162366267</ele>
        <time>2026-08-20T16:03:21.738Z</time>
      </trkpt>
      <trkpt lat="41.9764955" lon="3.1831219000000033">
        <ele>64.99803812897086</ele>
        <time>2026-08-20T16:03:23.821Z</time>
      </trkpt>
      <trkpt lat="41.9764657" lon="3.1831252000000063">
        <ele>65.39034169354987</ele>
        <time>2026-08-20T16:03:25.959Z</time>
      </trkpt>
      <trkpt lat="41.9764652" lon="3.1830990999999926">
        <ele>65.32334922704838</ele>
        <time>2026-08-20T16:03:28.069Z</time>
      </trkpt>
      <trkpt lat="41.9764428" lon="3.1830943999999874">
        <ele>65.5976776370968</ele>
        <time>2026-08-20T16:03:30.065Z</time>
      </trkpt>
      <trkpt lat="41.9764286" lon="3.183075599999995">
        <ele>65.7266774747788</ele>
        <time>2026-08-20T16:03:31.990Z</time>
      </trkpt>
      <trkpt lat="41.9764029" lon="3.1830673999999988">
        <ele>66.03294291904547</ele>
        <time>2026-08-20T16:03:34.066Z</time>
      </trkpt>
      <trkpt lat="41.9763746" lon="3.1830593999999905">
        <ele>66.3728587071452</ele>
        <time>2026-08-20T16:03:36.066Z</time>
      </trkpt>
      <trkpt lat="41.9763457" lon="3.1830521999999917">
        <ele>66.54735738312631</ele>
        <time>2026-08-20T16:03:37.920Z</time>
      </trkpt>
      <trkpt lat="41.9763318" lon="3.1830354999999884">
        <ele>66.43681568164554</ele>
        <time>2026-08-20T16:03:40.066Z</time>
      </trkpt>
      <trkpt lat="41.9763208" lon="3.183008199999989">
        <ele>66.2144056971244</ele>
        <time>2026-08-20T16:03:42.034Z</time>
      </trkpt>
      <trkpt lat="41.9763128" lon="3.1829791000000114">
        <ele>65.97631976102721</ele>
        <time>2026-08-20T16:03:43.996Z</time>
      </trkpt>
      <trkpt lat="41.9763153" lon="3.182943899999998">
        <ele>65.74551691068234</ele>
        <time>2026-08-20T16:03:46.060Z</time>
      </trkpt>
      <trkpt lat="41.9763161" lon="3.182910200000009">
        <ele>65.5173219885605</ele>
        <time>2026-08-20T16:03:47.996Z</time>
      </trkpt>
      <trkpt lat="41.9763225" lon="3.1828720999999973">
        <ele>65.29152044883942</ele>
        <time>2026-08-20T16:03:50.021Z</time>
      </trkpt>
      <trkpt lat="41.9763356" lon="3.182823600000006">
        <ele>65.04073436654527</ele>
        <time>2026-08-20T16:03:52.076Z</time>
      </trkpt>
      <trkpt lat="41.9763316" lon="3.182793199999992">
        <ele>64.81054464922958</ele>
        <time>2026-08-20T16:03:54.118Z</time>
      </trkpt>
      <trkpt lat="41.9763369" lon="3.1827557999999954">
        <ele>64.59353982145286</ele>
        <time>2026-08-20T16:03:56.066Z</time>
      </trkpt>
      <trkpt lat="41.9763428" lon="3.1827227999999934">
        <ele>64.2214615385128</ele>
        <time>2026-08-20T16:03:57.879Z</time>
      </trkpt>
      <trkpt lat="41.9763451" lon="3.1826917999999864">
        <ele>63.8361004759676</ele>
        <time>2026-08-20T16:03:59.720Z</time>
      </trkpt>
      <trkpt lat="41.9763434" lon="3.1826532999999984">
        <ele>63.331147620916056</ele>
        <time>2026-08-20T16:04:01.800Z</time>
      </trkpt>
      <trkpt lat="41.9763436" lon="3.182617499999992">
        <ele>62.87149417115522</ele>
        <time>2026-08-20T16:04:03.857Z</time>
      </trkpt>
      <trkpt lat="41.9763436" lon="3.1825834999999927">
        <ele>62.43399664354995</ele>
        <time>2026-08-20T16:04:05.977Z</time>
      </trkpt>
      <trkpt lat="41.9763455" lon="3.1825522999999976">
        <ele>62.03875068926759</ele>
        <time>2026-08-20T16:04:08.040Z</time>
      </trkpt>
      <trkpt lat="41.9763372" lon="3.1825265999999885">
        <ele>61.683727928912866</ele>
        <time>2026-08-20T16:04:10.065Z</time>
      </trkpt>
      <trkpt lat="41.9763372" lon="3.1824980000000096">
        <ele>61.31889336498583</ele>
        <time>2026-08-20T16:04:12.066Z</time>
      </trkpt>
      <trkpt lat="41.9763426" lon="3.1824642999999924">
        <ele>61.01206591573932</ele>
        <time>2026-08-20T16:04:14.067Z</time>
      </trkpt>
      <trkpt lat="41.9763433" lon="3.182437099999987">
        <ele>60.936006717925835</ele>
        <time>2026-08-20T16:04:16.084Z</time>
      </trkpt>
      <trkpt lat="41.9763444" lon="3.182405200000005">
        <ele>60.84746446291117</ele>
        <time>2026-08-20T16:04:17.976Z</time>
      </trkpt>
      <trkpt lat="41.9763564" lon="3.1823736999999994">
        <ele>60.784858635699</ele>
        <time>2026-08-20T16:04:19.977Z</time>
      </trkpt>
      <trkpt lat="41.9763706" lon="3.1823406000000034">
        <ele>60.79742528361457</ele>
        <time>2026-08-20T16:04:22.057Z</time>
      </trkpt>
      <trkpt lat="41.9763844" lon="3.1823128000000054">
        <ele>60.84115934383881</ele>
        <time>2026-08-20T16:04:24.121Z</time>
      </trkpt>
      <trkpt lat="41.9764024" lon="3.182287400000007">
        <ele>60.94492800534878</ele>
        <time>2026-08-20T16:04:26.122Z</time>
      </trkpt>
      <trkpt lat="41.9764193" lon="3.182263699999993">
        <ele>61.063093398224</ele>
        <time>2026-08-20T16:04:28.070Z</time>
      </trkpt>
      <trkpt lat="41.9764381" lon="3.182235399999996">
        <ele>61.21623850596386</ele>
        <time>2026-08-20T16:04:30.086Z</time>
      </trkpt>
      <trkpt lat="41.9764517" lon="3.1822085999999956">
        <ele>61.34047285001919</ele>
        <time>2026-08-20T16:04:31.921Z</time>
      </trkpt>
      <trkpt lat="41.976465" lon="3.1821746999999903">
        <ele>61.492087879616925</ele>
        <time>2026-08-20T16:04:33.939Z</time>
      </trkpt>
      <trkpt lat="41.9764792" lon="3.1821392999999887">
        <ele>61.65059228359666</ele>
        <time>2026-08-20T16:04:36.035Z</time>
      </trkpt>
      <trkpt lat="41.9764975" lon="3.182103799999993">
        <ele>61.83051804804225</ele>
        <time>2026-08-20T16:04:38.019Z</time>
      </trkpt>
      <trkpt lat="41.9765126" lon="3.182061900000008">
        <ele>61.9580669223853</ele>
        <time>2026-08-20T16:04:40.100Z</time>
      </trkpt>
      <trkpt lat="41.9765351" lon="3.182027000000005">
        <ele>62.12813443442136</ele>
        <time>2026-08-20T16:04:42.066Z</time>
      </trkpt>
      <trkpt lat="41.9765498" lon="3.181990899999988">
        <ele>62.21190143017525</ele>
        <time>2026-08-20T16:04:44.090Z</time>
      </trkpt>
      <trkpt lat="41.9765631" lon="3.1819557999999972">
        <ele>62.26923006558653</ele>
        <time>2026-08-20T16:04:46.106Z</time>
      </trkpt>
      <trkpt lat="41.9765724" lon="3.181920600000012">
        <ele>62.285437883525354</ele>
        <time>2026-08-20T16:04:48.066Z</time>
      </trkpt>
      <trkpt lat="41.9765762" lon="3.1819121999999993">
        <ele>62.24832439875445</ele>
        <time>2026-08-20T16:04:49.914Z</time>
      </trkpt>
      <trkpt lat="41.9765837" lon="3.181879500000008">
        <ele>62.007784545025295</ele>
        <time>2026-08-20T16:04:52.054Z</time>
      </trkpt>
      <trkpt lat="41.9765841" lon="3.1818542000000036">
        <ele>61.78870388254469</ele>
        <time>2026-08-20T16:04:54.066Z</time>
      </trkpt>
      <trkpt lat="41.9765883" lon="3.1818435000000136">
        <ele>61.704379829191076</ele>
        <time>2026-08-20T16:04:56.075Z</time>
      </trkpt>
      <trkpt lat="41.976588" lon="3.1818301000000133">
        <ele>61.58400061378063</ele>
        <time>2026-08-20T16:04:58.091Z</time>
      </trkpt>
      <trkpt lat="41.9765828" lon="3.18180670000001">
        <ele>61.374106884550955</ele>
        <time>2026-08-20T16:05:00.065Z</time>
      </trkpt>
      <trkpt lat="41.9765819" lon="3.181803099999996">
        <ele>61.342989840681774</ele>
        <time>2026-08-20T16:05:02.124Z</time>
      </trkpt>
      <trkpt lat="41.9765818" lon="3.181782400000003">
        <ele>61.16498402542903</ele>
        <time>2026-08-20T16:05:04.066Z</time>
      </trkpt>
      <trkpt lat="41.9765816" lon="3.1817747999999995">
        <ele>61.099942462234836</ele>
        <time>2026-08-20T16:05:06.066Z</time>
      </trkpt>
      <trkpt lat="41.9765804" lon="3.181772499999994">
        <ele>61.08222629074328</ele>
        <time>2026-08-20T16:05:08.066Z</time>
      </trkpt>
      <trkpt lat="41.97658" lon="3.181771900000001">
        <ele>61.07780435795119</ele>
        <time>2026-08-20T16:05:10.076Z</time>
      </trkpt>
      <trkpt lat="41.9765845" lon="3.1817485999999917">
        <ele>60.86623942352349</ele>
        <time>2026-08-20T16:05:12.082Z</time>
      </trkpt>
      <trkpt lat="41.9765981" lon="3.1816717000000097">
        <ele>60.09631977867172</ele>
        <time>2026-08-20T16:05:14.066Z</time>
      </trkpt>
      <trkpt lat="41.9766176" lon="3.1816332999999872">
        <ele>59.62472914171551</ele>
        <time>2026-08-20T16:05:16.066Z</time>
      </trkpt>
      <trkpt lat="41.9766334" lon="3.1816010000000006">
        <ele>59.43307267043294</ele>
        <time>2026-08-20T16:05:17.978Z</time>
      </trkpt>
      <trkpt lat="41.9766496" lon="3.1815678000000105">
        <ele>59.32721436728775</ele>
        <time>2026-08-20T16:05:20.076Z</time>
      </trkpt>
      <trkpt lat="41.9766671" lon="3.181536399999999">
        <ele>59.23339548986441</ele>
        <time>2026-08-20T16:05:22.066Z</time>
      </trkpt>
      <trkpt lat="41.9766826" lon="3.1815044999999884">
        <ele>59.15230445326397</ele>
        <time>2026-08-20T16:05:24.066Z</time>
      </trkpt>
      <trkpt lat="41.976692" lon="3.1814726000000064">
        <ele>59.092515901528685</ele>
        <time>2026-08-20T16:05:26.097Z</time>
      </trkpt>
      <trkpt lat="41.9767008" lon="3.1814348999999993">
        <ele>59.03227754614796</ele>
        <time>2026-08-20T16:05:28.112Z</time>
      </trkpt>
      <trkpt lat="41.9767179" lon="3.181400200000013">
        <ele>58.965790206876434</ele>
        <time>2026-08-20T16:05:30.129Z</time>
      </trkpt>
      <trkpt lat="41.9767371" lon="3.1813663000000076">
        <ele>58.90584928553472</ele>
        <time>2026-08-20T16:05:32.066Z</time>
      </trkpt>
      <trkpt lat="41.976755" lon="3.1813452000000098">
        <ele>58.829254236514814</ele>
        <time>2026-08-20T16:05:34.066Z</time>
      </trkpt>
      <trkpt lat="41.9767571" lon="3.1813026000000093">
        <ele>58.70762239146438</ele>
        <time>2026-08-20T16:05:36.066Z</time>
      </trkpt>
      <trkpt lat="41.976773" lon="3.1812835000000064">
        <ele>58.60004196580943</ele>
        <time>2026-08-20T16:05:38.066Z</time>
      </trkpt>
      <trkpt lat="41.9767763" lon="3.1812884999999937">
        <ele>58.60490079520501</ele>
        <time>2026-08-20T16:05:39.982Z</time>
      </trkpt>
      <trkpt lat="41.976749" lon="3.1812353999999914">
        <ele>58.55978597119727</ele>
        <time>2026-08-20T16:05:42.115Z</time>
      </trkpt>
      <trkpt lat="41.9767538" lon="3.1812027">
        <ele>58.44980546033027</ele>
        <time>2026-08-20T16:05:44.066Z</time>
      </trkpt>
      <trkpt lat="41.9767511" lon="3.1811964000000046">
        <ele>58.44818421430927</ele>
        <time>2026-08-20T16:05:46.066Z</time>
      </trkpt>
      <trkpt lat="41.9767457" lon="3.1811877000000095">
        <ele>58.45717005836045</ele>
        <time>2026-08-20T16:05:48.066Z</time>
      </trkpt>
      <trkpt lat="41.9767344" lon="3.181166899999994">
        <ele>58.47798199345113</ele>
        <time>2026-08-20T16:05:50.069Z</time>
      </trkpt>
      <trkpt lat="41.9767172" lon="3.1811342000000025">
        <ele>58.53064656248501</ele>
        <time>2026-08-20T16:05:52.086Z</time>
      </trkpt>
      <trkpt lat="41.9767913" lon="3.1811400999999933">
        <ele>58.01687975222239</ele>
        <time>2026-08-20T16:05:54.065Z</time>
      </trkpt>
      <trkpt lat="41.9768054" lon="3.1811185999999907">
        <ele>57.83151337560571</ele>
        <time>2026-08-20T16:05:56.117Z</time>
      </trkpt>
      <trkpt lat="41.9768205" lon="3.181077899999991">
        <ele>57.53015838109567</ele>
        <time>2026-08-20T16:05:58.066Z</time>
      </trkpt>
      <trkpt lat="41.9768349" lon="3.1810542999999996">
        <ele>57.2834565133143</ele>
        <time>2026-08-20T16:06:00.066Z</time>
      </trkpt>
      <trkpt lat="41.9768484" lon="3.1810397000000137">
        <ele>57.10172228248285</ele>
        <time>2026-08-20T16:06:02.066Z</time>
      </trkpt>
      <trkpt lat="41.9768546" lon="3.1810127999999906">
        <ele>56.919456953275784</ele>
        <time>2026-08-20T16:06:04.072Z</time>
      </trkpt>
      <trkpt lat="41.9768603" lon="3.1809853000000032">
        <ele>56.743554361141356</ele>
        <time>2026-08-20T16:06:06.066Z</time>
      </trkpt>
      <trkpt lat="41.9768642" lon="3.180971999999997">
        <ele>56.653109497371275</ele>
        <time>2026-08-20T16:06:06.981Z</time>
      </trkpt>
      <trkpt lat="41.9768642" lon="3.180971999999997">
        <ele>56.653109497371275</ele>
        <time>2026-08-20T16:06:06.981Z</time>
      </trkpt>
      <trkpt lat="41.9768701" lon="3.1809691999999927">
        <ele>56.60177242994249</ele>
        <time>2026-08-20T16:06:08.881Z</time>
      </trkpt>
      <trkpt lat="41.9768793" lon="3.1809385999999904">
        <ele>56.40305590199459</ele>
        <time>2026-08-20T16:06:10.781Z</time>
      </trkpt>
      <trkpt lat="41.9768879" lon="3.1808871000000067">
        <ele>56.1253126688573</ele>
        <time>2026-08-20T16:06:12.820Z</time>
      </trkpt>
      <trkpt lat="41.9768987" lon="3.1808098999999856">
        <ele>55.74603914006697</ele>
        <time>2026-08-20T16:06:14.822Z</time>
      </trkpt>
      <trkpt lat="41.9769153" lon="3.1807502000000056">
        <ele>55.97826906594878</ele>
        <time>2026-08-20T16:06:16.943Z</time>
      </trkpt>
      <trkpt lat="41.9769093" lon="3.1806966000000045">
        <ele>56.283310513290324</ele>
        <time>2026-08-20T16:06:19.005Z</time>
      </trkpt>
      <trkpt lat="41.9769142" lon="3.1806478000000027">
        <ele>56.52960233236356</ele>
        <time>2026-08-20T16:06:21.046Z</time>
      </trkpt>
      <trkpt lat="41.9769302" lon="3.180593700000003">
        <ele>56.74135938507841</ele>
        <time>2026-08-20T16:06:23.066Z</time>
      </trkpt>
      <trkpt lat="41.9769353" lon="3.180549600000006">
        <ele>56.94284095534146</ele>
        <time>2026-08-20T16:06:25.066Z</time>
      </trkpt>
      <trkpt lat="41.9769382" lon="3.1805075000000045">
        <ele>57.19328320186447</ele>
        <time>2026-08-20T16:06:27.066Z</time>
      </trkpt>
      <trkpt lat="41.9769402" lon="3.180467499999992">
        <ele>57.482635255860515</ele>
        <time>2026-08-20T16:06:28.884Z</time>
      </trkpt>
      <trkpt lat="41.9769447" lon="3.1804290000000037">
        <ele>57.743752450960436</ele>
        <time>2026-08-20T16:06:30.964Z</time>
      </trkpt>
      <trkpt lat="41.9769526" lon="3.1803926999999987">
        <ele>57.963442707346005</ele>
        <time>2026-08-20T16:06:32.987Z</time>
      </trkpt>
      <trkpt lat="41.9769571" lon="3.1803535999999895">
        <ele>58.22271549937904</ele>
        <time>2026-08-20T16:06:35.041Z</time>
      </trkpt>
      <trkpt lat="41.9769534" lon="3.1803232000000037">
        <ele>58.4736383315779</ele>
        <time>2026-08-20T16:06:37.066Z</time>
      </trkpt>
      <trkpt lat="41.9769632" lon="3.180290299999996">
        <ele>58.64543853925808</ele>
        <time>2026-08-20T16:06:39.104Z</time>
      </trkpt>
      <trkpt lat="41.9769738" lon="3.180271299999987">
        <ele>58.7052634802492</ele>
        <time>2026-08-20T16:06:41.066Z</time>
      </trkpt>
      <trkpt lat="41.9769872" lon="3.1802386999999896">
        <ele>58.85378512380381</ele>
        <time>2026-08-20T16:06:43.066Z</time>
      </trkpt>
      <trkpt lat="41.9770033" lon="3.180212399999988">
        <ele>58.939024961968286</ele>
        <time>2026-08-20T16:06:45.079Z</time>
      </trkpt>
      <trkpt lat="41.9770267" lon="3.180188700000002">
        <ele>58.915585005839475</ele>
        <time>2026-08-20T16:06:46.902Z</time>
      </trkpt>
      <trkpt lat="41.977054" lon="3.180164600000012">
        <ele>58.82871512673937</ele>
        <time>2026-08-20T16:06:48.926Z</time>
      </trkpt>
      <trkpt lat="41.97709" lon="3.180152899999996">
        <ele>58.54432043666305</ele>
        <time>2026-08-20T16:06:50.983Z</time>
      </trkpt>
      <trkpt lat="41.9770959" lon="3.180156799999992">
        <ele>58.4619930658922</ele>
        <time>2026-08-20T16:06:52.807Z</time>
      </trkpt>
      <trkpt lat="41.9771162" lon="3.180145699999997">
        <ele>58.317090439598374</ele>
        <time>2026-08-20T16:06:54.807Z</time>
      </trkpt>
      <trkpt lat="41.9771065" lon="3.180140599999987">
        <ele>58.445239322244</ele>
        <time>2026-08-20T16:06:57.062Z</time>
      </trkpt>
      <trkpt lat="41.9770945" lon="3.1801268000000107">
        <ele>58.65086966184388</ele>
        <time>2026-08-20T16:06:59.076Z</time>
      </trkpt>
      <trkpt lat="41.9770975" lon="3.1801299999999912">
        <ele>58.60012009588432</ele>
        <time>2026-08-20T16:07:01.091Z</time>
      </trkpt>
      <trkpt lat="41.9771683" lon="3.180136400000009">
        <ele>57.81712704507436</ele>
        <time>2026-08-20T16:07:03.066Z</time>
      </trkpt>
      <trkpt lat="41.9772324" lon="3.1801466999999946">
        <ele>57.02517364705494</ele>
        <time>2026-08-20T16:07:05.066Z</time>
      </trkpt>
      <trkpt lat="41.9772644" lon="3.1801479000000086">
        <ele>56.61811712691212</ele>
        <time>2026-08-20T16:07:07.066Z</time>
      </trkpt>
      <trkpt lat="41.9772916" lon="3.1801467999999886">
        <ele>56.285632922189144</ele>
        <time>2026-08-20T16:07:08.963Z</time>
      </trkpt>
      <trkpt lat="41.9773229" lon="3.180146199999996">
        <ele>55.90018396578903</ele>
        <time>2026-08-20T16:07:10.866Z</time>
      </trkpt>
      <trkpt lat="41.9773503" lon="3.180136400000009">
        <ele>55.65611522540842</ele>
        <time>2026-08-20T16:07:12.947Z</time>
      </trkpt>
      <trkpt lat="41.9773631" lon="3.180111299999993">
        <ele>55.764091275255815</ele>
        <time>2026-08-20T16:07:14.762Z</time>
      </trkpt>
      <trkpt lat="41.9773806" lon="3.180075600000009">
        <ele>55.969564878855955</ele>
        <time>2026-08-20T16:07:17.065Z</time>
      </trkpt>
      <trkpt lat="41.9773967" lon="3.1800335000000075">
        <ele>56.31302625532229</ele>
        <time>2026-08-20T16:07:19.066Z</time>
      </trkpt>
      <trkpt lat="41.9774057" lon="3.1800050999999883">
        <ele>56.58842112475891</ele>
        <time>2026-08-20T16:07:21.066Z</time>
      </trkpt>
      <trkpt lat="41.9774186" lon="3.1799715999999876">
        <ele>56.92486693133268</ele>
        <time>2026-08-20T16:07:23.066Z</time>
      </trkpt>
      <trkpt lat="41.977434" lon="3.179942100000005">
        <ele>57.06299185240563</ele>
        <time>2026-08-20T16:07:25.066Z</time>
      </trkpt>
      <trkpt lat="41.9774531" lon="3.179916800000001">
        <ele>57.14460960247155</ele>
        <time>2026-08-20T16:07:26.966Z</time>
      </trkpt>
      <trkpt lat="41.9774696" lon="3.1798986999999954">
        <ele>57.186981105570574</ele>
        <time>2026-08-20T16:07:28.966Z</time>
      </trkpt>
      <trkpt lat="41.9774717" lon="3.1798649000000125">
        <ele>57.431936077378694</ele>
        <time>2026-08-20T16:07:31.101Z</time>
      </trkpt>
      <trkpt lat="41.97746" lon="3.179857599999991">
        <ele>57.54102857966656</ele>
        <time>2026-08-20T16:07:33.066Z</time>
      </trkpt>
      <trkpt lat="41.9774506" lon="3.179824400000001">
        <ele>57.84251037879317</ele>
        <time>2026-08-20T16:07:35.065Z</time>
      </trkpt>
      <trkpt lat="41.9774387" lon="3.179793399999994">
        <ele>58.14636099116949</ele>
        <time>2026-08-20T16:07:36.924Z</time>
      </trkpt>
      <trkpt lat="41.9774237" lon="3.1797596000000112">
        <ele>58.49486175075412</ele>
        <time>2026-08-20T16:07:39.044Z</time>
      </trkpt>
      <trkpt lat="41.9773975" lon="3.179730400000011">
        <ele>58.88699860071651</ele>
        <time>2026-08-20T16:07:41.069Z</time>
      </trkpt>
      <trkpt lat="41.9773808" lon="3.1797142000000065">
        <ele>59.12224169348018</ele>
        <time>2026-08-20T16:07:43.086Z</time>
      </trkpt>
      <trkpt lat="41.9773655" lon="3.1796879000000047">
        <ele>59.45581754060325</ele>
        <time>2026-08-20T16:07:45.066Z</time>
      </trkpt>
      <trkpt lat="41.9773513" lon="3.179662400000012">
        <ele>59.84955875431771</ele>
        <time>2026-08-20T16:07:47.066Z</time>
      </trkpt>
      <trkpt lat="41.9773361" lon="3.1796375000000126">
        <ele>60.22562536268947</ele>
        <time>2026-08-20T16:07:49.063Z</time>
      </trkpt>
      <trkpt lat="41.977321" lon="3.179616100000004">
        <ele>60.54540444352389</ele>
        <time>2026-08-20T16:07:51.066Z</time>
      </trkpt>
      <trkpt lat="41.9773075" lon="3.1795926000000065">
        <ele>60.86604082423062</ele>
        <time>2026-08-20T16:07:53.065Z</time>
      </trkpt>
      <trkpt lat="41.9772948" lon="3.179566099999988">
        <ele>61.2007121211294</ele>
        <time>2026-08-20T16:07:55.071Z</time>
      </trkpt>
      <trkpt lat="41.9772856" lon="3.179546600000009">
        <ele>61.436810249346685</ele>
        <time>2026-08-20T16:07:57.087Z</time>
      </trkpt>
      <trkpt lat="41.9772738" lon="3.1795270000000073">
        <ele>61.67362869285765</ele>
        <time>2026-08-20T16:07:59.008Z</time>
      </trkpt>
      <trkpt lat="41.9772663" lon="3.179505000000006">
        <ele>61.9126936235426</ele>
        <time>2026-08-20T16:08:01.066Z</time>
      </trkpt>
      <trkpt lat="41.9772575" lon="3.1794744999999978">
        <ele>62.22894809658327</ele>
        <time>2026-08-20T16:08:02.903Z</time>
      </trkpt>
      <trkpt lat="41.977255" lon="3.1794625999999937">
        <ele>62.34762191908468</ele>
        <time>2026-08-20T16:08:04.944Z</time>
      </trkpt>
      <trkpt lat="41.9772702" lon="3.179466600000012">
        <ele>62.28439909604258</ele>
        <time>2026-08-20T16:08:06.767Z</time>
      </trkpt>
      <trkpt lat="41.9772908" lon="3.179466600000012">
        <ele>62.25071271432047</ele>
        <time>2026-08-20T16:08:08.847Z</time>
      </trkpt>
      <trkpt lat="41.9772952" lon="3.179455499999989">
        <ele>62.3600234845264</ele>
        <time>2026-08-20T16:08:10.662Z</time>
      </trkpt>
      <trkpt lat="41.9772914" lon="3.1794352999999944">
        <ele>62.57558165410459</ele>
        <time>2026-08-20T16:08:12.846Z</time>
      </trkpt>
      <trkpt lat="41.9772953" lon="3.179406599999993">
        <ele>62.884895483081884</ele>
        <time>2026-08-20T16:08:14.886Z</time>
      </trkpt>
      <trkpt lat="41.977303" lon="3.179383400000006">
        <ele>63.160602416851965</ele>
        <time>2026-08-20T16:08:16.909Z</time>
      </trkpt>
      <trkpt lat="41.9773158" lon="3.1793538999999953">
        <ele>63.52869064846797</ele>
        <time>2026-08-20T16:08:19.066Z</time>
      </trkpt>
      <trkpt lat="41.9773211" lon="3.1793236999999976">
        <ele>63.91107387574396</ele>
        <time>2026-08-20T16:08:21.006Z</time>
      </trkpt>
      <trkpt lat="41.9773364" lon="3.1792997999999955">
        <ele>64.24920297827641</ele>
        <time>2026-08-20T16:08:23.070Z</time>
      </trkpt>
      <trkpt lat="41.9773561" lon="3.1792768999999907">
        <ele>64.60819531052772</ele>
        <time>2026-08-20T16:08:25.086Z</time>
      </trkpt>
      <trkpt lat="41.9773763" lon="3.1792580000000044">
        <ele>64.93774425688552</ele>
        <time>2026-08-20T16:08:27.127Z</time>
      </trkpt>
      <trkpt lat="41.9773921" lon="3.179236599999996">
        <ele>65.3050191202227</ele>
        <time>2026-08-20T16:08:28.941Z</time>
      </trkpt>
      <trkpt lat="41.9774115" lon="3.179217599999987">
        <ele>65.67258644950832</ele>
        <time>2026-08-20T16:08:31.066Z</time>
      </trkpt>
      <trkpt lat="41.977426" lon="3.179192999999998">
        <ele>66.11935166585903</ele>
        <time>2026-08-20T16:08:33.066Z</time>
      </trkpt>
      <trkpt lat="41.9774383" lon="3.179166699999996">
        <ele>66.59833520400643</ele>
        <time>2026-08-20T16:08:34.885Z</time>
      </trkpt>
      <trkpt lat="41.9774497" lon="3.1791345000000035">
        <ele>67.13458062020369</ele>
        <time>2026-08-20T16:08:37.101Z</time>
      </trkpt>
      <trkpt lat="41.9774586" lon="3.1791013000000135">
        <ele>67.2267893527308</ele>
        <time>2026-08-20T16:08:39.084Z</time>
      </trkpt>
      <trkpt lat="41.9774658" lon="3.1790784000000087">
        <ele>67.2976293961559</ele>
        <time>2026-08-20T16:08:40.963Z</time>
      </trkpt>
      <trkpt lat="41.9774704" lon="3.179046999999997">
        <ele>67.35223102798473</ele>
        <time>2026-08-20T16:08:43.122Z</time>
      </trkpt>
      <trkpt lat="41.9774845" lon="3.1790322999999887">
        <ele>67.42821381656536</ele>
        <time>2026-08-20T16:08:45.066Z</time>
      </trkpt>
      <trkpt lat="41.9774994" lon="3.179012300000011">
        <ele>67.5372004848317</ele>
        <time>2026-08-20T16:08:47.041Z</time>
      </trkpt>
      <trkpt lat="41.9775036" lon="3.178982899999994">
        <ele>67.62844545677218</ele>
        <time>2026-08-20T16:08:49.065Z</time>
      </trkpt>
      <trkpt lat="41.9775078" lon="3.1789534000000117">
        <ele>67.7303371277331</ele>
        <time>2026-08-20T16:08:51.065Z</time>
      </trkpt>
      <trkpt lat="41.9775159" lon="3.1789216999999894">
        <ele>67.88388913739993</ele>
        <time>2026-08-20T16:08:53.081Z</time>
      </trkpt>
      <trkpt lat="41.9775236" lon="3.1789004999999975">
        <ele>68.02132312405344</ele>
        <time>2026-08-20T16:08:54.960Z</time>
      </trkpt>
      <trkpt lat="41.9775287" lon="3.1788746000000003">
        <ele>68.16038394348182</ele>
        <time>2026-08-20T16:08:57.040Z</time>
      </trkpt>
      <trkpt lat="41.9775302" lon="3.1788555999999915">
        <ele>68.22679249133348</ele>
        <time>2026-08-20T16:08:59.066Z</time>
      </trkpt>
      <trkpt lat="41.9775364" lon="3.1788265000000138">
        <ele>68.27910534792902</ele>
        <time>2026-08-20T16:09:01.066Z</time>
      </trkpt>
      <trkpt lat="41.9775393" lon="3.178801700000008">
        <ele>68.2949571801446</ele>
        <time>2026-08-20T16:09:03.066Z</time>
      </trkpt>
      <trkpt lat="41.9775422" lon="3.178772400000014">
        <ele>68.3066620502883</ele>
        <time>2026-08-20T16:09:05.065Z</time>
      </trkpt>
      <trkpt lat="41.9775468" lon="3.178740900000008">
        <ele>68.33420425483195</ele>
        <time>2026-08-20T16:09:06.901Z</time>
      </trkpt>
      <trkpt lat="41.9775432" lon="3.1786974999999984">
        <ele>68.26349993262622</ele>
        <time>2026-08-20T16:09:09.065Z</time>
      </trkpt>
      <trkpt lat="41.9775423" lon="3.1786654">
        <ele>68.23085974163398</ele>
        <time>2026-08-20T16:09:11.086Z</time>
      </trkpt>
      <trkpt lat="41.9775432" lon="3.1786280000000033">
        <ele>68.21314452629464</ele>
        <time>2026-08-20T16:09:13.065Z</time>
      </trkpt>
      <trkpt lat="41.9775462" lon="3.1785969000000023">
        <ele>68.22057895666457</ele>
        <time>2026-08-20T16:09:15.030Z</time>
      </trkpt>
      <trkpt lat="41.9775449" lon="3.1785568999999896">
        <ele>68.33589223888768</ele>
        <time>2026-08-20T16:09:17.066Z</time>
      </trkpt>
      <trkpt lat="41.9775423" lon="3.17852289999999">
        <ele>68.50670663211702</ele>
        <time>2026-08-20T16:09:19.066Z</time>
      </trkpt>
      <trkpt lat="41.9775336" lon="3.1784887999999967">
        <ele>68.62914760596713</ele>
        <time>2026-08-20T16:09:20.965Z</time>
      </trkpt>
      <trkpt lat="41.9775186" lon="3.1784508000000073">
        <ele>68.73448101203054</ele>
        <time>2026-08-20T16:09:23.022Z</time>
      </trkpt>
      <trkpt lat="41.9775074" lon="3.178416700000014">
        <ele>68.86054279126999</ele>
        <time>2026-08-20T16:09:25.125Z</time>
      </trkpt>
      <trkpt lat="41.9774953" lon="3.178380500000003">
        <ele>69.00576389942553</ele>
        <time>2026-08-20T16:09:27.066Z</time>
      </trkpt>
      <trkpt lat="41.9774851" lon="3.178345400000012">
        <ele>69.16901613972901</ele>
        <time>2026-08-20T16:09:28.963Z</time>
      </trkpt>
      <trkpt lat="41.9774781" lon="3.1783030999999937">
        <ele>69.40959925896439</ele>
        <time>2026-08-20T16:09:31.026Z</time>
      </trkpt>
      <trkpt lat="41.9774707" lon="3.178264799999994">
        <ele>69.4285262463843</ele>
        <time>2026-08-20T16:09:33.105Z</time>
      </trkpt>
      <trkpt lat="41.9774715" lon="3.1782235999999955">
        <ele>69.49896979198152</ele>
        <time>2026-08-20T16:09:35.087Z</time>
      </trkpt>
      <trkpt lat="41.9774699" lon="3.1781738999999902">
        <ele>69.56635770441649</ele>
        <time>2026-08-20T16:09:37.102Z</time>
      </trkpt>
      <trkpt lat="41.9774654" lon="3.178141299999993">
        <ele>69.60178219753939</ele>
        <time>2026-08-20T16:09:39.065Z</time>
      </trkpt>
      <trkpt lat="41.9774612" lon="3.178099500000002">
        <ele>69.66863696024541</ele>
        <time>2026-08-20T16:09:41.066Z</time>
      </trkpt>
      <trkpt lat="41.9774562" lon="3.1780621000000053">
        <ele>69.73884594644478</ele>
        <time>2026-08-20T16:09:42.905Z</time>
      </trkpt>
      <trkpt lat="41.9774493" lon="3.178014399999995">
        <ele>70.06036680742793</ele>
        <time>2026-08-20T16:09:45.048Z</time>
      </trkpt>
      <trkpt lat="41.9774428" lon="3.1779755999999963">
        <ele>70.94089764722229</ele>
        <time>2026-08-20T16:09:47.066Z</time>
      </trkpt>
      <trkpt lat="41.9774364" lon="3.177935600000012">
        <ele>71.85763497731203</ele>
        <time>2026-08-20T16:09:49.077Z</time>
      </trkpt>
      <trkpt lat="41.9774322" lon="3.1778971999999897">
        <ele>72.7386425915772</ele>
        <time>2026-08-20T16:09:50.923Z</time>
      </trkpt>
      <trkpt lat="41.9774331" lon="3.177851599999997">
        <ele>73.7628469350257</ele>
        <time>2026-08-20T16:09:53.066Z</time>
      </trkpt>
      <trkpt lat="41.9774365" lon="3.17781819999999">
        <ele>74.49636454486898</ele>
        <time>2026-08-20T16:09:55.066Z</time>
      </trkpt>
      <trkpt lat="41.9774351" lon="3.1777813999999864">
        <ele>75.33259225854404</ele>
        <time>2026-08-20T16:09:57.066Z</time>
      </trkpt>
      <trkpt lat="41.9774367" lon="3.1777409000000034">
        <ele>76.17933970207964</ele>
        <time>2026-08-20T16:09:58.907Z</time>
      </trkpt>
      <trkpt lat="41.9774374" lon="3.1777065999999934">
        <ele>76.64026828264291</ele>
        <time>2026-08-20T16:10:01.026Z</time>
      </trkpt>
      <trkpt lat="41.9774368" lon="3.1776677000000007">
        <ele>77.17132227343693</ele>
        <time>2026-08-20T16:10:03.073Z</time>
      </trkpt>
      <trkpt lat="41.9774341" lon="3.1776259000000096">
        <ele>77.74757942834626</ele>
        <time>2026-08-20T16:10:05.066Z</time>
      </trkpt>
      <trkpt lat="41.977425" lon="3.17758409999999">
        <ele>78.33148052185462</ele>
        <time>2026-08-20T16:10:07.066Z</time>
      </trkpt>
      <trkpt lat="41.977423" lon="3.1775509">
        <ele>78.77258832179795</ele>
        <time>2026-08-20T16:10:08.879Z</time>
      </trkpt>
      <trkpt lat="41.9774249" lon="3.177514599999995">
        <ele>79.24964401531567</ele>
        <time>2026-08-20T16:10:10.903Z</time>
      </trkpt>
      <trkpt lat="41.9774176" lon="3.177489400000013">
        <ele>79.5783165499202</ele>
        <time>2026-08-20T16:10:13.006Z</time>
      </trkpt>
      <trkpt lat="41.9774042" lon="3.177431399999989">
        <ele>80.07195156047408</ele>
        <time>2026-08-20T16:10:15.061Z</time>
      </trkpt>
      <trkpt lat="41.9773929" lon="3.1773681999999894">
        <ele>80.47469823762792</ele>
        <time>2026-08-20T16:10:17.100Z</time>
      </trkpt>
      <trkpt lat="41.977403" lon="3.1773053999999945">
        <ele>80.884862244328</ele>
        <time>2026-08-20T16:10:19.003Z</time>
      </trkpt>
      <trkpt lat="41.9774228" lon="3.177234999999996">
        <ele>81.32889195122571</ele>
        <time>2026-08-20T16:10:21.098Z</time>
      </trkpt>
      <trkpt lat="41.9774373" lon="3.1771842999999933">
        <ele>81.61340310846158</ele>
        <time>2026-08-20T16:10:23.113Z</time>
      </trkpt>
      <trkpt lat="41.9774436" lon="3.177131099999997">
        <ele>81.73494116225149</ele>
        <time>2026-08-20T16:10:25.128Z</time>
      </trkpt>
      <trkpt lat="41.9774579" lon="3.1770883000000083">
        <ele>81.77361474971336</ele>
        <time>2026-08-20T16:10:27.063Z</time>
      </trkpt>
      <trkpt lat="41.9774575" lon="3.177041800000012">
        <ele>81.86462541155535</ele>
        <time>2026-08-20T16:10:29.066Z</time>
      </trkpt>
      <trkpt lat="41.9774533" lon="3.1769993999999997">
        <ele>81.9782771830774</ele>
        <time>2026-08-20T16:10:31.066Z</time>
      </trkpt>
      <trkpt lat="41.9774488" lon="3.176960600000001">
        <ele>82.09937683986827</ele>
        <time>2026-08-20T16:10:33.077Z</time>
      </trkpt>
      <trkpt lat="41.977431" lon="3.1769356000000073">
        <ele>82.33257457304154</ele>
        <time>2026-08-20T16:10:34.981Z</time>
      </trkpt>
      <trkpt lat="41.9774061" lon="3.176898599999987">
        <ele>82.74183441160473</ele>
        <time>2026-08-20T16:10:37.108Z</time>
      </trkpt>
      <trkpt lat="41.9773896" lon="3.1768596000000002">
        <ele>83.11951753935426</ele>
        <time>2026-08-20T16:10:39.065Z</time>
      </trkpt>
      <trkpt lat="41.9773752" lon="3.176823899999988">
        <ele>83.44596202584651</ele>
        <time>2026-08-20T16:10:41.066Z</time>
      </trkpt>
      <trkpt lat="41.9773601" lon="3.176784800000007">
        <ele>83.78425825548533</ele>
        <time>2026-08-20T16:10:43.066Z</time>
      </trkpt>
      <trkpt lat="41.9773519" lon="3.1767532000000074">
        <ele>84.01195698820602</ele>
        <time>2026-08-20T16:10:45.066Z</time>
      </trkpt>
      <trkpt lat="41.9773436" lon="3.176726500000001">
        <ele>84.21194044419113</ele>
        <time>2026-08-20T16:10:47.073Z</time>
      </trkpt>
      <trkpt lat="41.9773367" lon="3.176710500000013">
        <ele>84.34599490881207</ele>
        <time>2026-08-20T16:10:48.905Z</time>
      </trkpt>
      <trkpt lat="41.9773251" lon="3.176683099999991">
        <ele>84.56815214825646</ele>
        <time>2026-08-20T16:10:50.944Z</time>
      </trkpt>
      <trkpt lat="41.9773225" lon="3.176694999999995">
        <ele>84.53681644927661</ele>
        <time>2026-08-20T16:10:52.926Z</time>
      </trkpt>
      <trkpt lat="41.9773225" lon="3.176674999999989">
        <ele>84.62569440583972</ele>
        <time>2026-08-20T16:10:54.901Z</time>
      </trkpt>
      <trkpt lat="41.9773285" lon="3.1766369000000054">
        <ele>84.74832102034766</ele>
        <time>2026-08-20T16:10:56.826Z</time>
      </trkpt>
      <trkpt lat="41.9773278" lon="3.176591000000002">
        <ele>84.53957990388332</ele>
        <time>2026-08-20T16:10:59.066Z</time>
      </trkpt>
      <trkpt lat="41.9773241" lon="3.1765595999999903">
        <ele>84.40642115863963</ele>
        <time>2026-08-20T16:11:00.953Z</time>
      </trkpt>
      <trkpt lat="41.9773147" lon="3.1765073999999913">
        <ele>84.21888990316835</ele>
        <time>2026-08-20T16:11:03.078Z</time>
      </trkpt>
      <trkpt lat="41.9773061" lon="3.1764632999999947">
        <ele>84.07375622647515</ele>
        <time>2026-08-20T16:11:05.093Z</time>
      </trkpt>
      <trkpt lat="41.9772985" lon="3.1764148999999975">
        <ele>83.9046070743064</ele>
        <time>2026-08-20T16:11:07.066Z</time>
      </trkpt>
      <trkpt lat="41.9772938" lon="3.1763706000000127">
        <ele>83.73276522457196</ele>
        <time>2026-08-20T16:11:09.122Z</time>
      </trkpt>
      <trkpt lat="41.9772891" lon="3.1763264999999876">
        <ele>83.63109320869712</ele>
        <time>2026-08-20T16:11:11.066Z</time>
      </trkpt>
      <trkpt lat="41.9772844" lon="3.1762846999999965">
        <ele>83.56854786936769</ele>
        <time>2026-08-20T16:11:13.065Z</time>
      </trkpt>
      <trkpt lat="41.9772805" lon="3.1762445999999898">
        <ele>83.5024279597784</ele>
        <time>2026-08-20T16:11:15.066Z</time>
      </trkpt>
      <trkpt lat="41.977277" lon="3.1762051999999983">
        <ele>83.43418156141004</ele>
        <time>2026-08-20T16:11:17.071Z</time>
      </trkpt>
      <trkpt lat="41.977275" lon="3.1761635999999953">
        <ele>83.34456192798582</ele>
        <time>2026-08-20T16:11:19.086Z</time>
      </trkpt>
      <trkpt lat="41.9772722" lon="3.1761227000000076">
        <ele>83.26529421670153</ele>
        <time>2026-08-20T16:11:21.101Z</time>
      </trkpt>
      <trkpt lat="41.9772677" lon="3.1760815000000093">
        <ele>83.20324602177385</ele>
        <time>2026-08-20T16:11:23.116Z</time>
      </trkpt>
      <trkpt lat="41.9772625" lon="3.176040400000005">
        <ele>83.07947506714262</ele>
        <time>2026-08-20T16:11:25.064Z</time>
      </trkpt>
      <trkpt lat="41.9772594" lon="3.176000700000003">
        <ele>82.93053623488917</ele>
        <time>2026-08-20T16:11:27.065Z</time>
      </trkpt>
      <trkpt lat="41.9772571" lon="3.1759587999999894">
        <ele>82.7614225107728</ele>
        <time>2026-08-20T16:11:29.065Z</time>
      </trkpt>
      <trkpt lat="41.9772542" lon="3.1759146999999928">
        <ele>82.58525032822257</ele>
        <time>2026-08-20T16:11:31.126Z</time>
      </trkpt>
      <trkpt lat="41.9772535" lon="3.175876499999987">
        <ele>82.41536741826759</ele>
        <time>2026-08-20T16:11:33.077Z</time>
      </trkpt>
      <trkpt lat="41.9772526" lon="3.175842799999998">
        <ele>82.26722214392159</ele>
        <time>2026-08-20T16:11:34.979Z</time>
      </trkpt>
      <trkpt lat="41.9772496" lon="3.1757952000000103">
        <ele>82.09770592685229</ele>
        <time>2026-08-20T16:11:37.146Z</time>
      </trkpt>
      <trkpt lat="41.9772414" lon="3.175757599999997">
        <ele>82.21760876189586</ele>
        <time>2026-08-20T16:11:39.142Z</time>
      </trkpt>
      <trkpt lat="41.9772349" lon="3.175723299999987">
        <ele>82.31921286865405</ele>
        <time>2026-08-20T16:11:41.064Z</time>
      </trkpt>
      <trkpt lat="41.9772265" lon="3.175684799999999">
        <ele>82.44066488732793</ele>
        <time>2026-08-20T16:11:43.065Z</time>
      </trkpt>
      <trkpt lat="41.9772197" lon="3.1756512999999984">
        <ele>82.54206531004691</ele>
        <time>2026-08-20T16:11:45.065Z</time>
      </trkpt>
      <trkpt lat="41.9772138" lon="3.1756168000000002">
        <ele>82.63802647191652</ele>
        <time>2026-08-20T16:11:47.065Z</time>
      </trkpt>
      <trkpt lat="41.9772057" lon="3.175579599999992">
        <ele>82.75338436157796</ele>
        <time>2026-08-20T16:11:49.077Z</time>
      </trkpt>
      <trkpt lat="41.9772018" lon="3.1755474999999933">
        <ele>82.8304307696359</ele>
        <time>2026-08-20T16:11:51.092Z</time>
      </trkpt>
      <trkpt lat="41.9771979" lon="3.1755159999999876">
        <ele>82.93331444296527</ele>
        <time>2026-08-20T16:11:53.042Z</time>
      </trkpt>
      <trkpt lat="41.9771897" lon="3.175485699999996">
        <ele>83.1933700634811</ele>
        <time>2026-08-20T16:11:55.064Z</time>
      </trkpt>
      <trkpt lat="41.9771827" lon="3.175451399999986">
        <ele>83.51204048245178</ele>
        <time>2026-08-20T16:11:57.065Z</time>
      </trkpt>
      <trkpt lat="41.9771686" lon="3.1754404000000136">
        <ele>83.77825455622009</ele>
        <time>2026-08-20T16:11:58.920Z</time>
      </trkpt>
      <trkpt lat="41.977158" lon="3.1754516000000024">
        <ele>83.85245605148585</ele>
        <time>2026-08-20T16:12:00.833Z</time>
      </trkpt>
      <trkpt lat="41.9771515" lon="3.1754128000000037">
        <ele>84.19336676949952</ele>
        <time>2026-08-20T16:12:02.703Z</time>
      </trkpt>
      <trkpt lat="41.9771433" lon="3.1753783000000055">
        <ele>84.5300024329867</ele>
        <time>2026-08-20T16:12:04.784Z</time>
      </trkpt>
      <trkpt lat="41.9771398" lon="3.1753612999999916">
        <ele>84.68840815082248</ele>
        <time>2026-08-20T16:12:07.064Z</time>
      </trkpt>
      <trkpt lat="41.9771357" lon="3.1753560999999877">
        <ele>84.77878320068515</ele>
        <time>2026-08-20T16:12:08.920Z</time>
      </trkpt>
      <trkpt lat="41.9771313" lon="3.1753544000000034">
        <ele>84.85066803771139</ele>
        <time>2026-08-20T16:12:11.063Z</time>
      </trkpt>
      <trkpt lat="41.9771276" lon="3.1753485000000126">
        <ele>84.94003923294555</ele>
        <time>2026-08-20T16:12:12.943Z</time>
      </trkpt>
      <trkpt lat="41.9771097" lon="3.1753249999999866">
        <ele>85.33979405467407</ele>
        <time>2026-08-20T16:12:15.006Z</time>
      </trkpt>
      <trkpt lat="41.9771487" lon="3.1754649000000086">
        <ele>83.89508008172561</ele>
        <time>2026-08-20T16:12:17.006Z</time>
      </trkpt>
      <trkpt lat="41.9771551" lon="3.1755072999999925">
        <ele>83.53227406694585</ele>
        <time>2026-08-20T16:12:19.005Z</time>
      </trkpt>
      <trkpt lat="41.9771528" lon="3.1755368000000033">
        <ele>83.43684790522015</ele>
        <time>2026-08-20T16:12:21.027Z</time>
      </trkpt>
      <trkpt lat="41.9771525" lon="3.175575600000002">
        <ele>83.35153971016203</ele>
        <time>2026-08-20T16:12:23.025Z</time>
      </trkpt>
      <trkpt lat="41.9771587" lon="3.1755991999999935">
        <ele>83.22133781332923</ele>
        <time>2026-08-20T16:12:25.063Z</time>
      </trkpt>
      <trkpt lat="41.9771566" lon="3.1756302000000005">
        <ele>83.17824575455704</ele>
        <time>2026-08-20T16:12:27.047Z</time>
      </trkpt>
      <trkpt lat="41.9771502" lon="3.175662200000005">
        <ele>83.17723740605018</ele>
        <time>2026-08-20T16:12:29.004Z</time>
      </trkpt>
      <trkpt lat="41.9771428" lon="3.1756943999999976">
        <ele>83.17757336559907</ele>
        <time>2026-08-20T16:12:31.101Z</time>
      </trkpt>
      <trkpt lat="41.9771324" lon="3.175728399999997">
        <ele>83.19203903213467</ele>
        <time>2026-08-20T16:12:33.124Z</time>
      </trkpt>
      <trkpt lat="41.9771291" lon="3.1757609">
        <ele>83.13312104254614</ele>
        <time>2026-08-20T16:12:35.065Z</time>
      </trkpt>
      <trkpt lat="41.9771129" lon="3.175787200000002">
        <ele>83.19535612318167</ele>
        <time>2026-08-20T16:12:37.001Z</time>
      </trkpt>
      <trkpt lat="41.977107" lon="3.175824299999988">
        <ele>83.28274893523309</ele>
        <time>2026-08-20T16:12:38.946Z</time>
      </trkpt>
      <trkpt lat="41.9770952" lon="3.1758555000000115">
        <ele>83.46152808767806</ele>
        <time>2026-08-20T16:12:41.042Z</time>
      </trkpt>
      <trkpt lat="41.9770785" lon="3.175880400000011">
        <ele>83.63498177603127</ele>
        <time>2026-08-20T16:12:43.105Z</time>
      </trkpt>
      <trkpt lat="41.9770599" lon="3.17590340000001">
        <ele>83.79388726980304</ele>
        <time>2026-08-20T16:12:45.080Z</time>
      </trkpt>
      <trkpt lat="41.9770609" lon="3.175924699999996">
        <ele>83.83168075260431</ele>
        <time>2026-08-20T16:12:47.071Z</time>
      </trkpt>
      <trkpt lat="41.9770358" lon="3.175948599999998">
        <ele>83.98906079034532</ele>
        <time>2026-08-20T16:12:49.087Z</time>
      </trkpt>
      <trkpt lat="41.9770101" lon="3.175960900000007">
        <ele>84.10965498116684</ele>
        <time>2026-08-20T16:12:51.103Z</time>
      </trkpt>
      <trkpt lat="41.9769933" lon="3.175982199999993">
        <ele>84.1840786027373</ele>
        <time>2026-08-20T16:12:53.065Z</time>
      </trkpt>
      <trkpt lat="41.9769725" lon="3.176002699999998">
        <ele>84.2523295215297</ele>
        <time>2026-08-20T16:12:55.065Z</time>
      </trkpt>
      <trkpt lat="41.976952" lon="3.1760236000000077">
        <ele>84.29796397281935</ele>
        <time>2026-08-20T16:12:57.135Z</time>
      </trkpt>
      <trkpt lat="41.9769421" lon="3.1760610000000042">
        <ele>84.28557387003052</ele>
        <time>2026-08-20T16:12:59.065Z</time>
      </trkpt>
      <trkpt lat="41.9769284" lon="3.176092600000004">
        <ele>84.33015005760076</ele>
        <time>2026-08-20T16:13:00.967Z</time>
      </trkpt>
      <trkpt lat="41.9769139" lon="3.176128299999988">
        <ele>84.45994584810943</ele>
        <time>2026-08-20T16:13:03.024Z</time>
      </trkpt>
      <trkpt lat="41.976898" lon="3.176163800000012">
        <ele>84.6704845123779</ele>
        <time>2026-08-20T16:13:05.104Z</time>
      </trkpt>
      <trkpt lat="41.9768791" lon="3.1761908000000005">
        <ele>84.88437513132324</ele>
        <time>2026-08-20T16:13:07.065Z</time>
      </trkpt>
      <trkpt lat="41.9768597" lon="3.1762132000000065">
        <ele>85.08894983658782</ele>
        <time>2026-08-20T16:13:09.065Z</time>
      </trkpt>
      <trkpt lat="41.9768463" lon="3.176249399999989">
        <ele>85.30128998370216</ele>
        <time>2026-08-20T16:13:11.064Z</time>
      </trkpt>
      <trkpt lat="41.9768418" lon="3.1762881999999877">
        <ele>85.46309966081812</ele>
        <time>2026-08-20T16:13:13.065Z</time>
      </trkpt>
      <trkpt lat="41.9768274" lon="3.176320199999992">
        <ele>85.67238765948487</ele>
        <time>2026-08-20T16:13:15.065Z</time>
      </trkpt>
      <trkpt lat="41.976816" lon="3.1763555999999937">
        <ele>85.87439941941699</ele>
        <time>2026-08-20T16:13:17.068Z</time>
      </trkpt>
      <trkpt lat="41.9768027" lon="3.1763917000000106">
        <ele>86.17038450889052</ele>
        <time>2026-08-20T16:13:19.082Z</time>
      </trkpt>
      <trkpt lat="41.9767912" lon="3.176426399999997">
        <ele>86.43928448641276</ele>
        <time>2026-08-20T16:13:21.098Z</time>
      </trkpt>
      <trkpt lat="41.9767748" lon="3.1764589">
        <ele>86.71933438421398</ele>
        <time>2026-08-20T16:13:23.112Z</time>
      </trkpt>
      <trkpt lat="41.976758" lon="3.176483200000007">
        <ele>86.94941731218628</ele>
        <time>2026-08-20T16:13:24.928Z</time>
      </trkpt>
      <trkpt lat="41.9767417" lon="3.176513199999988">
        <ele>87.19792079223217</ele>
        <time>2026-08-20T16:13:26.983Z</time>
      </trkpt>
      <trkpt lat="41.9767275" lon="3.176544199999995">
        <ele>87.43103326181179</ele>
        <time>2026-08-20T16:13:29.022Z</time>
      </trkpt>
      <trkpt lat="41.9767149" lon="3.1765680999999972">
        <ele>87.61383329041169</ele>
        <time>2026-08-20T16:13:31.065Z</time>
      </trkpt>
      <trkpt lat="41.9766993" lon="3.1765906999999913">
        <ele>87.79998109654082</ele>
        <time>2026-08-20T16:13:32.900Z</time>
      </trkpt>
      <trkpt lat="41.976683" lon="3.176618200000007">
        <ele>88.00511522904551</ele>
        <time>2026-08-20T16:13:35.091Z</time>
      </trkpt>
      <trkpt lat="41.9766634" lon="3.176638099999991">
        <ele>88.17719534872084</ele>
        <time>2026-08-20T16:13:37.002Z</time>
      </trkpt>
      <trkpt lat="41.976646" lon="3.1766510999999866">
        <ele>88.29367812574729</ele>
        <time>2026-08-20T16:13:39.065Z</time>
      </trkpt>
      <trkpt lat="41.9766246" lon="3.176665500000013">
        <ele>88.48877301763795</ele>
        <time>2026-08-20T16:13:41.065Z</time>
      </trkpt>
      <trkpt lat="41.976603" lon="3.176679100000001">
        <ele>88.74376194744553</ele>
        <time>2026-08-20T16:13:43.065Z</time>
      </trkpt>
      <trkpt lat="41.9765811" lon="3.1766938000000096">
        <ele>89.00020441521963</ele>
        <time>2026-08-20T16:13:45.065Z</time>
      </trkpt>
      <trkpt lat="41.9765615" lon="3.1767091000000107">
        <ele>89.23080388062087</ele>
        <time>2026-08-20T16:13:46.953Z</time>
      </trkpt>
      <trkpt lat="41.9765423" lon="3.1767235000000085">
        <ele>89.45115034108491</ele>
        <time>2026-08-20T16:13:48.783Z</time>
      </trkpt>
      <trkpt lat="41.9765194" lon="3.176737199999991">
        <ele>89.70153747394167</ele>
        <time>2026-08-20T16:13:50.861Z</time>
      </trkpt>
      <trkpt lat="41.9764964" lon="3.1767486999999903">
        <ele>89.94414250907832</ele>
        <time>2026-08-20T16:13:52.923Z</time>
      </trkpt>
      <trkpt lat="41.9764696" lon="3.1767587999999876">
        <ele>90.21637273277136</ele>
        <time>2026-08-20T16:13:55.001Z</time>
      </trkpt>
      <trkpt lat="41.9764437" lon="3.176770900000008">
        <ele>90.4792336006303</ele>
        <time>2026-08-20T16:13:57.103Z</time>
      </trkpt>
      <trkpt lat="41.9764223" lon="3.1767828000000122">
        <ele>90.69554427937148</ele>
        <time>2026-08-20T16:13:59.065Z</time>
      </trkpt>
      <trkpt lat="41.9763992" lon="3.1767950999999925">
        <ele>90.92422712453744</ele>
        <time>2026-08-20T16:14:00.923Z</time>
      </trkpt>
      <trkpt lat="41.9763741" lon="3.1768088999999975">
        <ele>91.16844765242875</ele>
        <time>2026-08-20T16:14:03.026Z</time>
      </trkpt>
      <trkpt lat="41.9763494" lon="3.176820499999991">
        <ele>91.42818549615852</ele>
        <time>2026-08-20T16:14:05.105Z</time>
      </trkpt>
      <trkpt lat="41.9763256" lon="3.176830300000006">
        <ele>91.74713202037526</ele>
        <time>2026-08-20T16:14:07.095Z</time>
      </trkpt>
      <trkpt lat="41.9763028" lon="3.1768399000000045">
        <ele>92.05803894085264</ele>
        <time>2026-08-20T16:14:09.065Z</time>
      </trkpt>
      <trkpt lat="41.9762792" lon="3.1768487999999877">
        <ele>92.38335645585614</ele>
        <time>2026-08-20T16:14:11.065Z</time>
      </trkpt>
      <trkpt lat="41.9762576" lon="3.1768572000000006">
        <ele>92.68586208186187</ele>
        <time>2026-08-20T16:14:12.882Z</time>
      </trkpt>
      <trkpt lat="41.9762319" lon="3.176864800000004">
        <ele>93.04573641408433</ele>
        <time>2026-08-20T16:14:14.944Z</time>
      </trkpt>
      <trkpt lat="41.9762119" lon="3.176874199999986">
        <ele>93.33773204574722</ele>
        <time>2026-08-20T16:14:17.071Z</time>
      </trkpt>
      <trkpt lat="41.9761704" lon="3.1768982000000108">
        <ele>93.97098903345628</ele>
        <time>2026-08-20T16:14:19.005Z</time>
      </trkpt>
      <trkpt lat="41.9761342" lon="3.1769147999999916">
        <ele>94.51193049149732</ele>
        <time>2026-08-20T16:14:21.026Z</time>
      </trkpt>
      <trkpt lat="41.9760914" lon="3.1769403000000125">
        <ele>95.04423306248671</ele>
        <time>2026-08-20T16:14:23.162Z</time>
      </trkpt>
      <trkpt lat="41.976031" lon="3.1769708999999864">
        <ele>95.92869840496547</ele>
        <time>2026-08-20T16:14:25.159Z</time>
      </trkpt>
      <trkpt lat="41.9759924" lon="3.1769898999999953">
        <ele>96.53172281453833</ele>
        <time>2026-08-20T16:14:27.065Z</time>
      </trkpt>
      <trkpt lat="41.9759649" lon="3.17700099999999">
        <ele>96.9739402261879</ele>
        <time>2026-08-20T16:14:28.902Z</time>
      </trkpt>
      <trkpt lat="41.9759312" lon="3.177011399999998">
        <ele>97.52764630394609</ele>
        <time>2026-08-20T16:14:31.020Z</time>
      </trkpt>
      <trkpt lat="41.9759031" lon="3.1770190000000014">
        <ele>97.99569006834489</ele>
        <time>2026-08-20T16:14:33.122Z</time>
      </trkpt>
      <trkpt lat="41.9758787" lon="3.1770217000000116">
        <ele>98.4072381294333</ele>
        <time>2026-08-20T16:14:35.089Z</time>
      </trkpt>
      <trkpt lat="41.9758519" lon="3.177018099999998">
        <ele>98.86148406111684</ele>
        <time>2026-08-20T16:14:37.103Z</time>
      </trkpt>
      <trkpt lat="41.9758267" lon="3.177022700000009">
        <ele>99.28813317300299</ele>
        <time>2026-08-20T16:14:39.065Z</time>
      </trkpt>
      <trkpt lat="41.9758016" lon="3.1770275000000083">
        <ele>99.71562238664202</ele>
        <time>2026-08-20T16:14:40.883Z</time>
      </trkpt>
      <trkpt lat="41.9757723" lon="3.177037299999995">
        <ele>99.80759418426277</ele>
        <time>2026-08-20T16:14:43.026Z</time>
      </trkpt>
      <trkpt lat="41.975748" lon="3.1770535999999936">
        <ele>99.88227193712954</ele>
        <time>2026-08-20T16:14:45.065Z</time>
      </trkpt>
      <trkpt lat="41.9757232" lon="3.1770674999999926">
        <ele>99.97018349558678</ele>
        <time>2026-08-20T16:14:47.065Z</time>
      </trkpt>
      <trkpt lat="41.9757033" lon="3.177080899999993">
        <ele>100.05700343959246</ele>
        <time>2026-08-20T16:14:48.926Z</time>
      </trkpt>
      <trkpt lat="41.9756887" lon="3.17709099999999">
        <ele>100.12869153862313</ele>
        <time>2026-08-20T16:14:51.044Z</time>
      </trkpt>
      <trkpt lat="41.9756922" lon="3.1770964000000106">
        <ele>100.1324497673</ele>
        <time>2026-08-20T16:14:53.123Z</time>
      </trkpt>
      <trkpt lat="41.9756866" lon="3.1771143999999936">
        <ele>100.202518866386</ele>
        <time>2026-08-20T16:14:55.122Z</time>
      </trkpt>
      <trkpt lat="41.975676" lon="3.1771316999999897">
        <ele>100.29498562679206</ele>
        <time>2026-08-20T16:14:57.065Z</time>
      </trkpt>
      <trkpt lat="41.9756568" lon="3.1771508999999867">
        <ele>100.43983584543446</ele>
        <time>2026-08-20T16:14:59.000Z</time>
      </trkpt>
      <trkpt lat="41.9756349" lon="3.1771597000000042">
        <ele>100.5722032136489</ele>
        <time>2026-08-20T16:15:01.127Z</time>
      </trkpt>
      <trkpt lat="41.9756103" lon="3.17716200000001">
        <ele>100.69657872177429</ele>
        <time>2026-08-20T16:15:03.069Z</time>
      </trkpt>
      <trkpt lat="41.9755854" lon="3.177164900000008">
        <ele>100.8278037743092</ele>
        <time>2026-08-20T16:15:05.083Z</time>
      </trkpt>
      <trkpt lat="41.9755684" lon="3.177148499999987">
        <ele>100.8200860703503</ele>
        <time>2026-08-20T16:15:07.064Z</time>
      </trkpt>
      <trkpt lat="41.975547" lon="3.177155099999993">
        <ele>100.95276337950018</ele>
        <time>2026-08-20T16:15:08.906Z</time>
      </trkpt>
      <trkpt lat="41.9755229" lon="3.1771658000000116">
        <ele>101.13017272392507</ele>
        <time>2026-08-20T16:15:10.960Z</time>
      </trkpt>
      <trkpt lat="41.9755003" lon="3.1771784000000025">
        <ele>101.12685688995299</ele>
        <time>2026-08-20T16:15:13.046Z</time>
      </trkpt>
      <trkpt lat="41.9754873" lon="3.177196600000002">
        <ele>101.11467603679102</ele>
        <time>2026-08-20T16:15:15.045Z</time>
      </trkpt>
      <trkpt lat="41.9754717" lon="3.1772146000000134">
        <ele>100.94813374334657</ele>
        <time>2026-08-20T16:15:17.065Z</time>
      </trkpt>
      <trkpt lat="41.9754436" lon="3.1772148999999956">
        <ele>100.84537169014523</ele>
        <time>2026-08-20T16:15:19.040Z</time>
      </trkpt>
      <trkpt lat="41.9754157" lon="3.1772108000000117">
        <ele>100.76327032325999</ele>
        <time>2026-08-20T16:15:21.086Z</time>
      </trkpt>
      <trkpt lat="41.9753893" lon="3.1772207999999864">
        <ele>100.62759967772358</ele>
        <time>2026-08-20T16:15:23.100Z</time>
      </trkpt>
      <trkpt lat="41.9753649" lon="3.177249499999988">
        <ele>100.45014454676254</ele>
        <time>2026-08-20T16:15:25.065Z</time>
      </trkpt>
      <trkpt lat="41.9753464" lon="3.1772709999999904">
        <ele>100.3383370125855</ele>
        <time>2026-08-20T16:15:26.880Z</time>
      </trkpt>
      <trkpt lat="41.9753171" lon="3.177307500000012">
        <ele>100.1944443319687</ele>
        <time>2026-08-20T16:15:28.920Z</time>
      </trkpt>
      <trkpt lat="41.9752901" lon="3.1773403999999914">
        <ele>100.10757766958858</ele>
        <time>2026-08-20T16:15:30.967Z</time>
      </trkpt>
      <trkpt lat="41.9752513" lon="3.177369800000008">
        <ele>100.06621416330799</ele>
        <time>2026-08-20T16:15:32.966Z</time>
      </trkpt>
      <trkpt lat="41.9752092" lon="3.1773973999999896">
        <ele>100.04762208533462</ele>
        <time>2026-08-20T16:15:35.045Z</time>
      </trkpt>
      <trkpt lat="41.9751688" lon="3.1774144000000035">
        <ele>100.01144490422926</ele>
        <time>2026-08-20T16:15:37.082Z</time>
      </trkpt>
      <trkpt lat="41.9751261" lon="3.177429200000006">
        <ele>99.95706129938438</ele>
        <time>2026-08-20T16:15:39.081Z</time>
      </trkpt>
      <trkpt lat="41.9750769" lon="3.177452299999999">
        <ele>99.85228106107509</ele>
        <time>2026-08-20T16:15:41.065Z</time>
      </trkpt>
      <trkpt lat="41.9750332" lon="3.1774646000000075">
        <ele>99.75957141824877</ele>
        <time>2026-08-20T16:15:43.065Z</time>
      </trkpt>
      <trkpt lat="41.9749964" lon="3.177467799999988">
        <ele>99.6986720313697</ele>
        <time>2026-08-20T16:15:45.065Z</time>
      </trkpt>
      <trkpt lat="41.9749707" lon="3.1774652999999944">
        <ele>99.67575480889886</ele>
        <time>2026-08-20T16:15:46.915Z</time>
      </trkpt>
      <trkpt lat="41.974938" lon="3.1774699999999996">
        <ele>99.94197488427461</ele>
        <time>2026-08-20T16:15:48.801Z</time>
      </trkpt>
      <trkpt lat="41.9749075" lon="3.177472200000011">
        <ele>100.25716885440708</ele>
        <time>2026-08-20T16:15:50.880Z</time>
      </trkpt>
      <trkpt lat="41.9748796" lon="3.1774713000000077">
        <ele>100.57020201827713</ele>
        <time>2026-08-20T16:15:52.967Z</time>
      </trkpt>
      <trkpt lat="41.9748356" lon="3.177444400000013">
        <ele>101.23261055417356</ele>
        <time>2026-08-20T16:15:54.965Z</time>
      </trkpt>
      <trkpt lat="41.9747882" lon="3.1774586999999883">
        <ele>101.66990497466332</ele>
        <time>2026-08-20T16:15:57.102Z</time>
      </trkpt>
      <trkpt lat="41.9747529" lon="3.1774758999999904">
        <ele>101.89631765978672</ele>
        <time>2026-08-20T16:15:59.061Z</time>
      </trkpt>
      <trkpt lat="41.9747279" lon="3.177490000000006">
        <ele>101.9751891656564</ele>
        <time>2026-08-20T16:16:01.065Z</time>
      </trkpt>
      <trkpt lat="41.9747109" lon="3.1774971000000107">
        <ele>102.05304458882813</ele>
        <time>2026-08-20T16:16:02.986Z</time>
      </trkpt>
      <trkpt lat="41.974783" lon="3.1774719000000005">
        <ele>101.61930132244298</ele>
        <time>2026-08-20T16:16:05.121Z</time>
      </trkpt>
      <trkpt lat="41.9747411" lon="3.1774859999999876">
        <ele>101.8903049874976</ele>
        <time>2026-08-20T16:16:07.065Z</time>
      </trkpt>
      <trkpt lat="41.9747161" lon="3.1774834">
        <ele>102.19006183758219</ele>
        <time>2026-08-20T16:16:09.077Z</time>
      </trkpt>
      <trkpt lat="41.9746945" lon="3.177472200000011">
        <ele>102.58134497623867</ele>
        <time>2026-08-20T16:16:10.901Z</time>
      </trkpt>
      <trkpt lat="41.9746875" lon="3.1774628000000007">
        <ele>102.75719048603476</ele>
        <time>2026-08-20T16:16:12.965Z</time>
      </trkpt>
      <trkpt lat="41.9746446" lon="3.177478900000011">
        <ele>103.29850739688854</ele>
        <time>2026-08-20T16:16:15.065Z</time>
      </trkpt>
      <trkpt lat="41.9746039" lon="3.1774799000000087">
        <ele>103.98824696009171</ele>
        <time>2026-08-20T16:16:17.065Z</time>
      </trkpt>
      <trkpt lat="41.9745792" lon="3.177476399999989">
        <ele>104.46389946946346</ele>
        <time>2026-08-20T16:16:18.924Z</time>
      </trkpt>
      <trkpt lat="41.9745388" lon="3.177439700000008">
        <ele>105.48906076838882</ele>
        <time>2026-08-20T16:16:21.065Z</time>
      </trkpt>
      <trkpt lat="41.9745122" lon="3.1774268000000063">
        <ele>106.04271533930873</ele>
        <time>2026-08-20T16:16:23.082Z</time>
      </trkpt>
      <trkpt lat="41.9744902" lon="3.1773987999999918">
        <ele>106.62980653259622</ele>
        <time>2026-08-20T16:16:25.065Z</time>
      </trkpt>
      <trkpt lat="41.9744685" lon="3.177373100000011">
        <ele>107.19068062034624</ele>
        <time>2026-08-20T16:16:27.065Z</time>
      </trkpt>
      <trkpt lat="41.9744463" lon="3.1773589000000015">
        <ele>107.67119161905461</ele>
        <time>2026-08-20T16:16:29.065Z</time>
      </trkpt>
      <trkpt lat="41.9744232" lon="3.177358400000003">
        <ele>108.06432599127186</ele>
        <time>2026-08-20T16:16:30.886Z</time>
      </trkpt>
      <trkpt lat="41.9743966" lon="3.1773643999999877">
        <ele>108.42653546912416</ele>
        <time>2026-08-20T16:16:32.982Z</time>
      </trkpt>
      <trkpt lat="41.9743652" lon="3.1773689000000047">
        <ele>108.81270791751018</ele>
        <time>2026-08-20T16:16:35.065Z</time>
      </trkpt>
      <trkpt lat="41.9743375" lon="3.1773674000000085">
        <ele>109.19477320333725</ele>
        <time>2026-08-20T16:16:37.086Z</time>
      </trkpt>
      <trkpt lat="41.9743111" lon="3.177359700000011">
        <ele>109.61137367888348</ele>
        <time>2026-08-20T16:16:39.088Z</time>
      </trkpt>
      <trkpt lat="41.9742814" lon="3.177367000000004">
        <ele>109.94852994891</ele>
        <time>2026-08-20T16:16:41.065Z</time>
      </trkpt>
      <trkpt lat="41.9742642" lon="3.1773779000000104">
        <ele>110.08375818489692</ele>
        <time>2026-08-20T16:16:43.064Z</time>
      </trkpt>
      <trkpt lat="41.9742517" lon="3.1773884000000123">
        <ele>110.1569694344016</ele>
        <time>2026-08-20T16:16:44.984Z</time>
      </trkpt>
      <trkpt lat="41.9742514" lon="3.177394899999996">
        <ele>110.103520010685</ele>
        <time>2026-08-20T16:16:47.065Z</time>
      </trkpt>
      <trkpt lat="41.9742426" lon="3.177405599999986">
        <ele>110.12344109093905</ele>
        <time>2026-08-20T16:16:49.065Z</time>
      </trkpt>
      <trkpt lat="41.9742216" lon="3.177420899999987">
        <ele>110.25689324152965</ele>
        <time>2026-08-20T16:16:51.073Z</time>
      </trkpt>
      <trkpt lat="41.9741975" lon="3.177431399999989">
        <ele>110.46835181975413</ele>
        <time>2026-08-20T16:16:53.086Z</time>
      </trkpt>
      <trkpt lat="41.9741697" lon="3.177439700000008">
        <ele>110.74283429051967</ele>
        <time>2026-08-20T16:16:55.103Z</time>
      </trkpt>
      <trkpt lat="41.9741426" lon="3.1774518">
        <ele>110.96638670693888</ele>
        <time>2026-08-20T16:16:57.065Z</time>
      </trkpt>
      <trkpt lat="41.9741169" lon="3.1774652000000003">
        <ele>111.26496815661716</ele>
        <time>2026-08-20T16:16:58.965Z</time>
      </trkpt>
      <trkpt lat="41.9740889" lon="3.1774837000000105">
        <ele>111.55224263386441</ele>
        <time>2026-08-20T16:17:00.965Z</time>
      </trkpt>
      <trkpt lat="41.9740623" lon="3.1774942000000124">
        <ele>111.91648149214558</ele>
        <time>2026-08-20T16:17:02.900Z</time>
      </trkpt>
      <trkpt lat="41.9740323" lon="3.1775004000000138">
        <ele>112.41861138666319</ele>
        <time>2026-08-20T16:17:04.987Z</time>
      </trkpt>
      <trkpt lat="41.9740046" lon="3.177511299999992">
        <ele>112.79027170305709</ele>
        <time>2026-08-20T16:17:07.082Z</time>
      </trkpt>
      <trkpt lat="41.9739805" lon="3.1775242999999875">
        <ele>113.0484878830069</ele>
        <time>2026-08-20T16:17:09.064Z</time>
      </trkpt>
      <trkpt lat="41.9739564" lon="3.1775375999999937">
        <ele>113.29669045106507</ele>
        <time>2026-08-20T16:17:11.065Z</time>
      </trkpt>
      <trkpt lat="41.973932" lon="3.1775479000000075">
        <ele>113.59953143864783</ele>
        <time>2026-08-20T16:17:13.065Z</time>
      </trkpt>
      <trkpt lat="41.9739086" lon="3.1775571999999954">
        <ele>113.89681567077336</ele>
        <time>2026-08-20T16:17:15.065Z</time>
      </trkpt>
      <trkpt lat="41.9738875" lon="3.1775703000000135">
        <ele>114.07640312229728</ele>
        <time>2026-08-20T16:17:16.967Z</time>
      </trkpt>
      <trkpt lat="41.9738579" lon="3.1775620999999887">
        <ele>114.81021939710038</ele>
        <time>2026-08-20T16:17:19.065Z</time>
      </trkpt>
      <trkpt lat="41.973829" lon="3.1775552000000005">
        <ele>115.01144498724618</ele>
        <time>2026-08-20T16:17:21.079Z</time>
      </trkpt>
      <trkpt lat="41.9737995" lon="3.1775486999999885">
        <ele>115.09581420248453</ele>
        <time>2026-08-20T16:17:23.065Z</time>
      </trkpt>
      <trkpt lat="41.9737792" lon="3.1775486999999885">
        <ele>115.07030791860957</ele>
        <time>2026-08-20T16:17:25.065Z</time>
      </trkpt>
      <trkpt lat="41.973755" lon="3.177550400000001">
        <ele>115.0068241402708</ele>
        <time>2026-08-20T16:17:27.065Z</time>
      </trkpt>
      <trkpt lat="41.973729" lon="3.1775539999999864">
        <ele>114.9026669933096</ele>
        <time>2026-08-20T16:17:29.064Z</time>
      </trkpt>
      <trkpt lat="41.9737101" lon="3.1775499000000025">
        <ele>114.95957315357947</ele>
        <time>2026-08-20T16:17:31.064Z</time>
      </trkpt>
      <trkpt lat="41.9736919" lon="3.1775610999999913">
        <ele>114.711155276251</ele>
        <time>2026-08-20T16:17:33.065Z</time>
      </trkpt>
      <trkpt lat="41.9736871" lon="3.1775915999999995">
        <ele>114.08936923633179</ele>
        <time>2026-08-20T16:17:35.074Z</time>
      </trkpt>
      <trkpt lat="41.9736646" lon="3.1775948000000085">
        <ele>113.98569845995466</ele>
        <time>2026-08-20T16:17:37.089Z</time>
      </trkpt>
      <trkpt lat="41.9736415" lon="3.1775890000000118">
        <ele>114.06526800763602</ele>
        <time>2026-08-20T16:17:39.065Z</time>
      </trkpt>
      <trkpt lat="41.9736259" lon="3.177601100000004">
        <ele>113.78729329524296</ele>
        <time>2026-08-20T16:17:41.064Z</time>
      </trkpt>
      <trkpt lat="41.9736059" lon="3.1775963999999988">
        <ele>113.84997676458741</ele>
        <time>2026-08-20T16:17:43.064Z</time>
      </trkpt>
      <trkpt lat="41.9735847" lon="3.177597100000014">
        <ele>113.79788178185757</ele>
        <time>2026-08-20T16:17:44.980Z</time>
      </trkpt>
      <trkpt lat="41.9735572" lon="3.177573499999994">
        <ele>114.3772375208913</ele>
        <time>2026-08-20T16:17:47.065Z</time>
      </trkpt>
      <trkpt lat="41.9735337" lon="3.1775570000000073">
        <ele>114.88126303227715</ele>
        <time>2026-08-20T16:17:48.905Z</time>
      </trkpt>
      <trkpt lat="41.9735111" lon="3.177527700000013">
        <ele>115.70890050902199</ele>
        <time>2026-08-20T16:17:51.064Z</time>
      </trkpt>
      <trkpt lat="41.9735032" lon="3.1775011999999947">
        <ele>116.39748490420871</ele>
        <time>2026-08-20T16:17:53.065Z</time>
      </trkpt>
      <trkpt lat="41.9734841" lon="3.1774734999999907">
        <ele>117.23066126552712</ele>
        <time>2026-08-20T16:17:55.104Z</time>
      </trkpt>
      <trkpt lat="41.9734696" lon="3.177474899999993">
        <ele>117.32598218583745</ele>
        <time>2026-08-20T16:17:57.079Z</time>
      </trkpt>
      <trkpt lat="41.973457" lon="3.177477600000003">
        <ele>117.36978898042264</ele>
        <time>2026-08-20T16:17:59.065Z</time>
      </trkpt>
      <trkpt lat="41.9734434" lon="3.177476000000013">
        <ele>117.53173257189499</ele>
        <time>2026-08-20T16:18:01.045Z</time>
      </trkpt>
      <trkpt lat="41.9734299" lon="3.1774701999999877">
        <ele>117.80553802329837</ele>
        <time>2026-08-20T16:18:03.077Z</time>
      </trkpt>
      <trkpt lat="41.9734155" lon="3.177467100000001">
        <ele>118.01873239481723</ele>
        <time>2026-08-20T16:18:05.065Z</time>
      </trkpt>
      <trkpt lat="41.9733988" lon="3.1774594999999977">
        <ele>118.36481567181406</ele>
        <time>2026-08-20T16:18:07.107Z</time>
      </trkpt>
      <trkpt lat="41.9733798" lon="3.1774580000000014">
        <ele>118.57171492513413</ele>
        <time>2026-08-20T16:18:09.065Z</time>
      </trkpt>
      <trkpt lat="41.9733583" lon="3.177469699999989">
        <ele>118.47243547416417</ele>
        <time>2026-08-20T16:18:11.065Z</time>
      </trkpt>
      <trkpt lat="41.9733368" lon="3.1774681999999927">
        <ele>118.71037502080996</ele>
        <time>2026-08-20T16:18:13.081Z</time>
      </trkpt>
      <trkpt lat="41.9733303" lon="3.177450300000004">
        <ele>119.19323844394144</ele>
        <time>2026-08-20T16:18:14.945Z</time>
      </trkpt>
      <trkpt lat="41.9733128" lon="3.177443299999993">
        <ele>119.50723363078247</ele>
        <time>2026-08-20T16:18:17.065Z</time>
      </trkpt>
      <trkpt lat="41.9732868" lon="3.177434500000004">
        <ele>119.788331709113</ele>
        <time>2026-08-20T16:18:19.165Z</time>
      </trkpt>
      <trkpt lat="41.9732574" lon="3.1774619999999913">
        <ele>118.96938841179237</ele>
        <time>2026-08-20T16:18:21.107Z</time>
      </trkpt>
      <trkpt lat="41.9732428" lon="3.177459199999987">
        <ele>118.93916066250833</ele>
        <time>2026-08-20T16:18:23.065Z</time>
      </trkpt>
      <trkpt lat="41.9732188" lon="3.177457099999998">
        <ele>118.83243362735296</ele>
        <time>2026-08-20T16:18:24.904Z</time>
      </trkpt>
      <trkpt lat="41.9732051" lon="3.1774509999999907">
        <ele>118.8869872712786</ele>
        <time>2026-08-20T16:18:26.942Z</time>
      </trkpt>
      <trkpt lat="41.9731941" lon="3.1774245000000008">
        <ele>119.44106089585573</ele>
        <time>2026-08-20T16:18:29.064Z</time>
      </trkpt>
      <trkpt lat="41.9731881" lon="3.177396499999986">
        <ele>120.06530488542498</ele>
        <time>2026-08-20T16:18:31.065Z</time>
      </trkpt>
      <trkpt lat="41.9731735" lon="3.1773786999999913">
        <ele>120.40068306451579</ele>
        <time>2026-08-20T16:18:33.065Z</time>
      </trkpt>
      <trkpt lat="41.9731411" lon="3.1773745000000133">
        <ele>120.31258746598552</ele>
        <time>2026-08-20T16:18:35.066Z</time>
      </trkpt>
      <trkpt lat="41.9731005" lon="3.1773999000000117">
        <ele>119.45890660021854</ele>
        <time>2026-08-20T16:18:36.970Z</time>
      </trkpt>
      <trkpt lat="41.973056" lon="3.177413900000005">
        <ele>118.84574445114016</ele>
        <time>2026-08-20T16:18:39.098Z</time>
      </trkpt>
      <trkpt lat="41.973031" lon="3.1773966000000087">
        <ele>119.12374547879388</ele>
        <time>2026-08-20T16:18:41.064Z</time>
      </trkpt>
      <trkpt lat="41.973001" lon="3.1773991999999964">
        <ele>118.46349164534654</ele>
        <time>2026-08-20T16:18:43.065Z</time>
      </trkpt>
      <trkpt lat="41.9729686" lon="3.1774044999999944">
        <ele>117.35127956098047</ele>
        <time>2026-08-20T16:18:44.945Z</time>
      </trkpt>
      <trkpt lat="41.9729631" lon="3.177377100000001">
        <ele>117.85362529262771</ele>
        <time>2026-08-20T16:18:47.096Z</time>
      </trkpt>
      <trkpt lat="41.9729472" lon="3.1773786999999913">
        <ele>117.32878707518434</ele>
        <time>2026-08-20T16:18:48.983Z</time>
      </trkpt>
      <trkpt lat="41.9729171" lon="3.1773880000000077">
        <ele>116.18690707585655</ele>
        <time>2026-08-20T16:18:51.065Z</time>
      </trkpt>
      <trkpt lat="41.9729207" lon="3.1773786999999913">
        <ele>116.51914749262082</ele>
        <time>2026-08-20T16:18:53.065Z</time>
      </trkpt>
      <trkpt lat="41.9729294" lon="3.1773977999999943">
        <ele>116.32589154698228</ele>
        <time>2026-08-20T16:18:55.065Z</time>
      </trkpt>
      <trkpt lat="41.9728725" lon="3.1774110000000064">
        <ele>114.29061725491759</ele>
        <time>2026-08-20T16:18:57.065Z</time>
      </trkpt>
      <trkpt lat="41.9728166" lon="3.17741079999999">
        <ele>112.60735050111838</ele>
        <time>2026-08-20T16:18:59.064Z</time>
      </trkpt>
      <trkpt lat="41.972783" lon="3.1774043000000063">
        <ele>111.73842435835388</ele>
        <time>2026-08-20T16:19:01.065Z</time>
      </trkpt>
      <trkpt lat="41.9727586" lon="3.1773932000000116">
        <ele>111.24560743460917</ele>
        <time>2026-08-20T16:19:03.065Z</time>
      </trkpt>
      <trkpt lat="41.9727384" lon="3.1773745000000133">
        <ele>111.06422352359682</ele>
        <time>2026-08-20T16:19:04.886Z</time>
      </trkpt>
      <trkpt lat="41.9727197" lon="3.177342500000009">
        <ele>111.4685922580243</ele>
        <time>2026-08-20T16:19:07.085Z</time>
      </trkpt>
      <trkpt lat="41.9727151" lon="3.177319600000004">
        <ele>111.89271310311054</ele>
        <time>2026-08-20T16:19:08.981Z</time>
      </trkpt>
      <trkpt lat="41.9726783" lon="3.1773206000000016">
        <ele>111.27950416973539</ele>
        <time>2026-08-20T16:19:10.966Z</time>
      </trkpt>
      <trkpt lat="41.9726522" lon="3.1772995000000037">
        <ele>111.30635159030263</ele>
        <time>2026-08-20T16:19:13.046Z</time>
      </trkpt>
      <trkpt lat="41.9726576" lon="3.1772709999999904">
        <ele>111.9984194990185</ele>
        <time>2026-08-20T16:19:15.065Z</time>
      </trkpt>
      <trkpt lat="41.9726543" lon="3.177244099999996">
        <ele>112.51348812128835</ele>
        <time>2026-08-20T16:19:17.065Z</time>
      </trkpt>
      <trkpt lat="41.9726305" lon="3.177213899999998">
        <ele>112.74793083273059</ele>
        <time>2026-08-20T16:19:19.039Z</time>
      </trkpt>
      <trkpt lat="41.9725958" lon="3.1771895999999913">
        <ele>112.65847456561785</ele>
        <time>2026-08-20T16:19:21.040Z</time>
      </trkpt>
      <trkpt lat="41.9725907" lon="3.1771248000000014">
        <ele>113.83711089599487</ele>
        <time>2026-08-20T16:19:23.065Z</time>
      </trkpt>
      <trkpt lat="41.9725796" lon="3.1770826000000056">
        <ele>114.44408854328296</ele>
        <time>2026-08-20T16:19:25.065Z</time>
      </trkpt>
      <trkpt lat="41.9725667" lon="3.1770453999999972">
        <ele>114.89811856763608</ele>
        <time>2026-08-20T16:19:27.064Z</time>
      </trkpt>
      <trkpt lat="41.9725523" lon="3.1770084000000054">
        <ele>115.29510310830007</ele>
        <time>2026-08-20T16:19:29.065Z</time>
      </trkpt>
      <trkpt lat="41.972559" lon="3.176974300000012">
        <ele>116.08011708400089</ele>
        <time>2026-08-20T16:19:30.967Z</time>
      </trkpt>
      <trkpt lat="41.9725412" lon="3.1769509000000085">
        <ele>116.11938085617332</ele>
        <time>2026-08-20T16:19:33.064Z</time>
      </trkpt>
      <trkpt lat="41.9725597" lon="3.176930999999996">
        <ele>116.91198309733109</ele>
        <time>2026-08-20T16:19:35.065Z</time>
      </trkpt>
      <trkpt lat="41.9725575" lon="3.1769074000000046">
        <ele>117.28723072605693</ele>
        <time>2026-08-20T16:19:36.982Z</time>
      </trkpt>
      <trkpt lat="41.9725316" lon="3.1768922999999916">
        <ele>116.90021785753528</ele>
        <time>2026-08-20T16:19:38.966Z</time>
      </trkpt>
      <trkpt lat="41.972438" lon="3.176840700000014">
        <ele>115.37042508013398</ele>
        <time>2026-08-20T16:19:41.006Z</time>
      </trkpt>
      <trkpt lat="41.9723977" lon="3.1768104999999878">
        <ele>114.81084664561853</ele>
        <time>2026-08-20T16:19:43.044Z</time>
      </trkpt>
      <trkpt lat="41.9723638" lon="3.176788700000003">
        <ele>114.27769295252678</ele>
        <time>2026-08-20T16:19:45.020Z</time>
      </trkpt>
      <trkpt lat="41.9723665" lon="3.176786800000002">
        <ele>114.36605630515493</ele>
        <time>2026-08-20T16:19:46.861Z</time>
      </trkpt>
      <trkpt lat="41.9723477" lon="3.176768299999992">
        <ele>114.14333275478673</ele>
        <time>2026-08-20T16:19:48.741Z</time>
      </trkpt>
      <trkpt lat="41.9723463" lon="3.1767850999999894">
        <ele>113.90297298224236</ele>
        <time>2026-08-20T16:19:51.064Z</time>
      </trkpt>
      <trkpt lat="41.9723169" lon="3.176781599999998">
        <ele>113.2401705607068</ele>
        <time>2026-08-20T16:19:53.067Z</time>
      </trkpt>
      <trkpt lat="41.9722908" lon="3.1767705000000035">
        <ele>112.74431331758672</ele>
        <time>2026-08-20T16:19:55.082Z</time>
      </trkpt>
      <trkpt lat="41.9722645" lon="3.176749699999988">
        <ele>112.35011114772027</ele>
        <time>2026-08-20T16:19:56.983Z</time>
      </trkpt>
      <trkpt lat="41.9722385" lon="3.1767274000000043">
        <ele>111.97001780368981</ele>
        <time>2026-08-20T16:19:58.847Z</time>
      </trkpt>
      <trkpt lat="41.9722116" lon="3.1767135000000053">
        <ele>111.46412727886786</ele>
        <time>2026-08-20T16:20:00.701Z</time>
      </trkpt>
      <trkpt lat="41.9721854" lon="3.1767044000000055">
        <ele>110.91678304719022</ele>
        <time>2026-08-20T16:20:02.526Z</time>
      </trkpt>
      <trkpt lat="41.9721572" lon="3.1766990000000135">
        <ele>110.26315104026888</ele>
        <time>2026-08-20T16:20:04.364Z</time>
      </trkpt>
      <trkpt lat="41.9721328" lon="3.176697399999995">
        <ele>109.66420139384857</ele>
        <time>2026-08-20T16:20:06.204Z</time>
      </trkpt>
      <trkpt lat="41.9721062" lon="3.1766943000000083">
        <ele>109.02728797941054</ele>
        <time>2026-08-20T16:20:08.042Z</time>
      </trkpt>
      <trkpt lat="41.9720795" lon="3.1766907999999887">
        <ele>108.3936804503712</ele>
        <time>2026-08-20T16:20:09.904Z</time>
      </trkpt>
      <trkpt lat="41.9720489" lon="3.176686899999993">
        <ele>107.66790025068126</ele>
        <time>2026-08-20T16:20:12.103Z</time>
      </trkpt>
      <trkpt lat="41.9720157" lon="3.176682900000003">
        <ele>106.8796531078796</ele>
        <time>2026-08-20T16:20:13.965Z</time>
      </trkpt>
      <trkpt lat="41.9719921" lon="3.176677500000011">
        <ele>106.35167456760685</ele>
        <time>2026-08-20T16:20:15.821Z</time>
      </trkpt>
      <trkpt lat="41.9719563" lon="3.1766701999999896">
        <ele>105.54322828128032</ele>
        <time>2026-08-20T16:20:18.283Z</time>
      </trkpt>
      <trkpt lat="41.9719295" lon="3.1766596999999877">
        <ele>105.0042070309673</ele>
        <time>2026-08-20T16:20:20.266Z</time>
      </trkpt>
      <trkpt lat="41.9719096" lon="3.1766470000000027">
        <ele>104.66935797362132</ele>
        <time>2026-08-20T16:20:22.225Z</time>
      </trkpt>
      <trkpt lat="41.9718888" lon="3.1766291000000138">
        <ele>104.46637611500606</ele>
        <time>2026-08-20T16:20:24.207Z</time>
      </trkpt>
      <trkpt lat="41.9718709" lon="3.176607600000011">
        <ele>104.39019856268548</ele>
        <time>2026-08-20T16:20:26.141Z</time>
      </trkpt>
      <trkpt lat="41.9718527" lon="3.1765842000000077">
        <ele>104.33402697646898</ele>
        <time>2026-08-20T16:20:28.100Z</time>
      </trkpt>
      <trkpt lat="41.9718371" lon="3.176554199999998">
        <ele>104.41607149251473</ele>
        <time>2026-08-20T16:20:30.060Z</time>
      </trkpt>
      <trkpt lat="41.9718219" lon="3.1765197">
        <ele>104.56606349892414</ele>
        <time>2026-08-20T16:20:32.043Z</time>
      </trkpt>
      <trkpt lat="41.9718099" lon="3.1764857000000006">
        <ele>104.77382319267421</ele>
        <time>2026-08-20T16:20:33.987Z</time>
      </trkpt>
      <trkpt lat="41.9717974" lon="3.1764498000000003">
        <ele>104.99802008803961</ele>
        <time>2026-08-20T16:20:35.986Z</time>
      </trkpt>
      <trkpt lat="41.9717875" lon="3.176413800000006">
        <ele>105.27551252731884</ele>
        <time>2026-08-20T16:20:37.946Z</time>
      </trkpt>
      <trkpt lat="41.9717798" lon="3.1763726000000077">
        <ele>105.66477412640793</ele>
        <time>2026-08-20T16:20:39.945Z</time>
      </trkpt>
      <trkpt lat="41.971772" lon="3.1763329000000056">
        <ele>105.9695343131505</ele>
        <time>2026-08-20T16:20:41.927Z</time>
      </trkpt>
      <trkpt lat="41.9717637" lon="3.1762970999999993">
        <ele>106.17398600805276</ele>
        <time>2026-08-20T16:20:43.886Z</time>
      </trkpt>
      <trkpt lat="41.9717546" lon="3.1762621000000024">
        <ele>106.34823454850455</ele>
        <time>2026-08-20T16:20:45.861Z</time>
      </trkpt>
      <trkpt lat="41.9717456" lon="3.1762285000000077">
        <ele>106.50414880709464</ele>
        <time>2026-08-20T16:20:47.842Z</time>
      </trkpt>
      <trkpt lat="41.9717294" lon="3.176203600000008">
        <ele>106.4174083582533</ele>
        <time>2026-08-20T16:20:49.827Z</time>
      </trkpt>
      <trkpt lat="41.9717215" lon="3.176164599999993">
        <ele>106.63604168427283</ele>
        <time>2026-08-20T16:20:51.785Z</time>
      </trkpt>
      <trkpt lat="41.9717078" lon="3.1761294000000078">
        <ele>106.68652696744131</ele>
        <time>2026-08-20T16:20:53.785Z</time>
      </trkpt>
      <trkpt lat="41.9716836" lon="3.1761042999999916">
        <ele>106.4020563296832</ele>
        <time>2026-08-20T16:20:55.807Z</time>
      </trkpt>
      <trkpt lat="41.9716663" lon="3.1760729000000083">
        <ele>106.27476469988326</ele>
        <time>2026-08-20T16:20:57.766Z</time>
      </trkpt>
      <trkpt lat="41.9716559" lon="3.1760348999999906">
        <ele>106.08492691552603</ele>
        <time>2026-08-20T16:20:59.741Z</time>
      </trkpt>
      <trkpt lat="41.9716461" lon="3.1759906000000058">
        <ele>105.91950362486655</ele>
        <time>2026-08-20T16:21:01.740Z</time>
      </trkpt>
      <trkpt lat="41.9716355" lon="3.175959799999987">
        <ele>105.72649963164233</ele>
        <time>2026-08-20T16:21:03.786Z</time>
      </trkpt>
      <trkpt lat="41.9716213" lon="3.175919399999998">
        <ele>105.46910248161458</ele>
        <time>2026-08-20T16:21:05.826Z</time>
      </trkpt>
      <trkpt lat="41.9716125" lon="3.1758807999999874">
        <ele>105.32674935161853</ele>
        <time>2026-08-20T16:21:07.881Z</time>
      </trkpt>
      <trkpt lat="41.9715933" lon="3.1758419999999887">
        <ele>104.96570100817596</ele>
        <time>2026-08-20T16:21:09.960Z</time>
      </trkpt>
      <trkpt lat="41.9715799" lon="3.1758006000000023">
        <ele>104.73873854205839</ele>
        <time>2026-08-20T16:21:12.023Z</time>
      </trkpt>
      <trkpt lat="41.9715684" lon="3.175759599999992">
        <ele>104.23483853797602</ele>
        <time>2026-08-20T16:21:14.023Z</time>
      </trkpt>
      <trkpt lat="41.9715566" lon="3.1757235000000037">
        <ele>103.73858009398226</ele>
        <time>2026-08-20T16:21:16.023Z</time>
      </trkpt>
      <trkpt lat="41.9715442" lon="3.175693899999999">
        <ele>103.2627175092977</ele>
        <time>2026-08-20T16:21:18.291Z</time>
      </trkpt>
      <trkpt lat="41.9715386" lon="3.1756415000000118">
        <ele>102.77606578221135</ele>
        <time>2026-08-20T16:21:20.566Z</time>
      </trkpt>
      <trkpt lat="41.9715237" lon="3.1755984000000126">
        <ele>102.12720424464908</ele>
        <time>2026-08-20T16:21:22.583Z</time>
      </trkpt>
      <trkpt lat="41.9715178" lon="3.175556499999999">
        <ele>101.68860905518582</ele>
        <time>2026-08-20T16:21:24.560Z</time>
      </trkpt>
      <trkpt lat="41.9715018" lon="3.1755157000000054">
        <ele>101.04581715092195</ele>
        <time>2026-08-20T16:21:26.642Z</time>
      </trkpt>
      <trkpt lat="41.9714647" lon="3.1754492000000027">
        <ele>100.13420115410983</ele>
        <time>2026-08-20T16:21:29.064Z</time>
      </trkpt>
      <trkpt lat="41.9714497" lon="3.1753802000000064">
        <ele>99.76720509121513</ele>
        <time>2026-08-20T16:21:31.064Z</time>
      </trkpt>
      <trkpt lat="41.9714411" lon="3.1753434000000027">
        <ele>99.55761422747906</ele>
        <time>2026-08-20T16:21:33.068Z</time>
      </trkpt>
      <trkpt lat="41.9714118" lon="3.1753056999999956">
        <ele>98.84425746222767</ele>
        <time>2026-08-20T16:21:35.086Z</time>
      </trkpt>
      <trkpt lat="41.9713902" lon="3.1752686000000097">
        <ele>98.3202494796697</ele>
        <time>2026-08-20T16:21:37.103Z</time>
      </trkpt>
      <trkpt lat="41.9713523" lon="3.175249199999996">
        <ele>97.39996230600346</ele>
        <time>2026-08-20T16:21:38.903Z</time>
      </trkpt>
      <trkpt lat="41.9713102" lon="3.1752483999999868">
        <ele>96.84724565993876</ele>
        <time>2026-08-20T16:21:40.784Z</time>
      </trkpt>
      <trkpt lat="41.9712754" lon="3.1752500999999995">
        <ele>96.4219136259932</ele>
        <time>2026-08-20T16:21:42.664Z</time>
      </trkpt>
      <trkpt lat="41.971247" lon="3.1752413000000104">
        <ele>96.10107280674936</ele>
        <time>2026-08-20T16:21:44.560Z</time>
      </trkpt>
      <trkpt lat="41.9712203" lon="3.1752363999999886">
        <ele>95.8292615443285</ele>
        <time>2026-08-20T16:21:46.425Z</time>
      </trkpt>
      <trkpt lat="41.9711874" lon="3.175247000000013">
        <ele>95.34857630680627</ele>
        <time>2026-08-20T16:21:48.785Z</time>
      </trkpt>
      <trkpt lat="41.9711593" lon="3.1752486000000033">
        <ele>95.00474960361277</ele>
        <time>2026-08-20T16:21:50.682Z</time>
      </trkpt>
      <trkpt lat="41.9711347" lon="3.1752566000000115">
        <ele>94.6998001393006</ele>
        <time>2026-08-20T16:21:52.562Z</time>
      </trkpt>
      <trkpt lat="41.9710938" lon="3.175266300000004">
        <ele>94.19325581217323</ele>
        <time>2026-08-20T16:21:54.922Z</time>
      </trkpt>
      <trkpt lat="41.9710629" lon="3.175284799999986">
        <ele>93.90303647133625</ele>
        <time>2026-08-20T16:21:56.826Z</time>
      </trkpt>
      <trkpt lat="41.9710307" lon="3.175292500000012">
        <ele>93.8955555190431</ele>
        <time>2026-08-20T16:21:58.706Z</time>
      </trkpt>
      <trkpt lat="41.9710017" lon="3.175292799999994">
        <ele>93.89518704269275</ele>
        <time>2026-08-20T16:22:00.584Z</time>
      </trkpt>
      <trkpt lat="41.9709777" lon="3.175299899999999">
        <ele>93.85959012753234</ele>
        <time>2026-08-20T16:22:02.440Z</time>
      </trkpt>
      <trkpt lat="41.9709531" lon="3.1753090999999927">
        <ele>93.7946779360957</ele>
        <time>2026-08-20T16:22:04.423Z</time>
      </trkpt>
      <trkpt lat="41.9709217" lon="3.1753227000000095">
        <ele>93.6669158208461</ele>
        <time>2026-08-20T16:22:06.742Z</time>
      </trkpt>
      <trkpt lat="41.9708984" lon="3.1753371000000072">
        <ele>93.50864041479527</ele>
        <time>2026-08-20T16:22:08.686Z</time>
      </trkpt>
      <trkpt lat="41.9708754" lon="3.1753524000000084">
        <ele>93.3110478910222</ele>
        <time>2026-08-20T16:22:10.543Z</time>
      </trkpt>
      <trkpt lat="41.9708498" lon="3.175361900000013">
        <ele>93.13554058426674</ele>
        <time>2026-08-20T16:22:12.407Z</time>
      </trkpt>
      <trkpt lat="41.9708238" lon="3.1753716999999995">
        <ele>92.93222446847145</ele>
        <time>2026-08-20T16:22:14.262Z</time>
      </trkpt>
      <trkpt lat="41.9707967" lon="3.17538110000001">
        <ele>92.70601556791549</ele>
        <time>2026-08-20T16:22:16.125Z</time>
      </trkpt>
      <trkpt lat="41.9707658" lon="3.175393200000002">
        <ele>92.543727793911</ele>
        <time>2026-08-20T16:22:18.022Z</time>
      </trkpt>
      <trkpt lat="41.9707369" lon="3.175391899999994">
        <ele>92.58300599097292</ele>
        <time>2026-08-20T16:22:19.965Z</time>
      </trkpt>
      <trkpt lat="41.9707105" lon="3.1753961000000004">
        <ele>92.54161294513196</ele>
        <time>2026-08-20T16:22:21.846Z</time>
      </trkpt>
      <trkpt lat="41.9706831" lon="3.175400599999989">
        <ele>92.49437124263979</ele>
        <time>2026-08-20T16:22:23.845Z</time>
      </trkpt>
      <trkpt lat="41.9706571" lon="3.1754082999999866">
        <ele>92.39608463466118</ele>
        <time>2026-08-20T16:22:25.805Z</time>
      </trkpt>
      <trkpt lat="41.9706305" lon="3.1754066999999964">
        <ele>92.43579173944005</ele>
        <time>2026-08-20T16:22:27.726Z</time>
      </trkpt>
      <trkpt lat="41.9706005" lon="3.175416399999989">
        <ele>92.30329631616529</ele>
        <time>2026-08-20T16:22:29.646Z</time>
      </trkpt>
      <trkpt lat="41.9705695" lon="3.1754396999999983">
        <ele>91.951061324214</ele>
        <time>2026-08-20T16:22:31.526Z</time>
      </trkpt>
      <trkpt lat="41.9705351" lon="3.1754535000000033">
        <ele>91.73847535772907</ele>
        <time>2026-08-20T16:22:33.446Z</time>
      </trkpt>
      <trkpt lat="41.9704969" lon="3.175460600000008">
        <ele>91.76620081916185</ele>
        <time>2026-08-20T16:22:35.781Z</time>
      </trkpt>
      <trkpt lat="41.9704703" lon="3.1754618999999877">
        <ele>91.95937205539357</ele>
        <time>2026-08-20T16:22:37.861Z</time>
      </trkpt>
      <trkpt lat="41.9704255" lon="3.1754709999999875">
        <ele>92.21895211341983</ele>
        <time>2026-08-20T16:22:40.486Z</time>
      </trkpt>
      <trkpt lat="41.9703784" lon="3.1754808999999966">
        <ele>92.54258379316502</ele>
        <time>2026-08-20T16:22:42.422Z</time>
      </trkpt>
      <trkpt lat="41.9703477" lon="3.175495500000011">
        <ele>92.73379124508766</ele>
        <time>2026-08-20T16:22:44.367Z</time>
      </trkpt>
      <trkpt lat="41.9703174" lon="3.175483600000007">
        <ele>93.08967464720737</ele>
        <time>2026-08-20T16:22:46.344Z</time>
      </trkpt>
      <trkpt lat="41.9702766" lon="3.175476400000008">
        <ele>93.48339577690392</ele>
        <time>2026-08-20T16:22:49.064Z</time>
      </trkpt>
      <trkpt lat="41.9702583" lon="3.1755143999999973">
        <ele>93.61807576833664</ele>
        <time>2026-08-20T16:22:51.040Z</time>
      </trkpt>
      <trkpt lat="41.9702252" lon="3.1754913000000045">
        <ele>94.16150873708841</ele>
        <time>2026-08-20T16:22:52.921Z</time>
      </trkpt>
      <trkpt lat="41.9701942" lon="3.1754735000000096">
        <ele>95.00159160313845</ele>
        <time>2026-08-20T16:22:54.802Z</time>
      </trkpt>
      <trkpt lat="41.9701462" lon="3.175492200000008">
        <ele>96.35895393692962</ele>
        <time>2026-08-20T16:22:57.064Z</time>
      </trkpt>
      <trkpt lat="41.9701271" lon="3.175478599999991">
        <ele>96.86028010440347</ele>
        <time>2026-08-20T16:22:59.064Z</time>
      </trkpt>
      <trkpt lat="41.9700913" lon="3.175488300000012">
        <ele>97.87498239360981</ele>
        <time>2026-08-20T16:23:01.064Z</time>
      </trkpt>
      <trkpt lat="41.9700711" lon="3.1754702000000066">
        <ele>98.38107091038955</ele>
        <time>2026-08-20T16:23:03.103Z</time>
      </trkpt>
      <trkpt lat="41.9700496" lon="3.1754563000000076">
        <ele>98.92581550662307</ele>
        <time>2026-08-20T16:23:05.064Z</time>
      </trkpt>
      <trkpt lat="41.9700262" lon="3.17544079999999">
        <ele>99.50740866026906</ele>
        <time>2026-08-20T16:23:06.864Z</time>
      </trkpt>
      <trkpt lat="41.9700145" lon="3.175407799999988">
        <ele>99.69735838044139</ele>
        <time>2026-08-20T16:23:08.866Z</time>
      </trkpt>
      <trkpt lat="41.9700189" lon="3.1753702000000033">
        <ele>99.43860333350567</ele>
        <time>2026-08-20T16:23:10.722Z</time>
      </trkpt>
      <trkpt lat="41.9700151" lon="3.175327299999992">
        <ele>99.37328608464429</ele>
        <time>2026-08-20T16:23:12.987Z</time>
      </trkpt>
      <trkpt lat="41.9700078" lon="3.175296599999996">
        <ele>99.43789568083879</ele>
        <time>2026-08-20T16:23:14.820Z</time>
      </trkpt>
      <trkpt lat="41.9700078" lon="3.1752499000000114">
        <ele>99.2541595823286</ele>
        <time>2026-08-20T16:23:17.108Z</time>
      </trkpt>
      <trkpt lat="41.9699971" lon="3.1752175000000022">
        <ele>99.41497049204177</ele>
        <time>2026-08-20T16:23:19.063Z</time>
      </trkpt>
      <trkpt lat="41.9699881" lon="3.175179799999995">
        <ele>99.53649988137263</ele>
        <time>2026-08-20T16:23:21.063Z</time>
      </trkpt>
      <trkpt lat="41.9699814" lon="3.175138699999991">
        <ele>99.60091980204754</ele>
        <time>2026-08-20T16:23:23.064Z</time>
      </trkpt>
      <trkpt lat="41.9699803" lon="3.1751005000000134">
        <ele>99.53305677539728</ele>
        <time>2026-08-20T16:23:25.064Z</time>
      </trkpt>
      <trkpt lat="41.9699722" lon="3.175054899999992">
        <ele>99.63825946943022</ele>
        <time>2026-08-20T16:23:27.080Z</time>
      </trkpt>
      <trkpt lat="41.9699582" lon="3.1750233999999864">
        <ele>99.94961810927768</ele>
        <time>2026-08-20T16:23:29.095Z</time>
      </trkpt>
      <trkpt lat="41.9699432" lon="3.174980699999992">
        <ele>100.08870306926941</ele>
        <time>2026-08-20T16:23:31.064Z</time>
      </trkpt>
      <trkpt lat="41.9699302" lon="3.174942499999986">
        <ele>100.03770064289813</ele>
        <time>2026-08-20T16:23:33.064Z</time>
      </trkpt>
      <trkpt lat="41.9699176" lon="3.174906099999987">
        <ele>99.89568988571186</ele>
        <time>2026-08-20T16:23:35.081Z</time>
      </trkpt>
      <trkpt lat="41.9699074" lon="3.1748665000000074">
        <ele>99.68929900191115</ele>
        <time>2026-08-20T16:23:37.064Z</time>
      </trkpt>
      <trkpt lat="41.9698925" lon="3.174821900000012">
        <ele>99.5104708596711</ele>
        <time>2026-08-20T16:23:39.064Z</time>
      </trkpt>
      <trkpt lat="41.969882" lon="3.174793599999987">
        <ele>99.41405169280566</ele>
        <time>2026-08-20T16:23:41.028Z</time>
      </trkpt>
      <trkpt lat="41.9698679" lon="3.1747589999999946">
        <ele>99.31678821968053</ele>
        <time>2026-08-20T16:23:42.964Z</time>
      </trkpt>
      <trkpt lat="41.9698517" lon="3.174718399999989">
        <ele>99.19915857574465</ele>
        <time>2026-08-20T16:23:45.063Z</time>
      </trkpt>
      <trkpt lat="41.96984" lon="3.1746899999999982">
        <ele>99.1237278336031</ele>
        <time>2026-08-20T16:23:46.925Z</time>
      </trkpt>
      <trkpt lat="41.9698227" lon="3.1746597000000065">
        <ele>99.01310454606181</ele>
        <time>2026-08-20T16:23:48.887Z</time>
      </trkpt>
      <trkpt lat="41.969814" lon="3.1746248000000037">
        <ele>98.70353934898547</ele>
        <time>2026-08-20T16:23:50.784Z</time>
      </trkpt>
      <trkpt lat="41.9697977" lon="3.174596500000007">
        <ele>98.60723938503457</ele>
        <time>2026-08-20T16:23:52.743Z</time>
      </trkpt>
      <trkpt lat="41.9697879" lon="3.1745627999999897">
        <ele>98.3437228214102</ele>
        <time>2026-08-20T16:23:54.680Z</time>
      </trkpt>
      <trkpt lat="41.9697818" lon="3.1745267000000013">
        <ele>97.99353314249164</ele>
        <time>2026-08-20T16:23:56.625Z</time>
      </trkpt>
      <trkpt lat="41.969774" lon="3.174490200000008">
        <ele>97.67162579007244</ele>
        <time>2026-08-20T16:23:58.562Z</time>
      </trkpt>
      <trkpt lat="41.9697694" lon="3.1744515000000035">
        <ele>97.2712760202745</ele>
        <time>2026-08-20T16:24:00.507Z</time>
      </trkpt>
      <trkpt lat="41.969766" lon="3.1744047999999907">
        <ele>96.77067991789637</ele>
        <time>2026-08-20T16:24:02.444Z</time>
      </trkpt>
      <trkpt lat="41.9697665" lon="3.174353200000013">
        <ele>96.3377864352705</ele>
        <time>2026-08-20T16:24:04.405Z</time>
      </trkpt>
      <trkpt lat="41.9697758" lon="3.1743121000000087">
        <ele>95.82837420299886</ele>
        <time>2026-08-20T16:24:06.366Z</time>
      </trkpt>
      <trkpt lat="41.9697854" lon="3.1741445000000112">
        <ele>94.25815744379537</ele>
        <time>2026-08-20T16:24:08.287Z</time>
      </trkpt>
      <trkpt lat="41.9698022" lon="3.174079799999987">
        <ele>93.2583948448887</ele>
        <time>2026-08-20T16:24:10.247Z</time>
      </trkpt>
      <trkpt lat="41.9698141" lon="3.174041200000005">
        <ele>92.61313238374183</ele>
        <time>2026-08-20T16:24:12.127Z</time>
      </trkpt>
      <trkpt lat="41.9698198" lon="3.1740112999999894">
        <ele>92.18341434462036</ele>
        <time>2026-08-20T16:24:14.087Z</time>
      </trkpt>
      <trkpt lat="41.9698327" lon="3.1739775000000066">
        <ele>91.58501526656616</ele>
        <time>2026-08-20T16:24:16.006Z</time>
      </trkpt>
      <trkpt lat="41.969842" lon="3.1739512000000047">
        <ele>91.13792506622143</ele>
        <time>2026-08-20T16:24:18.047Z</time>
      </trkpt>
      <trkpt lat="41.9698536" lon="3.1739226999999914">
        <ele>90.63172139853823</ele>
        <time>2026-08-20T16:24:20.007Z</time>
      </trkpt>
      <trkpt lat="41.9698739" lon="3.1738869000000136">
        <ele>89.90572231938924</ele>
        <time>2026-08-20T16:24:21.968Z</time>
      </trkpt>
      <trkpt lat="41.9698901" lon="3.1738465999999903">
        <ele>89.17020809563319</ele>
        <time>2026-08-20T16:24:23.944Z</time>
      </trkpt>
      <trkpt lat="41.9699047" lon="3.1738028000000043">
        <ele>88.1519966110657</ele>
        <time>2026-08-20T16:24:25.887Z</time>
      </trkpt>
      <trkpt lat="41.9699129" lon="3.173756999999995">
        <ele>87.21767734284509</ele>
        <time>2026-08-20T16:24:27.847Z</time>
      </trkpt>
      <trkpt lat="41.969925" lon="3.1737123000000054">
        <ele>86.25722389299955</ele>
        <time>2026-08-20T16:24:29.766Z</time>
      </trkpt>
      <trkpt lat="41.9699279" lon="3.1736534000000063">
        <ele>85.1969863243976</ele>
        <time>2026-08-20T16:24:32.102Z</time>
      </trkpt>
      <trkpt lat="41.9699226" lon="3.1736047999999926">
        <ele>84.42591916720498</ele>
        <time>2026-08-20T16:24:34.103Z</time>
      </trkpt>
      <trkpt lat="41.9699232" lon="3.1735611999999946">
        <ele>83.78008464355227</ele>
        <time>2026-08-20T16:24:36.224Z</time>
      </trkpt>
      <trkpt lat="41.9699223" lon="3.1735390999999993">
        <ele>83.60486951662983</ele>
        <time>2026-08-20T16:24:38.744Z</time>
      </trkpt>
      <trkpt lat="41.9699175" lon="3.1736139999999864">
        <ele>84.65248327701956</ele>
        <time>2026-08-20T16:24:41.063Z</time>
      </trkpt>
      <trkpt lat="41.9699238" lon="3.1735882000000117">
        <ele>84.12246476950996</ele>
        <time>2026-08-20T16:24:43.000Z</time>
      </trkpt>
      <trkpt lat="41.9699248" lon="3.173550000000006">
        <ele>83.66784251029384</ele>
        <time>2026-08-20T16:24:45.026Z</time>
      </trkpt>
      <trkpt lat="41.9699144" lon="3.1735073000000114">
        <ele>83.4146515203283</ele>
        <time>2026-08-20T16:24:47.064Z</time>
      </trkpt>
      <trkpt lat="41.969901" lon="3.1734744000000035">
        <ele>83.2410573862454</ele>
        <time>2026-08-20T16:24:48.940Z</time>
      </trkpt>
      <trkpt lat="41.9698995" lon="3.173428400000006">
        <ele>82.82481035514338</ele>
        <time>2026-08-20T16:24:50.925Z</time>
      </trkpt>
      <trkpt lat="41.9698938" lon="3.1733840999999927">
        <ele>82.43947659007398</ele>
        <time>2026-08-20T16:24:53.070Z</time>
      </trkpt>
      <trkpt lat="41.9698879" lon="3.1733421000000135">
        <ele>82.05710844554527</ele>
        <time>2026-08-20T16:24:55.087Z</time>
      </trkpt>
      <trkpt lat="41.96988" lon="3.173298100000011">
        <ele>81.63777701895447</ele>
        <time>2026-08-20T16:24:57.064Z</time>
      </trkpt>
      <trkpt lat="41.9698726" lon="3.1732562999999914">
        <ele>81.51793551785114</ele>
        <time>2026-08-20T16:24:59.063Z</time>
      </trkpt>
      <trkpt lat="41.969864" lon="3.1732145999999943">
        <ele>81.39467863874346</ele>
        <time>2026-08-20T16:25:01.064Z</time>
      </trkpt>
      <trkpt lat="41.9698529" lon="3.1731725999999867">
        <ele>81.24621484998278</ele>
        <time>2026-08-20T16:25:03.064Z</time>
      </trkpt>
      <trkpt lat="41.9698428" lon="3.173130200000003">
        <ele>81.07429849603251</ele>
        <time>2026-08-20T16:25:05.064Z</time>
      </trkpt>
      <trkpt lat="41.9698367" lon="3.1730862">
        <ele>80.89030938386993</ele>
        <time>2026-08-20T16:25:07.077Z</time>
      </trkpt>
      <trkpt lat="41.9698456" lon="3.1730422999999917">
        <ele>80.77437956188308</ele>
        <time>2026-08-20T16:25:09.064Z</time>
      </trkpt>
      <trkpt lat="41.9698431" lon="3.1730039999999917">
        <ele>80.66951982723998</ele>
        <time>2026-08-20T16:25:11.023Z</time>
      </trkpt>
      <trkpt lat="41.9698296" lon="3.172947800000003">
        <ele>80.56233942499944</ele>
        <time>2026-08-20T16:25:13.063Z</time>
      </trkpt>
      <trkpt lat="41.9698243" lon="3.1729071999999974">
        <ele>80.50912084604705</ele>
        <time>2026-08-20T16:25:15.047Z</time>
      </trkpt>
      <trkpt lat="41.9698204" lon="3.172860899999989">
        <ele>80.46028420283263</ele>
        <time>2026-08-20T16:25:17.006Z</time>
      </trkpt>
      <trkpt lat="41.9698185" lon="3.172805799999992">
        <ele>80.41972181260402</ele>
        <time>2026-08-20T16:25:19.063Z</time>
      </trkpt>
      <trkpt lat="41.9698157" lon="3.1727631999999915">
        <ele>80.37691128697621</ele>
        <time>2026-08-20T16:25:21.079Z</time>
      </trkpt>
      <trkpt lat="41.9698136" lon="3.1727123000000006">
        <ele>80.35601085001788</ele>
        <time>2026-08-20T16:25:23.096Z</time>
      </trkpt>
      <trkpt lat="41.9698107" lon="3.1726606999999944">
        <ele>80.34849519956404</ele>
        <time>2026-08-20T16:25:25.064Z</time>
      </trkpt>
      <trkpt lat="41.969814" lon="3.172617500000001">
        <ele>80.3855817306988</ele>
        <time>2026-08-20T16:25:27.063Z</time>
      </trkpt>
      <trkpt lat="41.9698132" lon="3.172574999999995">
        <ele>80.39173204896326</ele>
        <time>2026-08-20T16:25:29.103Z</time>
      </trkpt>
      <trkpt lat="41.9698128" lon="3.1725351999999987">
        <ele>80.40023993304462</ele>
        <time>2026-08-20T16:25:31.103Z</time>
      </trkpt>
      <trkpt lat="41.9698125" lon="3.172496200000012">
        <ele>80.40936144706134</ele>
        <time>2026-08-20T16:25:33.063Z</time>
      </trkpt>
      <trkpt lat="41.9698128" lon="3.1724595999999963">
        <ele>80.42997346479588</ele>
        <time>2026-08-20T16:25:35.046Z</time>
      </trkpt>
      <trkpt lat="41.9698109" lon="3.1724242999999888">
        <ele>80.56211106336426</ele>
        <time>2026-08-20T16:25:36.965Z</time>
      </trkpt>
      <trkpt lat="41.9698081" lon="3.172387399999991">
        <ele>80.6964224075029</ele>
        <time>2026-08-20T16:25:39.005Z</time>
      </trkpt>
      <trkpt lat="41.969807" lon="3.172352399999994">
        <ele>80.83407402846288</ele>
        <time>2026-08-20T16:25:41.020Z</time>
      </trkpt>
      <trkpt lat="41.9698099" lon="3.172315200000014">
        <ele>81.00311591279224</ele>
        <time>2026-08-20T16:25:43.064Z</time>
      </trkpt>
      <trkpt lat="41.9698209" lon="3.1722876999999983">
        <ele>81.17348397532616</ele>
        <time>2026-08-20T16:25:44.885Z</time>
      </trkpt>
      <trkpt lat="41.9698225" lon="3.172247800000008">
        <ele>81.34180166253866</ele>
        <time>2026-08-20T16:25:46.902Z</time>
      </trkpt>
      <trkpt lat="41.9698213" lon="3.1722091999999975">
        <ele>81.4909165023797</ele>
        <time>2026-08-20T16:25:48.855Z</time>
      </trkpt>
      <trkpt lat="41.9698283" lon="3.172156699999988">
        <ele>81.58173067459516</ele>
        <time>2026-08-20T16:25:50.927Z</time>
      </trkpt>
      <trkpt lat="41.9698385" lon="3.172116299999999">
        <ele>81.55526618673261</ele>
        <time>2026-08-20T16:25:52.760Z</time>
      </trkpt>
      <trkpt lat="41.96984" lon="3.1720717000000036">
        <ele>81.48359610070898</ele>
        <time>2026-08-20T16:25:54.560Z</time>
      </trkpt>
      <trkpt lat="41.9698424" lon="3.1720077999999887">
        <ele>81.37924814138711</ele>
        <time>2026-08-20T16:25:57.064Z</time>
      </trkpt>
      <trkpt lat="41.9698484" lon="3.1719659999999976">
        <ele>81.31950633613071</ele>
        <time>2026-08-20T16:25:59.064Z</time>
      </trkpt>
      <trkpt lat="41.969851" lon="3.171928400000013">
        <ele>81.25608185656274</ele>
        <time>2026-08-20T16:26:00.920Z</time>
      </trkpt>
      <trkpt lat="41.969858" lon="3.1718799999999874">
        <ele>81.141926658262</ele>
        <time>2026-08-20T16:26:03.081Z</time>
      </trkpt>
      <trkpt lat="41.9698583" lon="3.171837299999993">
        <ele>81.0024225911592</ele>
        <time>2026-08-20T16:26:04.945Z</time>
      </trkpt>
      <trkpt lat="41.9698577" lon="3.1717887000000076">
        <ele>80.84068617921767</ele>
        <time>2026-08-20T16:26:06.842Z</time>
      </trkpt>
      <trkpt lat="41.9698578" lon="3.1717570000000137">
        <ele>80.73674183389761</ele>
        <time>2026-08-20T16:26:08.786Z</time>
      </trkpt>
      <trkpt lat="41.9698617" lon="3.171716400000008">
        <ele>80.6225184569759</ele>
        <time>2026-08-20T16:26:10.722Z</time>
      </trkpt>
      <trkpt lat="41.9698654" lon="3.171673900000002">
        <ele>80.50665231472277</ele>
        <time>2026-08-20T16:26:12.666Z</time>
      </trkpt>
      <trkpt lat="41.9698824" lon="3.171635600000002">
        <ele>80.49397316290407</ele>
        <time>2026-08-20T16:26:14.602Z</time>
      </trkpt>
      <trkpt lat="41.9698757" lon="3.1715925999999968">
        <ele>80.57074634076797</ele>
        <time>2026-08-20T16:26:16.580Z</time>
      </trkpt>
      <trkpt lat="41.969866" lon="3.1715454000000136">
        <ele>80.70093978071763</ele>
        <time>2026-08-20T16:26:18.461Z</time>
      </trkpt>
      <trkpt lat="41.9698548" lon="3.1714925999999934">
        <ele>80.83984229305588</ele>
        <time>2026-08-20T16:26:20.526Z</time>
      </trkpt>
      <trkpt lat="41.9698475" lon="3.1714450000000056">
        <ele>80.98130239724658</ele>
        <time>2026-08-20T16:26:22.527Z</time>
      </trkpt>
      <trkpt lat="41.9698453" lon="3.1713994000000127">
        <ele>81.1497860345523</ele>
        <time>2026-08-20T16:26:24.399Z</time>
      </trkpt>
      <trkpt lat="41.9698407" lon="3.1713522999999952">
        <ele>81.30529274097195</ele>
        <time>2026-08-20T16:26:26.425Z</time>
      </trkpt>
      <trkpt lat="41.9698355" lon="3.1713053999999943">
        <ele>81.80966685643283</ele>
        <time>2026-08-20T16:26:28.505Z</time>
      </trkpt>
      <trkpt lat="41.9698243" lon="3.171255000000002">
        <ele>82.34871362438844</ele>
        <time>2026-08-20T16:26:30.882Z</time>
      </trkpt>
      <trkpt lat="41.9698259" lon="3.171213200000011">
        <ele>82.87170834529731</ele>
        <time>2026-08-20T16:26:32.842Z</time>
      </trkpt>
      <trkpt lat="41.9698245" lon="3.1711727999999937">
        <ele>83.35913834056927</ele>
        <time>2026-08-20T16:26:34.786Z</time>
      </trkpt>
      <trkpt lat="41.9698245" lon="3.1711335999999903">
        <ele>83.840369561618</ele>
        <time>2026-08-20T16:26:36.745Z</time>
      </trkpt>
      <trkpt lat="41.9698248" lon="3.1710930000000133">
        <ele>84.34021346301083</ele>
        <time>2026-08-20T16:26:38.682Z</time>
      </trkpt>
      <trkpt lat="41.9698253" lon="3.1710429999999974">
        <ele>85.0632008464612</ele>
        <time>2026-08-20T16:26:41.042Z</time>
      </trkpt>
      <trkpt lat="41.9698276" lon="3.171004900000014">
        <ele>85.68470013652585</ele>
        <time>2026-08-20T16:26:43.075Z</time>
      </trkpt>
      <trkpt lat="41.9698316" lon="3.170965999999993">
        <ele>86.3207824947858</ele>
        <time>2026-08-20T16:26:45.082Z</time>
      </trkpt>
      <trkpt lat="41.9698358" lon="3.170925000000011">
        <ele>86.98554877881686</ele>
        <time>2026-08-20T16:26:47.026Z</time>
      </trkpt>
      <trkpt lat="41.9698399" lon="3.170885999999996">
        <ele>87.61270245730688</ele>
        <time>2026-08-20T16:26:49.002Z</time>
      </trkpt>
      <trkpt lat="41.9698463" lon="3.1708484000000112">
        <ele>88.2142295158182</ele>
        <time>2026-08-20T16:26:50.802Z</time>
      </trkpt>
      <trkpt lat="41.9698555" lon="3.170807599999989">
        <ele>88.8581159051068</ele>
        <time>2026-08-20T16:26:52.947Z</time>
      </trkpt>
      <trkpt lat="41.9698648" lon="3.170770800000014">
        <ele>89.21824251100755</ele>
        <time>2026-08-20T16:26:54.963Z</time>
      </trkpt>
      <trkpt lat="41.9698769" lon="3.170736099999999">
        <ele>89.43513948877766</ele>
        <time>2026-08-20T16:26:56.865Z</time>
      </trkpt>
      <trkpt lat="41.9698899" lon="3.170702199999994">
        <ele>89.66460841072093</ele>
        <time>2026-08-20T16:26:58.802Z</time>
      </trkpt>
      <trkpt lat="41.9699016" lon="3.170670000000001">
        <ele>89.8968921089592</ele>
        <time>2026-08-20T16:27:00.705Z</time>
      </trkpt>
      <trkpt lat="41.969912" lon="3.1706382000000133">
        <ele>90.13728768814056</ele>
        <time>2026-08-20T16:27:02.666Z</time>
      </trkpt>
      <trkpt lat="41.9699248" lon="3.1706059999999923">
        <ele>90.40161123469228</ele>
        <time>2026-08-20T16:27:04.522Z</time>
      </trkpt>
      <trkpt lat="41.9699373" lon="3.1705738999999937">
        <ele>90.67990268766945</ele>
        <time>2026-08-20T16:27:06.505Z</time>
      </trkpt>
      <trkpt lat="41.9699544" lon="3.1705411000000083">
        <ele>91.00073657682054</ele>
        <time>2026-08-20T16:27:08.425Z</time>
      </trkpt>
      <trkpt lat="41.9699686" lon="3.1705048000000033">
        <ele>90.96317729953171</ele>
        <time>2026-08-20T16:27:10.321Z</time>
      </trkpt>
      <trkpt lat="41.9699806" lon="3.1704638999999872">
        <ele>90.5358834812956</ele>
        <time>2026-08-20T16:27:12.280Z</time>
      </trkpt>
      <trkpt lat="41.9699891" lon="3.1704210999999987">
        <ele>90.19879894763636</ele>
        <time>2026-08-20T16:27:14.183Z</time>
      </trkpt>
      <trkpt lat="41.9699971" lon="3.1703694999999925">
        <ele>89.86425979637524</ele>
        <time>2026-08-20T16:27:16.166Z</time>
      </trkpt>
      <trkpt lat="41.9700005" lon="3.1703329999999994">
        <ele>89.67734217604813</ele>
        <time>2026-08-20T16:27:18.220Z</time>
      </trkpt>
      <trkpt lat="41.9700163" lon="3.170276000000001">
        <ele>89.29240931297822</ele>
        <time>2026-08-20T16:27:21.064Z</time>
      </trkpt>
      <trkpt lat="41.9700309" lon="3.170243599999992">
        <ele>89.05285105131543</ele>
        <time>2026-08-20T16:27:23.064Z</time>
      </trkpt>
      <trkpt lat="41.9700431" lon="3.170211899999998">
        <ele>88.71476331855713</ele>
        <time>2026-08-20T16:27:25.063Z</time>
      </trkpt>
      <trkpt lat="41.9700395" lon="3.1701875999999913">
        <ele>88.53692725897467</ele>
        <time>2026-08-20T16:27:27.064Z</time>
      </trkpt>
      <trkpt lat="41.9700385" lon="3.170160799999991">
        <ele>88.3141413618835</ele>
        <time>2026-08-20T16:27:29.286Z</time>
      </trkpt>
      <trkpt lat="41.9699721" lon="3.1701266999999973">
        <ele>88.42273066369303</ele>
        <time>2026-08-20T16:27:31.461Z</time>
      </trkpt>
      <trkpt lat="41.9699262" lon="3.1701246000000083">
        <ele>88.5711222170001</ele>
        <time>2026-08-20T16:27:33.445Z</time>
      </trkpt>
      <trkpt lat="41.9698952" lon="3.1701121000000114">
        <ele>88.52624347237231</ele>
        <time>2026-08-20T16:27:35.325Z</time>
      </trkpt>
      <trkpt lat="41.9698592" lon="3.1701050000000066">
        <ele>88.55689061611491</ele>
        <time>2026-08-20T16:27:37.381Z</time>
      </trkpt>
      <trkpt lat="41.9698289" lon="3.170093900000012">
        <ele>88.53577321333339</ele>
        <time>2026-08-20T16:27:39.326Z</time>
      </trkpt>
      <trkpt lat="41.9698012" lon="3.170084900000006">
        <ele>88.53239400575012</ele>
        <time>2026-08-20T16:27:41.262Z</time>
      </trkpt>
      <trkpt lat="41.9697768" lon="3.170070399999986">
        <ele>88.47132502964776</ele>
        <time>2026-08-20T16:27:43.070Z</time>
      </trkpt>
      <trkpt lat="41.9697482" lon="3.1700495000000046">
        <ele>88.37167694979624</ele>
        <time>2026-08-20T16:27:45.085Z</time>
      </trkpt>
      <trkpt lat="41.9697182" lon="3.170040300000011">
        <ele>88.3908532523112</ele>
        <time>2026-08-20T16:27:47.064Z</time>
      </trkpt>
      <trkpt lat="41.9696872" lon="3.1700377999999887">
        <ele>88.4758969551917</ele>
        <time>2026-08-20T16:27:49.064Z</time>
      </trkpt>
      <trkpt lat="41.969659" lon="3.170035000000013">
        <ele>88.52766787460017</ele>
        <time>2026-08-20T16:27:51.064Z</time>
      </trkpt>
      <trkpt lat="41.9696309" lon="3.1700276999999915">
        <ele>88.53474715440389</ele>
        <time>2026-08-20T16:27:53.062Z</time>
      </trkpt>
      <trkpt lat="41.9695998" lon="3.170030099999991">
        <ele>88.63084172379138</ele>
        <time>2026-08-20T16:27:55.126Z</time>
      </trkpt>
      <trkpt lat="41.9695673" lon="3.1700274000000093">
        <ele>88.68834590808959</ele>
        <time>2026-08-20T16:27:57.062Z</time>
      </trkpt>
      <trkpt lat="41.9695364" lon="3.1700218999999947">
        <ele>88.72016428367992</ele>
        <time>2026-08-20T16:27:59.047Z</time>
      </trkpt>
      <trkpt lat="41.9695048" lon="3.170012500000013">
        <ele>88.72428378709051</ele>
        <time>2026-08-20T16:28:00.983Z</time>
      </trkpt>
      <trkpt lat="41.969497" lon="3.1700045999999986">
        <ele>88.6818266328322</ele>
        <time>2026-08-20T16:28:02.800Z</time>
      </trkpt>
      <trkpt lat="41.9695095" lon="3.1700026000000037">
        <ele>88.63425024333442</ele>
        <time>2026-08-20T16:28:05.064Z</time>
      </trkpt>
      <trkpt lat="41.9695099" lon="3.1700010000000134">
        <ele>88.6205849111149</ele>
        <time>2026-08-20T16:28:07.064Z</time>
      </trkpt>
      <trkpt lat="41.9694686" lon="3.1699940000000026">
        <ele>88.67191251152053</ele>
        <time>2026-08-20T16:28:09.063Z</time>
      </trkpt>
      <trkpt lat="41.9694364" lon="3.1699878000000012">
        <ele>88.7078074001141</ele>
        <time>2026-08-20T16:28:11.067Z</time>
      </trkpt>
      <trkpt lat="41.9694064" lon="3.169959900000009">
        <ele>88.57653536658358</ele>
        <time>2026-08-20T16:28:12.948Z</time>
      </trkpt>
      <trkpt lat="41.9693788" lon="3.169934000000012">
        <ele>88.4386220328582</ele>
        <time>2026-08-20T16:28:14.859Z</time>
      </trkpt>
      <trkpt lat="41.9693569" lon="3.169905099999994">
        <ele>88.258810143061</ele>
        <time>2026-08-20T16:28:16.684Z</time>
      </trkpt>
      <trkpt lat="41.9693274" lon="3.1698883999999907">
        <ele>88.06108730834147</ele>
        <time>2026-08-20T16:28:18.724Z</time>
      </trkpt>
      <trkpt lat="41.9693041" lon="3.1698625999999877">
        <ele>87.82243304754292</ele>
        <time>2026-08-20T16:28:20.588Z</time>
      </trkpt>
      <trkpt lat="41.9692814" lon="3.1698365999999965">
        <ele>87.55388212060838</ele>
        <time>2026-08-20T16:28:22.683Z</time>
      </trkpt>
      <trkpt lat="41.9692546" lon="3.1698193999999944">
        <ele>87.28209787362118</ele>
        <time>2026-08-20T16:28:24.860Z</time>
      </trkpt>
      <trkpt lat="41.9692268" lon="3.1697912999999858">
        <ele>86.90072945468695</ele>
        <time>2026-08-20T16:28:27.092Z</time>
      </trkpt>
      <trkpt lat="41.9692104" lon="3.169774999999987">
        <ele>86.65811171660017</ele>
        <time>2026-08-20T16:28:29.106Z</time>
      </trkpt>
      <trkpt lat="41.9691909" lon="3.169753600000007">
        <ele>86.33453202500966</ele>
        <time>2026-08-20T16:28:31.067Z</time>
      </trkpt>
      <trkpt lat="41.9691694" lon="3.1697340000000054">
        <ele>85.98639027282631</ele>
        <time>2026-08-20T16:28:33.001Z</time>
      </trkpt>
      <trkpt lat="41.9691518" lon="3.1697134000000062">
        <ele>85.64279133975673</ele>
        <time>2026-08-20T16:28:34.919Z</time>
      </trkpt>
      <trkpt lat="41.9691307" lon="3.1696940999999867">
        <ele>85.25759760604609</ele>
        <time>2026-08-20T16:28:36.861Z</time>
      </trkpt>
      <trkpt lat="41.9691095" lon="3.169678299999987">
        <ele>84.8807323969071</ele>
        <time>2026-08-20T16:28:38.781Z</time>
      </trkpt>
      <trkpt lat="41.9690886" lon="3.169665100000003">
        <ele>84.58436239416024</ele>
        <time>2026-08-20T16:28:40.763Z</time>
      </trkpt>
      <trkpt lat="41.9690679" lon="3.169653799999992">
        <ele>84.28859099972517</ele>
        <time>2026-08-20T16:28:42.682Z</time>
      </trkpt>
      <trkpt lat="41.9690522" lon="3.1696429000000137">
        <ele>84.04631949022107</ele>
        <time>2026-08-20T16:28:44.535Z</time>
      </trkpt>
      <trkpt lat="41.969025" lon="3.1696269999999913">
        <ele>83.6273992932233</ele>
        <time>2026-08-20T16:28:46.542Z</time>
      </trkpt>
      <trkpt lat="41.9690015" lon="3.1696172999999987">
        <ele>83.27627583684814</ele>
        <time>2026-08-20T16:28:48.500Z</time>
      </trkpt>
      <trkpt lat="41.9689709" lon="3.169603599999988">
        <ele>82.79851222843249</ele>
        <time>2026-08-20T16:28:50.467Z</time>
      </trkpt>
      <trkpt lat="41.9689474" lon="3.1695913000000075">
        <ele>82.40773638925855</ele>
        <time>2026-08-20T16:28:52.425Z</time>
      </trkpt>
      <trkpt lat="41.9689206" lon="3.1695762999999886">
        <ele>81.94077524988707</ele>
        <time>2026-08-20T16:28:54.407Z</time>
      </trkpt>
      <trkpt lat="41.9688915" lon="3.1695609999999874">
        <ele>81.42397559742284</ele>
        <time>2026-08-20T16:28:56.342Z</time>
      </trkpt>
      <trkpt lat="41.9688555" lon="3.169546700000012">
        <ele>80.80178034968891</ele>
        <time>2026-08-20T16:28:58.284Z</time>
      </trkpt>
      <trkpt lat="41.9688212" lon="3.169538700000004">
        <ele>80.48739776130195</ele>
        <time>2026-08-20T16:29:00.226Z</time>
      </trkpt>
      <trkpt lat="41.9687866" lon="3.1695307999999898">
        <ele>80.26343944886764</ele>
        <time>2026-08-20T16:29:02.146Z</time>
      </trkpt>
      <trkpt lat="41.9687627" lon="3.169509099999999">
        <ele>79.9387106311983</ele>
        <time>2026-08-20T16:29:04.081Z</time>
      </trkpt>
      <trkpt lat="41.9687199" lon="3.1695066000000054">
        <ele>79.71496917399516</ele>
        <time>2026-08-20T16:29:06.104Z</time>
      </trkpt>
      <trkpt lat="41.9686847" lon="3.1694986999999912">
        <ele>79.46324507587471</ele>
        <time>2026-08-20T16:29:08.065Z</time>
      </trkpt>
      <trkpt lat="41.9686525" lon="3.1694841999999994">
        <ele>79.14189591520724</ele>
        <time>2026-08-20T16:29:09.985Z</time>
      </trkpt>
      <trkpt lat="41.9686212" lon="3.169484699999998">
        <ele>78.99382470117756</ele>
        <time>2026-08-20T16:29:11.977Z</time>
      </trkpt>
      <trkpt lat="41.968569" lon="3.169480099999987">
        <ele>78.67857330751819</ele>
        <time>2026-08-20T16:29:14.241Z</time>
      </trkpt>
      <trkpt lat="41.9685352" lon="3.169474699999995">
        <ele>78.29614846456111</ele>
        <time>2026-08-20T16:29:16.121Z</time>
      </trkpt>
      <trkpt lat="41.9684911" lon="3.169451699999996">
        <ele>77.59480475876059</ele>
        <time>2026-08-20T16:29:18.824Z</time>
      </trkpt>
      <trkpt lat="41.9684528" lon="3.169421199999988">
        <ele>76.86807378842063</ele>
        <time>2026-08-20T16:29:20.840Z</time>
      </trkpt>
      <trkpt lat="41.9684246" lon="3.1694047999999952">
        <ele>76.41392875077997</ele>
        <time>2026-08-20T16:29:23.064Z</time>
      </trkpt>
      <trkpt lat="41.9683986" lon="3.1693832999999927">
        <ele>75.92271437214902</ele>
        <time>2026-08-20T16:29:25.046Z</time>
      </trkpt>
      <trkpt lat="41.9683729" lon="3.1693620000000067">
        <ele>75.42253880564982</ele>
        <time>2026-08-20T16:29:27.064Z</time>
      </trkpt>
      <trkpt lat="41.9683524" lon="3.1693520999999976">
        <ele>75.10155921936047</ele>
        <time>2026-08-20T16:29:29.064Z</time>
      </trkpt>
      <trkpt lat="41.9683338" lon="3.16934950000001">
        <ele>74.88707277296545</ele>
        <time>2026-08-20T16:29:31.064Z</time>
      </trkpt>
      <trkpt lat="41.9683092" lon="3.1693439999999953">
        <ele>74.57430031429952</ele>
        <time>2026-08-20T16:29:33.064Z</time>
      </trkpt>
      <trkpt lat="41.9682865" lon="3.1693377">
        <ele>74.27553692132165</ele>
        <time>2026-08-20T16:29:35.064Z</time>
      </trkpt>
      <trkpt lat="41.968285" lon="3.169357600000012">
        <ele>74.53106716191351</ele>
        <time>2026-08-20T16:29:37.064Z</time>
      </trkpt>
      <trkpt lat="41.9682612" lon="3.169370299999997">
        <ele>74.53375943205506</ele>
        <time>2026-08-20T16:29:39.075Z</time>
      </trkpt>
      <trkpt lat="41.9682419" lon="3.169384699999995">
        <ele>74.5810357203236</ele>
        <time>2026-08-20T16:29:40.980Z</time>
      </trkpt>
      <trkpt lat="41.9682035" lon="3.169357700000006">
        <ele>73.97773378842457</ele>
        <time>2026-08-20T16:29:43.064Z</time>
      </trkpt>
      <trkpt lat="41.9681689" lon="3.169305400000013">
        <ele>73.1387854071922</ele>
        <time>2026-08-20T16:29:45.064Z</time>
      </trkpt>
      <trkpt lat="41.9681405" lon="3.1692860999999937">
        <ele>72.75419012104058</ele>
        <time>2026-08-20T16:29:47.064Z</time>
      </trkpt>
      <trkpt lat="41.9681159" lon="3.1692792000000054">
        <ele>72.53998046972983</ele>
        <time>2026-08-20T16:29:49.064Z</time>
      </trkpt>
      <trkpt lat="41.968091" lon="3.1692725999999993">
        <ele>72.3324647326289</ele>
        <time>2026-08-20T16:29:51.067Z</time>
      </trkpt>
      <trkpt lat="41.9680651" lon="3.169279700000004">
        <ele>72.2607632209277</ele>
        <time>2026-08-20T16:29:53.064Z</time>
      </trkpt>
      <trkpt lat="41.9680467" lon="3.169276200000013">
        <ele>72.12390351867961</ele>
        <time>2026-08-20T16:29:55.092Z</time>
      </trkpt>
      <trkpt lat="41.9680356" lon="3.169282199999998">
        <ele>72.11920996424821</ele>
        <time>2026-08-20T16:29:57.109Z</time>
      </trkpt>
      <trkpt lat="41.9680307" lon="3.1692946999999947">
        <ele>72.20914324414882</ele>
        <time>2026-08-20T16:29:58.924Z</time>
      </trkpt>
      <trkpt lat="41.9680195" lon="3.169297400000005">
        <ele>72.16873771939889</ele>
        <time>2026-08-20T16:30:01.063Z</time>
      </trkpt>
      <trkpt lat="41.9680109" lon="3.1693071999999916">
        <ele>72.20559298110595</ele>
        <time>2026-08-20T16:30:03.064Z</time>
      </trkpt>
      <trkpt lat="41.9680004" lon="3.169313299999999">
        <ele>72.1142759448898</ele>
        <time>2026-08-20T16:30:05.064Z</time>
      </trkpt>
      <trkpt lat="41.9679789" lon="3.169306699999993">
        <ele>71.75392510300446</ele>
        <time>2026-08-20T16:30:07.081Z</time>
      </trkpt>
      <trkpt lat="41.9679606" lon="3.169309599999991">
        <ele>71.5243422875456</ele>
        <time>2026-08-20T16:30:09.064Z</time>
      </trkpt>
      <trkpt lat="41.9679505" lon="3.169318000000004">
        <ele>71.45863045645979</ele>
        <time>2026-08-20T16:30:11.063Z</time>
      </trkpt>
      <trkpt lat="41.9679402" lon="3.1693189000000075">
        <ele>71.32255298156943</ele>
        <time>2026-08-20T16:30:13.064Z</time>
      </trkpt>
      <trkpt lat="41.9679236" lon="3.1693204999999978">
        <ele>71.1045020859899</ele>
        <time>2026-08-20T16:30:15.064Z</time>
      </trkpt>
      <trkpt lat="41.9679145" lon="3.1693343999999968">
        <ele>71.10099948169767</ele>
        <time>2026-08-20T16:30:16.964Z</time>
      </trkpt>
      <trkpt lat="41.9679136" lon="3.169347700000003">
        <ele>71.20689728248338</ele>
        <time>2026-08-20T16:30:19.069Z</time>
      </trkpt>
      <trkpt lat="41.9679114" lon="3.1693472000000042">
        <ele>71.17152670827687</ele>
        <time>2026-08-20T16:30:21.102Z</time>
      </trkpt>
      <trkpt lat="41.9679304" lon="3.1693434000000025">
        <ele>71.40452937472388</ele>
        <time>2026-08-20T16:30:23.064Z</time>
      </trkpt>
      <trkpt lat="41.967945" lon="3.1693342000000087">
        <ele>71.5270276848689</ele>
        <time>2026-08-20T16:30:25.064Z</time>
      </trkpt>
      <trkpt lat="41.9679571" lon="3.169342999999998">
        <ele>71.77592447546992</ele>
        <time>2026-08-20T16:30:27.024Z</time>
      </trkpt>
      <trkpt lat="41.9679687" lon="3.1693247999999983">
        <ele>71.77466942297279</ele>
        <time>2026-08-20T16:30:29.063Z</time>
      </trkpt>
      <trkpt lat="41.9679833" lon="3.169331800000009">
        <ele>72.04252874692706</ele>
        <time>2026-08-20T16:30:30.945Z</time>
      </trkpt>
      <trkpt lat="41.9680014" lon="3.1693381000000045">
        <ele>72.3535565765956</ele>
        <time>2026-08-20T16:30:32.985Z</time>
      </trkpt>
      <trkpt lat="41.9679359" lon="3.1692237000000034">
        <ele>70.40981546797735</ele>
        <time>2026-08-20T16:30:35.064Z</time>
      </trkpt>
      <trkpt lat="41.9679248" lon="3.1691875999999866">
        <ele>69.93403816599988</ele>
        <time>2026-08-20T16:30:37.108Z</time>
      </trkpt>
      <trkpt lat="41.9679076" lon="3.169164099999989">
        <ele>69.48860992014235</ele>
        <time>2026-08-20T16:30:39.063Z</time>
      </trkpt>
      <trkpt lat="41.9678929" lon="3.169144200000005">
        <ele>69.11082180691186</ele>
        <time>2026-08-20T16:30:40.963Z</time>
      </trkpt>
      <trkpt lat="41.9678744" lon="3.1691271999999913">
        <ele>68.70807698571657</ele>
        <time>2026-08-20T16:30:43.064Z</time>
      </trkpt>
      <trkpt lat="41.9678577" lon="3.16910630000001">
        <ele>68.34896572708722</ele>
        <time>2026-08-20T16:30:45.064Z</time>
      </trkpt>
      <trkpt lat="41.9678499" lon="3.1690791000000047">
        <ele>68.0864149205436</ele>
        <time>2026-08-20T16:30:46.939Z</time>
      </trkpt>
      <trkpt lat="41.9678298" lon="3.169060900000005">
        <ele>67.71390595863656</ele>
        <time>2026-08-20T16:30:49.045Z</time>
      </trkpt>
      <trkpt lat="41.9678078" lon="3.1690418999999963">
        <ele>67.31540374678481</ele>
        <time>2026-08-20T16:30:51.064Z</time>
      </trkpt>
      <trkpt lat="41.9677864" lon="3.169025000000005">
        <ele>66.94032808103373</ele>
        <time>2026-08-20T16:30:53.022Z</time>
      </trkpt>
      <trkpt lat="41.9677651" lon="3.169016599999992">
        <ele>66.61564568388016</ele>
        <time>2026-08-20T16:30:55.064Z</time>
      </trkpt>
      <trkpt lat="41.9677518" lon="3.1689929000000063">
        <ele>66.31608103897062</ele>
        <time>2026-08-20T16:30:57.064Z</time>
      </trkpt>
      <trkpt lat="41.9677443" lon="3.1689648999999918">
        <ele>66.07155575604685</ele>
        <time>2026-08-20T16:30:59.067Z</time>
      </trkpt>
      <trkpt lat="41.9677253" lon="3.1689489000000037">
        <ele>65.8268283301127</ele>
        <time>2026-08-20T16:31:01.064Z</time>
      </trkpt>
      <trkpt lat="41.9677225" lon="3.168927999999994">
        <ele>65.71835781105095</ele>
        <time>2026-08-20T16:31:03.085Z</time>
      </trkpt>
      <trkpt lat="41.9677014" lon="3.16892390000001">
        <ele>65.6690062634589</ele>
        <time>2026-08-20T16:31:05.064Z</time>
      </trkpt>
      <trkpt lat="41.967684" lon="3.168908700000003">
        <ele>65.58658200271758</ele>
        <time>2026-08-20T16:31:07.063Z</time>
      </trkpt>
      <trkpt lat="41.9676627" lon="3.1688938000000064">
        <ele>65.51778552039576</ele>
        <time>2026-08-20T16:31:09.064Z</time>
      </trkpt>
      <trkpt lat="41.9676427" lon="3.168881699999986">
        <ele>65.47437724711543</ele>
        <time>2026-08-20T16:31:11.064Z</time>
      </trkpt>
      <trkpt lat="41.9676269" lon="3.1688588000000095">
        <ele>65.41966979991201</ele>
        <time>2026-08-20T16:31:13.006Z</time>
      </trkpt>
      <trkpt lat="41.9676165" lon="3.168828899999994">
        <ele>65.40598844227492</ele>
        <time>2026-08-20T16:31:15.085Z</time>
      </trkpt>
      <trkpt lat="41.9676004" lon="3.1688019999999995">
        <ele>65.45625180569387</ele>
        <time>2026-08-20T16:31:17.102Z</time>
      </trkpt>
      <trkpt lat="41.9675751" lon="3.168789199999992">
        <ele>65.54079634639513</ele>
        <time>2026-08-20T16:31:18.968Z</time>
      </trkpt>
      <trkpt lat="41.9675481" lon="3.168767800000012">
        <ele>65.67911033684335</ele>
        <time>2026-08-20T16:31:21.063Z</time>
      </trkpt>
      <trkpt lat="41.9675271" lon="3.1687445999999966">
        <ele>65.83929449753983</ele>
        <time>2026-08-20T16:31:23.062Z</time>
      </trkpt>
      <trkpt lat="41.9675104" lon="3.1687200000000075">
        <ele>66.01777955850586</ele>
        <time>2026-08-20T16:31:25.063Z</time>
      </trkpt>
      <trkpt lat="41.9674945" lon="3.1686963999999875">
        <ele>66.21593098887848</ele>
        <time>2026-08-20T16:31:27.020Z</time>
      </trkpt>
      <trkpt lat="41.9674805" lon="3.16867289999999">
        <ele>66.42715666072306</ele>
        <time>2026-08-20T16:31:29.085Z</time>
      </trkpt>
      <trkpt lat="41.9674838" lon="3.168650100000008">
        <ele>66.5228857804348</ele>
        <time>2026-08-20T16:31:31.063Z</time>
      </trkpt>
      <trkpt lat="41.9674823" lon="3.168632400000007">
        <ele>66.62775444682757</ele>
        <time>2026-08-20T16:31:33.063Z</time>
      </trkpt>
      <trkpt lat="41.9674868" lon="3.168614600000012">
        <ele>66.68060882865032</ele>
        <time>2026-08-20T16:31:35.063Z</time>
      </trkpt>
      <trkpt lat="41.9674831" lon="3.168588900000003">
        <ele>66.8487212692047</ele>
        <time>2026-08-20T16:31:37.007Z</time>
      </trkpt>
      <trkpt lat="41.9674744" lon="3.1685520999999994">
        <ele>67.11968694431327</ele>
        <time>2026-08-20T16:31:39.063Z</time>
      </trkpt>
      <trkpt lat="41.9674709" lon="3.168520000000001">
        <ele>67.29685935754584</ele>
        <time>2026-08-20T16:31:41.080Z</time>
      </trkpt>
      <trkpt lat="41.9674792" lon="3.1684907000000067">
        <ele>67.32042535054549</ele>
        <time>2026-08-20T16:31:42.928Z</time>
      </trkpt>
      <trkpt lat="41.9674908" lon="3.168460699999997">
        <ele>67.29361108584185</ele>
        <time>2026-08-20T16:31:45.064Z</time>
      </trkpt>
      <trkpt lat="41.9675064" lon="3.168438299999991">
        <ele>67.17051966195797</ele>
        <time>2026-08-20T16:31:47.080Z</time>
      </trkpt>
      <trkpt lat="41.9675159" lon="3.168412200000006">
        <ele>67.13027915786168</ele>
        <time>2026-08-20T16:31:49.097Z</time>
      </trkpt>
      <trkpt lat="41.9675265" lon="3.1683849000000066">
        <ele>67.06734800722786</ele>
        <time>2026-08-20T16:31:50.986Z</time>
      </trkpt>
      <trkpt lat="41.9675376" lon="3.1683538999999996">
        <ele>66.99542103709572</ele>
        <time>2026-08-20T16:31:53.063Z</time>
      </trkpt>
      <trkpt lat="41.9675532" lon="3.1683298000000093">
        <ele>66.81964653146808</ele>
        <time>2026-08-20T16:31:55.063Z</time>
      </trkpt>
      <trkpt lat="41.9675645" lon="3.1683094999999923">
        <ele>66.68910964387074</ele>
        <time>2026-08-20T16:31:57.063Z</time>
      </trkpt>
      <trkpt lat="41.9675696" lon="3.168305800000013">
        <ele>66.61482588720209</ele>
        <time>2026-08-20T16:31:58.959Z</time>
      </trkpt>
      <trkpt lat="41.9675737" lon="3.1682974">
        <ele>66.56619283117509</ele>
        <time>2026-08-20T16:32:01.062Z</time>
      </trkpt>
      <trkpt lat="41.9675708" lon="3.1682948000000124">
        <ele>66.61962005390806</ele>
        <time>2026-08-20T16:32:03.063Z</time>
      </trkpt>
      <trkpt lat="41.967574" lon="3.1682884999999885">
        <ele>66.58280646524753</ele>
        <time>2026-08-20T16:32:05.062Z</time>
      </trkpt>
      <trkpt lat="41.967573" lon="3.16827090000001">
        <ele>66.69250238900837</ele>
        <time>2026-08-20T16:32:07.063Z</time>
      </trkpt>
      <trkpt lat="41.9675712" lon="3.1682706999999937">
        <ele>66.72400027714157</ele>
        <time>2026-08-20T16:32:08.963Z</time>
      </trkpt>
      <trkpt lat="41.9675589" lon="3.1682809000000134">
        <ele>66.87575564231726</ele>
        <time>2026-08-20T16:32:11.063Z</time>
      </trkpt>
      <trkpt lat="41.967537" lon="3.1683022999999935">
        <ele>67.15528830271158</ele>
        <time>2026-08-20T16:32:13.076Z</time>
      </trkpt>
      <trkpt lat="41.9675101" lon="3.168303199999997">
        <ele>67.59165893059239</ele>
        <time>2026-08-20T16:32:15.092Z</time>
      </trkpt>
      <trkpt lat="41.9674921" lon="3.168309700000009">
        <ele>67.86029167876401</ele>
        <time>2026-08-20T16:32:17.062Z</time>
      </trkpt>
      <trkpt lat="41.9674753" lon="3.168325500000009">
        <ele>68.06552106905524</ele>
        <time>2026-08-20T16:32:19.063Z</time>
      </trkpt>
      <trkpt lat="41.9674553" lon="3.1683357">
        <ele>68.33522439772578</ele>
        <time>2026-08-20T16:32:21.063Z</time>
      </trkpt>
      <trkpt lat="41.9674349" lon="3.1683347999999967">
        <ele>68.74544291762126</ele>
        <time>2026-08-20T16:32:23.063Z</time>
      </trkpt>
      <trkpt lat="41.9674188" lon="3.168320399999999">
        <ele>69.13015226111315</ele>
        <time>2026-08-20T16:32:25.047Z</time>
      </trkpt>
      <trkpt lat="41.9674084" lon="3.1683240000000126">
        <ele>69.32167951232464</ele>
        <time>2026-08-20T16:32:27.063Z</time>
      </trkpt>
      <trkpt lat="41.9673963" lon="3.1683175999999946">
        <ele>69.58926456159783</ele>
        <time>2026-08-20T16:32:29.063Z</time>
      </trkpt>
      <trkpt lat="41.9673875" lon="3.168317099999996">
        <ele>69.76611095955188</ele>
        <time>2026-08-20T16:32:31.062Z</time>
      </trkpt>
      <trkpt lat="41.9673801" lon="3.1683132">
        <ele>69.92872595544202</ele>
        <time>2026-08-20T16:32:33.063Z</time>
      </trkpt>
      <trkpt lat="41.9673733" lon="3.1683017999999947">
        <ele>70.10863089195043</ele>
        <time>2026-08-20T16:32:34.986Z</time>
      </trkpt>
      <trkpt lat="41.9673718" lon="3.1683008999999913">
        <ele>70.1417732948949</ele>
        <time>2026-08-20T16:32:37.063Z</time>
      </trkpt>
      <trkpt lat="41.9673765" lon="3.168278600000008">
        <ele>70.14923180379063</ele>
        <time>2026-08-20T16:32:39.068Z</time>
      </trkpt>
      <trkpt lat="41.9673732" lon="3.1682587999999896">
        <ele>70.31111090324258</ele>
        <time>2026-08-20T16:32:41.063Z</time>
      </trkpt>
      <trkpt lat="41.9673727" lon="3.168227999999999">
        <ele>70.47266553619306</ele>
        <time>2026-08-20T16:32:43.063Z</time>
      </trkpt>
      <trkpt lat="41.9673756" lon="3.168206800000007">
        <ele>70.52704752429288</ele>
        <time>2026-08-20T16:32:45.063Z</time>
      </trkpt>
      <trkpt lat="41.9673823" lon="3.1681792999999914">
        <ele>70.55380935023379</ele>
        <time>2026-08-20T16:32:47.061Z</time>
      </trkpt>
      <trkpt lat="41.9673948" lon="3.168153600000011">
        <ele>70.48872451905336</ele>
        <time>2026-08-20T16:32:49.021Z</time>
      </trkpt>
      <trkpt lat="41.967403" lon="3.1681212000000016">
        <ele>70.54527235627434</ele>
        <time>2026-08-20T16:32:51.063Z</time>
      </trkpt>
      <trkpt lat="41.967409" lon="3.1680925">
        <ele>70.6255058767476</ele>
        <time>2026-08-20T16:32:52.904Z</time>
      </trkpt>
      <trkpt lat="41.9674205" lon="3.1680604000000017">
        <ele>70.66248561902884</ele>
        <time>2026-08-20T16:32:55.063Z</time>
      </trkpt>
      <trkpt lat="41.9674302" lon="3.168035300000014">
        <ele>70.69653371362274</ele>
        <time>2026-08-20T16:32:57.063Z</time>
      </trkpt>
      <trkpt lat="41.9674386" lon="3.16800649999999">
        <ele>70.74144565911291</ele>
        <time>2026-08-20T16:32:59.063Z</time>
      </trkpt>
      <trkpt lat="41.9674508" lon="3.167980599999993">
        <ele>70.53558601417157</ele>
        <time>2026-08-20T16:33:01.007Z</time>
      </trkpt>
      <trkpt lat="41.9674528" lon="3.1679497000000083">
        <ele>70.44163727239788</ele>
        <time>2026-08-20T16:33:03.063Z</time>
      </trkpt>
      <trkpt lat="41.9674586" lon="3.16791520000001">
        <ele>70.27483035791471</ele>
        <time>2026-08-20T16:33:05.063Z</time>
      </trkpt>
      <trkpt lat="41.9674625" lon="3.1678856999999994">
        <ele>70.14767655244123</ele>
        <time>2026-08-20T16:33:07.072Z</time>
      </trkpt>
      <trkpt lat="41.9674701" lon="3.1678527999999915">
        <ele>69.9658917314299</ele>
        <time>2026-08-20T16:33:09.089Z</time>
      </trkpt>
      <trkpt lat="41.9674735" lon="3.1678195000000073">
        <ele>69.8610272560148</ele>
        <time>2026-08-20T16:33:10.985Z</time>
      </trkpt>
      <trkpt lat="41.9674817" lon="3.167785400000014">
        <ele>69.70138461596312</ele>
        <time>2026-08-20T16:33:13.080Z</time>
      </trkpt>
      <trkpt lat="41.9674941" lon="3.167761299999995">
        <ele>69.52151154955936</ele>
        <time>2026-08-20T16:33:15.063Z</time>
      </trkpt>
      <trkpt lat="41.9674823" lon="3.167747399999996">
        <ele>69.64563508819609</ele>
        <time>2026-08-20T16:33:16.866Z</time>
      </trkpt>
      <trkpt lat="41.967476" lon="3.1677383999999904">
        <ele>69.70466553389394</ele>
        <time>2026-08-20T16:33:18.706Z</time>
      </trkpt>
      <trkpt lat="41.9674704" lon="3.16773409999999">
        <ele>69.75995273533918</ele>
        <time>2026-08-20T16:33:20.803Z</time>
      </trkpt>
      <trkpt lat="41.9674616" lon="3.167733599999991">
        <ele>69.85591068980212</ele>
        <time>2026-08-20T16:33:22.940Z</time>
      </trkpt>
      <trkpt lat="41.9674493" lon="3.167714799999999">
        <ele>69.9373294151409</ele>
        <time>2026-08-20T16:33:25.063Z</time>
      </trkpt>
      <trkpt lat="41.9674312" lon="3.1677045000000135">
        <ele>70.04941623190366</ele>
        <time>2026-08-20T16:33:27.063Z</time>
      </trkpt>
      <trkpt lat="41.9674127" lon="3.1677080999999987">
        <ele>70.1876291003536</ele>
        <time>2026-08-20T16:33:28.945Z</time>
      </trkpt>
      <trkpt lat="41.9673959" lon="3.1677086999999915">
        <ele>70.30867960174554</ele>
        <time>2026-08-20T16:33:31.063Z</time>
      </trkpt>
      <trkpt lat="41.9673759" lon="3.16770249999999">
        <ele>70.44240006791354</ele>
        <time>2026-08-20T16:33:33.066Z</time>
      </trkpt>
      <trkpt lat="41.9673566" lon="3.167700499999995">
        <ele>70.57783156446337</ele>
        <time>2026-08-20T16:33:34.947Z</time>
      </trkpt>
      <trkpt lat="41.9673383" lon="3.167721699999987">
        <ele>70.73842299093272</ele>
        <time>2026-08-20T16:33:37.063Z</time>
      </trkpt>
      <trkpt lat="41.9673158" lon="3.167730299999988">
        <ele>70.90978290279469</ele>
        <time>2026-08-20T16:33:39.021Z</time>
      </trkpt>
      <trkpt lat="41.9672943" lon="3.167756099999991">
        <ele>71.18356965775128</ele>
        <time>2026-08-20T16:33:41.062Z</time>
      </trkpt>
      <trkpt lat="41.9672805" lon="3.167776500000002">
        <ele>71.39599127466595</ele>
        <time>2026-08-20T16:33:42.983Z</time>
      </trkpt>
      <trkpt lat="41.967261" lon="3.167788800000011">
        <ele>71.61906886027978</ele>
        <time>2026-08-20T16:33:45.024Z</time>
      </trkpt>
      <trkpt lat="41.9672404" lon="3.167787400000009">
        <ele>71.77677334762964</ele>
        <time>2026-08-20T16:33:47.063Z</time>
      </trkpt>
      <trkpt lat="41.9672207" lon="3.1677860000000067">
        <ele>71.92624149175202</ele>
        <time>2026-08-20T16:33:49.065Z</time>
      </trkpt>
      <trkpt lat="41.9672024" lon="3.1678077999999914">
        <ele>72.21965061961794</ele>
        <time>2026-08-20T16:33:51.041Z</time>
      </trkpt>
      <trkpt lat="41.9671837" lon="3.1678354999999954">
        <ele>72.57234312472359</ele>
        <time>2026-08-20T16:33:53.063Z</time>
      </trkpt>
      <trkpt lat="41.9671692" lon="3.1678555999999958">
        <ele>72.85991978819042</ele>
        <time>2026-08-20T16:33:54.881Z</time>
      </trkpt>
      <trkpt lat="41.9671446" lon="3.1678726000000097">
        <ele>73.24971137521074</ele>
        <time>2026-08-20T16:33:56.987Z</time>
      </trkpt>
      <trkpt lat="41.9671154" lon="3.1678850000000125">
        <ele>73.65857004274129</ele>
        <time>2026-08-20T16:33:59.083Z</time>
      </trkpt>
      <trkpt lat="41.9670943" lon="3.1679011999999886">
        <ele>74.0095784732127</ele>
        <time>2026-08-20T16:34:01.067Z</time>
      </trkpt>
      <trkpt lat="41.9670718" lon="3.1679248000000086">
        <ele>74.43412513987533</ele>
        <time>2026-08-20T16:34:03.063Z</time>
      </trkpt>
      <trkpt lat="41.9670468" lon="3.1679493999999977">
        <ele>74.89769998880448</ele>
        <time>2026-08-20T16:34:05.063Z</time>
      </trkpt>
      <trkpt lat="41.9670277" lon="3.1679758999999876">
        <ele>75.31393856284832</ele>
        <time>2026-08-20T16:34:07.062Z</time>
      </trkpt>
      <trkpt lat="41.9670021" lon="3.16799180000001">
        <ele>75.7246486956801</ele>
        <time>2026-08-20T16:34:09.042Z</time>
      </trkpt>
      <trkpt lat="41.9669751" lon="3.1680086000000074">
        <ele>76.16105200157848</ele>
        <time>2026-08-20T16:34:11.063Z</time>
      </trkpt>
      <trkpt lat="41.9669558" lon="3.1680211000000043">
        <ele>76.45484118249976</ele>
        <time>2026-08-20T16:34:12.907Z</time>
      </trkpt>
      <trkpt lat="41.9669432" lon="3.168061200000011">
        <ele>76.8340942918971</ele>
        <time>2026-08-20T16:34:15.060Z</time>
      </trkpt>
      <trkpt lat="41.9669271" lon="3.1680498999999998">
        <ele>76.96515531986292</ele>
        <time>2026-08-20T16:34:17.044Z</time>
      </trkpt>
      <trkpt lat="41.9669201" lon="3.1680393000000038">
        <ele>76.9833597659895</ele>
        <time>2026-08-20T16:34:19.084Z</time>
      </trkpt>
      <trkpt lat="41.9669087" lon="3.1680724">
        <ele>77.33913484169477</ele>
        <time>2026-08-20T16:34:20.981Z</time>
      </trkpt>
      <trkpt lat="41.9668961" lon="3.168118700000008">
        <ele>77.80320552126365</ele>
        <time>2026-08-20T16:34:23.063Z</time>
      </trkpt>
      <trkpt lat="41.9668865" lon="3.168137300000012">
        <ele>77.99234497322692</ele>
        <time>2026-08-20T16:34:24.887Z</time>
      </trkpt>
      <trkpt lat="41.9668739" lon="3.1681561000000045">
        <ele>78.19511477215127</ele>
        <time>2026-08-20T16:34:27.064Z</time>
      </trkpt>
      <trkpt lat="41.9668622" lon="3.1681721999999866">
        <ele>78.36760928243993</ele>
        <time>2026-08-20T16:34:28.921Z</time>
      </trkpt>
      <trkpt lat="41.966849" lon="3.1681906000000026">
        <ele>78.55581235791298</ele>
        <time>2026-08-20T16:34:31.026Z</time>
      </trkpt>
      <trkpt lat="41.9668507" lon="3.1681878999999924">
        <ele>78.53005319802033</ele>
        <time>2026-08-20T16:34:33.063Z</time>
      </trkpt>
      <trkpt lat="41.9668461" lon="3.1681804000000113">
        <ele>78.5112661163899</ele>
        <time>2026-08-20T16:34:35.063Z</time>
      </trkpt>
      <trkpt lat="41.9668421" lon="3.1681665000000123">
        <ele>78.4524958456616</ele>
        <time>2026-08-20T16:34:36.943Z</time>
      </trkpt>
      <trkpt lat="41.9668368" lon="3.1681952000000138">
        <ele>78.65044402239734</ele>
        <time>2026-08-20T16:34:39.062Z</time>
      </trkpt>
      <trkpt lat="41.9668355" lon="3.1681821999999897">
        <ele>78.58259528758401</ele>
        <time>2026-08-20T16:34:40.882Z</time>
      </trkpt>
      <trkpt lat="41.9668481" lon="3.168164300000001">
        <ele>78.40338574304829</ele>
        <time>2026-08-20T16:34:42.962Z</time>
      </trkpt>
      <trkpt lat="41.9668569" lon="3.168143399999991">
        <ele>78.22204224478352</ele>
        <time>2026-08-20T16:34:44.844Z</time>
      </trkpt>
      <trkpt lat="41.9668663" lon="3.1681144000000074">
        <ele>77.97924722741485</ele>
        <time>2026-08-20T16:34:47.045Z</time>
      </trkpt>
      <trkpt lat="41.9668781" lon="3.1680888999999866">
        <ele>77.73204952793292</ele>
        <time>2026-08-20T16:34:48.965Z</time>
      </trkpt>
      <trkpt lat="41.9668967" lon="3.1680570999999986">
        <ele>77.37857791517155</ele>
        <time>2026-08-20T16:34:50.966Z</time>
      </trkpt>
      <trkpt lat="41.9669045" lon="3.168031500000012">
        <ele>77.11790034918994</ele>
        <time>2026-08-20T16:34:53.023Z</time>
      </trkpt>
      <trkpt lat="41.9669135" lon="3.1680001000000004">
        <ele>76.78996596651852</ele>
        <time>2026-08-20T16:34:55.000Z</time>
      </trkpt>
      <trkpt lat="41.9669217" lon="3.1679586999999856">
        <ele>76.36409290519175</ele>
        <time>2026-08-20T16:34:56.985Z</time>
      </trkpt>
      <trkpt lat="41.9669243" lon="3.16792989999999">
        <ele>76.10351741151975</ele>
        <time>2026-08-20T16:34:58.946Z</time>
      </trkpt>
      <trkpt lat="41.9669249" lon="3.167890800000009">
        <ele>75.7825705538137</ele>
        <time>2026-08-20T16:35:00.946Z</time>
      </trkpt>
      <trkpt lat="41.9669174" lon="3.1678396000000077">
        <ele>75.45162115057552</ele>
        <time>2026-08-20T16:35:03.063Z</time>
      </trkpt>
      <trkpt lat="41.966916" lon="3.1678071000000045">
        <ele>75.20443371362249</ele>
        <time>2026-08-20T16:35:05.063Z</time>
      </trkpt>
      <trkpt lat="41.9669138" lon="3.1677722999999958">
        <ele>74.9467861753697</ele>
        <time>2026-08-20T16:35:06.883Z</time>
      </trkpt>
      <trkpt lat="41.9669123" lon="3.167733300000009">
        <ele>74.64739401463186</ele>
        <time>2026-08-20T16:35:08.924Z</time>
      </trkpt>
      <trkpt lat="41.9669162" lon="3.167691600000012">
        <ele>74.35545002005259</ele>
        <time>2026-08-20T16:35:10.902Z</time>
      </trkpt>
      <trkpt lat="41.9669189" lon="3.167644700000011">
        <ele>74.05006169303854</ele>
        <time>2026-08-20T16:35:13.063Z</time>
      </trkpt>
      <trkpt lat="41.9669231" lon="3.167601300000001">
        <ele>73.75857237137366</ele>
        <time>2026-08-20T16:35:15.063Z</time>
      </trkpt>
      <trkpt lat="41.9669266" lon="3.1675625000000025">
        <ele>73.50580776587418</ele>
        <time>2026-08-20T16:35:17.063Z</time>
      </trkpt>
      <trkpt lat="41.966932" lon="3.1675274000000115">
        <ele>73.26748440609235</ele>
        <time>2026-08-20T16:35:18.887Z</time>
      </trkpt>
      <trkpt lat="41.9669334" lon="3.167488600000013">
        <ele>73.03831111294248</ele>
        <time>2026-08-20T16:35:20.927Z</time>
      </trkpt>
      <trkpt lat="41.9669399" lon="3.1674486">
        <ele>72.80406462244939</ele>
        <time>2026-08-20T16:35:22.927Z</time>
      </trkpt>
      <trkpt lat="41.9669568" lon="3.167412899999988">
        <ele>72.65624953886702</ele>
        <time>2026-08-20T16:35:24.928Z</time>
      </trkpt>
      <trkpt lat="41.9669704" lon="3.1673762000000067">
        <ele>72.51547864106217</ele>
        <time>2026-08-20T16:35:27.063Z</time>
      </trkpt>
      <trkpt lat="41.9669819" lon="3.167341599999986">
        <ele>72.3833388522993</ele>
        <time>2026-08-20T16:35:29.062Z</time>
      </trkpt>
      <trkpt lat="41.966998" lon="3.1673021000000006">
        <ele>72.20662328229466</ele>
        <time>2026-08-20T16:35:31.063Z</time>
      </trkpt>
      <trkpt lat="41.9670128" lon="3.167278600000003">
        <ele>72.06372259324584</ele>
        <time>2026-08-20T16:35:33.103Z</time>
      </trkpt>
      <trkpt lat="41.9670306" lon="3.1672499999999957">
        <ele>71.88386838270651</ele>
        <time>2026-08-20T16:35:35.071Z</time>
      </trkpt>
      <trkpt lat="41.9670435" lon="3.1672121999999945">
        <ele>71.70673138527798</ele>
        <time>2026-08-20T16:35:37.087Z</time>
      </trkpt>
      <trkpt lat="41.9670636" lon="3.167176100000006">
        <ele>71.47598176418958</ele>
        <time>2026-08-20T16:35:39.062Z</time>
      </trkpt>
      <trkpt lat="41.9670814" lon="3.167148999999995">
        <ele>71.31955161016711</ele>
        <time>2026-08-20T16:35:41.063Z</time>
      </trkpt>
      <trkpt lat="41.967089" lon="3.167105399999997">
        <ele>71.20691471580761</ele>
        <time>2026-08-20T16:35:43.062Z</time>
      </trkpt>
      <trkpt lat="41.9671013" lon="3.1670667999999864">
        <ele>71.04337559058149</ele>
        <time>2026-08-20T16:35:45.063Z</time>
      </trkpt>
      <trkpt lat="41.9671206" lon="3.1670311999999967">
        <ele>70.79447778193433</ele>
        <time>2026-08-20T16:35:47.063Z</time>
      </trkpt>
      <trkpt lat="41.9671274" lon="3.1669932000000074">
        <ele>70.64817007162392</ele>
        <time>2026-08-20T16:35:49.071Z</time>
      </trkpt>
      <trkpt lat="41.9671361" lon="3.166954099999998">
        <ele>70.46647932242054</ele>
        <time>2026-08-20T16:35:51.102Z</time>
      </trkpt>
      <trkpt lat="41.9671532" lon="3.16691560000001">
        <ele>70.16689835439136</ele>
        <time>2026-08-20T16:35:52.942Z</time>
      </trkpt>
      <trkpt lat="41.9671659" lon="3.166888400000005">
        <ele>69.948188413059</ele>
        <time>2026-08-20T16:35:54.807Z</time>
      </trkpt>
      <trkpt lat="41.9671754" lon="3.1668540000000007">
        <ele>69.77793149401016</ele>
        <time>2026-08-20T16:35:56.662Z</time>
      </trkpt>
      <trkpt lat="41.9671841" lon="3.1668155000000127">
        <ele>69.65383141575889</ele>
        <time>2026-08-20T16:35:58.781Z</time>
      </trkpt>
      <trkpt lat="41.967194" lon="3.1667793000000017">
        <ele>69.5097338837296</ele>
        <time>2026-08-20T16:36:00.725Z</time>
      </trkpt>
      <trkpt lat="41.967203" lon="3.1667432000000133">
        <ele>69.34916967896308</ele>
        <time>2026-08-20T16:36:02.701Z</time>
      </trkpt>
      <trkpt lat="41.9672179" lon="3.1667051000000015">
        <ele>69.09358480027132</ele>
        <time>2026-08-20T16:36:04.781Z</time>
      </trkpt>
      <trkpt lat="41.967221" lon="3.1666673999999944">
        <ele>68.94776060263617</ele>
        <time>2026-08-20T16:36:06.701Z</time>
      </trkpt>
      <trkpt lat="41.9672322" lon="3.1666285000000016">
        <ele>68.67636803466588</ele>
        <time>2026-08-20T16:36:08.765Z</time>
      </trkpt>
      <trkpt lat="41.9672385" lon="3.166591199999999">
        <ele>68.59074145336244</ele>
        <time>2026-08-20T16:36:10.727Z</time>
      </trkpt>
      <trkpt lat="41.9672431" lon="3.166552700000011">
        <ele>68.56316600117458</ele>
        <time>2026-08-20T16:36:12.663Z</time>
      </trkpt>
      <trkpt lat="41.9672466" lon="3.1665128999999865">
        <ele>68.54960570086759</ele>
        <time>2026-08-20T16:36:14.664Z</time>
      </trkpt>
      <trkpt lat="41.9672619" lon="3.166483999999997">
        <ele>68.33283871051545</ele>
        <time>2026-08-20T16:36:16.641Z</time>
      </trkpt>
      <trkpt lat="41.9672673" lon="3.1664531000000125">
        <ele>68.26876531357793</ele>
        <time>2026-08-20T16:36:18.441Z</time>
      </trkpt>
      <trkpt lat="41.9672716" lon="3.166407399999997">
        <ele>68.22896147473234</ele>
        <time>2026-08-20T16:36:20.826Z</time>
      </trkpt>
      <trkpt lat="41.9672709" lon="3.1663652999999954">
        <ele>68.2696918739132</ele>
        <time>2026-08-20T16:36:22.723Z</time>
      </trkpt>
      <trkpt lat="41.9672746" lon="3.1663315000000125">
        <ele>68.18496957979363</ele>
        <time>2026-08-20T16:36:24.747Z</time>
      </trkpt>
      <trkpt lat="41.967286" lon="3.1663012999999864">
        <ele>67.88591032172975</ele>
        <time>2026-08-20T16:36:26.644Z</time>
      </trkpt>
      <trkpt lat="41.9672897" lon="3.1662674000000095">
        <ele>67.71329364755057</ele>
        <time>2026-08-20T16:36:28.564Z</time>
      </trkpt>
      <trkpt lat="41.9672958" lon="3.1662330000000054">
        <ele>67.49893127957874</ele>
        <time>2026-08-20T16:36:30.604Z</time>
      </trkpt>
      <trkpt lat="41.9673032" lon="3.166204499999992">
        <ele>67.28278729380024</ele>
        <time>2026-08-20T16:36:32.525Z</time>
      </trkpt>
      <trkpt lat="41.9673188" lon="3.166175900000013">
        <ele>66.92925489305173</ele>
        <time>2026-08-20T16:36:34.501Z</time>
      </trkpt>
      <trkpt lat="41.9673376" lon="3.1661391000000094">
        <ele>66.50254904682284</ele>
        <time>2026-08-20T16:36:36.644Z</time>
      </trkpt>
      <trkpt lat="41.9673512" lon="3.166112499999997">
        <ele>66.19840690691805</ele>
        <time>2026-08-20T16:36:38.483Z</time>
      </trkpt>
      <trkpt lat="41.9673692" lon="3.1660856000000024">
        <ele>65.8245192324971</ele>
        <time>2026-08-20T16:36:40.465Z</time>
      </trkpt>
      <trkpt lat="41.9673842" lon="3.166055599999993">
        <ele>65.49623632126097</ele>
        <time>2026-08-20T16:36:42.506Z</time>
      </trkpt>
      <trkpt lat="41.9673981" lon="3.1660235999999884">
        <ele>65.18375818866149</ele>
        <time>2026-08-20T16:36:44.562Z</time>
      </trkpt>
      <trkpt lat="41.967416" lon="3.1659583">
        <ele>64.72408695507438</ele>
        <time>2026-08-20T16:36:48.480Z</time>
      </trkpt>
      <trkpt lat="41.9674217" lon="3.165919400000007">
        <ele>64.5331737052376</ele>
        <time>2026-08-20T16:36:50.544Z</time>
      </trkpt>
      <trkpt lat="41.967423" lon="3.1658789999999897">
        <ele>64.40920660702075</ele>
        <time>2026-08-20T16:36:52.504Z</time>
      </trkpt>
      <trkpt lat="41.9674228" lon="3.1658406999999897">
        <ele>64.31432802807599</ele>
        <time>2026-08-20T16:36:54.560Z</time>
      </trkpt>
      <trkpt lat="41.9674255" lon="3.16580239999999">
        <ele>64.17472119915143</ele>
        <time>2026-08-20T16:36:56.544Z</time>
      </trkpt>
      <trkpt lat="41.9674268" lon="3.165756700000003">
        <ele>64.12140436033364</ele>
        <time>2026-08-20T16:36:58.703Z</time>
      </trkpt>
      <trkpt lat="41.9674241" lon="3.1657123999999897">
        <ele>64.17748974433317</ele>
        <time>2026-08-20T16:37:01.086Z</time>
      </trkpt>
      <trkpt lat="41.9674197" lon="3.1656691999999964">
        <ele>64.26175982197941</ele>
        <time>2026-08-20T16:37:03.102Z</time>
      </trkpt>
      <trkpt lat="41.9674151" lon="3.1656241000000023">
        <ele>64.35213801349192</ele>
        <time>2026-08-20T16:37:05.117Z</time>
      </trkpt>
      <trkpt lat="41.9674154" lon="3.165578900000014">
        <ele>64.36399924856302</ele>
        <time>2026-08-20T16:37:07.063Z</time>
      </trkpt>
      <trkpt lat="41.9674207" lon="3.165534000000008">
        <ele>64.29176824556077</ele>
        <time>2026-08-20T16:37:09.063Z</time>
      </trkpt>
      <trkpt lat="41.9674282" lon="3.165493099999992">
        <ele>64.33904602249454</ele>
        <time>2026-08-20T16:37:11.062Z</time>
      </trkpt>
      <trkpt lat="41.9674352" lon="3.1654505999999856">
        <ele>64.70619933224307</ele>
        <time>2026-08-20T16:37:13.063Z</time>
      </trkpt>
      <trkpt lat="41.9674376" lon="3.165412300000014">
        <ele>65.10423348913858</ele>
        <time>2026-08-20T16:37:15.063Z</time>
      </trkpt>
      <trkpt lat="41.9674364" lon="3.16536880000001">
        <ele>65.62022912973212</ele>
        <time>2026-08-20T16:37:17.063Z</time>
      </trkpt>
      <trkpt lat="41.9674447" lon="3.165325800000005">
        <ele>65.98235099994923</ele>
        <time>2026-08-20T16:37:19.062Z</time>
      </trkpt>
      <trkpt lat="41.9674568" lon="3.165283499999987">
        <ele>66.26460138802926</ele>
        <time>2026-08-20T16:37:21.063Z</time>
      </trkpt>
      <trkpt lat="41.9674705" lon="3.1652454999999975">
        <ele>66.35390874381761</ele>
        <time>2026-08-20T16:37:23.063Z</time>
      </trkpt>
      <trkpt lat="41.9674813" lon="3.1652098000000137">
        <ele>66.44585782629588</ele>
        <time>2026-08-20T16:37:24.980Z</time>
      </trkpt>
      <trkpt lat="41.9674918" lon="3.1651708999999926">
        <ele>66.55254980767062</ele>
        <time>2026-08-20T16:37:26.885Z</time>
      </trkpt>
      <trkpt lat="41.9675033" lon="3.1651309000000083">
        <ele>66.65309430443747</ele>
        <time>2026-08-20T16:37:28.941Z</time>
      </trkpt>
      <trkpt lat="41.9675133" lon="3.165091899999993">
        <ele>66.78919162942292</ele>
        <time>2026-08-20T16:37:30.924Z</time>
      </trkpt>
      <trkpt lat="41.9675215" lon="3.1650523000000135">
        <ele>66.9819065075452</ele>
        <time>2026-08-20T16:37:32.924Z</time>
      </trkpt>
      <trkpt lat="41.9675324" lon="3.1650069000000087">
        <ele>67.17528914881298</ele>
        <time>2026-08-20T16:37:34.900Z</time>
      </trkpt>
      <trkpt lat="41.9675417" lon="3.164973400000008">
        <ele>67.29493676910921</ele>
        <time>2026-08-20T16:37:36.901Z</time>
      </trkpt>
      <trkpt lat="41.9675524" lon="3.1649342999999988">
        <ele>67.29932224692679</ele>
        <time>2026-08-20T16:37:38.885Z</time>
      </trkpt>
      <trkpt lat="41.9675635" lon="3.164895400000006">
        <ele>67.13772644806227</ele>
        <time>2026-08-20T16:37:40.886Z</time>
      </trkpt>
      <trkpt lat="41.9675682" lon="3.164851199999987">
        <ele>67.14886824897833</ele>
        <time>2026-08-20T16:37:42.885Z</time>
      </trkpt>
      <trkpt lat="41.9675735" lon="3.1648144000000116">
        <ele>67.15169432850884</ele>
        <time>2026-08-20T16:37:44.861Z</time>
      </trkpt>
      <trkpt lat="41.9675807" lon="3.1647729999999967">
        <ele>67.1608947958827</ele>
        <time>2026-08-20T16:37:46.862Z</time>
      </trkpt>
      <trkpt lat="41.9675911" lon="3.1647250000000042">
        <ele>67.18513896890393</ele>
        <time>2026-08-20T16:37:48.822Z</time>
      </trkpt>
      <trkpt lat="41.9675995" lon="3.1646906">
        <ele>67.22395500564252</ele>
        <time>2026-08-20T16:37:50.782Z</time>
      </trkpt>
      <trkpt lat="41.9676077" lon="3.1646438999999873">
        <ele>67.14534181795621</ele>
        <time>2026-08-20T16:37:53.062Z</time>
      </trkpt>
      <trkpt lat="41.9675965" lon="3.1646084999999857">
        <ele>67.14995393430232</ele>
        <time>2026-08-20T16:37:55.071Z</time>
      </trkpt>
      <trkpt lat="41.9676314" lon="3.1645771999999965">
        <ele>66.7859061243198</ele>
        <time>2026-08-20T16:37:57.088Z</time>
      </trkpt>
      <trkpt lat="41.9676523" lon="3.1645382000000097">
        <ele>66.53638375547224</ele>
        <time>2026-08-20T16:37:59.063Z</time>
      </trkpt>
      <trkpt lat="41.9676481" lon="3.1644837999999993">
        <ele>66.45350216201905</ele>
        <time>2026-08-20T16:38:01.063Z</time>
      </trkpt>
      <trkpt lat="41.9676487" lon="3.164442600000001">
        <ele>66.36228176945205</ele>
        <time>2026-08-20T16:38:03.063Z</time>
      </trkpt>
      <trkpt lat="41.9676512" lon="3.164401599999991">
        <ele>66.25999832857839</ele>
        <time>2026-08-20T16:38:05.062Z</time>
      </trkpt>
      <trkpt lat="41.9676533" lon="3.164362000000011">
        <ele>65.92677479041306</ele>
        <time>2026-08-20T16:38:07.063Z</time>
      </trkpt>
      <trkpt lat="41.9676472" lon="3.164324399999998">
        <ele>65.62455373833025</ele>
        <time>2026-08-20T16:38:08.884Z</time>
      </trkpt>
      <trkpt lat="41.9676569" lon="3.1642961000000014">
        <ele>65.28511338706411</ele>
        <time>2026-08-20T16:38:10.700Z</time>
      </trkpt>
      <trkpt lat="41.9676607" lon="3.164257399999997">
        <ele>64.88847366478177</ele>
        <time>2026-08-20T16:38:12.685Z</time>
      </trkpt>
      <trkpt lat="41.9676656" lon="3.164221700000013">
        <ele>64.50356314017375</ele>
        <time>2026-08-20T16:38:14.603Z</time>
      </trkpt>
      <trkpt lat="41.9676593" lon="3.164180700000003">
        <ele>64.17954419608456</ele>
        <time>2026-08-20T16:38:16.620Z</time>
      </trkpt>
      <trkpt lat="41.9676596" lon="3.164142499999997">
        <ele>63.816718687804624</ele>
        <time>2026-08-20T16:38:18.580Z</time>
      </trkpt>
      <trkpt lat="41.967661" lon="3.1640939000000117">
        <ele>63.49825683911428</ele>
        <time>2026-08-20T16:38:20.603Z</time>
      </trkpt>
      <trkpt lat="41.9676622" lon="3.1640599000000122">
        <ele>63.39506786200277</ele>
        <time>2026-08-20T16:38:22.604Z</time>
      </trkpt>
      <trkpt lat="41.9676658" lon="3.1640180999999927">
        <ele>63.24374515832133</ele>
        <time>2026-08-20T16:38:25.062Z</time>
      </trkpt>
      <trkpt lat="41.9676699" lon="3.1639768999999944">
        <ele>63.08907721051554</ele>
        <time>2026-08-20T16:38:27.109Z</time>
      </trkpt>
      <trkpt lat="41.9676746" lon="3.1639458999999874">
        <ele>62.954843275415506</ele>
        <time>2026-08-20T16:38:29.063Z</time>
      </trkpt>
      <trkpt lat="41.9676767" lon="3.1639056999999866">
        <ele>62.8273280455834</ele>
        <time>2026-08-20T16:38:31.063Z</time>
      </trkpt>
      <trkpt lat="41.9676773" lon="3.163866000000013">
        <ele>62.7184223346723</ele>
        <time>2026-08-20T16:38:33.063Z</time>
      </trkpt>
      <trkpt lat="41.9676804" lon="3.163827700000013">
        <ele>62.58750597314669</ele>
        <time>2026-08-20T16:38:35.063Z</time>
      </trkpt>
      <trkpt lat="41.9676869" lon="3.163782200000014">
        <ele>62.40712490914205</ele>
        <time>2026-08-20T16:38:36.943Z</time>
      </trkpt>
      <trkpt lat="41.9676847" lon="3.1637369000000035">
        <ele>62.324011094264016</ele>
        <time>2026-08-20T16:38:39.094Z</time>
      </trkpt>
      <trkpt lat="41.9676898" lon="3.1636900000000026">
        <ele>62.15625848791812</ele>
        <time>2026-08-20T16:38:41.062Z</time>
      </trkpt>
      <trkpt lat="41.9676938" lon="3.1636396000000104">
        <ele>61.99263107600123</ele>
        <time>2026-08-20T16:38:43.063Z</time>
      </trkpt>
      <trkpt lat="41.9676958" lon="3.163601">
        <ele>61.879178484094645</ele>
        <time>2026-08-20T16:38:44.887Z</time>
      </trkpt>
      <trkpt lat="41.9676924" lon="3.16355200000001">
        <ele>61.77593899405666</ele>
        <time>2026-08-20T16:38:47.008Z</time>
      </trkpt>
      <trkpt lat="41.967693" lon="3.163507100000004">
        <ele>61.533584673677446</ele>
        <time>2026-08-20T16:38:48.840Z</time>
      </trkpt>
      <trkpt lat="41.9676906" lon="3.1634659000000056">
        <ele>61.34199657859888</ele>
        <time>2026-08-20T16:38:50.825Z</time>
      </trkpt>
      <trkpt lat="41.9676928" lon="3.163420400000007">
        <ele>61.08026449370423</ele>
        <time>2026-08-20T16:38:52.842Z</time>
      </trkpt>
      <trkpt lat="41.9676913" lon="3.163375599999995">
        <ele>60.85947764247566</ele>
        <time>2026-08-20T16:38:54.826Z</time>
      </trkpt>
      <trkpt lat="41.9676913" lon="3.163375599999995">
        <ele>60.85947764247566</ele>
        <time>2026-08-20T16:38:54.826Z</time>
      </trkpt>
      <trkpt lat="41.9676907" lon="3.1633772000000135">
        <ele>60.873726351556314</ele>
        <time>2026-08-20T16:38:56.704Z</time>
      </trkpt>
      <trkpt lat="41.9676801" lon="3.163318800000013">
        <ele>60.66475992830896</ele>
        <time>2026-08-20T16:38:58.721Z</time>
      </trkpt>
      <trkpt lat="41.967676" lon="3.1632875999999897">
        <ele>60.535398059154396</ele>
        <time>2026-08-20T16:39:00.586Z</time>
      </trkpt>
      <trkpt lat="41.967615" lon="3.1630819000000088">
        <ele>59.175020813135255</ele>
        <time>2026-08-20T16:39:02.627Z</time>
      </trkpt>
      <trkpt lat="41.967609" lon="3.1630389999999977">
        <ele>58.79702932156095</ele>
        <time>2026-08-20T16:39:04.483Z</time>
      </trkpt>
      <trkpt lat="41.9676007" lon="3.162998200000004">
        <ele>58.455470579956994</ele>
        <time>2026-08-20T16:39:06.484Z</time>
      </trkpt>
      <trkpt lat="41.9675969" lon="3.1629560000000083">
        <ele>58.18956709837727</ele>
        <time>2026-08-20T16:39:08.445Z</time>
      </trkpt>
      <trkpt lat="41.9675864" lon="3.1629173000000037">
        <ele>57.96238805090742</ele>
        <time>2026-08-20T16:39:10.765Z</time>
      </trkpt>
      <trkpt lat="41.9675751" lon="3.1628988999999876">
        <ele>57.8680198555398</ele>
        <time>2026-08-20T16:39:13.063Z</time>
      </trkpt>
      <trkpt lat="41.9675699" lon="3.162908399999992">
        <ele>57.946583178135825</ele>
        <time>2026-08-20T16:39:14.966Z</time>
      </trkpt>
      <trkpt lat="41.9675739" lon="3.1628848999999946">
        <ele>57.775574551391315</ele>
        <time>2026-08-20T16:39:16.885Z</time>
      </trkpt>
      <trkpt lat="41.9675728" lon="3.162823099999997">
        <ele>57.355927494591256</ele>
        <time>2026-08-20T16:39:18.845Z</time>
      </trkpt>
      <trkpt lat="41.9675799" lon="3.162783399999995">
        <ele>57.07380922620454</ele>
        <time>2026-08-20T16:39:20.804Z</time>
      </trkpt>
      <trkpt lat="41.9675868" lon="3.1627464999999972">
        <ele>56.81583775060497</ele>
        <time>2026-08-20T16:39:23.063Z</time>
      </trkpt>
      <trkpt lat="41.9675862" lon="3.1627196999999967">
        <ele>56.61008951584492</ele>
        <time>2026-08-20T16:39:25.020Z</time>
      </trkpt>
      <trkpt lat="41.96759" lon="3.1626865000000066">
        <ele>56.24143192866712</ele>
        <time>2026-08-20T16:39:27.062Z</time>
      </trkpt>
      <trkpt lat="41.9675963" lon="3.1626487000000054">
        <ele>55.813206226617005</ele>
        <time>2026-08-20T16:39:29.044Z</time>
      </trkpt>
      <trkpt lat="41.9675965" lon="3.162648399999995">
        <ele>55.809465673181</ele>
        <time>2026-08-20T16:39:29.064Z</time>
      </trkpt>
      <trkpt lat="41.9675965" lon="3.162648399999995">
        <ele>55.809465673181</ele>
        <time>2026-08-20T16:39:29.064Z</time>
      </trkpt>
      <trkpt lat="41.9675981" lon="3.1626489999999876">
        <ele>55.81276294723484</ele>
        <time>2026-08-20T16:39:31.035Z</time>
      </trkpt>
      <trkpt lat="41.9676044" lon="3.1626328000000115">
        <ele>55.61841481141262</ele>
        <time>2026-08-20T16:39:32.970Z</time>
      </trkpt>
      <trkpt lat="41.9676078" lon="3.1625688999999966">
        <ele>54.89281264271303</ele>
        <time>2026-08-20T16:39:35.063Z</time>
      </trkpt>
      <trkpt lat="41.9676075" lon="3.162520900000004">
        <ele>54.35485839309947</ele>
        <time>2026-08-20T16:39:36.871Z</time>
      </trkpt>
      <trkpt lat="41.9676122" lon="3.162462299999987">
        <ele>53.67465881600232</ele>
        <time>2026-08-20T16:39:39.063Z</time>
      </trkpt>
      <trkpt lat="41.9676084" lon="3.162407099999996">
        <ele>53.44379543458452</ele>
        <time>2026-08-20T16:39:41.063Z</time>
      </trkpt>
      <trkpt lat="41.967609" lon="3.1623600000000067">
        <ele>53.34264944969606</ele>
        <time>2026-08-20T16:39:43.114Z</time>
      </trkpt>
      <trkpt lat="41.9676082" lon="3.1623121000000083">
        <ele>53.24252233485722</ele>
        <time>2026-08-20T16:39:45.063Z</time>
      </trkpt>
      <trkpt lat="41.9676099" lon="3.162278100000009">
        <ele>53.17097662939464</ele>
        <time>2026-08-20T16:39:47.063Z</time>
      </trkpt>
      <trkpt lat="41.9676121" lon="3.162252599999988">
        <ele>53.12087959629951</ele>
        <time>2026-08-20T16:39:49.075Z</time>
      </trkpt>
      <trkpt lat="41.9676162" lon="3.162220899999994">
        <ele>53.06664232945646</ele>
        <time>2026-08-20T16:39:51.034Z</time>
      </trkpt>
      <trkpt lat="41.96762" lon="3.1621815000000026">
        <ele>53.00617966350641</ele>
        <time>2026-08-20T16:39:52.952Z</time>
      </trkpt>
      <trkpt lat="41.9676235" lon="3.162137599999994">
        <ele>52.94475576629334</ele>
        <time>2026-08-20T16:39:54.855Z</time>
      </trkpt>
      <trkpt lat="41.9676252" lon="3.1620947000000115">
        <ele>52.878395923215784</ele>
        <time>2026-08-20T16:39:56.870Z</time>
      </trkpt>
      <trkpt lat="41.9676325" lon="3.1620632000000057">
        <ele>52.851125370646486</ele>
        <time>2026-08-20T16:39:58.836Z</time>
      </trkpt>
      <trkpt lat="41.9676461" lon="3.1620305000000144">
        <ele>52.84254241827303</ele>
        <time>2026-08-20T16:40:00.756Z</time>
      </trkpt>
      <trkpt lat="41.9676567" lon="3.161979400000007">
        <ele>52.78847525665138</ele>
        <time>2026-08-20T16:40:03.102Z</time>
      </trkpt>
      <trkpt lat="41.9676652" lon="3.1619375999999875">
        <ele>52.74148220177384</ele>
        <time>2026-08-20T16:40:05.118Z</time>
      </trkpt>
      <trkpt lat="41.9676674" lon="3.1618900999999937">
        <ele>52.6588162871832</ele>
        <time>2026-08-20T16:40:07.063Z</time>
      </trkpt>
      <trkpt lat="41.9676607" lon="3.1618467000000123">
        <ele>52.45152095524518</ele>
        <time>2026-08-20T16:40:09.063Z</time>
      </trkpt>
      <trkpt lat="41.9676601" lon="3.161812700000013">
        <ele>52.304291691936</ele>
        <time>2026-08-20T16:40:11.063Z</time>
      </trkpt>
      <trkpt lat="41.9676598" lon="3.161778400000003">
        <ele>52.15683117229118</ele>
        <time>2026-08-20T16:40:13.071Z</time>
      </trkpt>
      <trkpt lat="41.9676619" lon="3.1617410000000064">
        <ele>51.997754435198</ele>
        <time>2026-08-20T16:40:15.063Z</time>
      </trkpt>
      <trkpt lat="41.9676571" lon="3.1617042999999967">
        <ele>51.83964922203903</ele>
        <time>2026-08-20T16:40:17.062Z</time>
      </trkpt>
      <trkpt lat="41.9676567" lon="3.161668999999989">
        <ele>51.69034364792534</ele>
        <time>2026-08-20T16:40:19.063Z</time>
      </trkpt>
      <trkpt lat="41.9676579" lon="3.1616434000000027">
        <ele>51.58068243866684</ele>
        <time>2026-08-20T16:40:21.063Z</time>
      </trkpt>
      <trkpt lat="41.9676538" lon="3.161625100000009">
        <ele>51.50880767641941</ele>
        <time>2026-08-20T16:40:23.063Z</time>
      </trkpt>
      <trkpt lat="41.9676612" lon="3.161603200000002">
        <ele>51.38789559108547</ele>
        <time>2026-08-20T16:40:25.063Z</time>
      </trkpt>
      <trkpt lat="41.9676619" lon="3.1615724000000114">
        <ele>51.2054542018235</ele>
        <time>2026-08-20T16:40:27.071Z</time>
      </trkpt>
      <trkpt lat="41.9676623" lon="3.1615429000000006">
        <ele>51.030849227794015</ele>
        <time>2026-08-20T16:40:29.087Z</time>
      </trkpt>
      <trkpt lat="41.9676676" lon="3.1615104999999915">
        <ele>50.8234608968994</ele>
        <time>2026-08-20T16:40:31.102Z</time>
      </trkpt>
      <trkpt lat="41.967674" lon="3.1614759999999933">
        <ele>50.59442513578937</ele>
        <time>2026-08-20T16:40:33.063Z</time>
      </trkpt>
      <trkpt lat="41.9676781" lon="3.1614389000000074">
        <ele>50.352599766966506</ele>
        <time>2026-08-20T16:40:35.063Z</time>
      </trkpt>
      <trkpt lat="41.9676813" lon="3.1614020000000096">
        <ele>50.11184220748844</ele>
        <time>2026-08-20T16:40:37.096Z</time>
      </trkpt>
      <trkpt lat="41.9676858" lon="3.161361900000003">
        <ele>49.840934888920344</ele>
        <time>2026-08-20T16:40:39.063Z</time>
      </trkpt>
      <trkpt lat="41.9676872" lon="3.1613232999999923">
        <ele>49.61237096978541</ele>
        <time>2026-08-20T16:40:40.974Z</time>
      </trkpt>
      <trkpt lat="41.967696" lon="3.1612804000000096">
        <ele>49.379658911903164</ele>
        <time>2026-08-20T16:40:42.990Z</time>
      </trkpt>
      <trkpt lat="41.9676982" lon="3.1612432000000013">
        <ele>49.211646712861025</ele>
        <time>2026-08-20T16:40:44.853Z</time>
      </trkpt>
      <trkpt lat="41.9676956" lon="3.1611963999999944">
        <ele>49.01691089167953</ele>
        <time>2026-08-20T16:40:47.113Z</time>
      </trkpt>
      <trkpt lat="41.967687" lon="3.1611627999999996">
        <ele>48.87999985911464</ele>
        <time>2026-08-20T16:40:49.063Z</time>
      </trkpt>
      <trkpt lat="41.9676844" lon="3.1611244999999997">
        <ele>48.70497925874116</ele>
        <time>2026-08-20T16:40:51.063Z</time>
      </trkpt>
      <trkpt lat="41.9676859" lon="3.1610833999999954">
        <ele>48.515947676430315</ele>
        <time>2026-08-20T16:40:53.074Z</time>
      </trkpt>
      <trkpt lat="41.9677035" lon="3.1610429000000124">
        <ele>48.33580809238514</ele>
        <time>2026-08-20T16:40:55.114Z</time>
      </trkpt>
      <trkpt lat="41.9677119" lon="3.1610072999999943">
        <ele>48.11996401258336</ele>
        <time>2026-08-20T16:40:56.993Z</time>
      </trkpt>
      <trkpt lat="41.9677147" lon="3.160972700000002">
        <ele>47.89978408287779</ele>
        <time>2026-08-20T16:40:58.937Z</time>
      </trkpt>
      <trkpt lat="41.9677162" lon="3.160936300000003">
        <ele>47.66533580237714</ele>
        <time>2026-08-20T16:41:00.936Z</time>
      </trkpt>
      <trkpt lat="41.9677206" lon="3.1608996999999874">
        <ele>47.43174829358735</ele>
        <time>2026-08-20T16:41:02.855Z</time>
      </trkpt>
      <trkpt lat="41.9677245" lon="3.1608598999999913">
        <ele>47.175083351685906</ele>
        <time>2026-08-20T16:41:04.855Z</time>
      </trkpt>
      <trkpt lat="41.967726" lon="3.1608209999999985">
        <ele>46.9213739169432</ele>
        <time>2026-08-20T16:41:06.775Z</time>
      </trkpt>
      <trkpt lat="41.9677276" lon="3.160780299999999">
        <ele>46.65524846122791</ele>
        <time>2026-08-20T16:41:08.734Z</time>
      </trkpt>
      <trkpt lat="41.9677316" lon="3.1607372">
        <ele>46.376787387976975</ele>
        <time>2026-08-20T16:41:10.693Z</time>
      </trkpt>
      <trkpt lat="41.9677326" lon="3.1607011000000114">
        <ele>46.143004432531875</ele>
        <time>2026-08-20T16:41:12.695Z</time>
      </trkpt>
      <trkpt lat="41.967735" lon="3.160660699999994">
        <ele>45.88392261050001</ele>
        <time>2026-08-20T16:41:14.655Z</time>
      </trkpt>
      <trkpt lat="41.9677401" lon="3.1606160000000045">
        <ele>45.60390142749956</ele>
        <time>2026-08-20T16:41:16.551Z</time>
      </trkpt>
      <trkpt lat="41.9677441" lon="3.1605764999999906">
        <ele>45.3588309270763</ele>
        <time>2026-08-20T16:41:18.535Z</time>
      </trkpt>
      <trkpt lat="41.9677502" lon="3.1605342000000007">
        <ele>45.10413472950084</ele>
        <time>2026-08-20T16:41:20.495Z</time>
      </trkpt>
      <trkpt lat="41.9677575" lon="3.1604852000000108">
        <ele>44.821398305469316</ele>
        <time>2026-08-20T16:41:22.415Z</time>
      </trkpt>
      <trkpt lat="41.9677627" lon="3.1604495999999926">
        <ele>44.627682245035814</ele>
        <time>2026-08-20T16:41:24.350Z</time>
      </trkpt>
      <trkpt lat="41.9677696" lon="3.1604043000000104">
        <ele>44.38485276730429</ele>
        <time>2026-08-20T16:41:26.316Z</time>
      </trkpt>
      <trkpt lat="41.9677764" lon="3.1603522999999996">
        <ele>44.10603960276867</ele>
        <time>2026-08-20T16:41:28.236Z</time>
      </trkpt>
      <trkpt lat="41.9677806" lon="3.160318700000005">
        <ele>43.92707767038581</ele>
        <time>2026-08-20T16:41:30.171Z</time>
      </trkpt>
      <trkpt lat="41.9677824" lon="3.1602770000000078">
        <ele>43.69347566601821</ele>
        <time>2026-08-20T16:41:32.073Z</time>
      </trkpt>
      <trkpt lat="41.9677794" lon="3.1602344000000073">
        <ele>43.435426761135275</ele>
        <time>2026-08-20T16:41:34.072Z</time>
      </trkpt>
      <trkpt lat="41.9677769" lon="3.160192099999989">
        <ele>43.24506824025432</ele>
        <time>2026-08-20T16:41:35.896Z</time>
      </trkpt>
      <trkpt lat="41.9677762" lon="3.1601520000000107">
        <ele>43.09597499415253</ele>
        <time>2026-08-20T16:41:37.832Z</time>
      </trkpt>
      <trkpt lat="41.9677809" lon="3.160108500000007">
        <ele>42.95303675123659</ele>
        <time>2026-08-20T16:41:39.790Z</time>
      </trkpt>
      <trkpt lat="41.9677859" lon="3.1600677000000132">
        <ele>42.817895966770465</ele>
        <time>2026-08-20T16:41:41.655Z</time>
      </trkpt>
      <trkpt lat="41.9677935" lon="3.160025100000013">
        <ele>42.679872769080774</ele>
        <time>2026-08-20T16:41:43.653Z</time>
      </trkpt>
      <trkpt lat="41.9678037" lon="3.1599874999999997">
        <ele>42.56233509038831</ele>
        <time>2026-08-20T16:41:45.555Z</time>
      </trkpt>
      <trkpt lat="41.9678092" lon="3.159952500000003">
        <ele>42.43901929268951</ele>
        <time>2026-08-20T16:41:47.404Z</time>
      </trkpt>
      <trkpt lat="41.9678112" lon="3.1599032000000022">
        <ele>42.404839967737736</ele>
        <time>2026-08-20T16:41:49.592Z</time>
      </trkpt>
      <trkpt lat="41.9678154" lon="3.1598684999999875">
        <ele>42.40588133034582</ele>
        <time>2026-08-20T16:41:51.574Z</time>
      </trkpt>
      <trkpt lat="41.9678215" lon="3.1598338999999953">
        <ele>42.40752624831276</ele>
        <time>2026-08-20T16:41:53.517Z</time>
      </trkpt>
      <trkpt lat="41.9678252" lon="3.1598041000000023">
        <ele>42.40489264189275</ele>
        <time>2026-08-20T16:41:55.475Z</time>
      </trkpt>
      <trkpt lat="41.9678311" lon="3.159771400000011">
        <ele>42.401983360750684</ele>
        <time>2026-08-20T16:41:57.369Z</time>
      </trkpt>
      <trkpt lat="41.9678395" lon="3.1597314999999924">
        <ele>42.39569182927003</ele>
        <time>2026-08-20T16:41:59.391Z</time>
      </trkpt>
      <trkpt lat="41.967848" lon="3.1596959000000027">
        <ele>42.386677171400606</ele>
        <time>2026-08-20T16:42:01.336Z</time>
      </trkpt>
      <trkpt lat="41.967857" lon="3.1596599000000083">
        <ele>42.492611480727646</ele>
        <time>2026-08-20T16:42:03.254Z</time>
      </trkpt>
      <trkpt lat="41.9678672" lon="3.1596251999999936">
        <ele>43.12322998482049</ele>
        <time>2026-08-20T16:42:05.121Z</time>
      </trkpt>
      <trkpt lat="41.9678794" lon="3.1595938000000103">
        <ele>43.67262249896268</ele>
        <time>2026-08-20T16:42:07.062Z</time>
      </trkpt>
      <trkpt lat="41.9678843" lon="3.159568799999988">
        <ele>44.106931841036776</ele>
        <time>2026-08-20T16:42:08.929Z</time>
      </trkpt>
      <trkpt lat="41.9678934" lon="3.1595385999999905">
        <ele>44.61282118334751</ele>
        <time>2026-08-20T16:42:10.835Z</time>
      </trkpt>
      <trkpt lat="41.9679081" lon="3.159499699999998">
        <ele>45.23044892823248</ele>
        <time>2026-08-20T16:42:12.850Z</time>
      </trkpt>
      <trkpt lat="41.9679272" lon="3.1594506000000138">
        <ele>45.963730749742766</ele>
        <time>2026-08-20T16:42:14.769Z</time>
      </trkpt>
      <trkpt lat="41.9679418" lon="3.1594063999999946">
        <ele>46.59862406272381</ele>
        <time>2026-08-20T16:42:16.712Z</time>
      </trkpt>
      <trkpt lat="41.9679738" lon="3.15934519999999">
        <ele>47.046861899779714</ele>
        <time>2026-08-20T16:42:18.576Z</time>
      </trkpt>
      <trkpt lat="41.967998" lon="3.159270300000003">
        <ele>47.562457421722165</ele>
        <time>2026-08-20T16:42:21.070Z</time>
      </trkpt>
      <trkpt lat="41.9680089" lon="3.1592324000000076">
        <ele>47.84283196587688</ele>
        <time>2026-08-20T16:42:22.996Z</time>
      </trkpt>
      <trkpt lat="41.9680267" lon="3.1591859000000113">
        <ele>48.09669522382995</ele>
        <time>2026-08-20T16:42:24.932Z</time>
      </trkpt>
      <trkpt lat="41.9680453" lon="3.159154099999995">
        <ele>48.19449632571161</ele>
        <time>2026-08-20T16:42:26.875Z</time>
      </trkpt>
      <trkpt lat="41.9680615" lon="3.1591205">
        <ele>48.33073191839695</ele>
        <time>2026-08-20T16:42:28.793Z</time>
      </trkpt>
      <trkpt lat="41.9680775" lon="3.1590884000000017">
        <ele>48.48431095949651</ele>
        <time>2026-08-20T16:42:30.712Z</time>
      </trkpt>
      <trkpt lat="41.9680928" lon="3.159053599999993">
        <ele>48.67161532049698</ele>
        <time>2026-08-20T16:42:32.654Z</time>
      </trkpt>
      <trkpt lat="41.9681085" lon="3.159018000000003">
        <ele>48.840709522955684</ele>
        <time>2026-08-20T16:42:34.677Z</time>
      </trkpt>
      <trkpt lat="41.968123" lon="3.1589844000000085">
        <ele>48.98403836877878</ele>
        <time>2026-08-20T16:42:36.636Z</time>
      </trkpt>
      <trkpt lat="41.9681365" lon="3.1589534999999955">
        <ele>49.096490263232674</ele>
        <time>2026-08-20T16:42:38.594Z</time>
      </trkpt>
      <trkpt lat="41.9681588" lon="3.158928500000002">
        <ele>49.0147660527055</ele>
        <time>2026-08-20T16:42:40.609Z</time>
      </trkpt>
      <trkpt lat="41.9681756" lon="3.158891799999992">
        <ele>49.0911375635129</ele>
        <time>2026-08-20T16:42:42.616Z</time>
      </trkpt>
      <trkpt lat="41.9681911" lon="3.1588594000000114">
        <ele>49.127821406883285</ele>
        <time>2026-08-20T16:42:44.575Z</time>
      </trkpt>
      <trkpt lat="41.9681982" lon="3.1588477999999895">
        <ele>49.111726308014596</ele>
        <time>2026-08-20T16:42:46.572Z</time>
      </trkpt>
      <trkpt lat="41.9681788" lon="3.1588819000000115">
        <ele>49.127567666130616</ele>
        <time>2026-08-20T16:42:48.932Z</time>
      </trkpt>
      <trkpt lat="41.9681793" lon="3.1588792999999953">
        <ele>49.142063043491056</ele>
        <time>2026-08-20T16:42:50.874Z</time>
      </trkpt>
      <trkpt lat="41.968203" lon="3.158834200000001">
        <ele>49.14502594348848</ele>
        <time>2026-08-20T16:42:52.795Z</time>
      </trkpt>
      <trkpt lat="41.968221" lon="3.1587982000000068">
        <ele>49.218710000496095</ele>
        <time>2026-08-20T16:42:54.811Z</time>
      </trkpt>
      <trkpt lat="41.9682388" lon="3.1587711999999897">
        <ele>49.20794898793926</ele>
        <time>2026-08-20T16:42:56.715Z</time>
      </trkpt>
      <trkpt lat="41.9682614" lon="3.1587394000000018">
        <ele>49.167484254129576</ele>
        <time>2026-08-20T16:42:58.690Z</time>
      </trkpt>
      <trkpt lat="41.9682714" lon="3.15871580000001">
        <ele>49.24590046102684</ele>
        <time>2026-08-20T16:43:00.553Z</time>
      </trkpt>
      <trkpt lat="41.9682914" lon="3.1586815">
        <ele>49.27426668777617</ele>
        <time>2026-08-20T16:43:03.062Z</time>
      </trkpt>
      <trkpt lat="41.9683081" lon="3.158650200000011">
        <ele>49.329579992442504</ele>
        <time>2026-08-20T16:43:05.062Z</time>
      </trkpt>
      <trkpt lat="41.9683255" lon="3.1586183999999946">
        <ele>49.337369164721366</ele>
        <time>2026-08-20T16:43:07.062Z</time>
      </trkpt>
      <trkpt lat="41.9683435" lon="3.158589400000011">
        <ele>49.269271544730124</ele>
        <time>2026-08-20T16:43:08.994Z</time>
      </trkpt>
      <trkpt lat="41.9683609" lon="3.1585562999999865">
        <ele>49.20274933879328</ele>
        <time>2026-08-20T16:43:10.937Z</time>
      </trkpt>
      <trkpt lat="41.9683799" lon="3.1585231999999905">
        <ele>49.06407235900086</ele>
        <time>2026-08-20T16:43:12.992Z</time>
      </trkpt>
      <trkpt lat="41.9683997" lon="3.158497699999998">
        <ele>48.85682641030967</ele>
        <time>2026-08-20T16:43:14.860Z</time>
      </trkpt>
      <trkpt lat="41.9684263" lon="3.158463100000006">
        <ele>48.581073389650484</ele>
        <time>2026-08-20T16:43:16.975Z</time>
      </trkpt>
      <trkpt lat="41.9684494" lon="3.158432099999999">
        <ele>48.34842274971133</ele>
        <time>2026-08-20T16:43:19.054Z</time>
      </trkpt>
      <trkpt lat="41.9684713" lon="3.158396500000009">
        <ele>48.170592422869944</ele>
        <time>2026-08-20T16:43:21.014Z</time>
      </trkpt>
      <trkpt lat="41.9684923" lon="3.1583650000000034">
        <ele>47.982334326878835</ele>
        <time>2026-08-20T16:43:23.053Z</time>
      </trkpt>
      <trkpt lat="41.9685111" lon="3.1583281999999997">
        <ele>47.87290008394675</ele>
        <time>2026-08-20T16:43:24.997Z</time>
      </trkpt>
      <trkpt lat="41.968532" lon="3.158287400000006">
        <ele>47.750821573442764</ele>
        <time>2026-08-20T16:43:27.064Z</time>
      </trkpt>
      <trkpt lat="41.9685474" lon="3.1582558000000063">
        <ele>47.612511807108085</ele>
        <time>2026-08-20T16:43:28.875Z</time>
      </trkpt>
      <trkpt lat="41.9685651" lon="3.1582262000000014">
        <ele>47.393611331123964</ele>
        <time>2026-08-20T16:43:30.982Z</time>
      </trkpt>
      <trkpt lat="41.96859" lon="3.158185099999997">
        <ele>47.11447896194812</ele>
        <time>2026-08-20T16:43:33.109Z</time>
      </trkpt>
      <trkpt lat="41.9686091" lon="3.1581501000000003">
        <ele>46.943491447851784</ele>
        <time>2026-08-20T16:43:35.032Z</time>
      </trkpt>
      <trkpt lat="41.9686417" lon="3.1581171999999924">
        <ele>46.564656587707866</ele>
        <time>2026-08-20T16:43:37.062Z</time>
      </trkpt>
      <trkpt lat="41.9686605" lon="3.1580848000000117">
        <ele>46.4416488471297</ele>
        <time>2026-08-20T16:43:39.062Z</time>
      </trkpt>
      <trkpt lat="41.9686796" lon="3.1580559999999878">
        <ele>46.314905076448376</ele>
        <time>2026-08-20T16:43:40.933Z</time>
      </trkpt>
      <trkpt lat="41.9687025" lon="3.158025500000008">
        <ele>46.1637728115854</ele>
        <time>2026-08-20T16:43:42.932Z</time>
      </trkpt>
      <trkpt lat="41.9687266" lon="3.158007099999992">
        <ele>45.93726614770429</ele>
        <time>2026-08-20T16:43:45.012Z</time>
      </trkpt>
      <trkpt lat="41.9687348" lon="3.157947799999988">
        <ele>45.908622055174796</ele>
        <time>2026-08-20T16:43:47.062Z</time>
      </trkpt>
      <trkpt lat="41.9687435" lon="3.15790530000001">
        <ele>45.80262732590053</ele>
        <time>2026-08-20T16:43:49.120Z</time>
      </trkpt>
      <trkpt lat="41.9687581" lon="3.1578634999999906">
        <ele>45.61527010487551</ele>
        <time>2026-08-20T16:43:51.062Z</time>
      </trkpt>
      <trkpt lat="41.9687732" lon="3.157826199999988">
        <ele>45.42112655358236</ele>
        <time>2026-08-20T16:43:53.062Z</time>
      </trkpt>
      <trkpt lat="41.9687883" lon="3.1577945999999883">
        <ele>45.22628235585099</ele>
        <time>2026-08-20T16:43:54.995Z</time>
      </trkpt>
      <trkpt lat="41.9688043" lon="3.1577609999999936">
        <ele>45.0217411173882</ele>
        <time>2026-08-20T16:43:56.915Z</time>
      </trkpt>
      <trkpt lat="41.968818" lon="3.1577211000000034">
        <ele>44.854007946201975</ele>
        <time>2026-08-20T16:43:58.954Z</time>
      </trkpt>
      <trkpt lat="41.9688345" lon="3.1576819">
        <ele>44.61730249544048</ele>
        <time>2026-08-20T16:44:00.971Z</time>
      </trkpt>
      <trkpt lat="41.9688509" lon="3.1576503000000002">
        <ele>44.38042448198339</ele>
        <time>2026-08-20T16:44:02.781Z</time>
      </trkpt>
      <trkpt lat="41.9688687" lon="3.1576001999999903">
        <ele>44.164522371289316</ele>
        <time>2026-08-20T16:44:05.062Z</time>
      </trkpt>
      <trkpt lat="41.9688832" lon="3.1575679000000036">
        <ele>43.985037070804395</ele>
        <time>2026-08-20T16:44:06.929Z</time>
      </trkpt>
      <trkpt lat="41.9688984" lon="3.1575247000000104">
        <ele>43.777031284660126</ele>
        <time>2026-08-20T16:44:08.914Z</time>
      </trkpt>
      <trkpt lat="41.9689163" lon="3.157498000000004">
        <ele>43.54808230931506</ele>
        <time>2026-08-20T16:44:10.729Z</time>
      </trkpt>
      <trkpt lat="41.9689275" lon="3.1574592999999993">
        <ele>43.369476545753386</ele>
        <time>2026-08-20T16:44:12.976Z</time>
      </trkpt>
      <trkpt lat="41.9689361" lon="3.157423300000005">
        <ele>43.23609088156805</ele>
        <time>2026-08-20T16:44:15.072Z</time>
      </trkpt>
      <trkpt lat="41.9689442" lon="3.157394399999987">
        <ele>43.1230245003243</ele>
        <time>2026-08-20T16:44:17.062Z</time>
      </trkpt>
      <trkpt lat="41.9689508" lon="3.1573650999999927">
        <ele>43.0210281228558</ele>
        <time>2026-08-20T16:44:19.061Z</time>
      </trkpt>
      <trkpt lat="41.9689556" lon="3.157343999999995">
        <ele>42.94284735466528</ele>
        <time>2026-08-20T16:44:21.061Z</time>
      </trkpt>
      <trkpt lat="41.9689547" lon="3.1573459999999898">
        <ele>42.95630066657419</ele>
        <time>2026-08-20T16:44:23.064Z</time>
      </trkpt>
      <trkpt lat="41.96896" lon="3.157333399999999">
        <ele>42.87549527838468</ele>
        <time>2026-08-20T16:44:25.079Z</time>
      </trkpt>
      <trkpt lat="41.9689647" lon="3.1573166000000015">
        <ele>42.79673169598975</ele>
        <time>2026-08-20T16:44:27.094Z</time>
      </trkpt>
      <trkpt lat="41.9689672" lon="3.1573080000000004">
        <ele>42.75405844505088</ele>
        <time>2026-08-20T16:44:29.076Z</time>
      </trkpt>
      <trkpt lat="41.9689682" lon="3.157305600000001">
        <ele>42.73780486683196</ele>
        <time>2026-08-20T16:44:31.090Z</time>
      </trkpt>
      <trkpt lat="41.9689681" lon="3.1573028999999906">
        <ele>42.73654984995512</ele>
        <time>2026-08-20T16:44:33.065Z</time>
      </trkpt>
      <trkpt lat="41.9689685" lon="3.157302299999998">
        <ele>42.730364153019536</ele>
        <time>2026-08-20T16:44:35.079Z</time>
      </trkpt>
      <trkpt lat="41.9689694" lon="3.1573021000000097">
        <ele>42.7175700053482</ele>
        <time>2026-08-20T16:44:37.094Z</time>
      </trkpt>
      <trkpt lat="41.9689697" lon="3.157301799999999">
        <ele>42.713068627730934</ele>
        <time>2026-08-20T16:44:39.107Z</time>
      </trkpt>
      <trkpt lat="41.9689698" lon="3.157302299999998">
        <ele>42.71217354530773</ele>
        <time>2026-08-20T16:44:41.061Z</time>
      </trkpt>
      <trkpt lat="41.9689699" lon="3.157301899999993">
        <ele>42.71036954117912</ele>
        <time>2026-08-20T16:44:43.080Z</time>
      </trkpt>
      <trkpt lat="41.96897" lon="3.157301899999993">
        <ele>42.70896957834247</ele>
        <time>2026-08-20T16:44:45.062Z</time>
      </trkpt>
      <trkpt lat="41.96897" lon="3.157301600000011">
        <ele>42.70866551934081</ele>
        <time>2026-08-20T16:44:47.061Z</time>
      </trkpt>
      <trkpt lat="41.96897" lon="3.1573014999999884">
        <ele>42.70856416634058</ele>
        <time>2026-08-20T16:44:49.062Z</time>
      </trkpt>
      <trkpt lat="41.9689702" lon="3.157301600000011">
        <ele>42.705864565710016</ele>
        <time>2026-08-20T16:44:51.062Z</time>
      </trkpt>
      <trkpt lat="41.9689702" lon="3.157301700000005">
        <ele>42.70596626136326</ele>
        <time>2026-08-20T16:44:53.062Z</time>
      </trkpt>
      <trkpt lat="41.9689703" lon="3.1573013000000003">
        <ele>42.70415848795713</ele>
        <time>2026-08-20T16:44:55.075Z</time>
      </trkpt>
      <trkpt lat="41.9689703" lon="3.1573014999999884">
        <ele>42.70436222191564</ele>
        <time>2026-08-20T16:44:57.062Z</time>
      </trkpt>
      <trkpt lat="41.9689704" lon="3.157301100000012">
        <ele>42.70255342055239</ele>
        <time>2026-08-20T16:44:59.072Z</time>
      </trkpt>
      <trkpt lat="41.9689704" lon="3.1573012000000062">
        <ele>42.70265545885766</ele>
        <time>2026-08-20T16:45:01.062Z</time>
      </trkpt>
      <trkpt lat="41.9689704" lon="3.1573008999999956">
        <ele>42.702349343941364</ele>
        <time>2026-08-20T16:45:03.084Z</time>
      </trkpt>
      <trkpt lat="41.9689704" lon="3.1573009999999897">
        <ele>42.702451382246664</ele>
        <time>2026-08-20T16:45:05.098Z</time>
      </trkpt>
      <trkpt lat="41.9689706" lon="3.1573009999999897">
        <ele>42.69964837280039</ele>
        <time>2026-08-20T16:45:07.113Z</time>
      </trkpt>
      <trkpt lat="41.9689699" lon="3.157301100000012">
        <ele>42.709560087785846</ele>
        <time>2026-08-20T16:45:09.062Z</time>
      </trkpt>
      <trkpt lat="41.9689696" lon="3.1573027000000025">
        <ele>42.71537477115227</ele>
        <time>2026-08-20T16:45:11.061Z</time>
      </trkpt>
      <trkpt lat="41.9689695" lon="3.1573025000000143">
        <ele>42.71657237064085</ele>
        <time>2026-08-20T16:45:13.062Z</time>
      </trkpt>
      <trkpt lat="41.9689695" lon="3.157300499999991">
        <ele>42.71456244325782</ele>
        <time>2026-08-20T16:45:15.062Z</time>
      </trkpt>
      <trkpt lat="41.9689698" lon="3.1572989999999947">
        <ele>42.708840203826696</ele>
        <time>2026-08-20T16:45:17.073Z</time>
      </trkpt>
      <trkpt lat="41.968969" lon="3.157296699999989">
        <ele>42.71778794014065</ele>
        <time>2026-08-20T16:45:19.063Z</time>
      </trkpt>
      <trkpt lat="41.9689693" lon="3.1572946">
        <ele>42.711458096785904</ele>
        <time>2026-08-20T16:45:21.062Z</time>
      </trkpt>
      <trkpt lat="41.9689696" lon="3.1572941999999955">
        <ele>42.70681801704374</ele>
        <time>2026-08-20T16:45:23.133Z</time>
      </trkpt>
      <trkpt lat="41.9689696" lon="3.1572936999999968">
        <ele>42.706314678566706</ele>
        <time>2026-08-20T16:45:25.093Z</time>
      </trkpt>
      <trkpt lat="41.9689691" lon="3.1572928999999874">
        <ele>42.712586247902124</ele>
        <time>2026-08-20T16:45:27.108Z</time>
      </trkpt>
      <trkpt lat="41.9689693" lon="3.15729300000001">
        <ele>42.70985563731991</ele>
        <time>2026-08-20T16:45:29.123Z</time>
      </trkpt>
      <trkpt lat="41.9689695" lon="3.157293199999998">
        <ele>42.70722620831068</ele>
        <time>2026-08-20T16:45:31.081Z</time>
      </trkpt>
      <trkpt lat="41.9689697" lon="3.157293199999998">
        <ele>42.70439647186855</ele>
        <time>2026-08-20T16:45:33.096Z</time>
      </trkpt>
      <trkpt lat="41.9689699" lon="3.157293199999998">
        <ele>42.70156673552698</ele>
        <time>2026-08-20T16:45:35.111Z</time>
      </trkpt>
      <trkpt lat="41.9689699" lon="3.1572935000000086">
        <ele>42.701870280549855</ele>
        <time>2026-08-20T16:45:37.062Z</time>
      </trkpt>
      <trkpt lat="41.9689699" lon="3.1572936999999968">
        <ele>42.70207264389785</ele>
        <time>2026-08-20T16:45:39.062Z</time>
      </trkpt>
      <trkpt lat="41.96897" lon="3.1572935000000086">
        <ele>42.70045592630754</ele>
        <time>2026-08-20T16:45:41.066Z</time>
      </trkpt>
      <trkpt lat="41.9689701" lon="3.1572936000000027">
        <ele>42.6991430963918</ele>
        <time>2026-08-20T16:45:42.955Z</time>
      </trkpt>
      <trkpt lat="41.968977" lon="3.1572946">
        <ele>42.6026979346744</ele>
        <time>2026-08-20T16:45:45.070Z</time>
      </trkpt>
      <trkpt lat="41.969007" lon="3.157260000000008">
        <ele>42.12195571822759</ele>
        <time>2026-08-20T16:45:47.062Z</time>
      </trkpt>
      <trkpt lat="41.9690251" lon="3.157219099999992">
        <ele>41.77550594486943</ele>
        <time>2026-08-20T16:45:49.062Z</time>
      </trkpt>
      <trkpt lat="41.9690453" lon="3.1571798999999885">
        <ele>41.37375633591261</ele>
        <time>2026-08-20T16:45:51.061Z</time>
      </trkpt>
      <trkpt lat="41.9690612" lon="3.1571461000000056">
        <ele>41.05350387351511</ele>
        <time>2026-08-20T16:45:53.062Z</time>
      </trkpt>
      <trkpt lat="41.9690773" lon="3.1571154000000092">
        <ele>40.770797766470125</ele>
        <time>2026-08-20T16:45:55.062Z</time>
      </trkpt>
      <trkpt lat="41.9690932" lon="3.15708699999999">
        <ele>40.51581531321214</ele>
        <time>2026-08-20T16:45:57.061Z</time>
      </trkpt>
      <trkpt lat="41.9691081" lon="3.157059099999998">
        <ele>40.29649786000282</ele>
        <time>2026-08-20T16:45:59.068Z</time>
      </trkpt>
      <trkpt lat="41.9691219" lon="3.157036500000004">
        <ele>40.110426440376685</ele>
        <time>2026-08-20T16:46:01.083Z</time>
      </trkpt>
      <trkpt lat="41.9691195" lon="3.1570461000000023">
        <ele>40.14063180476053</ele>
        <time>2026-08-20T16:46:03.099Z</time>
      </trkpt>
      <trkpt lat="41.9691118" lon="3.157053600000012">
        <ele>40.245133086230226</ele>
        <time>2026-08-20T16:46:05.062Z</time>
      </trkpt>
      <trkpt lat="41.9691081" lon="3.1570563999999877">
        <ele>40.29626914161085</ele>
        <time>2026-08-20T16:46:07.061Z</time>
      </trkpt>
      <trkpt lat="41.9691067" lon="3.157057100000003">
        <ele>40.315705454148876</ele>
        <time>2026-08-20T16:46:09.062Z</time>
      </trkpt>
      <trkpt lat="41.9691061" lon="3.1570576999999957">
        <ele>40.32408960975593</ele>
        <time>2026-08-20T16:46:11.062Z</time>
      </trkpt>
      <trkpt lat="41.9691073" lon="3.157057000000009">
        <ele>40.30739062175309</ele>
        <time>2026-08-20T16:46:13.065Z</time>
      </trkpt>
      <trkpt lat="41.9691071" lon="3.15705650000001">
        <ele>40.310103890614904</ele>
        <time>2026-08-20T16:46:15.092Z</time>
      </trkpt>
      <trkpt lat="41.9691413" lon="3.157036099999999">
        <ele>40.017609653954835</ele>
        <time>2026-08-20T16:46:17.077Z</time>
      </trkpt>
      <trkpt lat="41.9691656" lon="3.156983800000006">
        <ele>39.93760882392114</ele>
        <time>2026-08-20T16:46:19.062Z</time>
      </trkpt>
      <trkpt lat="41.9691767" lon="3.156946099999999">
        <ele>39.90420300312494</ele>
        <time>2026-08-20T16:46:21.062Z</time>
      </trkpt>
      <trkpt lat="41.969188" lon="3.15691480000001">
        <ele>39.86788851248203</ele>
        <time>2026-08-20T16:46:23.062Z</time>
      </trkpt>
      <trkpt lat="41.9692024" lon="3.1568896999999936">
        <ele>39.81735948173658</ele>
        <time>2026-08-20T16:46:25.062Z</time>
      </trkpt>
      <trkpt lat="41.9692179" lon="3.1568598000000065">
        <ele>39.641564217914016</ele>
        <time>2026-08-20T16:46:27.062Z</time>
      </trkpt>
      <trkpt lat="41.9692439" lon="3.156838300000004">
        <ele>39.43700922067396</ele>
        <time>2026-08-20T16:46:29.078Z</time>
      </trkpt>
      <trkpt lat="41.9692658" lon="3.1568195000000117">
        <ele>39.26060785945269</ele>
        <time>2026-08-20T16:46:30.982Z</time>
      </trkpt>
      <trkpt lat="41.9692935" lon="3.156798600000002">
        <ele>39.050006077168625</ele>
        <time>2026-08-20T16:46:33.110Z</time>
      </trkpt>
      <trkpt lat="41.9693156" lon="3.1567767999999887">
        <ele>38.85673322422787</ele>
        <time>2026-08-20T16:46:35.062Z</time>
      </trkpt>
      <trkpt lat="41.9693445" lon="3.1567554000000086">
        <ele>38.636668181246</ele>
        <time>2026-08-20T16:46:37.062Z</time>
      </trkpt>
      <trkpt lat="41.9693643" lon="3.1567374999999913">
        <ele>38.46960635170587</ele>
        <time>2026-08-20T16:46:38.895Z</time>
      </trkpt>
      <trkpt lat="41.9693868" lon="3.1567106999999908">
        <ele>38.24767864107132</ele>
        <time>2026-08-20T16:46:40.832Z</time>
      </trkpt>
      <trkpt lat="41.9694199" lon="3.156700999999998">
        <ele>38.08891240820987</ele>
        <time>2026-08-20T16:46:42.775Z</time>
      </trkpt>
      <trkpt lat="41.9694463" lon="3.1566885999999954">
        <ele>37.961873476557386</ele>
        <time>2026-08-20T16:46:44.773Z</time>
      </trkpt>
      <trkpt lat="41.9694735" lon="3.156680499999993">
        <ele>37.85714515476351</ele>
        <time>2026-08-20T16:46:46.797Z</time>
      </trkpt>
      <trkpt lat="41.969509" lon="3.1566679999999963">
        <ele>37.71971903118298</ele>
        <time>2026-08-20T16:46:48.876Z</time>
      </trkpt>
      <trkpt lat="41.9695136" lon="3.156668599999989">
        <ele>37.710869841210084</ele>
        <time>2026-08-20T16:46:50.851Z</time>
      </trkpt>
      <trkpt lat="41.9695248" lon="3.156671999999986">
        <ele>37.6961432340015</ele>
        <time>2026-08-20T16:46:52.754Z</time>
      </trkpt>
      <trkpt lat="41.9695259" lon="3.156671700000004">
        <ele>37.69235896584396</ele>
        <time>2026-08-20T16:46:54.792Z</time>
      </trkpt>
      <trkpt lat="41.9695472" lon="3.1566554000000053">
        <ele>37.584570331148775</ele>
        <time>2026-08-20T16:46:56.775Z</time>
      </trkpt>
      <trkpt lat="41.9695713" lon="3.156636700000007">
        <ele>37.470095514971476</ele>
        <time>2026-08-20T16:46:58.734Z</time>
      </trkpt>
      <trkpt lat="41.9695994" lon="3.1566158999999914">
        <ele>37.35080867966075</ele>
        <time>2026-08-20T16:47:00.717Z</time>
      </trkpt>
      <trkpt lat="41.9696251" lon="3.156598300000013">
        <ele>37.25582068282727</ele>
        <time>2026-08-20T16:47:02.652Z</time>
      </trkpt>
      <trkpt lat="41.9696523" lon="3.1565771999999868">
        <ele>37.14201111182318</ele>
        <time>2026-08-20T16:47:04.594Z</time>
      </trkpt>
      <trkpt lat="41.9696811" lon="3.1565568999999982">
        <ele>37.01663679681325</ele>
        <time>2026-08-20T16:47:06.651Z</time>
      </trkpt>
      <trkpt lat="41.9697071" lon="3.156534300000004">
        <ele>36.97475902765725</ele>
        <time>2026-08-20T16:47:08.634Z</time>
      </trkpt>
      <trkpt lat="41.9697322" lon="3.1565127000000075">
        <ele>36.936235627058</ele>
        <time>2026-08-20T16:47:10.594Z</time>
      </trkpt>
      <trkpt lat="41.9697596" lon="3.1564908999999943">
        <ele>36.90120439520044</ele>
        <time>2026-08-20T16:47:12.576Z</time>
      </trkpt>
      <trkpt lat="41.9697845" lon="3.1564696000000083">
        <ele>36.865767669888285</ele>
        <time>2026-08-20T16:47:14.630Z</time>
      </trkpt>
      <trkpt lat="41.9698112" lon="3.156444899999997">
        <ele>36.8231982336732</ele>
        <time>2026-08-20T16:47:16.630Z</time>
      </trkpt>
      <trkpt lat="41.9698374" lon="3.156416500000006">
        <ele>36.76985383608128</ele>
        <time>2026-08-20T16:47:18.589Z</time>
      </trkpt>
      <trkpt lat="41.9698616" lon="3.156386199999986">
        <ele>36.70945309329015</ele>
        <time>2026-08-20T16:47:20.596Z</time>
      </trkpt>
      <trkpt lat="41.9698853" lon="3.1563542000000098">
        <ele>36.644714282933926</ele>
        <time>2026-08-20T16:47:22.555Z</time>
      </trkpt>
      <trkpt lat="41.9699085" lon="3.156324000000012">
        <ele>36.587181764222414</ele>
        <time>2026-08-20T16:47:24.474Z</time>
      </trkpt>
      <trkpt lat="41.9699292" lon="3.156295499999999">
        <ele>36.528330992927884</ele>
        <time>2026-08-20T16:47:26.457Z</time>
      </trkpt>
      <trkpt lat="41.969951" lon="3.1562654999999893">
        <ele>36.450792816194486</ele>
        <time>2026-08-20T16:47:28.495Z</time>
      </trkpt>
      <trkpt lat="41.9699719" lon="3.156236199999995">
        <ele>36.348270500259765</ele>
        <time>2026-08-20T16:47:30.414Z</time>
      </trkpt>
      <trkpt lat="41.9699896" lon="3.156202400000012">
        <ele>36.22055093120346</ele>
        <time>2026-08-20T16:47:32.373Z</time>
      </trkpt>
      <trkpt lat="41.9700093" lon="3.156167299999993">
        <ele>36.083882695472504</ele>
        <time>2026-08-20T16:47:34.412Z</time>
      </trkpt>
      <trkpt lat="41.9700313" lon="3.156133000000011">
        <ele>35.94494223662618</ele>
        <time>2026-08-20T16:47:36.410Z</time>
      </trkpt>
      <trkpt lat="41.9700567" lon="3.1561020999999982">
        <ele>35.81195895993866</ele>
        <time>2026-08-20T16:47:38.352Z</time>
      </trkpt>
      <trkpt lat="41.970077" lon="3.1560666999999967">
        <ele>35.66278710550961</ele>
        <time>2026-08-20T16:47:40.335Z</time>
      </trkpt>
      <trkpt lat="41.9700953" lon="3.15603329999999">
        <ele>35.546866820278815</ele>
        <time>2026-08-20T16:47:42.255Z</time>
      </trkpt>
      <trkpt lat="41.9701148" lon="3.155999400000013">
        <ele>35.445088518467635</ele>
        <time>2026-08-20T16:47:44.333Z</time>
      </trkpt>
      <trkpt lat="41.9701291" lon="3.155963799999995">
        <ele>35.33514463243677</ele>
        <time>2026-08-20T16:47:46.316Z</time>
      </trkpt>
      <trkpt lat="41.9701434" lon="3.1559291000000087">
        <ele>35.21735863497445</ele>
        <time>2026-08-20T16:47:48.252Z</time>
      </trkpt>
      <trkpt lat="41.9701583" lon="3.155892899999998">
        <ele>35.083906987248874</ele>
        <time>2026-08-20T16:47:50.331Z</time>
      </trkpt>
      <trkpt lat="41.9701681" lon="3.155854500000004">
        <ele>34.94801195187378</ele>
        <time>2026-08-20T16:47:52.355Z</time>
      </trkpt>
      <trkpt lat="41.9701792" lon="3.1558022000000108">
        <ele>34.75850165606218</ele>
        <time>2026-08-20T16:47:54.929Z</time>
      </trkpt>
      <trkpt lat="41.9701845" lon="3.1557669000000033">
        <ele>34.64133887200669</ele>
        <time>2026-08-20T16:47:56.828Z</time>
      </trkpt>
      <trkpt lat="41.9701908" lon="3.155715399999991">
        <ele>34.555828768802826</ele>
        <time>2026-08-20T16:47:59.013Z</time>
      </trkpt>
      <trkpt lat="41.9702012" lon="3.1556745999999976">
        <ele>34.47550264444377</ele>
        <time>2026-08-20T16:48:01.012Z</time>
      </trkpt>
      <trkpt lat="41.9702076" lon="3.1556309000000056">
        <ele>34.40933348237912</ele>
        <time>2026-08-20T16:48:03.036Z</time>
      </trkpt>
      <trkpt lat="41.9702122" lon="3.15558630000001">
        <ele>34.35073045958403</ele>
        <time>2026-08-20T16:48:05.074Z</time>
      </trkpt>
      <trkpt lat="41.9702228" lon="3.1555429999999944">
        <ele>34.28483052942379</ele>
        <time>2026-08-20T16:48:07.033Z</time>
      </trkpt>
      <trkpt lat="41.9702281" lon="3.155498499999993">
        <ele>34.23359661429619</ele>
        <time>2026-08-20T16:48:09.031Z</time>
      </trkpt>
      <trkpt lat="41.9702283" lon="3.1554537000000096">
        <ele>34.11694029853311</ele>
        <time>2026-08-20T16:48:11.012Z</time>
      </trkpt>
      <trkpt lat="41.9702335" lon="3.1554059999999993">
        <ele>33.97529252995151</ele>
        <time>2026-08-20T16:48:12.955Z</time>
      </trkpt>
      <trkpt lat="41.970236" lon="3.1553600000000017">
        <ele>33.842664991720696</ele>
        <time>2026-08-20T16:48:14.931Z</time>
      </trkpt>
      <trkpt lat="41.9702544" lon="3.1553222999999946">
        <ele>33.70066251358331</ele>
        <time>2026-08-20T16:48:16.937Z</time>
      </trkpt>
      <trkpt lat="41.9702546" lon="3.155278199999998">
        <ele>33.576704191655296</ele>
        <time>2026-08-20T16:48:18.896Z</time>
      </trkpt>
      <trkpt lat="41.9702452" lon="3.1552356999999915">
        <ele>33.476612348988645</ele>
        <time>2026-08-20T16:48:20.854Z</time>
      </trkpt>
      <trkpt lat="41.9702532" lon="3.1551924999999983">
        <ele>33.32384024192164</ele>
        <time>2026-08-20T16:48:23.061Z</time>
      </trkpt>
      <trkpt lat="41.9702676" lon="3.1551696999999876">
        <ele>33.211778144313904</ele>
        <time>2026-08-20T16:48:25.062Z</time>
      </trkpt>
      <trkpt lat="41.9702723" lon="3.1551449000000105">
        <ele>33.11224671150612</ele>
        <time>2026-08-20T16:48:27.062Z</time>
      </trkpt>
      <trkpt lat="41.9702514" lon="3.155102499999998">
        <ele>33.01565814666459</ele>
        <time>2026-08-20T16:48:29.062Z</time>
      </trkpt>
      <trkpt lat="41.9702308" lon="3.1550598999999977">
        <ele>32.91862953134386</ele>
        <time>2026-08-20T16:48:30.875Z</time>
      </trkpt>
      <trkpt lat="41.9702196" lon="3.1549990000000037">
        <ele>32.7259371440013</ele>
        <time>2026-08-20T16:48:32.857Z</time>
      </trkpt>
      <trkpt lat="41.9702219" lon="3.1549395000000118">
        <ele>32.520252256387735</ele>
        <time>2026-08-20T16:48:34.911Z</time>
      </trkpt>
      <trkpt lat="41.9702186" lon="3.154892200000006">
        <ele>32.37186201586744</ele>
        <time>2026-08-20T16:48:36.868Z</time>
      </trkpt>
      <trkpt lat="41.9702112" lon="3.1548466000000133">
        <ele>32.232537113642024</ele>
        <time>2026-08-20T16:48:39.127Z</time>
      </trkpt>
      <trkpt lat="41.9702005" lon="3.1548084000000074">
        <ele>32.11850084512444</ele>
        <time>2026-08-20T16:48:41.062Z</time>
      </trkpt>
      <trkpt lat="41.970188" lon="3.1547684999999888">
        <ele>31.99841407267704</ele>
        <time>2026-08-20T16:48:43.062Z</time>
      </trkpt>
      <trkpt lat="41.9701774" lon="3.1547318000000075">
        <ele>31.885335099709078</ele>
        <time>2026-08-20T16:48:45.079Z</time>
      </trkpt>
      <trkpt lat="41.9701622" lon="3.1547013999999933">
        <ele>31.79426741999545</ele>
        <time>2026-08-20T16:48:47.093Z</time>
      </trkpt>
      <trkpt lat="41.9701462" lon="3.1546709000000135">
        <ele>31.701189678205917</ele>
        <time>2026-08-20T16:48:49.106Z</time>
      </trkpt>
      <trkpt lat="41.9701345" lon="3.1546413000000086">
        <ele>31.72105359563209</ele>
        <time>2026-08-20T16:48:51.061Z</time>
      </trkpt>
      <trkpt lat="41.9701223" lon="3.1546022999999934">
        <ele>31.840395158308418</ele>
        <time>2026-08-20T16:48:53.062Z</time>
      </trkpt>
      <trkpt lat="41.9701135" lon="3.154573599999992">
        <ele>31.926093232425476</ele>
        <time>2026-08-20T16:48:54.873Z</time>
      </trkpt>
      <trkpt lat="41.9701038" lon="3.154539099999994">
        <ele>32.02672338875565</ele>
        <time>2026-08-20T16:48:56.893Z</time>
      </trkpt>
      <trkpt lat="41.9700956" lon="3.1544997999999964">
        <ele>32.13863876299955</ele>
        <time>2026-08-20T16:48:58.916Z</time>
      </trkpt>
      <trkpt lat="41.9700841" lon="3.1544622000000118">
        <ele>32.243066713584845</ele>
        <time>2026-08-20T16:49:00.914Z</time>
      </trkpt>
      <trkpt lat="41.9700772" lon="3.1544466">
        <ele>32.28507263218257</ele>
        <time>2026-08-20T16:49:02.895Z</time>
      </trkpt>
      <trkpt lat="41.9700684" lon="3.1544106000000056">
        <ele>32.38157541656526</ele>
        <time>2026-08-20T16:49:04.951Z</time>
      </trkpt>
      <trkpt lat="41.9700757" lon="3.154411500000009">
        <ele>32.38153779411764</ele>
        <time>2026-08-20T16:49:06.910Z</time>
      </trkpt>
      <trkpt lat="41.9700723" lon="3.154391199999992">
        <ele>32.43614691456739</ele>
        <time>2026-08-20T16:49:08.789Z</time>
      </trkpt>
      <trkpt lat="41.9700419" lon="3.1543623999999966">
        <ele>32.28116726275864</ele>
        <time>2026-08-20T16:49:10.757Z</time>
      </trkpt>
      <trkpt lat="41.9700307" lon="3.154323500000004">
        <ele>31.92294282807046</ele>
        <time>2026-08-20T16:49:12.756Z</time>
      </trkpt>
      <trkpt lat="41.9700232" lon="3.154281200000014">
        <ele>31.53507220596906</ele>
        <time>2026-08-20T16:49:14.771Z</time>
      </trkpt>
      <trkpt lat="41.9700189" lon="3.1542360999999914">
        <ele>31.123021181882425</ele>
        <time>2026-08-20T16:49:16.729Z</time>
      </trkpt>
      <trkpt lat="41.9700102" lon="3.1541989000000115">
        <ele>30.780012629470807</ele>
        <time>2026-08-20T16:49:18.712Z</time>
      </trkpt>
      <trkpt lat="41.970003" lon="3.154160100000013">
        <ele>30.422869509250937</ele>
        <time>2026-08-20T16:49:20.735Z</time>
      </trkpt>
      <trkpt lat="41.9699998" lon="3.1541195000000073">
        <ele>30.051434081245297</ele>
        <time>2026-08-20T16:49:22.813Z</time>
      </trkpt>
      <trkpt lat="41.9699989" lon="3.1540813999999955">
        <ele>29.812375369244055</ele>
        <time>2026-08-20T16:49:24.770Z</time>
      </trkpt>
      <trkpt lat="41.9699993" lon="3.154040100000003">
        <ele>29.644508281697167</ele>
        <time>2026-08-20T16:49:26.855Z</time>
      </trkpt>
      <trkpt lat="41.97" lon="3.1539960000000065">
        <ele>29.465335399839596</ele>
        <time>2026-08-20T16:49:28.932Z</time>
      </trkpt>
      <trkpt lat="41.9699996" lon="3.153957300000002">
        <ele>29.307601848831663</ele>
        <time>2026-08-20T16:49:30.970Z</time>
      </trkpt>
      <trkpt lat="41.9700001" lon="3.1539160000000095">
        <ele>29.139652203312796</ele>
        <time>2026-08-20T16:49:32.936Z</time>
      </trkpt>
      <trkpt lat="41.9700046" lon="3.153871400000014">
        <ele>28.95935587780894</ele>
        <time>2026-08-20T16:49:35.014Z</time>
      </trkpt>
      <trkpt lat="41.970005" lon="3.153828699999991">
        <ele>28.7852978609913</ele>
        <time>2026-08-20T16:49:36.972Z</time>
      </trkpt>
      <trkpt lat="41.9700027" lon="3.1537851999999873">
        <ele>28.71732525724641</ele>
        <time>2026-08-20T16:49:38.993Z</time>
      </trkpt>
      <trkpt lat="41.9700024" lon="3.153743200000008">
        <ele>28.662796029984076</ele>
        <time>2026-08-20T16:49:41.015Z</time>
      </trkpt>
      <trkpt lat="41.9699991" lon="3.1537011000000064">
        <ele>28.609026972296764</ele>
        <time>2026-08-20T16:49:43.110Z</time>
      </trkpt>
      <trkpt lat="41.9699954" lon="3.1536590000000047">
        <ele>28.556512843006253</ele>
        <time>2026-08-20T16:49:45.132Z</time>
      </trkpt>
      <trkpt lat="41.9699905" lon="3.153618399999999">
        <ele>28.507801644682065</ele>
        <time>2026-08-20T16:49:47.126Z</time>
      </trkpt>
      <trkpt lat="41.9699841" lon="3.1535764999999856">
        <ele>28.460164946618885</ele>
        <time>2026-08-20T16:49:49.096Z</time>
      </trkpt>
      <trkpt lat="41.969981" lon="3.1535340000000076">
        <ele>28.377995012916774</ele>
        <time>2026-08-20T16:49:51.132Z</time>
      </trkpt>
      <trkpt lat="41.9699772" lon="3.153495200000009">
        <ele>28.233199383137446</ele>
        <time>2026-08-20T16:49:53.132Z</time>
      </trkpt>
      <trkpt lat="41.9699736" lon="3.153455100000002">
        <ele>28.0837681496737</ele>
        <time>2026-08-20T16:49:55.090Z</time>
      </trkpt>
      <trkpt lat="41.9699739" lon="3.1534154">
        <ele>27.93208240970299</ele>
        <time>2026-08-20T16:49:57.084Z</time>
      </trkpt>
      <trkpt lat="41.9699744" lon="3.1533766999999955">
        <ele>27.783933812169778</ele>
        <time>2026-08-20T16:49:59.098Z</time>
      </trkpt>
      <trkpt lat="41.9699741" lon="3.153339399999993">
        <ele>27.642045785542443</ele>
        <time>2026-08-20T16:50:01.070Z</time>
      </trkpt>
      <trkpt lat="41.9699766" lon="3.153299199999992">
        <ele>27.485478507648512</ele>
        <time>2026-08-20T16:50:03.128Z</time>
      </trkpt>
      <trkpt lat="41.9699779" lon="3.153259899999995">
        <ele>27.369803447521925</ele>
        <time>2026-08-20T16:50:05.062Z</time>
      </trkpt>
      <trkpt lat="41.9699768" lon="3.1532161000000087">
        <ele>27.389610290206328</ele>
        <time>2026-08-20T16:50:07.112Z</time>
      </trkpt>
      <trkpt lat="41.9699757" lon="3.1531769000000054">
        <ele>27.407389317720277</ele>
        <time>2026-08-20T16:50:09.061Z</time>
      </trkpt>
      <trkpt lat="41.9699771" lon="3.1531353999999965">
        <ele>27.422998141639468</ele>
        <time>2026-08-20T16:50:11.031Z</time>
      </trkpt>
      <trkpt lat="41.9699758" lon="3.1530957999999885">
        <ele>27.44108965145442</ele>
        <time>2026-08-20T16:50:13.061Z</time>
      </trkpt>
      <trkpt lat="41.9699751" lon="3.153054400000002">
        <ele>27.45914060592256</ele>
        <time>2026-08-20T16:50:15.035Z</time>
      </trkpt>
      <trkpt lat="41.9699734" lon="3.1530132000000037">
        <ele>27.478114605440837</ele>
        <time>2026-08-20T16:50:17.062Z</time>
      </trkpt>
      <trkpt lat="41.9699724" lon="3.1529721999999936">
        <ele>27.475471383818174</ele>
        <time>2026-08-20T16:50:19.062Z</time>
      </trkpt>
      <trkpt lat="41.9699744" lon="3.1529318999999987">
        <ele>27.444876256329227</ele>
        <time>2026-08-20T16:50:21.062Z</time>
      </trkpt>
      <trkpt lat="41.9699745" lon="3.1528921999999966">
        <ele>27.416487668709348</ele>
        <time>2026-08-20T16:50:23.062Z</time>
      </trkpt>
      <trkpt lat="41.9699694" lon="3.1528510999999924">
        <ele>27.38684267908655</ele>
        <time>2026-08-20T16:50:25.113Z</time>
      </trkpt>
      <trkpt lat="41.9699671" lon="3.1528126999999984">
        <ele>27.35703546274412</ele>
        <time>2026-08-20T16:50:27.074Z</time>
      </trkpt>
      <trkpt lat="41.9699677" lon="3.1527729999999963">
        <ele>27.326776407261875</ele>
        <time>2026-08-20T16:50:29.089Z</time>
      </trkpt>
      <trkpt lat="41.9699698" lon="3.1527342999999917">
        <ele>27.29914713393657</ele>
        <time>2026-08-20T16:50:31.104Z</time>
      </trkpt>
      <trkpt lat="41.9699749" lon="3.152696600000013">
        <ele>27.24363832345044</ele>
        <time>2026-08-20T16:50:33.062Z</time>
      </trkpt>
      <trkpt lat="41.9699762" lon="3.152656900000011">
        <ele>27.129678503494304</ele>
        <time>2026-08-20T16:50:35.062Z</time>
      </trkpt>
      <trkpt lat="41.9699825" lon="3.1526165999999876">
        <ele>27.01376824201429</ele>
        <time>2026-08-20T16:50:37.062Z</time>
      </trkpt>
      <trkpt lat="41.9699926" lon="3.1525918000000104">
        <ele>26.939294456171954</ele>
        <time>2026-08-20T16:50:39.062Z</time>
      </trkpt>
      <trkpt lat="41.9700087" lon="3.152586299999996">
        <ele>26.920124360776658</ele>
        <time>2026-08-20T16:50:41.064Z</time>
      </trkpt>
      <trkpt lat="41.9700034" lon="3.152580900000004">
        <ele>26.903661884394218</ele>
        <time>2026-08-20T16:50:43.078Z</time>
      </trkpt>
      <trkpt lat="41.9699887" lon="3.152568500000001">
        <ele>26.86893717850736</ele>
        <time>2026-08-20T16:50:45.062Z</time>
      </trkpt>
      <trkpt lat="41.9699846" lon="3.1525635000000136">
        <ele>26.855318115130345</ele>
        <time>2026-08-20T16:50:46.935Z</time>
      </trkpt>
      <trkpt lat="41.9699833" lon="3.1525520000000142">
        <ele>26.821569322540775</ele>
        <time>2026-08-20T16:50:48.909Z</time>
      </trkpt>
      <trkpt lat="41.9700291" lon="3.1525081999999998">
        <ele>26.647506105852646</ele>
        <time>2026-08-20T16:50:50.955Z</time>
      </trkpt>
      <trkpt lat="41.9700526" lon="3.152478500000001">
        <ele>26.515263420307246</ele>
        <time>2026-08-20T16:50:52.873Z</time>
      </trkpt>
      <trkpt lat="41.9700776" lon="3.1524432999999874">
        <ele>26.344367496842928</ele>
        <time>2026-08-20T16:50:54.896Z</time>
      </trkpt>
      <trkpt lat="41.969984" lon="3.1523039999999867">
        <ele>26.919202430654497</ele>
        <time>2026-08-20T16:50:56.871Z</time>
      </trkpt>
      <trkpt lat="41.9699552" lon="3.1522224999999935">
        <ele>27.373627751667776</ele>
        <time>2026-08-20T16:50:58.814Z</time>
      </trkpt>
      <trkpt lat="41.9699547" lon="3.1521783000000028">
        <ele>27.551876783764172</ele>
        <time>2026-08-20T16:51:00.757Z</time>
      </trkpt>
      <trkpt lat="41.9699573" lon="3.152134799999999">
        <ele>27.691115051381846</ele>
        <time>2026-08-20T16:51:02.675Z</time>
      </trkpt>
      <trkpt lat="41.9699564" lon="3.152091799999994">
        <ele>27.744235143593404</ele>
        <time>2026-08-20T16:51:04.713Z</time>
      </trkpt>
      <trkpt lat="41.9699545" lon="3.152052700000013">
        <ele>27.78359277971383</ele>
        <time>2026-08-20T16:51:06.672Z</time>
      </trkpt>
      <trkpt lat="41.9699551" lon="3.152018300000009">
        <ele>27.83538566184684</ele>
        <time>2026-08-20T16:51:08.554Z</time>
      </trkpt>
      <trkpt lat="41.9699546" lon="3.1519809000000123">
        <ele>27.88247699852672</ele>
        <time>2026-08-20T16:51:10.493Z</time>
      </trkpt>
      <trkpt lat="41.9699568" lon="3.1519402000000127">
        <ele>27.957250395027366</ele>
        <time>2026-08-20T16:51:12.531Z</time>
      </trkpt>
      <trkpt lat="41.9699581" lon="3.1519002">
        <ele>28.024449354678882</ele>
        <time>2026-08-20T16:51:14.472Z</time>
      </trkpt>
      <trkpt lat="41.9699595" lon="3.1518614000000014">
        <ele>27.793371026771077</ele>
        <time>2026-08-20T16:51:16.376Z</time>
      </trkpt>
      <trkpt lat="41.9699593" lon="3.1518192000000056">
        <ele>27.14504593062867</ele>
        <time>2026-08-20T16:51:18.391Z</time>
      </trkpt>
      <trkpt lat="41.9699592" lon="3.1517834999999934">
        <ele>26.595446495336542</ele>
        <time>2026-08-20T16:51:20.333Z</time>
      </trkpt>
      <trkpt lat="41.9699685" lon="3.1517741000000115">
        <ele>26.385048328121506</ele>
        <time>2026-08-20T16:51:22.276Z</time>
      </trkpt>
      <trkpt lat="41.9699824" lon="3.151745599999998">
        <ele>25.878721411107435</ele>
        <time>2026-08-20T16:51:24.194Z</time>
      </trkpt>
      <trkpt lat="41.9699795" lon="3.1517522000000042">
        <ele>25.990756406224772</ele>
        <time>2026-08-20T16:51:26.136Z</time>
      </trkpt>
      <trkpt lat="41.9699705" lon="3.1517211999999972">
        <ele>25.58322918365409</ele>
        <time>2026-08-20T16:51:28.710Z</time>
      </trkpt>
      <trkpt lat="41.9699648" lon="3.1516908000000114">
        <ele>25.148404679905997</ele>
        <time>2026-08-20T16:51:30.636Z</time>
      </trkpt>
      <trkpt lat="41.969965" lon="3.151650200000006">
        <ele>24.532733847539603</ele>
        <time>2026-08-20T16:51:32.675Z</time>
      </trkpt>
      <trkpt lat="41.969964" lon="3.151613800000007">
        <ele>23.98084282684719</ele>
        <time>2026-08-20T16:51:34.674Z</time>
      </trkpt>
      <trkpt lat="41.969965" lon="3.1515853999999877">
        <ele>23.723780700805357</ele>
        <time>2026-08-20T16:51:36.533Z</time>
      </trkpt>
      <trkpt lat="41.9699665" lon="3.151539200000002">
        <ele>23.593727655631064</ele>
        <time>2026-08-20T16:51:38.656Z</time>
      </trkpt>
      <trkpt lat="41.9699694" lon="3.1515037000000063">
        <ele>23.495771459258705</ele>
        <time>2026-08-20T16:51:40.613Z</time>
      </trkpt>
      <trkpt lat="41.9699694" lon="3.1514672000000132">
        <ele>23.391658840991823</ele>
        <time>2026-08-20T16:51:42.596Z</time>
      </trkpt>
      <trkpt lat="41.9699768" lon="3.1514272000000005">
        <ele>23.285916790244173</ele>
        <time>2026-08-20T16:51:44.571Z</time>
      </trkpt>
      <trkpt lat="41.9699726" lon="3.151391100000012">
        <ele>23.178192960254965</ele>
        <time>2026-08-20T16:51:46.553Z</time>
      </trkpt>
      <trkpt lat="41.9699661" lon="3.1513559999999927">
        <ele>23.07076831053559</ele>
        <time>2026-08-20T16:51:48.533Z</time>
      </trkpt>
      <trkpt lat="41.9699582" lon="3.1513175999999987">
        <ele>22.970055780295375</ele>
        <time>2026-08-20T16:51:50.555Z</time>
      </trkpt>
      <trkpt lat="41.9699518" lon="3.151282299999991">
        <ele>23.026830789521778</ele>
        <time>2026-08-20T16:51:52.514Z</time>
      </trkpt>
      <trkpt lat="41.9699453" lon="3.1512427000000116">
        <ele>23.085662153213732</ele>
        <time>2026-08-20T16:51:54.514Z</time>
      </trkpt>
      <trkpt lat="41.9699384" lon="3.151204299999989">
        <ele>23.135113709211105</ele>
        <time>2026-08-20T16:51:56.513Z</time>
      </trkpt>
      <trkpt lat="41.9699329" lon="3.1511648999999977">
        <ele>23.184440955800515</ele>
        <time>2026-08-20T16:51:58.495Z</time>
      </trkpt>
      <trkpt lat="41.9699275" lon="3.1511249000000134">
        <ele>23.22988344842045</ele>
        <time>2026-08-20T16:52:00.510Z</time>
      </trkpt>
      <trkpt lat="41.9699202" lon="3.1510788999999875">
        <ele>23.2709992966592</ele>
        <time>2026-08-20T16:52:02.493Z</time>
      </trkpt>
      <trkpt lat="41.9699178" lon="3.1510455000000093">
        <ele>23.30952294565211</ele>
        <time>2026-08-20T16:52:04.491Z</time>
      </trkpt>
      <trkpt lat="41.9699159" lon="3.1510055999999906">
        <ele>23.46688128723521</ele>
        <time>2026-08-20T16:52:06.473Z</time>
      </trkpt>
      <trkpt lat="41.9699145" lon="3.1509655000000123">
        <ele>23.6315171702568</ele>
        <time>2026-08-20T16:52:08.456Z</time>
      </trkpt>
      <trkpt lat="41.9699149" lon="3.1509193999999923">
        <ele>23.833222901968014</ele>
        <time>2026-08-20T16:52:10.415Z</time>
      </trkpt>
      <trkpt lat="41.9699112" lon="3.150880000000001">
        <ele>23.969927868177624</ele>
        <time>2026-08-20T16:52:12.374Z</time>
      </trkpt>
      <trkpt lat="41.969913" lon="3.1508388999999966">
        <ele>24.161530814884316</ele>
        <time>2026-08-20T16:52:14.413Z</time>
      </trkpt>
      <trkpt lat="41.9699159" lon="3.1507956000000092">
        <ele>24.378825591444063</ele>
        <time>2026-08-20T16:52:16.396Z</time>
      </trkpt>
      <trkpt lat="41.9699155" lon="3.1507522999999935">
        <ele>24.417749783370855</ele>
        <time>2026-08-20T16:52:18.395Z</time>
      </trkpt>
      <trkpt lat="41.9699158" lon="3.150712700000014">
        <ele>24.14106939882953</ele>
        <time>2026-08-20T16:52:20.394Z</time>
      </trkpt>
      <trkpt lat="41.9699129" lon="3.150672600000007">
        <ele>23.832276121177095</ele>
        <time>2026-08-20T16:52:22.416Z</time>
      </trkpt>
      <trkpt lat="41.9699124" lon="3.150632999999999">
        <ele>23.55269923179691</ele>
        <time>2026-08-20T16:52:24.429Z</time>
      </trkpt>
      <trkpt lat="41.9699136" lon="3.1505941000000064">
        <ele>23.289278099300667</ele>
        <time>2026-08-20T16:52:26.437Z</time>
      </trkpt>
      <trkpt lat="41.9699169" lon="3.1505473999999936">
        <ele>22.976175581680454</ele>
        <time>2026-08-20T16:52:28.452Z</time>
      </trkpt>
      <trkpt lat="41.9699178" lon="3.150504799999993">
        <ele>22.675394899001585</ele>
        <time>2026-08-20T16:52:30.474Z</time>
      </trkpt>
      <trkpt lat="41.9699196" lon="3.150462900000008">
        <ele>22.535756828773124</ele>
        <time>2026-08-20T16:52:32.474Z</time>
      </trkpt>
      <trkpt lat="41.9699154" lon="3.1504222000000084">
        <ele>22.508288575964496</ele>
        <time>2026-08-20T16:52:34.495Z</time>
      </trkpt>
      <trkpt lat="41.9699029" lon="3.1503821000000016">
        <ele>22.487104104934858</ele>
        <time>2026-08-20T16:52:36.509Z</time>
      </trkpt>
      <trkpt lat="41.9698986" lon="3.1503489000000116">
        <ele>22.479675089995514</ele>
        <time>2026-08-20T16:52:38.311Z</time>
      </trkpt>
      <trkpt lat="41.9698913" lon="3.1502959000000033">
        <ele>22.47911165973491</ele>
        <time>2026-08-20T16:52:40.474Z</time>
      </trkpt>
      <trkpt lat="41.969896" lon="3.1502399000000025">
        <ele>22.462100295252498</ele>
        <time>2026-08-20T16:52:43.061Z</time>
      </trkpt>
      <trkpt lat="41.9699018" lon="3.1502016999999967">
        <ele>22.479967544841465</ele>
        <time>2026-08-20T16:52:44.894Z</time>
      </trkpt>
      <trkpt lat="41.9699074" lon="3.1501606999999865">
        <ele>22.705771497064784</ele>
        <time>2026-08-20T16:52:46.835Z</time>
      </trkpt>
      <trkpt lat="41.9699041" lon="3.1501237999999887">
        <ele>22.936718546359305</ele>
        <time>2026-08-20T16:52:48.816Z</time>
      </trkpt>
      <trkpt lat="41.9698983" lon="3.150086700000003">
        <ele>23.179857276402167</ele>
        <time>2026-08-20T16:52:50.870Z</time>
      </trkpt>
      <trkpt lat="41.9698845" lon="3.1500487000000135">
        <ele>23.463341164688757</ele>
        <time>2026-08-20T16:52:52.811Z</time>
      </trkpt>
      <trkpt lat="41.9698734" lon="3.1500112999999885">
        <ele>23.737813932257705</ele>
        <time>2026-08-20T16:52:54.832Z</time>
      </trkpt>
      <trkpt lat="41.9698616" lon="3.149973899999992">
        <ele>24.020342150422273</ele>
        <time>2026-08-20T16:52:56.829Z</time>
      </trkpt>
      <trkpt lat="41.9698474" lon="3.1499306999999988">
        <ele>24.35589012342549</ele>
        <time>2026-08-20T16:52:58.874Z</time>
      </trkpt>
      <trkpt lat="41.9698398" lon="3.149887100000001">
        <ele>24.331910494417315</ele>
        <time>2026-08-20T16:53:01.061Z</time>
      </trkpt>
      <trkpt lat="41.9698237" lon="3.1498537999999883">
        <ele>24.34786801986242</ele>
        <time>2026-08-20T16:53:03.062Z</time>
      </trkpt>
      <trkpt lat="41.9698076" lon="3.149824499999994">
        <ele>24.359432635063875</ele>
        <time>2026-08-20T16:53:05.062Z</time>
      </trkpt>
      <trkpt lat="41.9698019" lon="3.1498200999999995">
        <ele>24.372011844231892</ele>
        <time>2026-08-20T16:53:07.063Z</time>
      </trkpt>
      <trkpt lat="41.9697822" lon="3.1497797000000105">
        <ele>24.360095594412797</ele>
        <time>2026-08-20T16:53:09.077Z</time>
      </trkpt>
      <trkpt lat="41.9697844" lon="3.149710199999987">
        <ele>24.213393731822787</ele>
        <time>2026-08-20T16:53:11.061Z</time>
      </trkpt>
      <trkpt lat="41.9697926" lon="3.1496746999999914">
        <ele>24.1254534931217</ele>
        <time>2026-08-20T16:53:12.910Z</time>
      </trkpt>
      <trkpt lat="41.9697856" lon="3.1496272999999917">
        <ele>24.107748256845454</ele>
        <time>2026-08-20T16:53:14.973Z</time>
      </trkpt>
      <trkpt lat="41.9697649" lon="3.149586400000004">
        <ele>24.123780811344048</ele>
        <time>2026-08-20T16:53:17.061Z</time>
      </trkpt>
      <trkpt lat="41.9697566" lon="3.1495438000000036">
        <ele>24.105794472410896</ele>
        <time>2026-08-20T16:53:19.061Z</time>
      </trkpt>
      <trkpt lat="41.9697592" lon="3.149499600000013">
        <ele>24.09688099195345</ele>
        <time>2026-08-20T16:53:21.060Z</time>
      </trkpt>
      <trkpt lat="41.96975" lon="3.1494682999999952">
        <ele>24.05196887075921</ele>
        <time>2026-08-20T16:53:23.069Z</time>
      </trkpt>
      <trkpt lat="41.9697481" lon="3.149423000000013">
        <ele>24.01582805310665</ele>
        <time>2026-08-20T16:53:25.084Z</time>
      </trkpt>
      <trkpt lat="41.9697531" lon="3.149374999999992">
        <ele>24.019118450316718</ele>
        <time>2026-08-20T16:53:27.061Z</time>
      </trkpt>
      <trkpt lat="41.9697502" lon="3.14932859999999">
        <ele>23.979949775671752</ele>
        <time>2026-08-20T16:53:29.061Z</time>
      </trkpt>
      <trkpt lat="41.9697495" lon="3.1492813000000126">
        <ele>23.954857931633974</ele>
        <time>2026-08-20T16:53:31.061Z</time>
      </trkpt>
      <trkpt lat="41.9697514" lon="3.1492431000000067">
        <ele>23.953490500288932</ele>
        <time>2026-08-20T16:53:33.061Z</time>
      </trkpt>
      <trkpt lat="41.9697592" lon="3.1492078999999933">
        <ele>24.002251989094795</ele>
        <time>2026-08-20T16:53:35.061Z</time>
      </trkpt>
      <trkpt lat="41.9697566" lon="3.14916980000001">
        <ele>23.96715485136578</ele>
        <time>2026-08-20T16:53:37.066Z</time>
      </trkpt>
      <trkpt lat="41.9697348" lon="3.1491298999999913">
        <ele>23.762362875864195</ele>
        <time>2026-08-20T16:53:39.061Z</time>
      </trkpt>
      <trkpt lat="41.9697324" lon="3.149097299999994">
        <ele>23.723159770413446</ele>
        <time>2026-08-20T16:53:40.916Z</time>
      </trkpt>
      <trkpt lat="41.96973" lon="3.1490665999999976">
        <ele>23.730831047388346</ele>
        <time>2026-08-20T16:53:42.756Z</time>
      </trkpt>
      <trkpt lat="41.9697299" lon="3.149052100000006">
        <ele>23.74491007400545</ele>
        <time>2026-08-20T16:53:44.756Z</time>
      </trkpt>
      <trkpt lat="41.96973" lon="3.149028499999986">
        <ele>23.76974395704503</ele>
        <time>2026-08-20T16:53:46.795Z</time>
      </trkpt>
      <trkpt lat="41.9697222" lon="3.1490018000000077">
        <ele>23.75512467104382</ele>
        <time>2026-08-20T16:53:48.873Z</time>
      </trkpt>
      <trkpt lat="41.9697127" lon="3.148974299999992">
        <ele>23.750476595349404</ele>
        <time>2026-08-20T16:53:50.816Z</time>
      </trkpt>
      <trkpt lat="41.9697194" lon="3.148945999999995">
        <ele>23.819809632873326</ele>
        <time>2026-08-20T16:53:52.871Z</time>
      </trkpt>
      <trkpt lat="41.9697158" lon="3.148935899999998">
        <ele>23.8240237272817</ele>
        <time>2026-08-20T16:53:53.432Z</time>
      </trkpt>
      <trkpt lat="41.9697156" lon="3.148935200000011">
        <ele>23.82455850338961</ele>
        <time>2026-08-20T16:53:55.379Z</time>
      </trkpt>
      <trkpt lat="41.9697182" lon="3.148832099999993">
        <ele>23.983921452230458</ele>
        <time>2026-08-20T16:53:57.882Z</time>
      </trkpt>
      <trkpt lat="41.9697229" lon="3.1487616000000003">
        <ele>24.2168859134744</ele>
        <time>2026-08-20T16:53:59.722Z</time>
      </trkpt>
      <trkpt lat="41.9697242" lon="3.148678700000005">
        <ele>24.53706579134891</ele>
        <time>2026-08-20T16:54:02.185Z</time>
      </trkpt>
      <trkpt lat="41.9697282" lon="3.148643700000008">
        <ele>24.659285844840404</ele>
        <time>2026-08-20T16:54:04.143Z</time>
      </trkpt>
      <trkpt lat="41.969723" lon="3.1486004999999864">
        <ele>24.846731228477044</ele>
        <time>2026-08-20T16:54:06.100Z</time>
      </trkpt>
      <trkpt lat="41.9697044" lon="3.148560500000002">
        <ele>25.085781046090837</ele>
        <time>2026-08-20T16:54:07.980Z</time>
      </trkpt>
      <trkpt lat="41.9696833" lon="3.1485211000000106">
        <ele>25.21318413880807</ele>
        <time>2026-08-20T16:54:09.802Z</time>
      </trkpt>
      <trkpt lat="41.9696622" lon="3.148477700000001">
        <ele>25.15190234515405</ele>
        <time>2026-08-20T16:54:11.777Z</time>
      </trkpt>
      <trkpt lat="41.9696524" lon="3.148435599999999">
        <ele>25.02799626722938</ele>
        <time>2026-08-20T16:54:13.841Z</time>
      </trkpt>
      <trkpt lat="41.969646" lon="3.1484000000000094">
        <ele>24.905829954352242</ele>
        <time>2026-08-20T16:54:15.863Z</time>
      </trkpt>
      <trkpt lat="41.9696407" lon="3.14835930000001">
        <ele>24.752164579591852</ele>
        <time>2026-08-20T16:54:17.901Z</time>
      </trkpt>
      <trkpt lat="41.9696375" lon="3.1483202999999946">
        <ele>24.59596033143903</ele>
        <time>2026-08-20T16:54:19.901Z</time>
      </trkpt>
      <trkpt lat="41.9696327" lon="3.1482771000000014">
        <ele>24.415582551214698</ele>
        <time>2026-08-20T16:54:21.900Z</time>
      </trkpt>
      <trkpt lat="41.96963" lon="3.1482502000000068">
        <ele>24.379614018634555</ele>
        <time>2026-08-20T16:54:23.898Z</time>
      </trkpt>
      <trkpt lat="41.9696271" lon="3.1482209000000125">
        <ele>24.463311765110387</ele>
        <time>2026-08-20T16:54:25.904Z</time>
      </trkpt>
      <trkpt lat="41.9696235" lon="3.148189699999989">
        <ele>24.55626945189467</ele>
        <time>2026-08-20T16:54:27.903Z</time>
      </trkpt>
      <trkpt lat="41.9696191" lon="3.148163399999987">
        <ele>24.639143431052116</ele>
        <time>2026-08-20T16:54:29.903Z</time>
      </trkpt>
      <trkpt lat="41.9696172" lon="3.1481285000000128">
        <ele>24.750425888770174</ele>
        <time>2026-08-20T16:54:31.878Z</time>
      </trkpt>
      <trkpt lat="41.9696183" lon="3.148090200000013">
        <ele>24.868488136424812</ele>
        <time>2026-08-20T16:54:33.861Z</time>
      </trkpt>
      <trkpt lat="41.9696181" lon="3.1480498999999895">
        <ele>24.995016857768743</ele>
        <time>2026-08-20T16:54:35.842Z</time>
      </trkpt>
      <trkpt lat="41.9696175" lon="3.1480160000000126">
        <ele>25.103294746004785</ele>
        <time>2026-08-20T16:54:37.840Z</time>
      </trkpt>
      <trkpt lat="41.969617" lon="3.1479922000000045">
        <ele>25.180122824433166</ele>
        <time>2026-08-20T16:54:39.822Z</time>
      </trkpt>
      <trkpt lat="41.9696169" lon="3.147975500000001">
        <ele>25.17983791842236</ele>
        <time>2026-08-20T16:54:41.860Z</time>
      </trkpt>
      <trkpt lat="41.9696173" lon="3.1479440999999895">
        <ele>25.062754384967093</ele>
        <time>2026-08-20T16:54:43.857Z</time>
      </trkpt>
      <trkpt lat="41.9696153" lon="3.1479095999999913">
        <ele>24.94331709753401</ele>
        <time>2026-08-20T16:54:45.998Z</time>
      </trkpt>
      <trkpt lat="41.9696167" lon="3.1478740999999957">
        <ele>24.80755126500024</ele>
        <time>2026-08-20T16:54:47.963Z</time>
      </trkpt>
      <trkpt lat="41.9696165" lon="3.1478261999999972">
        <ele>24.6318635266536</ele>
        <time>2026-08-20T16:54:50.024Z</time>
      </trkpt>
      <trkpt lat="41.9696079" lon="3.1477953000000127">
        <ele>24.540547333271977</ele>
        <time>2026-08-20T16:54:52.061Z</time>
      </trkpt>
      <trkpt lat="41.9695988" lon="3.147761800000012">
        <ele>24.435497736139205</ele>
        <time>2026-08-20T16:54:54.100Z</time>
      </trkpt>
      <trkpt lat="41.9695946" lon="3.1477226000000087">
        <ele>24.29292648580518</ele>
        <time>2026-08-20T16:54:56.081Z</time>
      </trkpt>
      <trkpt lat="41.9695883" lon="3.1476862000000096">
        <ele>24.251190281308766</ele>
        <time>2026-08-20T16:54:58.102Z</time>
      </trkpt>
      <trkpt lat="41.9695829" lon="3.147651400000001">
        <ele>24.28356566359199</ele>
        <time>2026-08-20T16:55:00.083Z</time>
      </trkpt>
      <trkpt lat="41.9695774" lon="3.1476041999999893">
        <ele>24.317790963940745</ele>
        <time>2026-08-20T16:55:02.081Z</time>
      </trkpt>
      <trkpt lat="41.9695726" lon="3.1475730999999882">
        <ele>24.33564446254697</ele>
        <time>2026-08-20T16:55:04.102Z</time>
      </trkpt>
      <trkpt lat="41.9695653" lon="3.147535299999987">
        <ele>24.349885343205507</ele>
        <time>2026-08-20T16:55:06.180Z</time>
      </trkpt>
      <trkpt lat="41.9695624" lon="3.1475044999999966">
        <ele>24.359213485888564</ele>
        <time>2026-08-20T16:55:08.123Z</time>
      </trkpt>
      <trkpt lat="41.9695591" lon="3.147460300000006">
        <ele>24.36950249995395</ele>
        <time>2026-08-20T16:55:10.080Z</time>
      </trkpt>
      <trkpt lat="41.9695546" lon="3.1474243000000115">
        <ele>24.360450418999307</ele>
        <time>2026-08-20T16:55:12.301Z</time>
      </trkpt>
      <trkpt lat="41.9695536" lon="3.1473953999999935">
        <ele>24.26361943175192</ele>
        <time>2026-08-20T16:55:15.075Z</time>
      </trkpt>
      <trkpt lat="41.9695599" lon="3.1473708999999985">
        <ele>24.199887038982908</ele>
        <time>2026-08-20T16:55:17.061Z</time>
      </trkpt>
      <trkpt lat="41.9695589" lon="3.147375299999993">
        <ele>24.21164981557853</ele>
        <time>2026-08-20T16:55:19.074Z</time>
      </trkpt>
      <trkpt lat="41.9695652" lon="3.1473587000000123">
        <ele>24.173847282556164</ele>
        <time>2026-08-20T16:55:21.075Z</time>
      </trkpt>
      <trkpt lat="41.9695706" lon="3.147340700000001">
        <ele>24.129349112033076</ele>
        <time>2026-08-20T16:55:23.075Z</time>
      </trkpt>
      <trkpt lat="41.969577" lon="3.147276099999999">
        <ele>23.936579566217777</ele>
        <time>2026-08-20T16:55:24.901Z</time>
      </trkpt>
      <trkpt lat="41.9695744" lon="3.14722789999999">
        <ele>23.77329350118523</ele>
        <time>2026-08-20T16:55:27.042Z</time>
      </trkpt>
      <trkpt lat="41.9695575" lon="3.1471890999999914">
        <ele>23.601111777278767</ele>
        <time>2026-08-20T16:55:29.079Z</time>
      </trkpt>
      <trkpt lat="41.9695319" lon="3.147159799999997">
        <ele>23.434771732195674</ele>
        <time>2026-08-20T16:55:31.075Z</time>
      </trkpt>
      <trkpt lat="41.969504" lon="3.1471363999999937">
        <ele>23.29683890317941</ele>
        <time>2026-08-20T16:55:33.083Z</time>
      </trkpt>
      <trkpt lat="41.9694825" lon="3.147116100000005">
        <ele>23.198255922486304</ele>
        <time>2026-08-20T16:55:35.096Z</time>
      </trkpt>
      <trkpt lat="41.9694589" lon="3.147116899999986">
        <ele>23.13534897295067</ele>
        <time>2026-08-20T16:55:37.074Z</time>
      </trkpt>
      <trkpt lat="41.9694414" lon="3.147112700000008">
        <ele>23.079679439050437</ele>
        <time>2026-08-20T16:55:38.900Z</time>
      </trkpt>
      <trkpt lat="41.9694272" lon="3.1470971999999904">
        <ele>23.01223673125835</ele>
        <time>2026-08-20T16:55:41.061Z</time>
      </trkpt>
      <trkpt lat="41.9694056" lon="3.147080100000011">
        <ele>22.9226727939714</ele>
        <time>2026-08-20T16:55:43.075Z</time>
      </trkpt>
      <trkpt lat="41.9693775" lon="3.147075099999995">
        <ele>23.015490294452402</ele>
        <time>2026-08-20T16:55:45.075Z</time>
      </trkpt>
      <trkpt lat="41.9693403" lon="3.147069600000009">
        <ele>23.18330070524301</ele>
        <time>2026-08-20T16:55:47.057Z</time>
      </trkpt>
      <trkpt lat="41.9692949" lon="3.1470620000000054">
        <ele>23.401532789156956</ele>
        <time>2026-08-20T16:55:49.061Z</time>
      </trkpt>
      <trkpt lat="41.9692639" lon="3.147055899999998">
        <ele>23.560986710023265</ele>
        <time>2026-08-20T16:55:51.004Z</time>
      </trkpt>
      <trkpt lat="41.9692322" lon="3.147035399999993">
        <ele>23.763251608663136</ele>
        <time>2026-08-20T16:55:53.075Z</time>
      </trkpt>
      <trkpt lat="41.9692045" lon="3.147010399999999">
        <ele>23.98417231823203</ele>
        <time>2026-08-20T16:55:55.061Z</time>
      </trkpt>
      <trkpt lat="41.9691749" lon="3.1470032000000003">
        <ele>24.188549783228797</ele>
        <time>2026-08-20T16:55:57.075Z</time>
      </trkpt>
      <trkpt lat="41.9691633" lon="3.1469993999999986">
        <ele>24.27496657264496</ele>
        <time>2026-08-20T16:55:59.074Z</time>
      </trkpt>
      <trkpt lat="41.9691576" lon="3.14699490000001">
        <ele>24.328293764239078</ele>
        <time>2026-08-20T16:56:01.019Z</time>
      </trkpt>
      <trkpt lat="41.9691447" lon="3.146983199999994">
        <ele>24.459646678393593</ele>
        <time>2026-08-20T16:56:02.921Z</time>
      </trkpt>
      <trkpt lat="41.9691379" lon="3.1469559999999888">
        <ele>24.62211023962327</ele>
        <time>2026-08-20T16:56:05.080Z</time>
      </trkpt>
      <trkpt lat="41.9691247" lon="3.1469314999999938">
        <ele>24.83164207980543</ele>
        <time>2026-08-20T16:56:07.094Z</time>
      </trkpt>
      <trkpt lat="41.9691045" lon="3.1469193000000075">
        <ele>24.746760838759407</ele>
        <time>2026-08-20T16:56:09.075Z</time>
      </trkpt>
    </trkseg>
  </trk>
</gpx>
