<?xml version="1.0" encoding="UTF-8"?>
<gpx version="1.1" creator="Senda">
<wpt lat="42.02245" lon="2.831868799999995">
<name>asfalt</name>
</wpt>
<wpt lat="42.0233753" lon="2.8503723999999977">
<name>fi asfalt</name>
</wpt>
<wpt lat="42.0221266" lon="2.8534488999999894">
<name>Pont</name>
</wpt>
<wpt lat="42.0232861" lon="2.8576140000000123">
<name>mirador</name>
</wpt>
<wpt lat="42.0241075" lon="2.8592417000000125">
<name>Pont</name>
</wpt>
<wpt lat="42.0252373" lon="2.8644405000000006">
<name>inici pujada</name>
</wpt>
<wpt lat="42.0210152" lon="2.8545642999999927">
<name>cruiñla</name>
</wpt>
<wpt lat="42.0183519" lon="2.855931499999997">
<name>Mirador</name>
</wpt>
<wpt lat="42.0069779" lon="2.8619553999999994">
<name>Sant Miquel</name>
</wpt>
<bounds minlat="0.0" minlon="0.0" maxlat="0.0" maxlon="0.0" />
<trk><name>Track-senda-2026-08-14</name><trkseg>
<trkpt lat="41.9907847" lon="2.824852700000008">
<ele>73.45600779242112</ele>
<time>2026-08-14T04:12:27.893Z</time>
</trkpt>
<trkpt lat="41.9907956" lon="2.824863899999997">
<ele>73.45655183997685</ele>
<time>2026-08-14T04:12:29.909Z</time>
</trkpt>
<trkpt lat="41.990797" lon="2.824868400000014">
<ele>73.45452834643682</ele>
<time>2026-08-14T04:12:31.888Z</time>
</trkpt>
<trkpt lat="41.9908241" lon="2.8248935000000017">
<ele>73.43672970704772</ele>
<time>2026-08-14T04:12:33.888Z</time>
</trkpt>
<trkpt lat="41.9908439" lon="2.824911500000013">
<ele>73.30157664557817</ele>
<time>2026-08-14T04:12:35.827Z</time>
</trkpt>
<trkpt lat="41.9908534" lon="2.8249137999999903">
<ele>73.24013201647111</ele>
<time>2026-08-14T04:12:37.888Z</time>
</trkpt>
<trkpt lat="41.9908676" lon="2.8249166999999886">
<ele>73.14782777082762</ele>
<time>2026-08-14T04:12:39.888Z</time>
</trkpt>
<trkpt lat="41.9908855" lon="2.824926000000005">
<ele>73.02094282754952</ele>
<time>2026-08-14T04:12:41.943Z</time>
</trkpt>
<trkpt lat="41.9908951" lon="2.8249163000000124">
<ele>72.97597697284804</ele>
<time>2026-08-14T04:12:43.888Z</time>
</trkpt>
<trkpt lat="41.9909145" lon="2.8249064999999973">
<ele>72.87380751889792</ele>
<time>2026-08-14T04:12:45.722Z</time>
</trkpt>
<trkpt lat="41.9909365" lon="2.824905099999995">
<ele>72.74221026712193</ele>
<time>2026-08-14T04:12:47.803Z</time>
</trkpt>
<trkpt lat="41.990959" lon="2.824870400000009">
<ele>72.69569623909511</ele>
<time>2026-08-14T04:12:49.889Z</time>
</trkpt>
<trkpt lat="41.9909796" lon="2.824847900000009">
<ele>72.64568955809932</ele>
<time>2026-08-14T04:12:51.968Z</time>
</trkpt>
<trkpt lat="41.9909945" lon="2.8248284000000012">
<ele>72.6278797074431</ele>
<time>2026-08-14T04:12:53.899Z</time>
</trkpt>
<trkpt lat="41.9910128" lon="2.8248081000000127">
<ele>72.60501453673653</ele>
<time>2026-08-14T04:12:55.914Z</time>
</trkpt>
<trkpt lat="41.9910285" lon="2.8248068000000046">
<ele>72.53561833333696</ele>
<time>2026-08-14T04:12:57.929Z</time>
</trkpt>
<trkpt lat="41.9910301" lon="2.824820399999993">
<ele>72.4786244131439</ele>
<time>2026-08-14T04:12:59.822Z</time>
</trkpt>
<trkpt lat="41.9910357" lon="2.8248313999999937">
<ele>72.41031324022683</ele>
<time>2026-08-14T04:13:01.966Z</time>
</trkpt>
<trkpt lat="41.9910495" lon="2.824844200000001">
<ele>72.29046553962266</ele>
<time>2026-08-14T04:13:03.921Z</time>
</trkpt>
<trkpt lat="41.991071" lon="2.8248350000000073">
<ele>72.21674038643707</ele>
<time>2026-08-14T04:13:05.888Z</time>
</trkpt>
<trkpt lat="41.9910921" lon="2.8248402000000112">
<ele>72.08550485272092</ele>
<time>2026-08-14T04:13:07.913Z</time>
</trkpt>
<trkpt lat="41.9911078" lon="2.8248438999999905">
<ele>72.12684308418714</ele>
<time>2026-08-14T04:13:09.765Z</time>
</trkpt>
<trkpt lat="41.9911267" lon="2.824851599999988">
<ele>72.29732440724591</ele>
<time>2026-08-14T04:13:11.868Z</time>
</trkpt>
<trkpt lat="41.9911523" lon="2.8248571000000027">
<ele>72.56232184925477</ele>
<time>2026-08-14T04:13:13.902Z</time>
</trkpt>
<trkpt lat="41.9911737" lon="2.824865499999987">
<ele>72.79457960141661</ele>
<time>2026-08-14T04:13:15.967Z</time>
</trkpt>
<trkpt lat="41.991192" lon="2.8248729000000026">
<ele>73.00944126666822</ele>
<time>2026-08-14T04:13:17.787Z</time>
</trkpt>
<trkpt lat="41.9912094" lon="2.824877200000003">
<ele>73.22346480064917</ele>
<time>2026-08-14T04:13:19.671Z</time>
</trkpt>
<trkpt lat="41.9912377" lon="2.8248927999999864">
<ele>73.61740075367601</ele>
<time>2026-08-14T04:13:21.987Z</time>
</trkpt>
<trkpt lat="41.991254" lon="2.824901000000011">
<ele>73.86367516688621</ele>
<time>2026-08-14T04:13:23.903Z</time>
</trkpt>
<trkpt lat="41.991274" lon="2.8249132999999915">
<ele>74.19830079419117</ele>
<time>2026-08-14T04:13:25.918Z</time>
</trkpt>
<trkpt lat="41.9912957" lon="2.8249237999999934">
<ele>74.57429530626659</ele>
<time>2026-08-14T04:13:27.942Z</time>
</trkpt>
<trkpt lat="41.9913153" lon="2.824938000000003">
<ele>74.9719271805346</ele>
<time>2026-08-14T04:13:30.013Z</time>
</trkpt>
<trkpt lat="41.9913348" lon="2.824951800000008">
<ele>75.39587869735308</ele>
<time>2026-08-14T04:13:31.902Z</time>
</trkpt>
<trkpt lat="41.9913561" lon="2.8249663">
<ele>75.88801357457758</ele>
<time>2026-08-14T04:13:33.823Z</time>
</trkpt>
<trkpt lat="41.9913783" lon="2.824974400000002">
<ele>76.31669554537402</ele>
<time>2026-08-14T04:13:35.902Z</time>
</trkpt>
<trkpt lat="41.991407" lon="2.824985599999991">
<ele>76.0518494062984</ele>
<time>2026-08-14T04:13:37.902Z</time>
</trkpt>
<trkpt lat="41.9914349" lon="2.824994000000004">
<ele>75.76010490491551</ele>
<time>2026-08-14T04:13:39.787Z</time>
</trkpt>
<trkpt lat="41.9914629" lon="2.8250050000000044">
<ele>75.48601559319634</ele>
<time>2026-08-14T04:13:41.902Z</time>
</trkpt>
<trkpt lat="41.9914898" lon="2.8250135000000114">
<ele>75.19484548638137</ele>
<time>2026-08-14T04:13:43.902Z</time>
</trkpt>
<trkpt lat="41.9915183" lon="2.82502199999999">
<ele>74.87469443239927</ele>
<time>2026-08-14T04:13:45.908Z</time>
</trkpt>
<trkpt lat="41.9915456" lon="2.825037299999991">
<ele>74.57728382178762</ele>
<time>2026-08-14T04:13:47.921Z</time>
</trkpt>
<trkpt lat="41.9915681" lon="2.8250481000000036">
<ele>74.16154164010975</ele>
<time>2026-08-14T04:13:49.763Z</time>
</trkpt>
<trkpt lat="41.9915871" lon="2.8250641999999857">
<ele>73.76435349462386</ele>
<time>2026-08-14T04:13:51.786Z</time>
</trkpt>
<trkpt lat="41.9916108" lon="2.825085900000005">
<ele>73.28450288317173</ele>
<time>2026-08-14T04:13:53.889Z</time>
</trkpt>
<trkpt lat="41.9916399" lon="2.8251141000000075">
<ele>72.73070791311228</ele>
<time>2026-08-14T04:13:55.902Z</time>
</trkpt>
<trkpt lat="41.9916661" lon="2.825130800000011">
<ele>72.38031217025885</ele>
<time>2026-08-14T04:13:57.743Z</time>
</trkpt>
<trkpt lat="41.9916958" lon="2.825147600000008">
<ele>72.11625486160985</ele>
<time>2026-08-14T04:13:59.848Z</time>
</trkpt>
<trkpt lat="41.9917306" lon="2.825165400000003">
<ele>71.86673586068594</ele>
<time>2026-08-14T04:14:01.966Z</time>
</trkpt>
<trkpt lat="41.9917528" lon="2.825174599999997">
<ele>71.73953184851025</ele>
<time>2026-08-14T04:14:03.921Z</time>
</trkpt>
<trkpt lat="41.9917801" lon="2.825181399999991">
<ele>71.61072484566324</ele>
<time>2026-08-14T04:14:05.902Z</time>
</trkpt>
<trkpt lat="41.9918077" lon="2.8251914999999883">
<ele>71.4978739099435</ele>
<time>2026-08-14T04:14:07.903Z</time>
</trkpt>
<trkpt lat="41.9918369" lon="2.8252098000000103">
<ele>71.41684808639732</ele>
<time>2026-08-14T04:14:09.745Z</time>
</trkpt>
<trkpt lat="41.9918662" lon="2.8252237000000093">
<ele>71.36868817045591</ele>
<time>2026-08-14T04:14:11.848Z</time>
</trkpt>
<trkpt lat="41.991895" lon="2.8252363999999943">
<ele>71.35137991846271</ele>
<time>2026-08-14T04:14:13.887Z</time>
</trkpt>
<trkpt lat="41.9919279" lon="2.8252567000000113">
<ele>71.40192170843777</ele>
<time>2026-08-14T04:14:15.982Z</time>
</trkpt>
<trkpt lat="41.9919525" lon="2.825266599999992">
<ele>71.41625156233347</ele>
<time>2026-08-14T04:14:17.912Z</time>
</trkpt>
<trkpt lat="41.9919765" lon="2.8252760999999964">
<ele>71.42079039027387</ele>
<time>2026-08-14T04:14:19.763Z</time>
</trkpt>
<trkpt lat="41.9920091" lon="2.8252926000000116">
<ele>71.43867284852932</ele>
<time>2026-08-14T04:14:21.826Z</time>
</trkpt>
<trkpt lat="41.9920324" lon="2.8253001999999867">
<ele>71.4251656697623</ele>
<time>2026-08-14T04:14:23.888Z</time>
</trkpt>
<trkpt lat="41.9920514" lon="2.825309500000003">
<ele>71.42637665227804</ele>
<time>2026-08-14T04:14:25.902Z</time>
</trkpt>
<trkpt lat="41.992071" lon="2.825324099999989">
<ele>71.39608963420079</ele>
<time>2026-08-14T04:14:27.902Z</time>
</trkpt>
<trkpt lat="41.9920977" lon="2.8253559999999993">
<ele>71.35551116721498</ele>
<time>2026-08-14T04:14:29.902Z</time>
</trkpt>
<trkpt lat="41.9921241" lon="2.8253783000000112">
<ele>71.33963030211747</ele>
<time>2026-08-14T04:14:31.902Z</time>
</trkpt>
<trkpt lat="41.9921552" lon="2.825399900000008">
<ele>71.34365515299231</ele>
<time>2026-08-14T04:14:33.902Z</time>
</trkpt>
<trkpt lat="41.9921799" lon="2.8254201999999964">
<ele>71.3729985131323</ele>
<time>2026-08-14T04:14:35.902Z</time>
</trkpt>
<trkpt lat="41.9922053" lon="2.8254348000000107">
<ele>71.4074938870781</ele>
<time>2026-08-14T04:14:37.702Z</time>
</trkpt>
<trkpt lat="41.9922351" lon="2.8254520000000127">
<ele>71.21294298632858</ele>
<time>2026-08-14T04:14:39.862Z</time>
</trkpt>
<trkpt lat="41.9922547" lon="2.8254664000000105">
<ele>71.06426719245404</ele>
<time>2026-08-14T04:14:41.925Z</time>
</trkpt>
<trkpt lat="41.9922831" lon="2.825479900000005">
<ele>70.8375763614559</ele>
<time>2026-08-14T04:14:43.988Z</time>
</trkpt>
<trkpt lat="41.9923133" lon="2.8254857999999956">
<ele>70.57242595429028</ele>
<time>2026-08-14T04:14:45.986Z</time>
</trkpt>
<trkpt lat="41.9923387" lon="2.825499199999996">
<ele>70.39977866393517</ele>
<time>2026-08-14T04:14:47.829Z</time>
</trkpt>
<trkpt lat="41.9923644" lon="2.825519899999989">
<ele>70.28044129495397</ele>
<time>2026-08-14T04:14:49.729Z</time>
</trkpt>
<trkpt lat="41.9923948" lon="2.825540200000006">
<ele>70.1395486566467</ele>
<time>2026-08-14T04:14:51.784Z</time>
</trkpt>
<trkpt lat="41.9924246" lon="2.8255578000000128">
<ele>70.00900354866206</ele>
<time>2026-08-14T04:14:53.824Z</time>
</trkpt>
<trkpt lat="41.9924528" lon="2.8255742000000055">
<ele>69.90265493136147</ele>
<time>2026-08-14T04:14:55.888Z</time>
</trkpt>
<trkpt lat="41.9924812" lon="2.825591199999991">
<ele>69.81803554557187</ele>
<time>2026-08-14T04:14:57.927Z</time>
</trkpt>
<trkpt lat="41.9925103" lon="2.8256092000000024">
<ele>69.99485176275886</ele>
<time>2026-08-14T04:15:00.005Z</time>
</trkpt>
<trkpt lat="41.9925401" lon="2.8256278000000066">
<ele>70.2391805918292</ele>
<time>2026-08-14T04:15:02.108Z</time>
</trkpt>
<trkpt lat="41.9925685" lon="2.8256437000000005">
<ele>70.42037912173181</ele>
<time>2026-08-14T04:15:04.187Z</time>
</trkpt>
<trkpt lat="41.9925993" lon="2.82565009999999">
<ele>70.53115435933826</ele>
<time>2026-08-14T04:15:06.242Z</time>
</trkpt>
<trkpt lat="41.9926334" lon="2.825677100000007">
<ele>70.68881818874306</ele>
<time>2026-08-14T04:15:08.345Z</time>
</trkpt>
<trkpt lat="41.9926569" lon="2.82569620000001">
<ele>70.7547894313756</ele>
<time>2026-08-14T04:15:10.447Z</time>
</trkpt>
<trkpt lat="41.9926834" lon="2.8257164999999986">
<ele>70.78460797130134</ele>
<time>2026-08-14T04:15:12.548Z</time>
</trkpt>
<trkpt lat="41.9927134" lon="2.8257480999999984">
<ele>70.76084501886379</ele>
<time>2026-08-14T04:15:14.642Z</time>
</trkpt>
<trkpt lat="41.9927344" lon="2.8257639999999924">
<ele>70.70712880775224</ele>
<time>2026-08-14T04:15:16.728Z</time>
</trkpt>
<trkpt lat="41.9927577" lon="2.8257787000000008">
<ele>70.62270120702405</ele>
<time>2026-08-14T04:15:18.845Z</time>
</trkpt>
<trkpt lat="41.9927831" lon="2.825784099999993">
<ele>70.4792032177854</ele>
<time>2026-08-14T04:15:20.920Z</time>
</trkpt>
<trkpt lat="41.9928033" lon="2.8257752000000096">
<ele>70.3642511385878</ele>
<time>2026-08-14T04:15:22.902Z</time>
</trkpt>
<trkpt lat="41.9928326" lon="2.8257892999999967">
<ele>70.14606795553912</ele>
<time>2026-08-14T04:15:24.951Z</time>
</trkpt>
<trkpt lat="41.9928595" lon="2.825807400000002">
<ele>69.95646386345761</ele>
<time>2026-08-14T04:15:26.902Z</time>
</trkpt>
<trkpt lat="41.9928893" lon="2.8258299999999963">
<ele>69.76943557234462</ele>
<time>2026-08-14T04:15:28.902Z</time>
</trkpt>
<trkpt lat="41.9929137" lon="2.8258427000000097">
<ele>69.63555699396508</ele>
<time>2026-08-14T04:15:30.768Z</time>
</trkpt>
<trkpt lat="41.9929405" lon="2.825856799999997">
<ele>69.50347066224192</ele>
<time>2026-08-14T04:15:32.886Z</time>
</trkpt>
<trkpt lat="41.9929738" lon="2.825875300000007">
<ele>69.43269901658303</ele>
<time>2026-08-14T04:15:34.914Z</time>
</trkpt>
<trkpt lat="41.9929986" lon="2.8258830000000046">
<ele>69.40204540703726</ele>
<time>2026-08-14T04:15:36.902Z</time>
</trkpt>
<trkpt lat="41.9930329" lon="2.8258826">
<ele>69.21560973837384</ele>
<time>2026-08-14T04:15:38.902Z</time>
</trkpt>
<trkpt lat="41.9930817" lon="2.8258736999999883">
<ele>69.10710007143987</ele>
<time>2026-08-14T04:15:40.902Z</time>
</trkpt>
<trkpt lat="41.9931094" lon="2.825877999999989">
<ele>69.19030032167124</ele>
<time>2026-08-14T04:15:42.902Z</time>
</trkpt>
<trkpt lat="41.9931329" lon="2.8258888000000013">
<ele>69.32514083001216</ele>
<time>2026-08-14T04:15:44.902Z</time>
</trkpt>
<trkpt lat="41.9931687" lon="2.8259075999999936">
<ele>69.53813023787573</ele>
<time>2026-08-14T04:15:46.902Z</time>
</trkpt>
<trkpt lat="41.9931958" lon="2.825903199999999">
<ele>69.52913069577068</ele>
<time>2026-08-14T04:15:48.909Z</time>
</trkpt>
<trkpt lat="41.9932249" lon="2.8259036000000037">
<ele>69.5645327662513</ele>
<time>2026-08-14T04:15:50.786Z</time>
</trkpt>
<trkpt lat="41.9932534" lon="2.825905799999987">
<ele>69.61283481212044</ele>
<time>2026-08-14T04:15:52.866Z</time>
</trkpt>
<trkpt lat="41.9932906" lon="2.825908300000009">
<ele>69.67065122690578</ele>
<time>2026-08-14T04:15:54.902Z</time>
</trkpt>
<trkpt lat="41.9933217" lon="2.825898599999988">
<ele>69.63709474397803</ele>
<time>2026-08-14T04:15:56.902Z</time>
</trkpt>
<trkpt lat="41.9933518" lon="2.8258862000000136">
<ele>69.47638227463084</ele>
<time>2026-08-14T04:15:58.768Z</time>
</trkpt>
<trkpt lat="41.9933892" lon="2.8258810000000096">
<ele>69.33874600337761</ele>
<time>2026-08-14T04:16:01.327Z</time>
</trkpt>
<trkpt lat="41.993415" lon="2.825870199999997">
<ele>69.2081832561474</ele>
<time>2026-08-14T04:16:03.304Z</time>
</trkpt>
<trkpt lat="41.9934426" lon="2.8258606999999927">
<ele>69.02578508977942</ele>
<time>2026-08-14T04:16:05.423Z</time>
</trkpt>
<trkpt lat="41.9934736" lon="2.8258644000000004">
<ele>68.98851906896512</ele>
<time>2026-08-14T04:16:07.487Z</time>
</trkpt>
<trkpt lat="41.9935011" lon="2.825857500000012">
<ele>68.82748333482525</ele>
<time>2026-08-14T04:16:09.646Z</time>
</trkpt>
<trkpt lat="41.9935273" lon="2.8258484000000124">
<ele>68.63854599913026</ele>
<time>2026-08-14T04:16:11.726Z</time>
</trkpt>
<trkpt lat="41.9935548" lon="2.825847600000003">
<ele>68.55121283886035</ele>
<time>2026-08-14T04:16:13.806Z</time>
</trkpt>
<trkpt lat="41.9935853" lon="2.825837799999988">
<ele>68.33451176787615</ele>
<time>2026-08-14T04:16:15.965Z</time>
</trkpt>
<trkpt lat="41.9936117" lon="2.825828400000006">
<ele>68.1434784879871</ele>
<time>2026-08-14T04:16:17.912Z</time>
</trkpt>
<trkpt lat="41.9936382" lon="2.8258367999999905">
<ele>68.21452843778731</ele>
<time>2026-08-14T04:16:19.926Z</time>
</trkpt>
<trkpt lat="41.9936671" lon="2.8258256999999958">
<ele>68.01906676750487</ele>
<time>2026-08-14T04:16:21.941Z</time>
</trkpt>
<trkpt lat="41.9936958" lon="2.8258031000000017">
<ele>67.67102639139104</ele>
<time>2026-08-14T04:16:23.902Z</time>
</trkpt>
<trkpt lat="41.993718" lon="2.8257766000000117">
<ele>67.28285660041017</ele>
<time>2026-08-14T04:16:25.886Z</time>
</trkpt>
<trkpt lat="41.9937393" lon="2.825754399999994">
<ele>66.95515665245063</ele>
<time>2026-08-14T04:16:27.902Z</time>
</trkpt>
<trkpt lat="41.9937732" lon="2.8257461999999975">
<ele>66.79653121401734</ele>
<time>2026-08-14T04:16:29.902Z</time>
</trkpt>
<trkpt lat="41.9938093" lon="2.8257552999999973">
<ele>66.86401597275822</ele>
<time>2026-08-14T04:16:31.846Z</time>
</trkpt>
<trkpt lat="41.9938393" lon="2.8257721999999887">
<ele>67.04211455848653</ele>
<time>2026-08-14T04:16:33.648Z</time>
</trkpt>
<trkpt lat="41.993872" lon="2.8257758000000024">
<ele>67.04021237062219</ele>
<time>2026-08-14T04:16:35.624Z</time>
</trkpt>
<trkpt lat="41.9939041" lon="2.825778299999996">
<ele>67.07723358784726</ele>
<time>2026-08-14T04:16:37.702Z</time>
</trkpt>
<trkpt lat="41.993935" lon="2.825780199999997">
<ele>67.12184164728413</ele>
<time>2026-08-14T04:16:39.845Z</time>
</trkpt>
<trkpt lat="41.9939633" lon="2.8257711999999913">
<ele>67.03985018629446</ele>
<time>2026-08-14T04:16:41.804Z</time>
</trkpt>
<trkpt lat="41.993994" lon="2.825766299999998">
<ele>67.01508091215733</ele>
<time>2026-08-14T04:16:43.866Z</time>
</trkpt>
<trkpt lat="41.9940253" lon="2.825761699999987">
<ele>67.00068411762021</ele>
<time>2026-08-14T04:16:45.929Z</time>
</trkpt>
<trkpt lat="41.9940562" lon="2.8257514999999955">
<ele>66.94114527238438</ele>
<time>2026-08-14T04:16:47.984Z</time>
</trkpt>
<trkpt lat="41.9940811" lon="2.825753800000001">
<ele>66.99366213537516</ele>
<time>2026-08-14T04:16:49.902Z</time>
</trkpt>
<trkpt lat="41.9941055" lon="2.825750499999998">
<ele>66.99806293028368</ele>
<time>2026-08-14T04:16:51.726Z</time>
</trkpt>
<trkpt lat="41.9941321" lon="2.8257495000000006">
<ele>67.02627524012101</ele>
<time>2026-08-14T04:16:53.806Z</time>
</trkpt>
<trkpt lat="41.9941566" lon="2.8257600000000025">
<ele>67.13183049132256</ele>
<time>2026-08-14T04:16:55.862Z</time>
</trkpt>
<trkpt lat="41.9941848" lon="2.8257667999999967">
<ele>67.31370322729461</ele>
<time>2026-08-14T04:16:57.966Z</time>
</trkpt>
<trkpt lat="41.9942177" lon="2.825769000000008">
<ele>67.49636062159273</ele>
<time>2026-08-14T04:16:59.938Z</time>
</trkpt>
<trkpt lat="41.99424" lon="2.825767500000012">
<ele>67.59895515721573</ele>
<time>2026-08-14T04:17:01.937Z</time>
</trkpt>
<trkpt lat="41.9942656" lon="2.825768100000005">
<ele>67.73339676664843</ele>
<time>2026-08-14T04:17:03.920Z</time>
</trkpt>
<trkpt lat="41.9942914" lon="2.825768399999987">
<ele>67.86676203597665</ele>
<time>2026-08-14T04:17:05.935Z</time>
</trkpt>
<trkpt lat="41.9943164" lon="2.825750400000004">
<ele>67.85713652299958</ele>
<time>2026-08-14T04:17:07.917Z</time>
</trkpt>
<trkpt lat="41.994337" lon="2.825757600000003">
<ele>68.01547070482911</ele>
<time>2026-08-14T04:17:09.744Z</time>
</trkpt>
<trkpt lat="41.9943627" lon="2.8257586999999944">
<ele>68.15337928878884</ele>
<time>2026-08-14T04:17:11.902Z</time>
</trkpt>
<trkpt lat="41.9943918" lon="2.825753099999986">
<ele>68.25536621213959</ele>
<time>2026-08-14T04:17:13.902Z</time>
</trkpt>
<trkpt lat="41.9944161" lon="2.8257482999999866">
<ele>68.3383206249304</ele>
<time>2026-08-14T04:17:15.903Z</time>
</trkpt>
<trkpt lat="41.9944414" lon="2.82574249999999">
<ele>68.39815342325721</ele>
<time>2026-08-14T04:17:17.706Z</time>
</trkpt>
<trkpt lat="41.9944709" lon="2.8257316000000117">
<ele>68.34254077221719</ele>
<time>2026-08-14T04:17:19.784Z</time>
</trkpt>
<trkpt lat="41.9944977" lon="2.825726099999997">
<ele>68.33222404707762</ele>
<time>2026-08-14T04:17:21.847Z</time>
</trkpt>
<trkpt lat="41.994525" lon="2.8257250000000056">
<ele>68.35716878307255</ele>
<time>2026-08-14T04:17:23.902Z</time>
</trkpt>
<trkpt lat="41.9945538" lon="2.8257222000000013">
<ele>68.37381005881011</ele>
<time>2026-08-14T04:17:25.965Z</time>
</trkpt>
<trkpt lat="41.9945813" lon="2.8257209999999873">
<ele>68.40084374765347</ele>
<time>2026-08-14T04:17:27.937Z</time>
</trkpt>
<trkpt lat="41.9946065" lon="2.825696899999997">
<ele>68.29509024699999</ele>
<time>2026-08-14T04:17:29.952Z</time>
</trkpt>
<trkpt lat="41.9946326" lon="2.825679699999995">
<ele>68.24554950625635</ele>
<time>2026-08-14T04:17:31.902Z</time>
</trkpt>
<trkpt lat="41.9946626" lon="2.8256734999999935">
<ele>68.27116714253974</ele>
<time>2026-08-14T04:17:33.902Z</time>
</trkpt>
<trkpt lat="41.994689" lon="2.8256676000000027">
<ele>68.29617856843839</ele>
<time>2026-08-14T04:17:35.902Z</time>
</trkpt>
<trkpt lat="41.994714" lon="2.8256609999999966">
<ele>68.31983381852349</ele>
<time>2026-08-14T04:17:37.746Z</time>
</trkpt>
<trkpt lat="41.9947456" lon="2.8256582999999864">
<ele>68.58954024655606</ele>
<time>2026-08-14T04:17:39.889Z</time>
</trkpt>
<trkpt lat="41.9947713" lon="2.8256523000000016">
<ele>68.80040877184531</ele>
<time>2026-08-14T04:17:41.864Z</time>
</trkpt>
<trkpt lat="41.9947967" lon="2.8256470000000036">
<ele>69.01311152232805</ele>
<time>2026-08-14T04:17:43.902Z</time>
</trkpt>
<trkpt lat="41.9948224" lon="2.8256316000000083">
<ele>69.1958983714315</ele>
<time>2026-08-14T04:17:45.902Z</time>
</trkpt>
<trkpt lat="41.9948514" lon="2.8256173000000047">
<ele>69.41845027655083</ele>
<time>2026-08-14T04:17:47.970Z</time>
</trkpt>
<trkpt lat="41.9948793" lon="2.825610299999994">
<ele>69.65830851490949</ele>
<time>2026-08-14T04:17:49.902Z</time>
</trkpt>
<trkpt lat="41.994906" lon="2.8256015000000048">
<ele>69.88431481991738</ele>
<time>2026-08-14T04:17:51.805Z</time>
</trkpt>
<trkpt lat="41.9949408" lon="2.8255906999999922">
<ele>70.17888988337508</ele>
<time>2026-08-14T04:17:53.867Z</time>
</trkpt>
<trkpt lat="41.9949624" lon="2.825580300000013">
<ele>70.1854064984767</ele>
<time>2026-08-14T04:17:55.906Z</time>
</trkpt>
<trkpt lat="41.9949885" lon="2.8255656000000045">
<ele>70.1441010963624</ele>
<time>2026-08-14T04:17:57.985Z</time>
</trkpt>
<trkpt lat="41.9950161" lon="2.8255482000000143">
<ele>70.12277813314418</ele>
<time>2026-08-14T04:17:59.908Z</time>
</trkpt>
<trkpt lat="41.9950435" lon="2.825542399999989">
<ele>70.33612794625991</ele>
<time>2026-08-14T04:18:02.126Z</time>
</trkpt>
<trkpt lat="41.9950687" lon="2.825540100000012">
<ele>70.59124223803428</ele>
<time>2026-08-14T04:18:03.937Z</time>
</trkpt>
<trkpt lat="41.9951031" lon="2.825535699999989">
<ele>70.91209303381945</ele>
<time>2026-08-14T04:18:05.951Z</time>
</trkpt>
<trkpt lat="41.9951233" lon="2.8255291000000113">
<ele>71.01634956645147</ele>
<time>2026-08-14T04:18:07.964Z</time>
</trkpt>
<trkpt lat="41.9951498" lon="2.825527700000009">
<ele>71.30124823700774</ele>
<time>2026-08-14T04:18:09.902Z</time>
</trkpt>
<trkpt lat="41.9951791" lon="2.825523199999992">
<ele>71.55314873685796</ele>
<time>2026-08-14T04:18:11.789Z</time>
</trkpt>
<trkpt lat="41.9952063" lon="2.825517600000012">
<ele>71.75461482287541</ele>
<time>2026-08-14T04:18:13.907Z</time>
</trkpt>
<trkpt lat="41.9952329" lon="2.825507299999998">
<ele>71.84503690061409</ele>
<time>2026-08-14T04:18:15.929Z</time>
</trkpt>
<trkpt lat="41.9952678" lon="2.8254930999999885">
<ele>71.9416260985899</ele>
<time>2026-08-14T04:18:17.940Z</time>
</trkpt>
<trkpt lat="41.9952866" lon="2.8254732999999987">
<ele>71.4694518636894</ele>
<time>2026-08-14T04:18:19.902Z</time>
</trkpt>
<trkpt lat="41.9953078" lon="2.8254579000000035">
<ele>71.03520246243352</ele>
<time>2026-08-14T04:18:21.749Z</time>
</trkpt>
<trkpt lat="41.9953322" lon="2.8254475999999897">
<ele>70.70454368644387</ele>
<time>2026-08-14T04:18:23.788Z</time>
</trkpt>
<trkpt lat="41.9953605" lon="2.825443799999988">
<ele>70.49771097078035</ele>
<time>2026-08-14T04:18:25.882Z</time>
</trkpt>
<trkpt lat="41.9953883" lon="2.8254387000000065">
<ele>70.27132664678399</ele>
<time>2026-08-14T04:18:27.968Z</time>
</trkpt>
<trkpt lat="41.9954167" lon="2.8254327999999873">
<ele>70.03211862381245</ele>
<time>2026-08-14T04:18:30.045Z</time>
</trkpt>
<trkpt lat="41.995446" lon="2.825425999999993">
<ele>69.77839515612482</ele>
<time>2026-08-14T04:18:32.147Z</time>
</trkpt>
<trkpt lat="41.995472" lon="2.8254168999999933">
<ele>69.50341050075944</ele>
<time>2026-08-14T04:18:34.209Z</time>
</trkpt>
<trkpt lat="41.9954986" lon="2.8254043999999965">
<ele>69.1743746708753</ele>
<time>2026-08-14T04:18:36.288Z</time>
</trkpt>
<trkpt lat="41.9955292" lon="2.825384899999989">
<ele>68.7228132350198</ele>
<time>2026-08-14T04:18:38.367Z</time>
</trkpt>
<trkpt lat="41.9955539" lon="2.82536970000001">
<ele>68.44428867955595</ele>
<time>2026-08-14T04:18:40.446Z</time>
</trkpt>
<trkpt lat="41.995577" lon="2.825353199999995">
<ele>68.38526054801909</ele>
<time>2026-08-14T04:18:42.524Z</time>
</trkpt>
<trkpt lat="41.9956103" lon="2.825333400000005">
<ele>68.31957745506969</ele>
<time>2026-08-14T04:18:44.587Z</time>
</trkpt>
<trkpt lat="41.9956323" lon="2.8253216999999893">
<ele>68.27300949179651</ele>
<time>2026-08-14T04:18:46.664Z</time>
</trkpt>
<trkpt lat="41.9956549" lon="2.8253052000000025">
<ele>68.1377595431974</ele>
<time>2026-08-14T04:18:48.726Z</time>
</trkpt>
<trkpt lat="41.9956846" lon="2.825295699999998">
<ele>68.21781182357194</ele>
<time>2026-08-14T04:18:50.804Z</time>
</trkpt>
<trkpt lat="41.9957098" lon="2.8252861999999936">
<ele>68.27202529272273</ele>
<time>2026-08-14T04:18:52.883Z</time>
</trkpt>
<trkpt lat="41.9957373" lon="2.825269600000013">
<ele>68.24610123806423</ele>
<time>2026-08-14T04:18:54.928Z</time>
</trkpt>
<trkpt lat="41.9957678" lon="2.8252495000000124">
<ele>68.21513481972185</ele>
<time>2026-08-14T04:18:56.982Z</time>
</trkpt>
<trkpt lat="41.9957949" lon="2.8252364999999884">
<ele>68.27916445493342</ele>
<time>2026-08-14T04:18:58.928Z</time>
</trkpt>
<trkpt lat="41.9958235" lon="2.825229699999994">
<ele>68.45781160813065</ele>
<time>2026-08-14T04:19:00.902Z</time>
</trkpt>
<trkpt lat="41.9958481" lon="2.8252233999999987">
<ele>68.65908460479025</ele>
<time>2026-08-14T04:19:02.902Z</time>
</trkpt>
<trkpt lat="41.9958797" lon="2.8252168999999867">
<ele>68.93903674490971</ele>
<time>2026-08-14T04:19:04.902Z</time>
</trkpt>
<trkpt lat="41.9959026" lon="2.8252074000000107">
<ele>69.05358358306461</ele>
<time>2026-08-14T04:19:06.724Z</time>
</trkpt>
<trkpt lat="41.9959258" lon="2.8251989000000037">
<ele>69.17236708894765</ele>
<time>2026-08-14T04:19:08.701Z</time>
</trkpt>
<trkpt lat="41.9959562" lon="2.825193100000007">
<ele>69.40396890382436</ele>
<time>2026-08-14T04:19:10.806Z</time>
</trkpt>
<trkpt lat="41.9959853" lon="2.8251742999999863">
<ele>69.35437772212272</ele>
<time>2026-08-14T04:19:12.923Z</time>
</trkpt>
<trkpt lat="41.9960072" lon="2.8251677000000086">
<ele>69.44358684128497</ele>
<time>2026-08-14T04:19:14.968Z</time>
</trkpt>
<trkpt lat="41.9960298" lon="2.8251665999999886">
<ele>69.64538635190944</ele>
<time>2026-08-14T04:19:16.942Z</time>
</trkpt>
<trkpt lat="41.996054" lon="2.8251578999999936">
<ele>69.69295921215102</ele>
<time>2026-08-14T04:19:18.763Z</time>
</trkpt>
<trkpt lat="41.9960818" lon="2.8251478999999904">
<ele>69.72789795103988</ele>
<time>2026-08-14T04:19:20.848Z</time>
</trkpt>
<trkpt lat="41.9961116" lon="2.8251333999999986">
<ele>69.66017043457975</ele>
<time>2026-08-14T04:19:22.941Z</time>
</trkpt>
<trkpt lat="41.9961389" lon="2.8251227000000085">
<ele>69.67987720625835</ele>
<time>2026-08-14T04:19:24.942Z</time>
</trkpt>
<trkpt lat="41.9961622" lon="2.8251103000000057">
<ele>69.60826924014327</ele>
<time>2026-08-14T04:19:26.949Z</time>
</trkpt>
<trkpt lat="41.9961894" lon="2.8250935000000084">
<ele>69.45474896168808</ele>
<time>2026-08-14T04:19:28.942Z</time>
</trkpt>
<trkpt lat="41.9962153" lon="2.8250792999999987">
<ele>69.3419817650399</ele>
<time>2026-08-14T04:19:30.975Z</time>
</trkpt>
<trkpt lat="41.996242" lon="2.8250652000000116">
<ele>69.22818598539122</ele>
<time>2026-08-14T04:19:32.989Z</time>
</trkpt>
<trkpt lat="41.9962736" lon="2.8250454999999874">
<ele>68.99867301149993</ele>
<time>2026-08-14T04:19:34.942Z</time>
</trkpt>
<trkpt lat="41.9962994" lon="2.8250342000000046">
<ele>68.93100966449563</ele>
<time>2026-08-14T04:19:36.828Z</time>
</trkpt>
<trkpt lat="41.9963273" lon="2.8250224999999887">
<ele>68.95414571027801</ele>
<time>2026-08-14T04:19:38.865Z</time>
</trkpt>
<trkpt lat="41.9963568" lon="2.8250066999999888">
<ele>68.91152189880948</ele>
<time>2026-08-14T04:19:40.943Z</time>
</trkpt>
<trkpt lat="41.9963819" lon="2.8249955">
<ele>68.91719763411876</ele>
<time>2026-08-14T04:19:43.004Z</time>
</trkpt>
<trkpt lat="41.9964077" lon="2.8249865999999884">
<ele>69.16807983876254</ele>
<time>2026-08-14T04:19:45.146Z</time>
</trkpt>
<trkpt lat="41.9964391" lon="2.8249725999999953">
<ele>69.40987760643036</ele>
<time>2026-08-14T04:19:47.183Z</time>
</trkpt>
<trkpt lat="41.9964616" lon="2.824963800000006">
<ele>69.59412399438163</ele>
<time>2026-08-14T04:19:49.229Z</time>
</trkpt>
<trkpt lat="41.9964885" lon="2.8249533999999983">
<ele>69.80221198381415</ele>
<time>2026-08-14T04:19:51.387Z</time>
</trkpt>
<trkpt lat="41.9965144" lon="2.8249375999999984">
<ele>69.85436994254273</ele>
<time>2026-08-14T04:19:53.402Z</time>
</trkpt>
<trkpt lat="41.9965399" lon="2.824924299999992">
<ele>69.93635346940981</ele>
<time>2026-08-14T04:19:55.505Z</time>
</trkpt>
<trkpt lat="41.9965664" lon="2.8249126000000047">
<ele>70.05291848618167</ele>
<time>2026-08-14T04:19:57.487Z</time>
</trkpt>
<trkpt lat="41.996594" lon="2.8249031999999943">
<ele>70.22585112459174</ele>
<time>2026-08-14T04:19:59.462Z</time>
</trkpt>
<trkpt lat="41.9966192" lon="2.8248912999999902">
<ele>70.28453937445053</ele>
<time>2026-08-14T04:20:01.508Z</time>
</trkpt>
<trkpt lat="41.9966462" lon="2.8248828000000117">
<ele>70.44212755795968</ele>
<time>2026-08-14T04:20:03.626Z</time>
</trkpt>
<trkpt lat="41.9966719" lon="2.824873999999994">
<ele>70.59124121563252</ele>
<time>2026-08-14T04:20:05.744Z</time>
</trkpt>
<trkpt lat="41.9967007" lon="2.824858599999999">
<ele>70.64581697095711</ele>
<time>2026-08-14T04:20:07.766Z</time>
</trkpt>
<trkpt lat="41.9967281" lon="2.824838900000003">
<ele>70.5356330871048</ele>
<time>2026-08-14T04:20:09.845Z</time>
</trkpt>
<trkpt lat="41.996757" lon="2.824816900000002">
<ele>70.35873677082873</ele>
<time>2026-08-14T04:20:11.946Z</time>
</trkpt>
<trkpt lat="41.9967882" lon="2.824794499999996">
<ele>70.17771922632345</ele>
<time>2026-08-14T04:20:13.888Z</time>
</trkpt>
<trkpt lat="41.9968122" lon="2.824775399999993">
<ele>69.96131564436376</ele>
<time>2026-08-14T04:20:16.005Z</time>
</trkpt>
<trkpt lat="41.9968359" lon="2.8247614">
<ele>69.87878136063458</ele>
<time>2026-08-14T04:20:17.991Z</time>
</trkpt>
<trkpt lat="41.9968587" lon="2.8247513999999967">
<ele>69.9530566188342</ele>
<time>2026-08-14T04:20:19.802Z</time>
</trkpt>
<trkpt lat="41.9968847" lon="2.8247392000000104">
<ele>70.07656560293557</ele>
<time>2026-08-14T04:20:21.889Z</time>
</trkpt>
<trkpt lat="41.9969081" lon="2.8247326999999984">
<ele>70.2761067699052</ele>
<time>2026-08-14T04:20:23.966Z</time>
</trkpt>
<trkpt lat="41.9969294" lon="2.82474049999999">
<ele>70.74091110742637</ele>
<time>2026-08-14T04:20:25.942Z</time>
</trkpt>
<trkpt lat="41.9969528" lon="2.824743699999999">
<ele>71.10482723041856</ele>
<time>2026-08-14T04:20:27.830Z</time>
</trkpt>
<trkpt lat="41.9969862" lon="2.824740999999989">
<ele>71.4276919160484</ele>
<time>2026-08-14T04:20:29.956Z</time>
</trkpt>
<trkpt lat="41.9970123" lon="2.8247340000000065">
<ele>71.57783253880348</ele>
<time>2026-08-14T04:20:31.942Z</time>
</trkpt>
<trkpt lat="41.9970381" lon="2.8247269000000017">
<ele>71.72239451131436</ele>
<time>2026-08-14T04:20:33.976Z</time>
</trkpt>
<trkpt lat="41.9970623" lon="2.8247129000000086">
<ele>71.70452929457016</ele>
<time>2026-08-14T04:20:35.888Z</time>
</trkpt>
<trkpt lat="41.9970875" lon="2.8246990000000096">
<ele>71.69994180142756</ele>
<time>2026-08-14T04:20:37.766Z</time>
</trkpt>
<trkpt lat="41.9971177" lon="2.8246785000000045">
<ele>71.61389687945737</ele>
<time>2026-08-14T04:20:39.907Z</time>
</trkpt>
<trkpt lat="41.9971513" lon="2.824656400000009">
<ele>71.53263662038981</ele>
<time>2026-08-14T04:20:41.904Z</time>
</trkpt>
<trkpt lat="41.9971767" lon="2.8246407000000033">
<ele>71.49203971894278</ele>
<time>2026-08-14T04:20:43.905Z</time>
</trkpt>
<trkpt lat="41.9972016" lon="2.8246234000000072">
<ele>71.4121095292046</ele>
<time>2026-08-14T04:20:45.942Z</time>
</trkpt>
<trkpt lat="41.9972251" lon="2.8246075000000133">
<ele>71.28418893149156</ele>
<time>2026-08-14T04:20:47.762Z</time>
</trkpt>
<trkpt lat="41.9972534" lon="2.8245967000000007">
<ele>71.12215167624555</ele>
<time>2026-08-14T04:20:49.808Z</time>
</trkpt>
<trkpt lat="41.9972791" lon="2.824582300000003">
<ele>70.88039965996217</ele>
<time>2026-08-14T04:20:51.902Z</time>
</trkpt>
<trkpt lat="41.9973062" lon="2.8245727999999986">
<ele>70.74503694054955</ele>
<time>2026-08-14T04:20:53.942Z</time>
</trkpt>
<trkpt lat="41.997334" lon="2.8245693000000074">
<ele>70.7365553566304</ele>
<time>2026-08-14T04:20:55.942Z</time>
</trkpt>
<trkpt lat="41.9973594" lon="2.824570200000011">
<ele>70.81381445645265</ele>
<time>2026-08-14T04:20:57.948Z</time>
</trkpt>
<trkpt lat="41.9973842" lon="2.8245708999999977">
<ele>70.88547980752966</ele>
<time>2026-08-14T04:20:59.953Z</time>
</trkpt>
<trkpt lat="41.9974106" lon="2.8245699999999943">
<ele>70.92785601683815</ele>
<time>2026-08-14T04:21:01.942Z</time>
</trkpt>
<trkpt lat="41.997435" lon="2.8245727999999986">
<ele>71.04164058973817</ele>
<time>2026-08-14T04:21:03.826Z</time>
</trkpt>
<trkpt lat="41.9974608" lon="2.824577299999987">
<ele>71.1931920158612</ele>
<time>2026-08-14T04:21:05.825Z</time>
</trkpt>
<trkpt lat="41.9974863" lon="2.824577299999987">
<ele>71.25169766448055</ele>
<time>2026-08-14T04:21:07.967Z</time>
</trkpt>
<trkpt lat="41.9975135" lon="2.8245780000000025">
<ele>71.32434075464192</ele>
<time>2026-08-14T04:21:09.942Z</time>
</trkpt>
<trkpt lat="41.9975375" lon="2.8245766000000003">
<ele>71.34551302011624</ele>
<time>2026-08-14T04:21:11.942Z</time>
</trkpt>
<trkpt lat="41.9975733" lon="2.824565199999995">
<ele>71.19295373365759</ele>
<time>2026-08-14T04:21:13.809Z</time>
</trkpt>
<trkpt lat="41.9976053" lon="2.8245700999999883">
<ele>71.3578747630915</ele>
<time>2026-08-14T04:21:15.887Z</time>
</trkpt>
<trkpt lat="41.9976367" lon="2.824578500000001">
<ele>71.58733662772103</ele>
<time>2026-08-14T04:21:17.942Z</time>
</trkpt>
<trkpt lat="41.9977299" lon="2.8245272000000057">
<ele>70.81566320928236</ele>
<time>2026-08-14T04:21:19.942Z</time>
</trkpt>
<trkpt lat="41.9977857" lon="2.824516499999987">
<ele>70.79789354183916</ele>
<time>2026-08-14T04:21:21.954Z</time>
</trkpt>
<trkpt lat="41.9978189" lon="2.8245182">
<ele>71.04386738836254</ele>
<time>2026-08-14T04:21:23.942Z</time>
</trkpt>
<trkpt lat="41.9978533" lon="2.824516499999987">
<ele>71.23791331058082</ele>
<time>2026-08-14T04:21:25.743Z</time>
</trkpt>
<trkpt lat="41.9978889" lon="2.8245211999999924">
<ele>71.5456223188784</ele>
<time>2026-08-14T04:21:27.748Z</time>
</trkpt>
<trkpt lat="41.9979208" lon="2.824516799999998">
<ele>71.68194020337442</ele>
<time>2026-08-14T04:21:29.889Z</time>
</trkpt>
<trkpt lat="41.9979525" lon="2.824520299999989">
<ele>71.94020897909154</ele>
<time>2026-08-14T04:21:31.942Z</time>
</trkpt>
<trkpt lat="41.9979795" lon="2.8245277999999985">
<ele>72.22152140438408</ele>
<time>2026-08-14T04:21:33.942Z</time>
</trkpt>
<trkpt lat="41.9980053" lon="2.8245368999999982">
<ele>72.50948512826332</ele>
<time>2026-08-14T04:21:35.824Z</time>
</trkpt>
<trkpt lat="41.998039" lon="2.8245467000000133">
<ele>72.84399088913189</ele>
<time>2026-08-14T04:21:37.885Z</time>
</trkpt>
<trkpt lat="41.9980631" lon="2.8245415000000094">
<ele>72.83423108997107</ele>
<time>2026-08-14T04:21:39.942Z</time>
</trkpt>
<trkpt lat="41.9980928" lon="2.824532799999986">
<ele>72.64434456290255</ele>
<time>2026-08-14T04:21:41.942Z</time>
</trkpt>
<trkpt lat="41.9981244" lon="2.824531900000011">
<ele>72.55051642498303</ele>
<time>2026-08-14T04:21:43.942Z</time>
</trkpt>
<trkpt lat="41.9981521" lon="2.8245259999999917">
<ele>72.39181998290528</ele>
<time>2026-08-14T04:21:45.942Z</time>
</trkpt>
<trkpt lat="41.9981554" lon="2.824534">
<ele>72.50169174522081</ele>
<time>2026-08-14T04:21:47.942Z</time>
</trkpt>
<trkpt lat="41.9981764" lon="2.824552799999992">
<ele>72.7350036044784</ele>
<time>2026-08-14T04:21:49.785Z</time>
</trkpt>
<trkpt lat="41.9981667" lon="2.824557199999987">
<ele>72.82242026666239</ele>
<time>2026-08-14T04:21:51.864Z</time>
</trkpt>
<trkpt lat="41.9981703" lon="2.824561200000005">
<ele>72.87540001038694</ele>
<time>2026-08-14T04:21:53.942Z</time>
</trkpt>
<trkpt lat="41.9981911" lon="2.8245654000000116">
<ele>72.89863428861467</ele>
<time>2026-08-14T04:21:55.799Z</time>
</trkpt>
<trkpt lat="41.9982187" lon="2.82456830000001">
<ele>72.8917099308862</ele>
<time>2026-08-14T04:21:57.705Z</time>
</trkpt>
<trkpt lat="41.9982465" lon="2.824565199999995">
<ele>72.78793743968907</ele>
<time>2026-08-14T04:21:59.766Z</time>
</trkpt>
<trkpt lat="41.9982764" lon="2.8245675000000006">
<ele>72.76934989693939</ele>
<time>2026-08-14T04:22:01.828Z</time>
</trkpt>
<trkpt lat="41.9983055" lon="2.824563799999993">
<ele>72.64854225467195</ele>
<time>2026-08-14T04:22:03.865Z</time>
</trkpt>
<trkpt lat="41.9983324" lon="2.8245641000000035">
<ele>72.60551399060465</ele>
<time>2026-08-14T04:22:05.942Z</time>
</trkpt>
<trkpt lat="41.9983608" lon="2.8245660000000044">
<ele>72.67563377820122</ele>
<time>2026-08-14T04:22:07.942Z</time>
</trkpt>
<trkpt lat="41.9983922" lon="2.8245654000000116">
<ele>72.70417260540349</ele>
<time>2026-08-14T04:22:09.942Z</time>
</trkpt>
<trkpt lat="41.9984227" lon="2.8245601000000136">
<ele>72.64833608396027</ele>
<time>2026-08-14T04:22:11.942Z</time>
</trkpt>
<trkpt lat="41.9984518" lon="2.8245550999999978">
<ele>72.5975762723865</ele>
<time>2026-08-14T04:22:13.946Z</time>
</trkpt>
<trkpt lat="41.9984839" lon="2.8245497000000057">
<ele>72.54529458704404</ele>
<time>2026-08-14T04:22:15.959Z</time>
</trkpt>
<trkpt lat="41.9985114" lon="2.8245541000000003">
<ele>72.65809684975693</ele>
<time>2026-08-14T04:22:17.942Z</time>
</trkpt>
<trkpt lat="41.9985391" lon="2.824555800000013">
<ele>72.72359038237872</ele>
<time>2026-08-14T04:22:19.942Z</time>
</trkpt>
<trkpt lat="41.9985673" lon="2.824554699999993">
<ele>72.7415877316225</ele>
<time>2026-08-14T04:22:21.942Z</time>
</trkpt>
<trkpt lat="41.9985925" lon="2.824551299999996">
<ele>72.71709112499204</ele>
<time>2026-08-14T04:22:23.748Z</time>
</trkpt>
<trkpt lat="41.9986212" lon="2.8245487000000082">
<ele>72.71403529196496</ele>
<time>2026-08-14T04:22:25.809Z</time>
</trkpt>
<trkpt lat="41.9986509" lon="2.8245449000000065">
<ele>72.69433806397832</ele>
<time>2026-08-14T04:22:27.886Z</time>
</trkpt>
<trkpt lat="41.9986867" lon="2.8245258999999976">
<ele>72.41323721294056</ele>
<time>2026-08-14T04:22:29.947Z</time>
</trkpt>
<trkpt lat="41.9987098" lon="2.8245279999999866">
<ele>72.48090391440557</ele>
<time>2026-08-14T04:22:31.942Z</time>
</trkpt>
<trkpt lat="41.998736" lon="2.8245293999999888">
<ele>72.54106828930557</ele>
<time>2026-08-14T04:22:33.942Z</time>
</trkpt>
<trkpt lat="41.998765" lon="2.824507799999992">
<ele>72.18139958597573</ele>
<time>2026-08-14T04:22:35.764Z</time>
</trkpt>
<trkpt lat="41.998791" lon="2.824508199999997">
<ele>72.21786184401317</ele>
<time>2026-08-14T04:22:37.825Z</time>
</trkpt>
<trkpt lat="41.9988185" lon="2.824512800000008">
<ele>72.33608810951732</ele>
<time>2026-08-14T04:22:39.887Z</time>
</trkpt>
<trkpt lat="41.9988475" lon="2.8245033000000035">
<ele>72.18639270096993</ele>
<time>2026-08-14T04:22:41.965Z</time>
</trkpt>
<trkpt lat="41.9988699" lon="2.8245027000000107">
<ele>72.19856074240191</ele>
<time>2026-08-14T04:22:43.942Z</time>
</trkpt>
<trkpt lat="41.9988982" lon="2.8245086999999955">
<ele>72.36045830527054</ele>
<time>2026-08-14T04:22:45.948Z</time>
</trkpt>
<trkpt lat="41.9989262" lon="2.824510299999986">
<ele>72.45462020698322</ele>
<time>2026-08-14T04:22:47.888Z</time>
</trkpt>
<trkpt lat="41.9989572" lon="2.8245177000000012">
<ele>72.65549007578875</ele>
<time>2026-08-14T04:22:49.972Z</time>
</trkpt>
<trkpt lat="41.9989837" lon="2.824521599999997">
<ele>72.77553863221183</ele>
<time>2026-08-14T04:22:51.942Z</time>
</trkpt>
<trkpt lat="41.9990095" lon="2.824521699999991">
<ele>72.82680509370564</ele>
<time>2026-08-14T04:22:53.942Z</time>
</trkpt>
<trkpt lat="41.9990419" lon="2.8245073999999875">
<ele>72.67109894085698</ele>
<time>2026-08-14T04:22:55.942Z</time>
</trkpt>
<trkpt lat="41.9990678" lon="2.824500999999998">
<ele>72.63891196389943</ele>
<time>2026-08-14T04:22:57.942Z</time>
</trkpt>
<trkpt lat="41.9990912" lon="2.8244947000000025">
<ele>72.6109755938433</ele>
<time>2026-08-14T04:22:59.784Z</time>
</trkpt>
<trkpt lat="41.9991121" lon="2.8244913000000054">
<ele>72.62267045551815</ele>
<time>2026-08-14T04:23:01.601Z</time>
</trkpt>
<trkpt lat="41.9991404" lon="2.824490499999996">
<ele>72.69217359466126</ele>
<time>2026-08-14T04:23:03.505Z</time>
</trkpt>
<trkpt lat="41.9991664" lon="2.824509599999999">
<ele>72.98227398569166</ele>
<time>2026-08-14T04:23:05.582Z</time>
</trkpt>
<trkpt lat="41.9991933" lon="2.824514800000003">
<ele>72.94045444526716</ele>
<time>2026-08-14T04:23:07.627Z</time>
</trkpt>
<trkpt lat="41.999227" lon="2.8245153999999957">
<ele>72.8190225177385</ele>
<time>2026-08-14T04:23:09.704Z</time>
</trkpt>
<trkpt lat="41.9992535" lon="2.824518799999993">
<ele>72.75616285928304</ele>
<time>2026-08-14T04:23:11.725Z</time>
</trkpt>
<trkpt lat="41.9992836" lon="2.8245159999999885">
<ele>72.61010551475674</ele>
<time>2026-08-14T04:23:13.786Z</time>
</trkpt>
<trkpt lat="41.9993252" lon="2.8245020999999895">
<ele>72.30111308066455</ele>
<time>2026-08-14T04:23:15.847Z</time>
</trkpt>
<trkpt lat="41.9993531" lon="2.824499599999996">
<ele>72.17007870065379</ele>
<time>2026-08-14T04:23:17.908Z</time>
</trkpt>
<trkpt lat="41.9993856" lon="2.8245105000000024">
<ele>72.16354418887609</ele>
<time>2026-08-14T04:23:19.969Z</time>
</trkpt>
<trkpt lat="41.9994198" lon="2.8245048999999938">
<ele>71.97628737106632</ele>
<time>2026-08-14T04:23:21.942Z</time>
</trkpt>
<trkpt lat="41.9994425" lon="2.824507000000011">
<ele>71.9125311684416</ele>
<time>2026-08-14T04:23:24.015Z</time>
</trkpt>
<trkpt lat="41.9994681" lon="2.8244999000000064">
<ele>71.84867291216112</ele>
<time>2026-08-14T04:23:25.942Z</time>
</trkpt>
<trkpt lat="41.9994966" lon="2.8244980999999996">
<ele>71.84563204499011</ele>
<time>2026-08-14T04:23:27.942Z</time>
</trkpt>
<trkpt lat="41.999523" lon="2.8244994000000077">
<ele>71.87297329214822</ele>
<time>2026-08-14T04:23:29.942Z</time>
</trkpt>
<trkpt lat="41.9995504" lon="2.824503099999987">
<ele>71.92502570237222</ele>
<time>2026-08-14T04:23:31.767Z</time>
</trkpt>
<trkpt lat="41.9995822" lon="2.824507799999992">
<ele>71.98926207944419</ele>
<time>2026-08-14T04:23:33.949Z</time>
</trkpt>
<trkpt lat="41.9996081" lon="2.8245099000000096">
<ele>72.02399732033992</ele>
<time>2026-08-14T04:23:35.888Z</time>
</trkpt>
<trkpt lat="41.9996369" lon="2.824514399999998">
<ele>72.08416957423981</ele>
<time>2026-08-14T04:23:38.007Z</time>
</trkpt>
<trkpt lat="41.9996627" lon="2.8245086000000015">
<ele>72.03965677539776</ele>
<time>2026-08-14T04:23:39.943Z</time>
</trkpt>
<trkpt lat="41.9996884" lon="2.8245139999999935">
<ele>72.10696349238171</ele>
<time>2026-08-14T04:23:41.808Z</time>
</trkpt>
<trkpt lat="41.9997104" lon="2.8245153999999957">
<ele>72.13232569529804</ele>
<time>2026-08-14T04:23:43.845Z</time>
</trkpt>
<trkpt lat="41.9997347" lon="2.8245178999999894">
<ele>72.13019545831534</ele>
<time>2026-08-14T04:23:45.882Z</time>
</trkpt>
<trkpt lat="41.9997618" lon="2.824517600000007">
<ele>72.05776434617518</ele>
<time>2026-08-14T04:23:47.927Z</time>
</trkpt>
<trkpt lat="41.9997888" lon="2.8245206999999937">
<ele>72.02258317756132</ele>
<time>2026-08-14T04:23:49.987Z</time>
</trkpt>
<trkpt lat="41.9998149" lon="2.824516200000005">
<ele>71.90589751866499</ele>
<time>2026-08-14T04:23:51.908Z</time>
</trkpt>
<trkpt lat="41.999845" lon="2.824508199999997">
<ele>71.73364920904442</ele>
<time>2026-08-14T04:23:53.942Z</time>
</trkpt>
<trkpt lat="41.9998757" lon="2.8245027000000107">
<ele>71.5830342182</ele>
<time>2026-08-14T04:23:55.942Z</time>
</trkpt>
<trkpt lat="41.9998999" lon="2.8245034999999916">
<ele>71.52566192309979</ele>
<time>2026-08-14T04:23:58.028Z</time>
</trkpt>
<trkpt lat="41.9999255" lon="2.8245113000000117">
<ele>71.55636621999258</ele>
<time>2026-08-14T04:23:59.942Z</time>
</trkpt>
<trkpt lat="41.9999517" lon="2.8245259999999917">
<ele>71.68449424029647</ele>
<time>2026-08-14T04:24:01.828Z</time>
</trkpt>
<trkpt lat="41.9999821" lon="2.824535499999996">
<ele>71.7427934049344</ele>
<time>2026-08-14T04:24:03.864Z</time>
</trkpt>
<trkpt lat="42.0000094" lon="2.8245370999999864">
<ele>72.51880522364578</ele>
<time>2026-08-14T04:24:05.925Z</time>
</trkpt>
<trkpt lat="42.0000358" lon="2.824540100000007">
<ele>72.57417791109955</ele>
<time>2026-08-14T04:24:07.957Z</time>
</trkpt>
<trkpt lat="42.0000637" lon="2.824532099999999">
<ele>72.42651741121738</ele>
<time>2026-08-14T04:24:09.942Z</time>
</trkpt>
<trkpt lat="42.0000904" lon="2.8245166000000097">
<ele>72.1404251927049</ele>
<time>2026-08-14T04:24:11.804Z</time>
</trkpt>
<trkpt lat="42.0001162" lon="2.824511000000001">
<ele>72.03706284279558</ele>
<time>2026-08-14T04:24:13.786Z</time>
</trkpt>
<trkpt lat="42.0001439" lon="2.824506200000002">
<ele>71.94846654286624</ele>
<time>2026-08-14T04:24:15.825Z</time>
</trkpt>
<trkpt lat="42.0001696" lon="2.8245020999999895">
<ele>71.87279053667973</ele>
<time>2026-08-14T04:24:17.944Z</time>
</trkpt>
<trkpt lat="42.0001964" lon="2.8244993000000136">
<ele>71.82110936171686</ele>
<time>2026-08-14T04:24:19.942Z</time>
</trkpt>
<trkpt lat="42.0002363" lon="2.824488699999989">
<ele>71.62545919937914</ele>
<time>2026-08-14T04:24:21.942Z</time>
</trkpt>
<trkpt lat="42.0002617" lon="2.8244934999999884">
<ele>71.7140554993084</ele>
<time>2026-08-14T04:24:23.925Z</time>
</trkpt>
<trkpt lat="42.0002884" lon="2.8244926000000135">
<ele>71.68148301401817</ele>
<time>2026-08-14T04:24:25.823Z</time>
</trkpt>
<trkpt lat="42.0003144" lon="2.824493100000012">
<ele>71.64969421063309</ele>
<time>2026-08-14T04:24:27.804Z</time>
</trkpt>
<trkpt lat="42.0003433" lon="2.824489900000003">
<ele>71.55066437224018</ele>
<time>2026-08-14T04:24:29.888Z</time>
</trkpt>
<trkpt lat="42.000369" lon="2.8244881999999905">
<ele>71.48509440204064</ele>
<time>2026-08-14T04:24:31.888Z</time>
</trkpt>
<trkpt lat="42.0004034" lon="2.8244803000000047">
<ele>71.3156174193497</ele>
<time>2026-08-14T04:24:33.888Z</time>
</trkpt>
<trkpt lat="42.0004291" lon="2.8244736999999986">
<ele>71.21853992238233</ele>
<time>2026-08-14T04:24:35.953Z</time>
</trkpt>
<trkpt lat="42.0004596" lon="2.8244597000000056">
<ele>71.08145631654754</ele>
<time>2026-08-14T04:24:37.888Z</time>
</trkpt>
<trkpt lat="42.0004933" lon="2.824455300000011">
<ele>71.02575498071691</ele>
<time>2026-08-14T04:24:39.924Z</time>
</trkpt>
<trkpt lat="42.0005183" lon="2.824457599999988">
<ele>71.02283387751321</ele>
<time>2026-08-14T04:24:41.947Z</time>
</trkpt>
<trkpt lat="42.0005431" lon="2.8244439000000057">
<ele>70.92780116000853</ele>
<time>2026-08-14T04:24:43.942Z</time>
</trkpt>
<trkpt lat="42.0005703" lon="2.824412599999988">
<ele>70.72995740678871</ele>
<time>2026-08-14T04:24:45.888Z</time>
</trkpt>
<trkpt lat="42.000597" lon="2.824403200000006">
<ele>70.62436486771315</ele>
<time>2026-08-14T04:24:47.891Z</time>
</trkpt>
<trkpt lat="42.0006302" lon="2.824414300000001">
<ele>70.63177082297123</ele>
<time>2026-08-14T04:24:49.749Z</time>
</trkpt>
<trkpt lat="42.0006621" lon="2.824422300000009">
<ele>70.63201365709634</ele>
<time>2026-08-14T04:24:51.787Z</time>
</trkpt>
<trkpt lat="42.0006883" lon="2.8244233000000065">
<ele>70.5963032142195</ele>
<time>2026-08-14T04:24:53.786Z</time>
</trkpt>
<trkpt lat="42.0007153" lon="2.824422400000003">
<ele>70.54475979907288</ele>
<time>2026-08-14T04:24:55.848Z</time>
</trkpt>
<trkpt lat="42.0007452" lon="2.824419799999987">
<ele>70.47277385833486</ele>
<time>2026-08-14T04:24:58.007Z</time>
</trkpt>
<trkpt lat="42.0007878" lon="2.8244153999999924">
<ele>70.35889401236182</ele>
<time>2026-08-14T04:24:59.942Z</time>
</trkpt>
<trkpt lat="42.0008152" lon="2.824414499999989">
<ele>70.30126409498551</ele>
<time>2026-08-14T04:25:01.747Z</time>
</trkpt>
<trkpt lat="42.0008469" lon="2.8244128999999987">
<ele>70.25929670388946</ele>
<time>2026-08-14T04:25:03.825Z</time>
</trkpt>
<trkpt lat="42.000887" lon="2.824413700000008">
<ele>70.29617352362682</ele>
<time>2026-08-14T04:25:05.903Z</time>
</trkpt>
<trkpt lat="42.0009197" lon="2.824414300000001">
<ele>70.32514640459668</ele>
<time>2026-08-14T04:25:07.965Z</time>
</trkpt>
<trkpt lat="42.00095" lon="2.824419299999988">
<ele>70.39039871905382</ele>
<time>2026-08-14T04:25:09.888Z</time>
</trkpt>
<trkpt lat="42.0009755" lon="2.824411800000007">
<ele>70.34376038466577</ele>
<time>2026-08-14T04:25:11.942Z</time>
</trkpt>
<trkpt lat="42.0010064" lon="2.82440729999999">
<ele>70.33068346641002</ele>
<time>2026-08-14T04:25:13.942Z</time>
</trkpt>
<trkpt lat="42.0010333" lon="2.824395900000013">
<ele>70.2649584350561</ele>
<time>2026-08-14T04:25:15.907Z</time>
</trkpt>
<trkpt lat="42.0010594" lon="2.824401200000011">
<ele>70.32855017942414</ele>
<time>2026-08-14T04:25:17.742Z</time>
</trkpt>
<trkpt lat="42.0011011" lon="2.8244339000000025">
<ele>70.58676223037102</ele>
<time>2026-08-14T04:25:19.886Z</time>
</trkpt>
<trkpt lat="42.001136" lon="2.8244387000000017">
<ele>70.66695843737604</ele>
<time>2026-08-14T04:25:21.888Z</time>
</trkpt>
<trkpt lat="42.0011682" lon="2.824438799999996">
<ele>70.72711683348226</ele>
<time>2026-08-14T04:25:23.942Z</time>
</trkpt>
<trkpt lat="42.001194" lon="2.824440100000004">
<ele>70.78266945503414</ele>
<time>2026-08-14T04:25:25.747Z</time>
</trkpt>
<trkpt lat="42.001221" lon="2.8244450999999913">
<ele>70.86164625823271</ele>
<time>2026-08-14T04:25:27.602Z</time>
</trkpt>
<trkpt lat="42.0012511" lon="2.824448700000005">
<ele>70.93630521168821</ele>
<time>2026-08-14T04:25:29.807Z</time>
</trkpt>
<trkpt lat="42.0012769" lon="2.824446800000004">
<ele>70.97180448508918</ele>
<time>2026-08-14T04:25:31.885Z</time>
</trkpt>
<trkpt lat="42.0012964" lon="2.8244462000000112">
<ele>71.00355204478535</ele>
<time>2026-08-14T04:25:33.791Z</time>
</trkpt>
<trkpt lat="42.0013291" lon="2.8244578000000047">
<ele>71.12155503266324</ele>
<time>2026-08-14T04:25:35.942Z</time>
</trkpt>
<trkpt lat="42.0013525" lon="2.8244563000000085">
<ele>71.15427819989439</ele>
<time>2026-08-14T04:25:37.942Z</time>
</trkpt>
<trkpt lat="42.0013792" lon="2.824451900000014">
<ele>71.17942326146243</ele>
<time>2026-08-14T04:25:39.942Z</time>
</trkpt>
<trkpt lat="42.0014098" lon="2.8244459999999947">
<ele>71.17710717115126</ele>
<time>2026-08-14T04:25:41.888Z</time>
</trkpt>
<trkpt lat="42.0014384" lon="2.8244496000000083">
<ele>71.20257458837304</ele>
<time>2026-08-14T04:25:43.942Z</time>
</trkpt>
<trkpt lat="42.0014631" lon="2.824450100000007">
<ele>71.21219299773334</ele>
<time>2026-08-14T04:25:45.786Z</time>
</trkpt>
<trkpt lat="42.0014929" lon="2.8244510000000105">
<ele>71.22566452404419</ele>
<time>2026-08-14T04:25:47.644Z</time>
</trkpt>
<trkpt lat="42.0015256" lon="2.824441500000006">
<ele>71.1811425731388</ele>
<time>2026-08-14T04:25:49.706Z</time>
</trkpt>
<trkpt lat="42.0015554" lon="2.824442199999993">
<ele>71.19191166913932</ele>
<time>2026-08-14T04:25:51.688Z</time>
</trkpt>
<trkpt lat="42.0015868" lon="2.824442299999987">
<ele>71.19967156549006</ele>
<time>2026-08-14T04:25:53.782Z</time>
</trkpt>
<trkpt lat="42.0016123" lon="2.824448600000011">
<ele>71.24554157600653</ele>
<time>2026-08-14T04:25:55.763Z</time>
</trkpt>
<trkpt lat="42.0016424" lon="2.8244513999999867">
<ele>71.27228968892207</ele>
<time>2026-08-14T04:25:57.824Z</time>
</trkpt>
<trkpt lat="42.001675" lon="2.824455999999998">
<ele>71.31526602064466</ele>
<time>2026-08-14T04:25:59.885Z</time>
</trkpt>
<trkpt lat="42.0017038" lon="2.8244578000000047">
<ele>71.34655998260804</ele>
<time>2026-08-14T04:26:01.987Z</time>
</trkpt>
<trkpt lat="42.0017331" lon="2.824450200000001">
<ele>71.30936502929117</ele>
<time>2026-08-14T04:26:03.957Z</time>
</trkpt>
<trkpt lat="42.0017644" lon="2.824446800000004">
<ele>71.30123680473446</ele>
<time>2026-08-14T04:26:05.970Z</time>
</trkpt>
<trkpt lat="42.0017889" lon="2.8244459999999947">
<ele>71.30826030990677</ele>
<time>2026-08-14T04:26:07.941Z</time>
</trkpt>
<trkpt lat="42.0018126" lon="2.824450600000006">
<ele>71.35892948321157</ele>
<time>2026-08-14T04:26:09.763Z</time>
</trkpt>
<trkpt lat="42.0018418" lon="2.8244574">
<ele>71.43403767306287</ele>
<time>2026-08-14T04:26:11.849Z</time>
</trkpt>
<trkpt lat="42.0018746" lon="2.8244596000000115">
<ele>71.47499858946337</ele>
<time>2026-08-14T04:26:13.886Z</time>
</trkpt>
<trkpt lat="42.0019052" lon="2.824457200000012">
<ele>71.47370487692237</ele>
<time>2026-08-14T04:26:15.963Z</time>
</trkpt>
<trkpt lat="42.0019346" lon="2.824460600000009">
<ele>71.52506812567066</ele>
<time>2026-08-14T04:26:17.942Z</time>
</trkpt>
<trkpt lat="42.0019658" lon="2.8244616000000065">
<ele>71.49711074543805</ele>
<time>2026-08-14T04:26:19.899Z</time>
</trkpt>
<trkpt lat="42.0019962" lon="2.8244664999999998">
<ele>71.46593754163742</ele>
<time>2026-08-14T04:26:21.942Z</time>
</trkpt>
<trkpt lat="42.0020248" lon="2.8244708999999943">
<ele>71.43149301550696</ele>
<time>2026-08-14T04:26:23.942Z</time>
</trkpt>
<trkpt lat="42.0020554" lon="2.8244762999999864">
<ele>71.39698571859127</ele>
<time>2026-08-14T04:26:25.942Z</time>
</trkpt>
<trkpt lat="42.002084" lon="2.8244809999999916">
<ele>71.39639728292605</ele>
<time>2026-08-14T04:26:27.887Z</time>
</trkpt>
<trkpt lat="42.0021113" lon="2.824488300000013">
<ele>71.4960489798051</ele>
<time>2026-08-14T04:26:29.727Z</time>
</trkpt>
<trkpt lat="42.002144" lon="2.8244894999999985">
<ele>71.44508801431144</ele>
<time>2026-08-14T04:26:31.741Z</time>
</trkpt>
<trkpt lat="42.0021727" lon="2.8244860000000074">
<ele>71.28853215428583</ele>
<time>2026-08-14T04:26:33.803Z</time>
</trkpt>
<trkpt lat="42.0022047" lon="2.824489800000009">
<ele>71.30595754064238</ele>
<time>2026-08-14T04:26:35.929Z</time>
</trkpt>
<trkpt lat="42.0022337" lon="2.8244998000000123">
<ele>71.51281043613716</ele>
<time>2026-08-14T04:26:37.968Z</time>
</trkpt>
<trkpt lat="42.0022594" lon="2.8245053999999925">
<ele>71.64467842097055</ele>
<time>2026-08-14T04:26:40.006Z</time>
</trkpt>
<trkpt lat="42.0022845" lon="2.824504399999995">
<ele>71.6042643679139</ele>
<time>2026-08-14T04:26:41.942Z</time>
</trkpt>
<trkpt lat="42.0023195" lon="2.8245071999999993">
<ele>71.65788714491073</ele>
<time>2026-08-14T04:26:43.942Z</time>
</trkpt>
<trkpt lat="42.0023453" lon="2.8245091999999943">
<ele>71.69587382549172</ele>
<time>2026-08-14T04:26:45.888Z</time>
</trkpt>
<trkpt lat="42.0023768" lon="2.824513499999995">
<ele>71.7912901659576</ele>
<time>2026-08-14T04:26:47.942Z</time>
</trkpt>
<trkpt lat="42.0024069" lon="2.824511099999995">
<ele>71.71130511751684</ele>
<time>2026-08-14T04:26:49.942Z</time>
</trkpt>
<trkpt lat="42.0024325" lon="2.824510299999986">
<ele>71.67587936673415</ele>
<time>2026-08-14T04:26:51.942Z</time>
</trkpt>
<trkpt lat="42.0024563" lon="2.824509799999987">
<ele>71.64933722104055</ele>
<time>2026-08-14T04:26:53.746Z</time>
</trkpt>
<trkpt lat="42.0024837" lon="2.8245106999999905">
<ele>71.65774212758663</ele>
<time>2026-08-14T04:26:55.769Z</time>
</trkpt>
<trkpt lat="42.0025127" lon="2.8245152000000076">
<ele>71.77198847492933</ele>
<time>2026-08-14T04:26:57.807Z</time>
</trkpt>
<trkpt lat="42.0025407" lon="2.82452219999999">
<ele>71.96658838275597</ele>
<time>2026-08-14T04:26:59.845Z</time>
</trkpt>
<trkpt lat="42.0025688" lon="2.824528600000008">
<ele>72.13220996297197</ele>
<time>2026-08-14T04:27:01.883Z</time>
</trkpt>
<trkpt lat="42.0025992" lon="2.8245336999999893">
<ele>72.25457665319487</ele>
<time>2026-08-14T04:27:03.929Z</time>
</trkpt>
<trkpt lat="42.002623" lon="2.8245403999999894">
<ele>72.40188815154197</ele>
<time>2026-08-14T04:27:05.942Z</time>
</trkpt>
<trkpt lat="42.0026457" lon="2.8245454999999993">
<ele>72.50403663834355</ele>
<time>2026-08-14T04:27:07.888Z</time>
</trkpt>
<trkpt lat="42.0026708" lon="2.824558499999995">
<ele>72.75581276833137</ele>
<time>2026-08-14T04:27:09.942Z</time>
</trkpt>
<trkpt lat="42.0026996" lon="2.824561299999999">
<ele>72.78274686934202</ele>
<time>2026-08-14T04:27:11.942Z</time>
</trkpt>
<trkpt lat="42.0027275" lon="2.8245623999999907">
<ele>72.77390947871758</ele>
<time>2026-08-14T04:27:13.924Z</time>
</trkpt>
<trkpt lat="42.002756" lon="2.8245606000000123">
<ele>72.71266693946032</ele>
<time>2026-08-14T04:27:15.942Z</time>
</trkpt>
<trkpt lat="42.0027829" lon="2.824559700000009">
<ele>72.66713293147242</ele>
<time>2026-08-14T04:27:17.749Z</time>
</trkpt>
<trkpt lat="42.0028023" lon="2.8245689000000027">
<ele>72.72940616667874</ele>
<time>2026-08-14T04:27:19.805Z</time>
</trkpt>
<trkpt lat="42.0028222" lon="2.824564900000013">
<ele>72.58106469961119</ele>
<time>2026-08-14T04:27:21.867Z</time>
</trkpt>
<trkpt lat="42.0028466" lon="2.824553299999991">
<ele>72.30676736082043</ele>
<time>2026-08-14T04:27:23.802Z</time>
</trkpt>
<trkpt lat="42.0028714" lon="2.8245263999999963">
<ele>71.83037981385266</ele>
<time>2026-08-14T04:27:25.824Z</time>
</trkpt>
<trkpt lat="42.0028962" lon="2.8245018000000073">
<ele>71.4162703038998</ele>
<time>2026-08-14T04:27:27.846Z</time>
</trkpt>
<trkpt lat="42.0029212" lon="2.824477999999999">
<ele>71.04409068336872</ele>
<time>2026-08-14T04:27:29.867Z</time>
</trkpt>
<trkpt lat="42.0029402" lon="2.8244325000000003">
<ele>70.790148425215</ele>
<time>2026-08-14T04:27:31.942Z</time>
</trkpt>
<trkpt lat="42.0029472" lon="2.8243871999999897">
<ele>70.58356895796491</ele>
<time>2026-08-14T04:27:33.942Z</time>
</trkpt>
<trkpt lat="42.0029558" lon="2.824348200000003">
<ele>70.42541847989328</ele>
<time>2026-08-14T04:27:35.782Z</time>
</trkpt>
<trkpt lat="42.0029733" lon="2.8243089999999995">
<ele>70.3122656314945</ele>
<time>2026-08-14T04:27:37.804Z</time>
</trkpt>
<trkpt lat="42.0029959" lon="2.8242711000000043">
<ele>70.2651743767975</ele>
<time>2026-08-14T04:27:39.843Z</time>
</trkpt>
<trkpt lat="42.0029995" lon="2.8242224999999905">
<ele>70.14166814496923</ele>
<time>2026-08-14T04:27:41.905Z</time>
</trkpt>
<trkpt lat="42.0030009" lon="2.8241759">
<ele>70.12964278547878</ele>
<time>2026-08-14T04:27:43.928Z</time>
</trkpt>
<trkpt lat="42.0030018" lon="2.8241290999999933">
<ele>70.21691480778962</ele>
<time>2026-08-14T04:27:45.942Z</time>
</trkpt>
<trkpt lat="42.0029978" lon="2.8240848000000085">
<ele>70.26752827818922</ele>
<time>2026-08-14T04:27:47.942Z</time>
</trkpt>
<trkpt lat="42.0029928" lon="2.8240465000000086">
<ele>70.29948552608643</ele>
<time>2026-08-14T04:27:49.942Z</time>
</trkpt>
<trkpt lat="42.0029917" lon="2.8240102000000036">
<ele>70.3536656612475</ele>
<time>2026-08-14T04:27:51.908Z</time>
</trkpt>
<trkpt lat="42.0029627" lon="2.8239646000000107">
<ele>70.22245649702435</ele>
<time>2026-08-14T04:27:53.942Z</time>
</trkpt>
<trkpt lat="42.0029479" lon="2.8239302000000066">
<ele>70.16774440564697</ele>
<time>2026-08-14T04:27:55.888Z</time>
</trkpt>
<trkpt lat="42.0029429" lon="2.8238905999999986">
<ele>70.08234308013931</ele>
<time>2026-08-14T04:27:57.942Z</time>
</trkpt>
<trkpt lat="42.0029336" lon="2.8238514999999893">
<ele>69.95952651291323</ele>
<time>2026-08-14T04:27:59.948Z</time>
</trkpt>
<trkpt lat="42.0029204" lon="2.8238202">
<ele>69.85442253651557</ele>
<time>2026-08-14T04:28:01.782Z</time>
</trkpt>
<trkpt lat="42.0029016" lon="2.823783600000013">
<ele>69.75536075007231</ele>
<time>2026-08-14T04:28:03.827Z</time>
</trkpt>
<trkpt lat="42.0028815" lon="2.823743900000011">
<ele>69.69842532837806</ele>
<time>2026-08-14T04:28:05.825Z</time>
</trkpt>
<trkpt lat="42.0028656" lon="2.8237114000000076">
<ele>69.69035620367897</ele>
<time>2026-08-14T04:28:07.864Z</time>
</trkpt>
<trkpt lat="42.0028429" lon="2.8236803000000066">
<ele>69.71667732921973</ele>
<time>2026-08-14T04:28:09.966Z</time>
</trkpt>
<trkpt lat="42.0028245" lon="2.8236494999999877">
<ele>69.78185546378215</ele>
<time>2026-08-14T04:28:11.949Z</time>
</trkpt>
<trkpt lat="42.0028072" lon="2.8236162000000036">
<ele>69.79592813481156</ele>
<time>2026-08-14T04:28:13.942Z</time>
</trkpt>
<trkpt lat="42.0027876" lon="2.8235861">
<ele>69.79920304505704</ele>
<time>2026-08-14T04:28:15.942Z</time>
</trkpt>
<trkpt lat="42.0027662" lon="2.823556400000001">
<ele>69.78290482762714</ele>
<time>2026-08-14T04:28:17.942Z</time>
</trkpt>
<trkpt lat="42.0027457" lon="2.8235190999999986">
<ele>69.70468508607593</ele>
<time>2026-08-14T04:28:19.942Z</time>
</trkpt>
<trkpt lat="42.0027286" lon="2.823488900000001">
<ele>69.60099924427162</ele>
<time>2026-08-14T04:28:21.788Z</time>
</trkpt>
<trkpt lat="42.002708" lon="2.823462599999999">
<ele>69.46300186768373</ele>
<time>2026-08-14T04:28:23.761Z</time>
</trkpt>
<trkpt lat="42.0026884" lon="2.8234303000000125">
<ele>69.26630306974634</ele>
<time>2026-08-14T04:28:25.807Z</time>
</trkpt>
<trkpt lat="42.0026732" lon="2.8233946000000003">
<ele>69.03339151458239</ele>
<time>2026-08-14T04:28:27.828Z</time>
</trkpt>
<trkpt lat="42.0026615" lon="2.823358899999988">
<ele>68.82234070264757</ele>
<time>2026-08-14T04:28:29.907Z</time>
</trkpt>
<trkpt lat="42.002647" lon="2.8233252999999934">
<ele>68.73118219306146</ele>
<time>2026-08-14T04:28:31.968Z</time>
</trkpt>
<trkpt lat="42.0026331" lon="2.8232865999999888">
<ele>68.6445874618235</ele>
<time>2026-08-14T04:28:33.942Z</time>
</trkpt>
<trkpt lat="42.0026209" lon="2.8232481999999948">
<ele>68.56910919902134</ele>
<time>2026-08-14T04:28:35.942Z</time>
</trkpt>
<trkpt lat="42.0026108" lon="2.823205800000011">
<ele>68.50794343201873</ele>
<time>2026-08-14T04:28:37.942Z</time>
</trkpt>
<trkpt lat="42.002598" lon="2.8231647000000066">
<ele>68.42876318851974</ele>
<time>2026-08-14T04:28:39.942Z</time>
</trkpt>
<trkpt lat="42.0025841" lon="2.82313529999999">
<ele>68.3407971723835</ele>
<time>2026-08-14T04:28:41.942Z</time>
</trkpt>
<trkpt lat="42.0025667" lon="2.8231044999999995">
<ele>68.22987318660104</ele>
<time>2026-08-14T04:28:43.763Z</time>
</trkpt>
<trkpt lat="42.0025455" lon="2.823071099999993">
<ele>67.87324906696325</ele>
<time>2026-08-14T04:28:45.825Z</time>
</trkpt>
<trkpt lat="42.002522" lon="2.8230345999999997">
<ele>67.24360345504543</ele>
<time>2026-08-14T04:28:47.887Z</time>
</trkpt>
<trkpt lat="42.0025025" lon="2.82299900000001">
<ele>66.65994420525215</ele>
<time>2026-08-14T04:28:49.886Z</time>
</trkpt>
<trkpt lat="42.0024784" lon="2.8229674000000102">
<ele>66.07382494792095</ele>
<time>2026-08-14T04:28:51.948Z</time>
</trkpt>
<trkpt lat="42.0024594" lon="2.8229358000000104">
<ele>65.5421382489233</ele>
<time>2026-08-14T04:28:53.942Z</time>
</trkpt>
<trkpt lat="42.0024519" lon="2.8228968999999893">
<ele>65.01116045218546</ele>
<time>2026-08-14T04:28:55.746Z</time>
</trkpt>
<trkpt lat="42.0024378" lon="2.822862200000003">
<ele>64.49872845055306</ele>
<time>2026-08-14T04:28:57.785Z</time>
</trkpt>
<trkpt lat="42.0024224" lon="2.822826499999991">
<ele>63.979171922371236</ele>
<time>2026-08-14T04:28:59.863Z</time>
</trkpt>
<trkpt lat="42.0024096" lon="2.822796799999992">
<ele>63.668087177956224</ele>
<time>2026-08-14T04:29:01.925Z</time>
</trkpt>
<trkpt lat="42.002395" lon="2.8227675999999917">
<ele>63.52416488369473</ele>
<time>2026-08-14T04:29:03.942Z</time>
</trkpt>
<trkpt lat="42.0023795" lon="2.8227383999999915">
<ele>63.41080032060197</ele>
<time>2026-08-14T04:29:05.888Z</time>
</trkpt>
<trkpt lat="42.0023663" lon="2.8227085000000045">
<ele>63.33498152656869</ele>
<time>2026-08-14T04:29:07.940Z</time>
</trkpt>
<trkpt lat="42.0023509" lon="2.8226756999999907">
<ele>63.28667888129038</ele>
<time>2026-08-14T04:29:09.955Z</time>
</trkpt>
<trkpt lat="42.0023347" lon="2.8226418000000137">
<ele>63.278087411015875</ele>
<time>2026-08-14T04:29:11.953Z</time>
</trkpt>
<trkpt lat="42.0023165" lon="2.822613799999999">
<ele>63.313394692819735</ele>
<time>2026-08-14T04:29:13.764Z</time>
</trkpt>
<trkpt lat="42.0022996" lon="2.822579100000013">
<ele>63.392020445474586</ele>
<time>2026-08-14T04:29:15.802Z</time>
</trkpt>
<trkpt lat="42.0022849" lon="2.822542300000009">
<ele>63.509070351233625</ele>
<time>2026-08-14T04:29:17.848Z</time>
</trkpt>
<trkpt lat="42.0022719" lon="2.8225055000000054">
<ele>63.46394584916284</ele>
<time>2026-08-14T04:29:19.926Z</time>
</trkpt>
<trkpt lat="42.0022597" lon="2.822470299999992">
<ele>63.33832418570451</ele>
<time>2026-08-14T04:29:21.942Z</time>
</trkpt>
<trkpt lat="42.0022463" lon="2.822433999999987">
<ele>63.203107038170664</ele>
<time>2026-08-14T04:29:23.942Z</time>
</trkpt>
<trkpt lat="42.0022349" lon="2.822405900000007">
<ele>63.09574973276011</ele>
<time>2026-08-14T04:29:25.745Z</time>
</trkpt>
<trkpt lat="42.0022217" lon="2.822374499999995">
<ele>62.94824184370796</ele>
<time>2026-08-14T04:29:27.823Z</time>
</trkpt>
<trkpt lat="42.0022086" lon="2.8223395999999923">
<ele>62.72550471616874</ele>
<time>2026-08-14T04:29:29.902Z</time>
</trkpt>
<trkpt lat="42.0021953" lon="2.822306900000001">
<ele>62.52155572207574</ele>
<time>2026-08-14T04:29:31.942Z</time>
</trkpt>
<trkpt lat="42.0021785" lon="2.822274099999987">
<ele>62.31886239087375</ele>
<time>2026-08-14T04:29:33.942Z</time>
</trkpt>
<trkpt lat="42.0021583" lon="2.82223239999999">
<ele>62.18266390211457</ele>
<time>2026-08-14T04:29:35.941Z</time>
</trkpt>
<trkpt lat="42.0021502" lon="2.8222022999999865">
<ele>62.17381321099564</ele>
<time>2026-08-14T04:29:37.942Z</time>
</trkpt>
<trkpt lat="42.0021385" lon="2.8221653999999887">
<ele>62.16105094756044</ele>
<time>2026-08-14T04:29:39.942Z</time>
</trkpt>
<trkpt lat="42.002124" lon="2.8221274999999935">
<ele>62.14528444599879</ele>
<time>2026-08-14T04:29:41.942Z</time>
</trkpt>
<trkpt lat="42.0021106" lon="2.822093599999988">
<ele>62.13103462361476</ele>
<time>2026-08-14T04:29:43.942Z</time>
</trkpt>
<trkpt lat="42.0020969" lon="2.8220611000000133">
<ele>62.116697920806125</ele>
<time>2026-08-14T04:29:45.767Z</time>
</trkpt>
<trkpt lat="42.0020823" lon="2.8220268999999973">
<ele>62.10177742370892</ele>
<time>2026-08-14T04:29:47.765Z</time>
</trkpt>
<trkpt lat="42.0020696" lon="2.8219932000000085">
<ele>62.08942069967298</ele>
<time>2026-08-14T04:29:49.827Z</time>
</trkpt>
<trkpt lat="42.0020572" lon="2.8219575999999904">
<ele>62.19468167633401</ele>
<time>2026-08-14T04:29:51.944Z</time>
</trkpt>
<trkpt lat="42.0020446" lon="2.8219206999999926">
<ele>62.46192391392581</ele>
<time>2026-08-14T04:29:54.005Z</time>
</trkpt>
<trkpt lat="42.0020289" lon="2.8218913000000043">
<ele>62.71937942646443</ele>
<time>2026-08-14T04:29:55.942Z</time>
</trkpt>
<trkpt lat="42.0019886" lon="2.8218675999999903">
<ele>63.058180191504846</ele>
<time>2026-08-14T04:29:57.942Z</time>
</trkpt>
<trkpt lat="42.0019664" lon="2.8218368">
<ele>63.47437062373889</ele>
<time>2026-08-14T04:30:00.019Z</time>
</trkpt>
<trkpt lat="42.0019485" lon="2.8218094000000065">
<ele>63.88454698870724</ele>
<time>2026-08-14T04:30:01.922Z</time>
</trkpt>
<trkpt lat="42.0019317" lon="2.821776">
<ele>64.1972554131454</ele>
<time>2026-08-14T04:30:03.844Z</time>
</trkpt>
<trkpt lat="42.0019159" lon="2.8217387999999914">
<ele>64.49588505035292</ele>
<time>2026-08-14T04:30:05.867Z</time>
</trkpt>
<trkpt lat="42.0019024" lon="2.821705900000012">
<ele>64.72343231539048</ele>
<time>2026-08-14T04:30:07.906Z</time>
</trkpt>
<trkpt lat="42.0018871" lon="2.821671600000002">
<ele>64.60867127216665</ele>
<time>2026-08-14T04:30:09.943Z</time>
</trkpt>
<trkpt lat="42.0018707" lon="2.821640599999995">
<ele>64.40027501340886</ele>
<time>2026-08-14T04:30:11.921Z</time>
</trkpt>
<trkpt lat="42.0018509" lon="2.82161210000001">
<ele>64.19681342279678</ele>
<time>2026-08-14T04:30:13.942Z</time>
</trkpt>
<trkpt lat="42.0018306" lon="2.8215814000000137">
<ele>64.01376251136942</ele>
<time>2026-08-14T04:30:15.949Z</time>
</trkpt>
<trkpt lat="42.0018133" lon="2.8215477999999905">
<ele>63.8738901267975</ele>
<time>2026-08-14T04:30:17.946Z</time>
</trkpt>
<trkpt lat="42.0018022" lon="2.821511600000008">
<ele>63.78858079673756</ele>
<time>2026-08-14T04:30:19.942Z</time>
</trkpt>
<trkpt lat="42.0017897" lon="2.8214748000000043">
<ele>63.716658909490235</ele>
<time>2026-08-14T04:30:21.942Z</time>
</trkpt>
<trkpt lat="42.0017771" lon="2.821439199999986">
<ele>63.66618294515473</ele>
<time>2026-08-14T04:30:23.942Z</time>
</trkpt>
<trkpt lat="42.0017642" lon="2.821402400000011">
<ele>63.47476407869246</ele>
<time>2026-08-14T04:30:25.766Z</time>
</trkpt>
<trkpt lat="42.0017513" lon="2.821366299999994">
<ele>63.09446706620157</ele>
<time>2026-08-14T04:30:27.828Z</time>
</trkpt>
<trkpt lat="42.0017374" lon="2.8213308999999924">
<ele>62.72271363271305</ele>
<time>2026-08-14T04:30:29.827Z</time>
</trkpt>
<trkpt lat="42.0017236" lon="2.8212926999999866">
<ele>62.32842720618887</ele>
<time>2026-08-14T04:30:31.945Z</time>
</trkpt>
<trkpt lat="42.001713" lon="2.821259900000001">
<ele>61.995583657005234</ele>
<time>2026-08-14T04:30:33.926Z</time>
</trkpt>
<trkpt lat="42.0016981" lon="2.8212279999999907">
<ele>61.667111166198204</ele>
<time>2026-08-14T04:30:35.942Z</time>
</trkpt>
<trkpt lat="42.0016888" lon="2.8211967000000016">
<ele>61.356686233079486</ele>
<time>2026-08-14T04:30:37.942Z</time>
</trkpt>
<trkpt lat="42.001678" lon="2.821167800000012">
<ele>61.06913220518161</ele>
<time>2026-08-14T04:30:39.744Z</time>
</trkpt>
<trkpt lat="42.0016627" lon="2.8211383999999953">
<ele>60.80077064533724</ele>
<time>2026-08-14T04:30:41.822Z</time>
</trkpt>
<trkpt lat="42.0016496" lon="2.8211033000000043">
<ele>60.72562648635053</ele>
<time>2026-08-14T04:30:43.844Z</time>
</trkpt>
<trkpt lat="42.0016299" lon="2.821070800000001">
<ele>60.664798667970615</ele>
<time>2026-08-14T04:30:45.905Z</time>
</trkpt>
<trkpt lat="42.0016091" lon="2.821043000000003">
<ele>60.61892319650281</ele>
<time>2026-08-14T04:30:47.942Z</time>
</trkpt>
<trkpt lat="42.0015892" lon="2.821015399999993">
<ele>60.575208606917016</ele>
<time>2026-08-14T04:30:49.948Z</time>
</trkpt>
<trkpt lat="42.0015694" lon="2.820984799999991">
<ele>60.52716865178933</ele>
<time>2026-08-14T04:30:51.894Z</time>
</trkpt>
<trkpt lat="42.0015494" lon="2.8209535000000017">
<ele>60.48058971920411</ele>
<time>2026-08-14T04:30:53.942Z</time>
</trkpt>
<trkpt lat="42.0015307" lon="2.82092320000001">
<ele>60.43739413797703</ele>
<time>2026-08-14T04:30:55.942Z</time>
</trkpt>
<trkpt lat="42.0015143" lon="2.8208912000000055">
<ele>60.39016418440042</ele>
<time>2026-08-14T04:30:57.942Z</time>
</trkpt>
<trkpt lat="42.0015003" lon="2.8208550999999886">
<ele>60.34728824608763</ele>
<time>2026-08-14T04:30:59.942Z</time>
</trkpt>
<trkpt lat="42.0014859" lon="2.820821099999989">
<ele>60.36257122628255</ele>
<time>2026-08-14T04:31:01.942Z</time>
</trkpt>
<trkpt lat="42.0014753" lon="2.820787899999999">
<ele>60.373725075405936</ele>
<time>2026-08-14T04:31:03.942Z</time>
</trkpt>
<trkpt lat="42.0014637" lon="2.8207597999999905">
<ele>60.388021110055924</ele>
<time>2026-08-14T04:31:05.942Z</time>
</trkpt>
<trkpt lat="42.0014517" lon="2.820724200000001">
<ele>60.40323867486909</ele>
<time>2026-08-14T04:31:07.942Z</time>
</trkpt>
<trkpt lat="42.0014375" lon="2.820684">
<ele>60.423019765784815</ele>
<time>2026-08-14T04:31:09.744Z</time>
</trkpt>
<trkpt lat="42.0014262" lon="2.8206548">
<ele>60.440119846756374</ele>
<time>2026-08-14T04:31:11.703Z</time>
</trkpt>
<trkpt lat="42.0014137" lon="2.820616099999995">
<ele>60.459960613785384</ele>
<time>2026-08-14T04:31:13.804Z</time>
</trkpt>
<trkpt lat="42.0013998" lon="2.820578000000012">
<ele>60.482071489435356</ele>
<time>2026-08-14T04:31:15.841Z</time>
</trkpt>
<trkpt lat="42.0013841" lon="2.820540099999988">
<ele>60.490006254681354</ele>
<time>2026-08-14T04:31:17.848Z</time>
</trkpt>
<trkpt lat="42.0013719" lon="2.8205045999999925">
<ele>60.482762489555334</ele>
<time>2026-08-14T04:31:19.942Z</time>
</trkpt>
<trkpt lat="42.0013558" lon="2.820469800000012">
<ele>60.476760102099036</ele>
<time>2026-08-14T04:31:21.942Z</time>
</trkpt>
<trkpt lat="42.0013363" lon="2.820435300000014">
<ele>60.47217435622514</ele>
<time>2026-08-14T04:31:23.956Z</time>
</trkpt>
<trkpt lat="42.0013208" lon="2.820402900000005">
<ele>60.46846565841902</ele>
<time>2026-08-14T04:31:25.942Z</time>
</trkpt>
<trkpt lat="42.0013049" lon="2.8203737000000046">
<ele>60.46618220556359</ele>
<time>2026-08-14T04:31:27.764Z</time>
</trkpt>
<trkpt lat="42.0012874" lon="2.8203426000000036">
<ele>60.46471791944068</ele>
<time>2026-08-14T04:31:29.801Z</time>
</trkpt>
<trkpt lat="42.0012683" lon="2.8203135999999915">
<ele>60.4648013761866</ele>
<time>2026-08-14T04:31:31.848Z</time>
</trkpt>
<trkpt lat="42.0012542" lon="2.8202805999999896">
<ele>60.4146374749582</ele>
<time>2026-08-14T04:31:33.885Z</time>
</trkpt>
<trkpt lat="42.0012434" lon="2.820244300000013">
<ele>60.35396575543622</ele>
<time>2026-08-14T04:31:35.962Z</time>
</trkpt>
<trkpt lat="42.0012351" lon="2.820208500000007">
<ele>60.30315405871587</ele>
<time>2026-08-14T04:31:38.007Z</time>
</trkpt>
<trkpt lat="42.0012252" lon="2.820175500000005">
<ele>60.27140414966129</ele>
<time>2026-08-14T04:31:39.970Z</time>
</trkpt>
<trkpt lat="42.0012113" lon="2.820143800000011">
<ele>60.26550483972423</ele>
<time>2026-08-14T04:31:41.942Z</time>
</trkpt>
<trkpt lat="42.0011874" lon="2.8201177999999913">
<ele>60.31704479123997</ele>
<time>2026-08-14T04:31:43.942Z</time>
</trkpt>
<trkpt lat="42.0011662" lon="2.8200841999999966">
<ele>60.37593732244755</ele>
<time>2026-08-14T04:31:45.942Z</time>
</trkpt>
<trkpt lat="42.0011527" lon="2.8200531999999896">
<ele>60.424099418970115</ele>
<time>2026-08-14T04:31:47.942Z</time>
</trkpt>
<trkpt lat="42.0011386" lon="2.820019099999996">
<ele>60.48287963177903</ele>
<time>2026-08-14T04:31:49.942Z</time>
</trkpt>
<trkpt lat="42.0011292" lon="2.8199870999999916">
<ele>60.51076264782202</ele>
<time>2026-08-14T04:31:51.787Z</time>
</trkpt>
<trkpt lat="42.0011159" lon="2.8199511999999913">
<ele>60.5726153287036</ele>
<time>2026-08-14T04:31:53.842Z</time>
</trkpt>
<trkpt lat="42.0011035" lon="2.8199194999999975">
<ele>60.60147908958564</ele>
<time>2026-08-14T04:31:55.848Z</time>
</trkpt>
<trkpt lat="42.0010918" lon="2.8198865999999896">
<ele>60.62444270758455</ele>
<time>2026-08-14T04:31:57.903Z</time>
</trkpt>
<trkpt lat="42.0010695" lon="2.819855899999993">
<ele>60.6920922270752</ele>
<time>2026-08-14T04:31:59.888Z</time>
</trkpt>
<trkpt lat="42.0010563" lon="2.8198202000000094">
<ele>60.749012126195055</ele>
<time>2026-08-14T04:32:01.942Z</time>
</trkpt>
<trkpt lat="42.0010423" lon="2.8197886000000096">
<ele>60.82053668948752</ele>
<time>2026-08-14T04:32:03.942Z</time>
</trkpt>
<trkpt lat="42.0010286" lon="2.819757399999986">
<ele>60.903310905964915</ele>
<time>2026-08-14T04:32:05.767Z</time>
</trkpt>
<trkpt lat="42.0010165" lon="2.8197263000000135">
<ele>61.143028251863306</ele>
<time>2026-08-14T04:32:07.804Z</time>
</trkpt>
<trkpt lat="42.0010029" lon="2.819691799999987">
<ele>61.49223722779113</ele>
<time>2026-08-14T04:32:09.865Z</time>
</trkpt>
<trkpt lat="42.0009888" lon="2.819659999999999">
<ele>61.85206372514773</ele>
<time>2026-08-14T04:32:11.903Z</time>
</trkpt>
<trkpt lat="42.0009746" lon="2.819628499999993">
<ele>62.238296911750766</ele>
<time>2026-08-14T04:32:13.965Z</time>
</trkpt>
<trkpt lat="42.0009639" lon="2.81959710000001">
<ele>62.6184118911119</ele>
<time>2026-08-14T04:32:16.026Z</time>
</trkpt>
<trkpt lat="42.0009511" lon="2.8195666999999958">
<ele>63.03213799440404</ele>
<time>2026-08-14T04:32:17.942Z</time>
</trkpt>
<trkpt lat="42.0009363" lon="2.8195241999999894">
<ele>63.61500810985768</ele>
<time>2026-08-14T04:32:19.942Z</time>
</trkpt>
<trkpt lat="42.0009261" lon="2.8194978999999876">
<ele>64.00869104022279</ele>
<time>2026-08-14T04:32:21.942Z</time>
</trkpt>
<trkpt lat="42.0009144" lon="2.819462499999986">
<ele>64.42220994935198</ele>
<time>2026-08-14T04:32:23.942Z</time>
</trkpt>
<trkpt lat="42.0008999" lon="2.8194282000000044">
<ele>64.54582303488803</ele>
<time>2026-08-14T04:32:25.942Z</time>
</trkpt>
<trkpt lat="42.0008858" lon="2.8193947999999978">
<ele>64.66386968909053</ele>
<time>2026-08-14T04:32:27.942Z</time>
</trkpt>
<trkpt lat="42.0008682" lon="2.819364400000012">
<ele>64.83266975113544</ele>
<time>2026-08-14T04:32:29.747Z</time>
</trkpt>
<trkpt lat="42.0008525" lon="2.8193296999999973">
<ele>64.96472151399982</ele>
<time>2026-08-14T04:32:31.769Z</time>
</trkpt>
<trkpt lat="42.0008364" lon="2.8192909999999927">
<ele>65.09077470143188</ele>
<time>2026-08-14T04:32:33.864Z</time>
</trkpt>
<trkpt lat="42.0008201" lon="2.819257399999998">
<ele>64.85707994734811</ele>
<time>2026-08-14T04:32:35.901Z</time>
</trkpt>
<trkpt lat="42.0008069" lon="2.8192239999999913">
<ele>64.62351280777455</ele>
<time>2026-08-14T04:32:37.924Z</time>
</trkpt>
<trkpt lat="42.0007923" lon="2.819190800000001">
<ele>64.37662271176622</ele>
<time>2026-08-14T04:32:39.942Z</time>
</trkpt>
<trkpt lat="42.0007762" lon="2.8191586000000086">
<ele>64.06914380426436</ele>
<time>2026-08-14T04:32:41.942Z</time>
</trkpt>
<trkpt lat="42.000762" lon="2.8191287999999872">
<ele>63.82270172462017</ele>
<time>2026-08-14T04:32:43.942Z</time>
</trkpt>
<trkpt lat="42.0007474" lon="2.819100100000014">
<ele>63.60404151240513</ele>
<time>2026-08-14T04:32:45.783Z</time>
</trkpt>
<trkpt lat="42.0007328" lon="2.819065099999989">
<ele>63.400626159923036</ele>
<time>2026-08-14T04:32:47.862Z</time>
</trkpt>
<trkpt lat="42.0007183" lon="2.8190341000000103">
<ele>63.23865133354708</ele>
<time>2026-08-14T04:32:49.884Z</time>
</trkpt>
<trkpt lat="42.000703" lon="2.8189932999999883">
<ele>63.092028294526656</ele>
<time>2026-08-14T04:32:51.948Z</time>
</trkpt>
<trkpt lat="42.0006858" lon="2.8189697999999908">
<ele>62.988240121591275</ele>
<time>2026-08-14T04:32:53.942Z</time>
</trkpt>
<trkpt lat="42.000667" lon="2.818935900000014">
<ele>62.907237950905376</ele>
<time>2026-08-14T04:32:55.942Z</time>
</trkpt>
<trkpt lat="42.0006554" lon="2.8189015000000097">
<ele>62.944170547106935</ele>
<time>2026-08-14T04:32:57.955Z</time>
</trkpt>
<trkpt lat="42.0006426" lon="2.818867399999988">
<ele>63.09741541442246</ele>
<time>2026-08-14T04:32:59.942Z</time>
</trkpt>
<trkpt lat="42.0006305" lon="2.8188325000000134">
<ele>63.290127717676</ele>
<time>2026-08-14T04:33:01.942Z</time>
</trkpt>
<trkpt lat="42.0006168" lon="2.8187995000000114">
<ele>63.5080366770762</ele>
<time>2026-08-14T04:33:03.942Z</time>
</trkpt>
<trkpt lat="42.0006046" lon="2.818764899999991">
<ele>63.76849709754673</ele>
<time>2026-08-14T04:33:05.789Z</time>
</trkpt>
<trkpt lat="42.0005912" lon="2.8187263000000087">
<ele>64.09823431648628</ele>
<time>2026-08-14T04:33:07.728Z</time>
</trkpt>
<trkpt lat="42.0005727" lon="2.8186892999999884">
<ele>64.48950655620122</ele>
<time>2026-08-14T04:33:09.766Z</time>
</trkpt>
<trkpt lat="42.0005535" lon="2.8186528999999894">
<ele>64.88900635288131</ele>
<time>2026-08-14T04:33:11.883Z</time>
</trkpt>
<trkpt lat="42.0005414" lon="2.818618299999997">
<ele>64.86693769123295</ele>
<time>2026-08-14T04:33:13.849Z</time>
</trkpt>
<trkpt lat="42.0005288" lon="2.8185833999999943">
<ele>64.67360221460916</ele>
<time>2026-08-14T04:33:15.887Z</time>
</trkpt>
<trkpt lat="42.0005161" lon="2.8185479999999927">
<ele>64.49392788125633</ele>
<time>2026-08-14T04:33:17.925Z</time>
</trkpt>
<trkpt lat="42.0005046" lon="2.8185159999999883">
<ele>64.3449721473557</ele>
<time>2026-08-14T04:33:19.942Z</time>
</trkpt>
<trkpt lat="42.000488" lon="2.8184842999999944">
<ele>64.17510824493742</ele>
<time>2026-08-14T04:33:21.941Z</time>
</trkpt>
<trkpt lat="42.0004703" lon="2.8184551999999883">
<ele>64.0201537363247</ele>
<time>2026-08-14T04:33:23.743Z</time>
</trkpt>
<trkpt lat="42.0004529" lon="2.8184221999999863">
<ele>63.881424422681704</ele>
<time>2026-08-14T04:33:25.805Z</time>
</trkpt>
<trkpt lat="42.00044" lon="2.8183988000000113">
<ele>63.792350796643554</ele>
<time>2026-08-14T04:33:27.608Z</time>
</trkpt>
<trkpt lat="42.0004235" lon="2.818355099999991">
<ele>63.69769808406351</ele>
<time>2026-08-14T04:33:29.906Z</time>
</trkpt>
<trkpt lat="42.0004065" lon="2.818320699999987">
<ele>63.71889877869346</ele>
<time>2026-08-14T04:33:31.928Z</time>
</trkpt>
<trkpt lat="42.0003879" lon="2.8182853000000136">
<ele>63.78685812732986</ele>
<time>2026-08-14T04:33:33.942Z</time>
</trkpt>
<trkpt lat="42.0003671" lon="2.8182563999999957">
<ele>63.8778522848176</ele>
<time>2026-08-14T04:33:35.965Z</time>
</trkpt>
<trkpt lat="42.0003474" lon="2.818226399999986">
<ele>64.02097934952505</ele>
<time>2026-08-14T04:33:37.963Z</time>
</trkpt>
<trkpt lat="42.0003337" lon="2.818194500000004">
<ele>64.21012943629538</ele>
<time>2026-08-14T04:33:39.942Z</time>
</trkpt>
<trkpt lat="42.0003236" lon="2.8181575000000123">
<ele>64.45294653123528</ele>
<time>2026-08-14T04:33:41.942Z</time>
</trkpt>
<trkpt lat="42.0003061" lon="2.8181240000000116">
<ele>64.73734508290703</ele>
<time>2026-08-14T04:33:43.945Z</time>
</trkpt>
<trkpt lat="42.0002926" lon="2.8180901000000063">
<ele>65.04664771722494</ele>
<time>2026-08-14T04:33:45.942Z</time>
</trkpt>
<trkpt lat="42.0002847" lon="2.8180949000000055">
<ele>65.05795005448526</ele>
<time>2026-08-14T04:33:47.964Z</time>
</trkpt>
<trkpt lat="42.0002749" lon="2.81803690000001">
<ele>65.97346281294234</ele>
<time>2026-08-14T04:33:49.942Z</time>
</trkpt>
<trkpt lat="42.0002807" lon="2.818003400000009">
<ele>66.5377655132155</ele>
<time>2026-08-14T04:33:51.942Z</time>
</trkpt>
<trkpt lat="42.0002818" lon="2.817979699999995">
<ele>66.94046378312487</ele>
<time>2026-08-14T04:33:53.941Z</time>
</trkpt>
<trkpt lat="42.0002797" lon="2.8179633000000024">
<ele>67.2464778714899</ele>
<time>2026-08-14T04:33:55.797Z</time>
</trkpt>
<trkpt lat="42.0002868" lon="2.8179440000000113">
<ele>67.50921182523457</ele>
<time>2026-08-14T04:33:57.942Z</time>
</trkpt>
<trkpt lat="42.0002929" lon="2.817934799999989">
<ele>67.60247895529577</ele>
<time>2026-08-14T04:33:59.942Z</time>
</trkpt>
<trkpt lat="42.000296" lon="2.8179059999999936">
<ele>68.05808686464378</ele>
<time>2026-08-14T04:34:01.953Z</time>
</trkpt>
<trkpt lat="42.0003478" lon="2.817976299999998">
<ele>66.37319016793582</ele>
<time>2026-08-14T04:34:03.968Z</time>
</trkpt>
<trkpt lat="42.0003874" lon="2.817977799999994">
<ele>65.97594445511498</ele>
<time>2026-08-14T04:34:05.942Z</time>
</trkpt>
<trkpt lat="42.0004186" lon="2.817966399999989">
<ele>65.8332759874727</ele>
<time>2026-08-14T04:34:07.747Z</time>
</trkpt>
<trkpt lat="42.0004504" lon="2.817957100000001">
<ele>65.6374129265422</ele>
<time>2026-08-14T04:34:09.849Z</time>
</trkpt>
<trkpt lat="42.0004773" lon="2.8179469000000097">
<ele>65.48510123073599</ele>
<time>2026-08-14T04:34:11.887Z</time>
</trkpt>
<trkpt lat="42.0005021" lon="2.817934699999995">
<ele>65.36064613717392</ele>
<time>2026-08-14T04:34:13.885Z</time>
</trkpt>
<trkpt lat="42.0005277" lon="2.8179159000000027">
<ele>65.27607665104006</ele>
<time>2026-08-14T04:34:15.944Z</time>
</trkpt>
<trkpt lat="42.0005485" lon="2.8178937000000133">
<ele>65.25206006252652</ele>
<time>2026-08-14T04:34:17.957Z</time>
</trkpt>
<trkpt lat="42.0005702" lon="2.8178727000000094">
<ele>65.51658179091682</ele>
<time>2026-08-14T04:34:19.942Z</time>
</trkpt>
<trkpt lat="42.0005907" lon="2.817842600000006">
<ele>66.04184549826368</ele>
<time>2026-08-14T04:34:21.942Z</time>
</trkpt>
<trkpt lat="42.000606" lon="2.8178154999999947">
<ele>66.48164229023281</ele>
<time>2026-08-14T04:34:24.000Z</time>
</trkpt>
<trkpt lat="42.0006241" lon="2.817791800000009">
<ele>67.03713492786386</ele>
<time>2026-08-14T04:34:25.942Z</time>
</trkpt>
<trkpt lat="42.0006409" lon="2.8177630000000136">
<ele>67.79521732791486</ele>
<time>2026-08-14T04:34:27.848Z</time>
</trkpt>
<trkpt lat="42.0006533" lon="2.8177287000000035">
<ele>68.5868841212518</ele>
<time>2026-08-14T04:34:29.886Z</time>
</trkpt>
<trkpt lat="42.0006645" lon="2.8176948999999922">
<ele>69.33513144044157</ele>
<time>2026-08-14T04:34:31.945Z</time>
</trkpt>
<trkpt lat="42.0006781" lon="2.817667">
<ele>69.9742109081686</ele>
<time>2026-08-14T04:34:33.942Z</time>
</trkpt>
<trkpt lat="42.0006958" lon="2.817639600000007">
<ele>70.61542450333133</ele>
<time>2026-08-14T04:34:35.942Z</time>
</trkpt>
<trkpt lat="42.0007166" lon="2.817613399999999">
<ele>71.23122622724593</ele>
<time>2026-08-14T04:34:37.942Z</time>
</trkpt>
<trkpt lat="42.0007396" lon="2.817585500000007">
<ele>71.8599295703705</ele>
<time>2026-08-14T04:34:39.942Z</time>
</trkpt>
<trkpt lat="42.0007543" lon="2.8175607000000014">
<ele>72.35754886705429</ele>
<time>2026-08-14T04:34:41.942Z</time>
</trkpt>
<trkpt lat="42.0007646" lon="2.817530799999986">
<ele>72.89580372432488</ele>
<time>2026-08-14T04:34:43.763Z</time>
</trkpt>
<trkpt lat="42.0007759" lon="2.8174984999999992">
<ele>73.14909678656954</ele>
<time>2026-08-14T04:34:45.824Z</time>
</trkpt>
<trkpt lat="42.0007881" lon="2.81746609999999">
<ele>73.33497877391699</ele>
<time>2026-08-14T04:34:47.806Z</time>
</trkpt>
<trkpt lat="42.0008007" lon="2.817436399999991">
<ele>73.52063999494369</ele>
<time>2026-08-14T04:34:49.908Z</time>
</trkpt>
<trkpt lat="42.0008127" lon="2.8174107000000106">
<ele>73.69412798826345</ele>
<time>2026-08-14T04:34:51.862Z</time>
</trkpt>
<trkpt lat="42.0008345" lon="2.8173764999999946">
<ele>73.97121611397772</ele>
<time>2026-08-14T04:34:53.942Z</time>
</trkpt>
<trkpt lat="42.000852" lon="2.817349500000006">
<ele>74.07460963201287</ele>
<time>2026-08-14T04:34:55.946Z</time>
</trkpt>
<trkpt lat="42.0008697" lon="2.8173195999999905">
<ele>74.21261545614094</ele>
<time>2026-08-14T04:34:57.960Z</time>
</trkpt>
<trkpt lat="42.0008841" lon="2.8172949000000074">
<ele>74.3432820456281</ele>
<time>2026-08-14T04:34:59.974Z</time>
</trkpt>
<trkpt lat="42.0008976" lon="2.817268399999989">
<ele>74.49842431836461</ele>
<time>2026-08-14T04:35:01.942Z</time>
</trkpt>
<trkpt lat="42.0009112" lon="2.817243100000013">
<ele>74.64493779299215</ele>
<time>2026-08-14T04:35:03.766Z</time>
</trkpt>
<trkpt lat="42.0009241" lon="2.817215500000003">
<ele>74.67698301896824</ele>
<time>2026-08-14T04:35:05.787Z</time>
</trkpt>
<trkpt lat="42.0009347" lon="2.8171839000000034">
<ele>74.70567564336065</ele>
<time>2026-08-14T04:35:07.826Z</time>
</trkpt>
<trkpt lat="42.0009494" lon="2.8171490000000006">
<ele>74.73671357528202</ele>
<time>2026-08-14T04:35:09.864Z</time>
</trkpt>
<trkpt lat="42.0009634" lon="2.8171126000000015">
<ele>74.76348946229763</ele>
<time>2026-08-14T04:35:11.927Z</time>
</trkpt>
<trkpt lat="42.0009769" lon="2.8170869999999866">
<ele>74.78200581150422</ele>
<time>2026-08-14T04:35:13.850Z</time>
</trkpt>
<trkpt lat="42.0009985" lon="2.81704959999999">
<ele>74.80466800872692</ele>
<time>2026-08-14T04:35:16.003Z</time>
</trkpt>
<trkpt lat="42.0010137" lon="2.8170212999999933">
<ele>74.81688057607919</ele>
<time>2026-08-14T04:35:17.942Z</time>
</trkpt>
<trkpt lat="42.0010289" lon="2.816992099999993">
<ele>74.82556007083973</ele>
<time>2026-08-14T04:35:19.942Z</time>
</trkpt>
<trkpt lat="42.0010479" lon="2.8169638999999904">
<ele>74.83115198991139</ele>
<time>2026-08-14T04:35:21.942Z</time>
</trkpt>
<trkpt lat="42.0010587" lon="2.816929600000009">
<ele>74.82888377816447</ele>
<time>2026-08-14T04:35:23.942Z</time>
</trkpt>
<trkpt lat="42.0010708" lon="2.8168879000000118">
<ele>74.80897364419056</ele>
<time>2026-08-14T04:35:25.942Z</time>
</trkpt>
<trkpt lat="42.0010805" lon="2.81685379999999">
<ele>74.77912788077299</ele>
<time>2026-08-14T04:35:27.949Z</time>
</trkpt>
<trkpt lat="42.0010885" lon="2.8168139999999937">
<ele>74.73785454004577</ele>
<time>2026-08-14T04:35:29.942Z</time>
</trkpt>
<trkpt lat="42.0011001" lon="2.8167741999999976">
<ele>74.67217235182152</ele>
<time>2026-08-14T04:35:31.942Z</time>
</trkpt>
<trkpt lat="42.0011132" lon="2.8167411000000016">
<ele>74.58945332528654</ele>
<time>2026-08-14T04:35:33.808Z</time>
</trkpt>
<trkpt lat="42.0011329" lon="2.8166993000000105">
<ele>74.45635738663333</ele>
<time>2026-08-14T04:35:35.909Z</time>
</trkpt>
<trkpt lat="42.0011525" lon="2.816665900000004">
<ele>74.29797070448694</ele>
<time>2026-08-14T04:35:37.923Z</time>
</trkpt>
<trkpt lat="42.0011749" lon="2.8166391000000033">
<ele>74.12368179133207</ele>
<time>2026-08-14T04:35:39.942Z</time>
</trkpt>
<trkpt lat="42.0011926" lon="2.816617199999996">
<ele>73.98335107878056</ele>
<time>2026-08-14T04:35:41.743Z</time>
</trkpt>
<trkpt lat="42.0012176" lon="2.816580799999997">
<ele>73.76812317280775</ele>
<time>2026-08-14T04:35:43.828Z</time>
</trkpt>
<trkpt lat="42.0012346" lon="2.816552800000011">
<ele>73.61148735042416</ele>
<time>2026-08-14T04:35:45.866Z</time>
</trkpt>
<trkpt lat="42.0012588" lon="2.816528799999986">
<ele>73.43523481424472</ele>
<time>2026-08-14T04:35:47.928Z</time>
</trkpt>
<trkpt lat="42.0012855" lon="2.816509400000001">
<ele>73.26139795934503</ele>
<time>2026-08-14T04:35:49.942Z</time>
</trkpt>
<trkpt lat="42.0013146" lon="2.8164926999999977">
<ele>73.08476893381606</ele>
<time>2026-08-14T04:35:51.942Z</time>
</trkpt>
<trkpt lat="42.0013433" lon="2.8164791000000093">
<ele>72.91879858598826</ele>
<time>2026-08-14T04:35:53.942Z</time>
</trkpt>
<trkpt lat="42.001375" lon="2.8164682000000028">
<ele>72.74762159319849</ele>
<time>2026-08-14T04:35:55.942Z</time>
</trkpt>
<trkpt lat="42.0014063" lon="2.8164566000000093">
<ele>72.67081677800192</ele>
<time>2026-08-14T04:35:57.941Z</time>
</trkpt>
<trkpt lat="42.0014369" lon="2.8164442000000065">
<ele>72.70376435802136</ele>
<time>2026-08-14T04:35:59.942Z</time>
</trkpt>
<trkpt lat="42.0014693" lon="2.8164338999999927">
<ele>72.76461564334684</ele>
<time>2026-08-14T04:36:01.942Z</time>
</trkpt>
<trkpt lat="42.0015007" lon="2.81642260000001">
<ele>72.84183727611895</ele>
<time>2026-08-14T04:36:03.945Z</time>
</trkpt>
<trkpt lat="42.0015296" lon="2.8164126000000067">
<ele>72.93044951905047</ele>
<time>2026-08-14T04:36:05.788Z</time>
</trkpt>
<trkpt lat="42.0015607" lon="2.8164027999999917">
<ele>72.97777490503859</ele>
<time>2026-08-14T04:36:07.882Z</time>
</trkpt>
<trkpt lat="42.00159" lon="2.816395">
<ele>73.02021437371327</ele>
<time>2026-08-14T04:36:09.887Z</time>
</trkpt>
<trkpt lat="42.0016187" lon="2.816386399999999">
<ele>73.05187504314085</ele>
<time>2026-08-14T04:36:11.942Z</time>
</trkpt>
<trkpt lat="42.0016479" lon="2.816379399999988">
<ele>73.09046816139106</ele>
<time>2026-08-14T04:36:13.948Z</time>
</trkpt>
<trkpt lat="42.0016775" lon="2.8163748000000055">
<ele>73.17063919246638</ele>
<time>2026-08-14T04:36:15.942Z</time>
</trkpt>
<trkpt lat="42.0017074" lon="2.8163713000000143">
<ele>73.33151635042734</ele>
<time>2026-08-14T04:36:17.942Z</time>
</trkpt>
<trkpt lat="42.0017363" lon="2.8163629000000014">
<ele>73.46304887514985</ele>
<time>2026-08-14T04:36:19.945Z</time>
</trkpt>
<trkpt lat="42.0017663" lon="2.816357199999999">
<ele>73.62285634505275</ele>
<time>2026-08-14T04:36:21.942Z</time>
</trkpt>
<trkpt lat="42.0017976" lon="2.8163548999999932">
<ele>73.81166297049178</ele>
<time>2026-08-14T04:36:23.942Z</time>
</trkpt>
<trkpt lat="42.0018246" lon="2.8163491999999906">
<ele>73.96161315756619</ele>
<time>2026-08-14T04:36:25.942Z</time>
</trkpt>
<trkpt lat="42.0018498" lon="2.8163404000000014">
<ele>74.09365838625364</ele>
<time>2026-08-14T04:36:27.766Z</time>
</trkpt>
<trkpt lat="42.0018799" lon="2.8163317000000063">
<ele>74.26643449134735</ele>
<time>2026-08-14T04:36:29.804Z</time>
</trkpt>
<trkpt lat="42.001909" lon="2.816328300000009">
<ele>74.45465482506701</ele>
<time>2026-08-14T04:36:31.889Z</time>
</trkpt>
<trkpt lat="42.0019329" lon="2.816324900000012">
<ele>74.61030520063116</ele>
<time>2026-08-14T04:36:33.820Z</time>
</trkpt>
<trkpt lat="42.0019682" lon="2.816313600000001">
<ele>74.74948362019074</ele>
<time>2026-08-14T04:36:35.946Z</time>
</trkpt>
<trkpt lat="42.0019984" lon="2.816304400000007">
<ele>74.81776064976673</ele>
<time>2026-08-14T04:36:37.942Z</time>
</trkpt>
<trkpt lat="42.0020286" lon="2.8162989999999866">
<ele>74.89118207938006</ele>
<time>2026-08-14T04:36:39.941Z</time>
</trkpt>
<trkpt lat="42.002059" lon="2.8162949999999967">
<ele>74.96629305701302</ele>
<time>2026-08-14T04:36:41.942Z</time>
</trkpt>
<trkpt lat="42.0020911" lon="2.8162920000000042">
<ele>75.04717733671465</ele>
<time>2026-08-14T04:36:43.942Z</time>
</trkpt>
<trkpt lat="42.0021234" lon="2.8162888999999893">
<ele>75.12636532508915</ele>
<time>2026-08-14T04:36:45.905Z</time>
</trkpt>
<trkpt lat="42.0021545" lon="2.8162954000000013">
<ele>75.238813499078</ele>
<time>2026-08-14T04:36:47.888Z</time>
</trkpt>
<trkpt lat="42.0021793" lon="2.816304400000007">
<ele>75.34754884715723</ele>
<time>2026-08-14T04:36:49.804Z</time>
</trkpt>
<trkpt lat="42.0022147" lon="2.8162868000000003">
<ele>75.37026752719724</ele>
<time>2026-08-14T04:36:51.867Z</time>
</trkpt>
<trkpt lat="42.0022436" lon="2.816271599999993">
<ele>75.19659215384412</ele>
<time>2026-08-14T04:36:53.905Z</time>
</trkpt>
<trkpt lat="42.0022755" lon="2.8162638999999956">
<ele>74.92728280442286</ele>
<time>2026-08-14T04:36:55.942Z</time>
</trkpt>
<trkpt lat="42.0023072" lon="2.8162566999999967">
<ele>74.65735681502721</ele>
<time>2026-08-14T04:36:57.942Z</time>
</trkpt>
<trkpt lat="42.0023369" lon="2.8162533999999937">
<ele>74.42037492356891</ele>
<time>2026-08-14T04:36:59.942Z</time>
</trkpt>
<trkpt lat="42.0023683" lon="2.816245400000014">
<ele>74.14015668630049</ele>
<time>2026-08-14T04:37:01.942Z</time>
</trkpt>
<trkpt lat="42.0024001" lon="2.816233899999986">
<ele>73.82949103795512</ele>
<time>2026-08-14T04:37:03.888Z</time>
</trkpt>
<trkpt lat="42.0024296" lon="2.8162239000000113">
<ele>73.53934033383592</ele>
<time>2026-08-14T04:37:05.938Z</time>
</trkpt>
<trkpt lat="42.0024573" lon="2.8162062000000105">
<ele>73.20352518230534</ele>
<time>2026-08-14T04:37:07.952Z</time>
</trkpt>
<trkpt lat="42.0024863" lon="2.816195599999986">
<ele>72.8992901608325</ele>
<time>2026-08-14T04:37:09.942Z</time>
</trkpt>
<trkpt lat="42.0025129" lon="2.816188799999992">
<ele>72.72475298963704</ele>
<time>2026-08-14T04:37:11.757Z</time>
</trkpt>
<trkpt lat="42.0025439" lon="2.816183499999994">
<ele>72.72930581669638</ele>
<time>2026-08-14T04:37:13.942Z</time>
</trkpt>
<trkpt lat="42.0025738" lon="2.816179699999992">
<ele>72.74673533597748</ele>
<time>2026-08-14T04:37:15.942Z</time>
</trkpt>
<trkpt lat="42.0026044" lon="2.8161786999999947">
<ele>72.78523643807738</ele>
<time>2026-08-14T04:37:17.942Z</time>
</trkpt>
<trkpt lat="42.0026314" lon="2.816178000000008">
<ele>72.82097615767795</ele>
<time>2026-08-14T04:37:19.941Z</time>
</trkpt>
<trkpt lat="42.0026603" lon="2.816178000000008">
<ele>72.86367838483942</ele>
<time>2026-08-14T04:37:21.942Z</time>
</trkpt>
<trkpt lat="42.0026911" lon="2.816173499999991">
<ele>72.88830548596668</ele>
<time>2026-08-14T04:37:23.942Z</time>
</trkpt>
<trkpt lat="42.0027171" lon="2.8161704999999984">
<ele>72.91571429352994</ele>
<time>2026-08-14T04:37:25.782Z</time>
</trkpt>
<trkpt lat="42.0027437" lon="2.8161770000000104">
<ele>72.9830543055866</ele>
<time>2026-08-14T04:37:27.829Z</time>
</trkpt>
<trkpt lat="42.0027726" lon="2.8161823000000084">
<ele>73.04433001473579</ele>
<time>2026-08-14T04:37:29.843Z</time>
</trkpt>
<trkpt lat="42.0028025" lon="2.8161838999999986">
<ele>73.04152990973792</ele>
<time>2026-08-14T04:37:31.968Z</time>
</trkpt>
<trkpt lat="42.0028311" lon="2.816178199999996">
<ele>72.97635997230782</ele>
<time>2026-08-14T04:37:33.965Z</time>
</trkpt>
<trkpt lat="42.0028636" lon="2.816172999999992">
<ele>72.88806631719608</ele>
<time>2026-08-14T04:37:35.941Z</time>
</trkpt>
<trkpt lat="42.002888" lon="2.8161618999999973">
<ele>72.73557189723174</ele>
<time>2026-08-14T04:37:37.888Z</time>
</trkpt>
<trkpt lat="42.0029128" lon="2.816153500000013">
<ele>72.57883733827656</ele>
<time>2026-08-14T04:37:39.768Z</time>
</trkpt>
<trkpt lat="42.0029487" lon="2.8161455000000046">
<ele>72.36289293617821</ele>
<time>2026-08-14T04:37:41.807Z</time>
</trkpt>
<trkpt lat="42.0029745" lon="2.8161383000000058">
<ele>72.16274288922799</ele>
<time>2026-08-14T04:37:43.845Z</time>
</trkpt>
<trkpt lat="42.0029995" lon="2.816133100000002">
<ele>71.97830892142122</ele>
<time>2026-08-14T04:37:45.868Z</time>
</trkpt>
<trkpt lat="42.0030287" lon="2.816133100000002">
<ele>71.85604413766801</ele>
<time>2026-08-14T04:37:47.906Z</time>
</trkpt>
<trkpt lat="42.0030512" lon="2.8161355999999955">
<ele>71.80961207634583</ele>
<time>2026-08-14T04:37:50.007Z</time>
</trkpt>
<trkpt lat="42.0030712" lon="2.8161323999999865">
<ele>71.65417774239538</ele>
<time>2026-08-14T04:37:51.942Z</time>
</trkpt>
<trkpt lat="42.0031102" lon="2.816125800000009">
<ele>71.36186140973365</ele>
<time>2026-08-14T04:37:53.942Z</time>
</trkpt>
<trkpt lat="42.0031332" lon="2.8161293">
<ele>71.27821755306815</ele>
<time>2026-08-14T04:37:55.942Z</time>
</trkpt>
<trkpt lat="42.0031594" lon="2.8161370999999917">
<ele>71.25502463426974</ele>
<time>2026-08-14T04:37:57.942Z</time>
</trkpt>
<trkpt lat="42.003186" lon="2.8161494000000005">
<ele>71.35946070525918</ele>
<time>2026-08-14T04:38:00.002Z</time>
</trkpt>
<trkpt lat="42.0032101" lon="2.81616249999999">
<ele>71.49190662251861</ele>
<time>2026-08-14T04:38:01.945Z</time>
</trkpt>
<trkpt lat="42.0032335" lon="2.8161713000000077">
<ele>71.53883648999198</ele>
<time>2026-08-14T04:38:03.764Z</time>
</trkpt>
<trkpt lat="42.00326" lon="2.816180199999991">
<ele>71.56868716962845</ele>
<time>2026-08-14T04:38:05.802Z</time>
</trkpt>
<trkpt lat="42.003288" lon="2.8161832000000118">
<ele>71.46973637680904</ele>
<time>2026-08-14T04:38:07.768Z</time>
</trkpt>
<trkpt lat="42.0033169" lon="2.8161895000000072">
<ele>71.43100922379577</ele>
<time>2026-08-14T04:38:09.887Z</time>
</trkpt>
<trkpt lat="42.0033469" lon="2.816197499999987">
<ele>71.40671524372253</ele>
<time>2026-08-14T04:38:11.949Z</time>
</trkpt>
<trkpt lat="42.003372" lon="2.8161992">
<ele>71.25951587241086</ele>
<time>2026-08-14T04:38:13.907Z</time>
</trkpt>
<trkpt lat="42.0034012" lon="2.816209299999997">
<ele>71.20976108867052</ele>
<time>2026-08-14T04:38:15.942Z</time>
</trkpt>
<trkpt lat="42.0034304" lon="2.816217899999998">
<ele>71.10089157652413</ele>
<time>2026-08-14T04:38:17.942Z</time>
</trkpt>
<trkpt lat="42.0034564" lon="2.8162206000000083">
<ele>70.91589191434085</ele>
<time>2026-08-14T04:38:20.005Z</time>
</trkpt>
<trkpt lat="42.003486" lon="2.816221299999995">
<ele>70.66970608907462</ele>
<time>2026-08-14T04:38:21.942Z</time>
</trkpt>
<trkpt lat="42.0035166" lon="2.81621770000001">
<ele>70.37634414402153</ele>
<time>2026-08-14T04:38:23.942Z</time>
</trkpt>
<trkpt lat="42.0035482" lon="2.8162193">
<ele>70.12181147534477</ele>
<time>2026-08-14T04:38:25.956Z</time>
</trkpt>
<trkpt lat="42.0035768" lon="2.816217200000011">
<ele>69.87006600165871</ele>
<time>2026-08-14T04:38:27.942Z</time>
</trkpt>
<trkpt lat="42.0036033" lon="2.816215199999988">
<ele>69.64360756120699</ele>
<time>2026-08-14T04:38:29.748Z</time>
</trkpt>
<trkpt lat="42.0036338" lon="2.8162173000000053">
<ele>69.39462554612453</ele>
<time>2026-08-14T04:38:31.763Z</time>
</trkpt>
<trkpt lat="42.0036677" lon="2.816221100000007">
<ele>69.1187305492613</ele>
<time>2026-08-14T04:38:33.786Z</time>
</trkpt>
<trkpt lat="42.0036949" lon="2.8162280999999894">
<ele>68.90505530705818</ele>
<time>2026-08-14T04:38:35.785Z</time>
</trkpt>
<trkpt lat="42.0037242" lon="2.8162341999999967">
<ele>68.67230792773458</ele>
<time>2026-08-14T04:38:37.847Z</time>
</trkpt>
<trkpt lat="42.0037497" lon="2.8162407000000087">
<ele>68.47221724257645</ele>
<time>2026-08-14T04:38:39.885Z</time>
</trkpt>
<trkpt lat="42.0037769" lon="2.8162509">
<ele>68.26538971936318</ele>
<time>2026-08-14T04:38:41.924Z</time>
</trkpt>
<trkpt lat="42.0038026" lon="2.816262899999998">
<ele>68.07489849970426</ele>
<time>2026-08-14T04:38:43.943Z</time>
</trkpt>
<trkpt lat="42.0038336" lon="2.816275399999995">
<ele>67.84160327169148</ele>
<time>2026-08-14T04:38:45.957Z</time>
</trkpt>
<trkpt lat="42.0038583" lon="2.816281900000007">
<ele>67.64906175398043</ele>
<time>2026-08-14T04:38:47.942Z</time>
</trkpt>
<trkpt lat="42.00388" lon="2.8163002000000006">
<ele>67.50543000046608</ele>
<time>2026-08-14T04:38:49.945Z</time>
</trkpt>
<trkpt lat="42.0039031" lon="2.8163279999999986">
<ele>67.60971981302318</ele>
<time>2026-08-14T04:38:51.958Z</time>
</trkpt>
<trkpt lat="42.0039226" lon="2.816346299999992">
<ele>68.0323912860074</ele>
<time>2026-08-14T04:38:53.942Z</time>
</trkpt>
<trkpt lat="42.0039462" lon="2.816365999999988">
<ele>68.56457990130508</ele>
<time>2026-08-14T04:38:55.942Z</time>
</trkpt>
<trkpt lat="42.0039683" lon="2.816386200000011">
<ele>69.09658345876305</ele>
<time>2026-08-14T04:38:57.942Z</time>
</trkpt>
<trkpt lat="42.003988" lon="2.816408300000006">
<ele>69.61425167180693</ele>
<time>2026-08-14T04:38:59.942Z</time>
</trkpt>
<trkpt lat="42.0040171" lon="2.816424699999999">
<ele>70.16411231843446</ele>
<time>2026-08-14T04:39:01.844Z</time>
</trkpt>
<trkpt lat="42.0040495" lon="2.816440599999993">
<ele>70.72074054367997</ele>
<time>2026-08-14T04:39:03.842Z</time>
</trkpt>
<trkpt lat="42.0040688" lon="2.8164606999999933">
<ele>70.9459457253996</ele>
<time>2026-08-14T04:39:05.928Z</time>
</trkpt>
<trkpt lat="42.0040967" lon="2.8164738000000114">
<ele>71.38345066879705</ele>
<time>2026-08-14T04:39:07.926Z</time>
</trkpt>
<trkpt lat="42.0041247" lon="2.8164861999999857">
<ele>71.80909440883008</ele>
<time>2026-08-14T04:39:09.942Z</time>
</trkpt>
<trkpt lat="42.0041539" lon="2.816500700000006">
<ele>72.21427132461561</ele>
<time>2026-08-14T04:39:11.942Z</time>
</trkpt>
<trkpt lat="42.004183" lon="2.81650590000001">
<ele>72.55239692654223</ele>
<time>2026-08-14T04:39:13.786Z</time>
</trkpt>
<trkpt lat="42.0042194" lon="2.8165075">
<ele>72.69846415005603</ele>
<time>2026-08-14T04:39:15.848Z</time>
</trkpt>
<trkpt lat="42.0042558" lon="2.8165044000000137">
<ele>72.88253277749149</ele>
<time>2026-08-14T04:39:17.925Z</time>
</trkpt>
<trkpt lat="42.004293" lon="2.8164999999999907">
<ele>73.06169974785183</ele>
<time>2026-08-14T04:39:19.988Z</time>
</trkpt>
<trkpt lat="42.0043206" lon="2.8164979000000017">
<ele>73.17866508652013</ele>
<time>2026-08-14T04:39:21.942Z</time>
</trkpt>
<trkpt lat="42.0043521" lon="2.8164979000000017">
<ele>73.3018539786636</ele>
<time>2026-08-14T04:39:23.942Z</time>
</trkpt>
<trkpt lat="42.0043866" lon="2.816502700000001">
<ele>73.44358258730003</ele>
<time>2026-08-14T04:39:25.942Z</time>
</trkpt>
<trkpt lat="42.0044162" lon="2.8165084000000036">
<ele>73.58640976441929</ele>
<time>2026-08-14T04:39:27.984Z</time>
</trkpt>
<trkpt lat="42.0044476" lon="2.8165078000000108">
<ele>73.72626035458077</ele>
<time>2026-08-14T04:39:29.942Z</time>
</trkpt>
<trkpt lat="42.0044797" lon="2.8165123999999935">
<ele>73.63496037513393</ele>
<time>2026-08-14T04:39:31.942Z</time>
</trkpt>
<trkpt lat="42.004508" lon="2.8165194000000042">
<ele>73.53174900966273</ele>
<time>2026-08-14T04:39:33.749Z</time>
</trkpt>
<trkpt lat="42.0045379" lon="2.8165275000000065">
<ele>73.40871371314512</ele>
<time>2026-08-14T04:39:35.723Z</time>
</trkpt>
<trkpt lat="42.0045703" lon="2.8165324">
<ele>73.25174162453511</ele>
<time>2026-08-14T04:39:37.848Z</time>
</trkpt>
<trkpt lat="42.0046005" lon="2.8165330999999867">
<ele>73.09541167253218</ele>
<time>2026-08-14T04:39:39.863Z</time>
</trkpt>
<trkpt lat="42.004628" lon="2.8165386999999953">
<ele>72.94642986691206</ele>
<time>2026-08-14T04:39:41.885Z</time>
</trkpt>
<trkpt lat="42.0046572" lon="2.8165453000000014">
<ele>72.77469089877448</ele>
<time>2026-08-14T04:39:43.908Z</time>
</trkpt>
<trkpt lat="42.0046906" lon="2.816551299999986">
<ele>72.56635783665298</ele>
<time>2026-08-14T04:39:45.946Z</time>
</trkpt>
<trkpt lat="42.0047196" lon="2.816558399999991">
<ele>72.36547966987354</ele>
<time>2026-08-14T04:39:47.933Z</time>
</trkpt>
<trkpt lat="42.0047506" lon="2.816564800000009">
<ele>72.33517364214428</ele>
<time>2026-08-14T04:39:49.942Z</time>
</trkpt>
<trkpt lat="42.0047818" lon="2.8165683">
<ele>72.41043042715846</ele>
<time>2026-08-14T04:39:51.942Z</time>
</trkpt>
<trkpt lat="42.0048161" lon="2.8165558999999973">
<ele>72.49633157750209</ele>
<time>2026-08-14T04:39:53.942Z</time>
</trkpt>
<trkpt lat="42.0048473" lon="2.8165535999999918">
<ele>72.55266415214231</ele>
<time>2026-08-14T04:39:55.990Z</time>
</trkpt>
<trkpt lat="42.0048772" lon="2.8165506999999934">
<ele>72.59498033653348</ele>
<time>2026-08-14T04:39:57.942Z</time>
</trkpt>
<trkpt lat="42.0049044" lon="2.816551000000004">
<ele>72.64259692299851</ele>
<time>2026-08-14T04:39:59.809Z</time>
</trkpt>
<trkpt lat="42.0049331" lon="2.8165505999999993">
<ele>72.68812765913091</ele>
<time>2026-08-14T04:40:01.848Z</time>
</trkpt>
<trkpt lat="42.004962" lon="2.816554499999995">
<ele>72.77529393862693</ele>
<time>2026-08-14T04:40:03.863Z</time>
</trkpt>
<trkpt lat="42.0049878" lon="2.81655760000001">
<ele>72.86065717425832</ele>
<time>2026-08-14T04:40:05.863Z</time>
</trkpt>
<trkpt lat="42.0050165" lon="2.8165600000000097">
<ele>72.84795060593798</ele>
<time>2026-08-14T04:40:07.942Z</time>
</trkpt>
<trkpt lat="42.0050497" lon="2.816570799999994">
<ele>72.69300953086048</ele>
<time>2026-08-14T04:40:09.989Z</time>
</trkpt>
<trkpt lat="42.0050722" lon="2.816575499999999">
<ele>72.55394518855528</ele>
<time>2026-08-14T04:40:11.942Z</time>
</trkpt>
<trkpt lat="42.0050985" lon="2.8165797999999995">
<ele>72.37573690844172</ele>
<time>2026-08-14T04:40:13.942Z</time>
</trkpt>
<trkpt lat="42.0051317" lon="2.8165841">
<ele>72.13589276152776</ele>
<time>2026-08-14T04:40:15.956Z</time>
</trkpt>
<trkpt lat="42.0051556" lon="2.8165837999999894">
<ele>71.92076005345943</ele>
<time>2026-08-14T04:40:17.942Z</time>
</trkpt>
<trkpt lat="42.0051789" lon="2.8165884999999946">
<ele>71.77252054309112</ele>
<time>2026-08-14T04:40:19.942Z</time>
</trkpt>
<trkpt lat="42.0052069" lon="2.8165937999999926">
<ele>71.5893538256548</ele>
<time>2026-08-14T04:40:21.942Z</time>
</trkpt>
<trkpt lat="42.0052369" lon="2.8165990999999906">
<ele>71.38763104154557</ele>
<time>2026-08-14T04:40:23.942Z</time>
</trkpt>
<trkpt lat="42.0052653" lon="2.816605299999992">
<ele>71.21018038982805</ele>
<time>2026-08-14T04:40:26.015Z</time>
</trkpt>
<trkpt lat="42.0052927" lon="2.816616500000009">
<ele>71.20328016718</ele>
<time>2026-08-14T04:40:27.942Z</time>
</trkpt>
<trkpt lat="42.0053148" lon="2.8166382">
<ele>71.57550471302027</ele>
<time>2026-08-14T04:40:29.942Z</time>
</trkpt>
<trkpt lat="42.0053379" lon="2.816646999999989">
<ele>71.80201952933812</ele>
<time>2026-08-14T04:40:31.784Z</time>
</trkpt>
<trkpt lat="42.0053637" lon="2.816652299999987">
<ele>72.00242642612818</ele>
<time>2026-08-14T04:40:33.903Z</time>
</trkpt>
<trkpt lat="42.0053984" lon="2.816648700000002">
<ele>72.13103658711542</ele>
<time>2026-08-14T04:40:35.942Z</time>
</trkpt>
<trkpt lat="42.0054288" lon="2.816648799999996">
<ele>72.2868230363728</ele>
<time>2026-08-14T04:40:38.017Z</time>
</trkpt>
<trkpt lat="42.0054572" lon="2.8166493999999886">
<ele>72.43985798744205</ele>
<time>2026-08-14T04:40:39.920Z</time>
</trkpt>
<trkpt lat="42.0054881" lon="2.8166458000000034">
<ele>72.54271479819401</ele>
<time>2026-08-14T04:40:41.724Z</time>
</trkpt>
<trkpt lat="42.0055132" lon="2.8166439999999966">
<ele>72.64119295391511</ele>
<time>2026-08-14T04:40:43.763Z</time>
</trkpt>
<trkpt lat="42.0055394" lon="2.8166418000000135">
<ele>72.73742667081507</ele>
<time>2026-08-14T04:40:45.827Z</time>
</trkpt>
<trkpt lat="42.0055779" lon="2.8166444000000013">
<ele>72.8379900093292</ele>
<time>2026-08-14T04:40:47.866Z</time>
</trkpt>
<trkpt lat="42.0056014" lon="2.8166420000000016">
<ele>72.70308345980214</ele>
<time>2026-08-14T04:40:49.946Z</time>
</trkpt>
<trkpt lat="42.0056258" lon="2.8166458000000034">
<ele>72.6614720760081</ele>
<time>2026-08-14T04:40:51.887Z</time>
</trkpt>
<trkpt lat="42.0056498" lon="2.8166524000000095">
<ele>72.66118573482036</ele>
<time>2026-08-14T04:40:53.852Z</time>
</trkpt>
<trkpt lat="42.0056908" lon="2.8166516">
<ele>72.47557295931885</ele>
<time>2026-08-14T04:40:55.942Z</time>
</trkpt>
<trkpt lat="42.0057166" lon="2.816648299999997">
<ele>72.31965932712806</ele>
<time>2026-08-14T04:40:57.942Z</time>
</trkpt>
<trkpt lat="42.0057426" lon="2.8166458000000034">
<ele>72.17627807871006</ele>
<time>2026-08-14T04:40:59.942Z</time>
</trkpt>
<trkpt lat="42.0057739" lon="2.8166419000000076">
<ele>71.99412083426988</ele>
<time>2026-08-14T04:41:01.942Z</time>
</trkpt>
<trkpt lat="42.0058037" lon="2.816645599999987">
<ele>71.91987289065008</ele>
<time>2026-08-14T04:41:03.942Z</time>
</trkpt>
<trkpt lat="42.0058303" lon="2.816651400000012">
<ele>71.88251600213428</ele>
<time>2026-08-14T04:41:05.942Z</time>
</trkpt>
<trkpt lat="42.0058567" lon="2.8166525999999976">
<ele>71.70411872203005</ele>
<time>2026-08-14T04:41:07.942Z</time>
</trkpt>
<trkpt lat="42.0058827" lon="2.816660899999988">
<ele>71.55039150523147</ele>
<time>2026-08-14T04:41:09.942Z</time>
</trkpt>
<trkpt lat="42.0059088" lon="2.8166645000000017">
<ele>71.33452982097724</ele>
<time>2026-08-14T04:41:11.942Z</time>
</trkpt>
<trkpt lat="42.0059362" lon="2.8166578999999956">
<ele>70.9966847152296</ele>
<time>2026-08-14T04:41:13.991Z</time>
</trkpt>
<trkpt lat="42.0059628" lon="2.8166578000000015">
<ele>70.73756848747688</ele>
<time>2026-08-14T04:41:15.842Z</time>
</trkpt>
<trkpt lat="42.0059939" lon="2.81665670000001">
<ele>70.42597937290442</ele>
<time>2026-08-14T04:41:17.848Z</time>
</trkpt>
<trkpt lat="42.0060271" lon="2.8166493999999886">
<ele>70.0449701481362</ele>
<time>2026-08-14T04:41:19.966Z</time>
</trkpt>
<trkpt lat="42.0060562" lon="2.816646999999989">
<ele>69.75020936174475</ele>
<time>2026-08-14T04:41:21.965Z</time>
</trkpt>
<trkpt lat="42.0060869" lon="2.8166485000000137">
<ele>69.47016687872325</ele>
<time>2026-08-14T04:41:23.942Z</time>
</trkpt>
<trkpt lat="42.0061172" lon="2.816654099999994">
<ele>69.2168743826062</ele>
<time>2026-08-14T04:41:25.814Z</time>
</trkpt>
<trkpt lat="42.006147" lon="2.8166583000000003">
<ele>69.16143074867506</ele>
<time>2026-08-14T04:41:27.768Z</time>
</trkpt>
<trkpt lat="42.006178" lon="2.816667300000006">
<ele>69.14734498403567</ele>
<time>2026-08-14T04:41:29.822Z</time>
</trkpt>
<trkpt lat="42.0062103" lon="2.8166840000000093">
<ele>69.16914211264547</ele>
<time>2026-08-14T04:41:31.868Z</time>
</trkpt>
<trkpt lat="42.0062431" lon="2.8166908999999976">
<ele>69.12125665538419</ele>
<time>2026-08-14T04:41:33.923Z</time>
</trkpt>
<trkpt lat="42.0062771" lon="2.816700999999995">
<ele>69.00893127004679</ele>
<time>2026-08-14T04:41:35.962Z</time>
</trkpt>
<trkpt lat="42.0063087" lon="2.816707799999989">
<ele>68.92511247839687</ele>
<time>2026-08-14T04:41:37.942Z</time>
</trkpt>
<trkpt lat="42.0063378" lon="2.816712999999993">
<ele>68.85847918336312</ele>
<time>2026-08-14T04:41:39.942Z</time>
</trkpt>
<trkpt lat="42.0063672" lon="2.8167104999999992">
<ele>68.80930514365771</ele>
<time>2026-08-14T04:41:41.942Z</time>
</trkpt>
<trkpt lat="42.0063949" lon="2.8167120999999895">
<ele>68.7565987611389</ele>
<time>2026-08-14T04:41:43.942Z</time>
</trkpt>
<trkpt lat="42.006424" lon="2.8167113000000086">
<ele>68.78497703204935</ele>
<time>2026-08-14T04:41:45.942Z</time>
</trkpt>
<trkpt lat="42.0064618" lon="2.8166980000000024">
<ele>68.8859686974512</ele>
<time>2026-08-14T04:41:47.942Z</time>
</trkpt>
<trkpt lat="42.0064882" lon="2.81670059999999">
<ele>68.92287767827449</ele>
<time>2026-08-14T04:41:49.942Z</time>
</trkpt>
<trkpt lat="42.0065159" lon="2.8167085000000043">
<ele>68.91933996669003</ele>
<time>2026-08-14T04:41:51.804Z</time>
</trkpt>
<trkpt lat="42.006548" lon="2.8167117000000133">
<ele>68.93747300189277</ele>
<time>2026-08-14T04:41:53.868Z</time>
</trkpt>
<trkpt lat="42.006578" lon="2.8167146000000116">
<ele>68.94598599192375</ele>
<time>2026-08-14T04:41:55.922Z</time>
</trkpt>
<trkpt lat="42.0066095" lon="2.8167153999999925">
<ele>68.97120116145405</ele>
<time>2026-08-14T04:41:57.968Z</time>
</trkpt>
<trkpt lat="42.0066401" lon="2.8167186000000015">
<ele>68.96183234773268</ele>
<time>2026-08-14T04:42:00.002Z</time>
</trkpt>
<trkpt lat="42.0066684" lon="2.816719799999987">
<ele>68.96974549192066</ele>
<time>2026-08-14T04:42:02.025Z</time>
</trkpt>
<trkpt lat="42.0066958" lon="2.816720800000013">
<ele>68.82222610128763</ele>
<time>2026-08-14T04:42:03.942Z</time>
</trkpt>
<trkpt lat="42.006727" lon="2.816730199999995">
<ele>68.46898025782501</ele>
<time>2026-08-14T04:42:05.826Z</time>
</trkpt>
<trkpt lat="42.0067556" lon="2.8167372999999998">
<ele>68.17087369261894</ele>
<time>2026-08-14T04:42:07.865Z</time>
</trkpt>
<trkpt lat="42.0067868" lon="2.8167392999999947">
<ele>67.92911279640485</ele>
<time>2026-08-14T04:42:09.888Z</time>
</trkpt>
<trkpt lat="42.0068173" lon="2.8167458000000067">
<ele>67.6319874325288</ele>
<time>2026-08-14T04:42:11.928Z</time>
</trkpt>
<trkpt lat="42.0068473" lon="2.8167496000000085">
<ele>67.37757359159228</ele>
<time>2026-08-14T04:42:13.966Z</time>
</trkpt>
<trkpt lat="42.0068731" lon="2.8167534000000103">
<ele>67.15331358578332</ele>
<time>2026-08-14T04:42:16.005Z</time>
</trkpt>
<trkpt lat="42.0069043" lon="2.816756199999986">
<ele>66.9074085534662</ele>
<time>2026-08-14T04:42:17.976Z</time>
</trkpt>
<trkpt lat="42.0069375" lon="2.8167623999999876">
<ele>66.60678332853823</ele>
<time>2026-08-14T04:42:19.950Z</time>
</trkpt>
<trkpt lat="42.0069694" lon="2.8167722999999967">
<ele>66.24352907942361</ele>
<time>2026-08-14T04:42:21.942Z</time>
</trkpt>
<trkpt lat="42.0069994" lon="2.8167827999999986">
<ele>65.84762298313062</ele>
<time>2026-08-14T04:42:23.942Z</time>
</trkpt>
<trkpt lat="42.0070258" lon="2.8168036000000143">
<ele>65.32366317432499</ele>
<time>2026-08-14T04:42:25.942Z</time>
</trkpt>
<trkpt lat="42.0070499" lon="2.816823400000004">
<ele>64.81098400342125</ele>
<time>2026-08-14T04:42:28.032Z</time>
</trkpt>
<trkpt lat="42.0070768" lon="2.8168316999999945">
<ele>64.42387124913519</ele>
<time>2026-08-14T04:42:29.942Z</time>
</trkpt>
<trkpt lat="42.0071054" lon="2.8168421000000023">
<ele>63.975637688787145</ele>
<time>2026-08-14T04:42:31.948Z</time>
</trkpt>
<trkpt lat="42.0071425" lon="2.816832099999999">
<ele>63.769568432887446</ele>
<time>2026-08-14T04:42:33.805Z</time>
</trkpt>
<trkpt lat="42.0071772" lon="2.8168354999999963">
<ele>63.36713809825867</ele>
<time>2026-08-14T04:42:35.947Z</time>
</trkpt>
<trkpt lat="42.0072063" lon="2.816837399999997">
<ele>63.042858730956</ele>
<time>2026-08-14T04:42:37.942Z</time>
</trkpt>
<trkpt lat="42.0072357" lon="2.8168363000000056">
<ele>62.79218634493096</ele>
<time>2026-08-14T04:42:39.942Z</time>
</trkpt>
<trkpt lat="42.0072638" lon="2.816835900000001">
<ele>62.70093804464815</ele>
<time>2026-08-14T04:42:41.942Z</time>
</trkpt>
<trkpt lat="42.0072878" lon="2.816835700000013">
<ele>62.620676707974</ele>
<time>2026-08-14T04:42:43.788Z</time>
</trkpt>
<trkpt lat="42.0073152" lon="2.8168374999999912">
<ele>62.48492837984114</ele>
<time>2026-08-14T04:42:45.825Z</time>
</trkpt>
<trkpt lat="42.0073444" lon="2.8168402000000015">
<ele>62.31834751025344</ele>
<time>2026-08-14T04:42:47.886Z</time>
</trkpt>
<trkpt lat="42.0073687" lon="2.816844400000008">
<ele>62.12871260565069</ele>
<time>2026-08-14T04:42:49.907Z</time>
</trkpt>
<trkpt lat="42.0073951" lon="2.816853699999996">
<ele>61.79663168870351</ele>
<time>2026-08-14T04:42:51.929Z</time>
</trkpt>
<trkpt lat="42.0074254" lon="2.8168594999999925">
<ele>61.52005879988464</ele>
<time>2026-08-14T04:42:53.967Z</time>
</trkpt>
<trkpt lat="42.0074525" lon="2.816865100000001">
<ele>61.2508296978162</ele>
<time>2026-08-14T04:42:55.942Z</time>
</trkpt>
<trkpt lat="42.0074813" lon="2.816868800000009">
<ele>61.015639397595464</ele>
<time>2026-08-14T04:42:57.987Z</time>
</trkpt>
<trkpt lat="42.0075073" lon="2.8168726000000106">
<ele>60.78341421449376</ele>
<time>2026-08-14T04:42:59.942Z</time>
</trkpt>
<trkpt lat="42.0075356" lon="2.8168750000000102">
<ele>60.66534302692226</ele>
<time>2026-08-14T04:43:01.942Z</time>
</trkpt>
<trkpt lat="42.0075619" lon="2.816881099999989">
<ele>60.45805787866697</ele>
<time>2026-08-14T04:43:03.951Z</time>
</trkpt>
<trkpt lat="42.0075926" lon="2.8168885000000046">
<ele>60.21407948193349</ele>
<time>2026-08-14T04:43:05.942Z</time>
</trkpt>
<trkpt lat="42.0076185" lon="2.816896600000007">
<ele>59.962242057067954</ele>
<time>2026-08-14T04:43:07.942Z</time>
</trkpt>
<trkpt lat="42.0076455" lon="2.816896899999989">
<ele>59.92671390933955</ele>
<time>2026-08-14T04:43:10.002Z</time>
</trkpt>
<trkpt lat="42.0076739" lon="2.8168977999999925">
<ele>59.87399268850071</ele>
<time>2026-08-14T04:43:11.942Z</time>
</trkpt>
<trkpt lat="42.0077043" lon="2.816897399999988">
<ele>59.85416445014009</ele>
<time>2026-08-14T04:43:13.887Z</time>
</trkpt>
<trkpt lat="42.0077327" lon="2.816898199999997">
<ele>59.80498258014099</ele>
<time>2026-08-14T04:43:15.783Z</time>
</trkpt>
<trkpt lat="42.0077625" lon="2.816899500000005">
<ele>59.74235759171082</ele>
<time>2026-08-14T04:43:17.765Z</time>
</trkpt>
<trkpt lat="42.0077947" lon="2.8168989000000124">
<ele>59.73051498153628</ele>
<time>2026-08-14T04:43:19.906Z</time>
</trkpt>
<trkpt lat="42.0078229" lon="2.8168991999999946">
<ele>59.71622886677684</ele>
<time>2026-08-14T04:43:21.904Z</time>
</trkpt>
<trkpt lat="42.0078531" lon="2.816900699999991">
<ele>59.67172060298393</ele>
<time>2026-08-14T04:43:23.942Z</time>
</trkpt>
<trkpt lat="42.0078704" lon="2.8168770999999992">
<ele>60.25235315704794</ele>
<time>2026-08-14T04:43:25.945Z</time>
</trkpt>
<trkpt lat="42.0078998" lon="2.8168959999999856">
<ele>59.77670848569211</ele>
<time>2026-08-14T04:43:27.942Z</time>
</trkpt>
<trkpt lat="42.0079289" lon="2.8169249999999977">
<ele>59.056830916639136</ele>
<time>2026-08-14T04:43:29.942Z</time>
</trkpt>
<trkpt lat="42.0079613" lon="2.816932900000012">
<ele>58.85874779812535</ele>
<time>2026-08-14T04:43:31.768Z</time>
</trkpt>
<trkpt lat="42.0079913" lon="2.8169340999999974">
<ele>58.82584666909227</ele>
<time>2026-08-14T04:43:33.687Z</time>
</trkpt>
<trkpt lat="42.0080249" lon="2.816937800000005">
<ele>58.73219587273711</ele>
<time>2026-08-14T04:43:35.781Z</time>
</trkpt>
<trkpt lat="42.008056" lon="2.816945199999992">
<ele>58.55037309419686</ele>
<time>2026-08-14T04:43:37.867Z</time>
</trkpt>
<trkpt lat="42.0080857" lon="2.8169527000000016">
<ele>58.36624346549661</ele>
<time>2026-08-14T04:43:39.843Z</time>
</trkpt>
<trkpt lat="42.0081147" lon="2.8169604999999933">
<ele>58.17771462867095</ele>
<time>2026-08-14T04:43:41.922Z</time>
</trkpt>
<trkpt lat="42.0081466" lon="2.816972600000014">
<ele>58.0</ele>
<time>2026-08-14T04:43:43.888Z</time>
</trkpt>
<trkpt lat="42.0081658" lon="2.816987299999994">
<ele>58.0</ele>
<time>2026-08-14T04:43:45.904Z</time>
</trkpt>
<trkpt lat="42.0081949" lon="2.8169928000000084">
<ele>58.0</ele>
<time>2026-08-14T04:43:47.888Z</time>
</trkpt>
<trkpt lat="42.0082251" lon="2.8170096000000058">
<ele>58.0</ele>
<time>2026-08-14T04:43:49.942Z</time>
</trkpt>
<trkpt lat="42.0082514" lon="2.817012500000004">
<ele>58.0</ele>
<time>2026-08-14T04:43:51.942Z</time>
</trkpt>
<trkpt lat="42.0082816" lon="2.817011799999989">
<ele>58.0</ele>
<time>2026-08-14T04:43:53.942Z</time>
</trkpt>
<trkpt lat="42.0083109" lon="2.8170073">
<ele>58.0</ele>
<time>2026-08-14T04:43:55.940Z</time>
</trkpt>
<trkpt lat="42.0083385" lon="2.816997200000003">
<ele>58.0</ele>
<time>2026-08-14T04:43:57.955Z</time>
</trkpt>
<trkpt lat="42.0083703" lon="2.8169776999999954">
<ele>58.39933287104519</ele>
<time>2026-08-14T04:43:59.942Z</time>
</trkpt>
<trkpt lat="42.0083973" lon="2.816981499999997">
<ele>58.81254782267114</ele>
<time>2026-08-14T04:44:01.764Z</time>
</trkpt>
<trkpt lat="42.0084264" lon="2.8169890000000066">
<ele>59.22817619243979</ele>
<time>2026-08-14T04:44:03.785Z</time>
</trkpt>
<trkpt lat="42.0084559" lon="2.8169962999999996">
<ele>59.62537438509031</ele>
<time>2026-08-14T04:44:05.806Z</time>
</trkpt>
<trkpt lat="42.0084873" lon="2.817002699999989">
<ele>60.03185299158332</ele>
<time>2026-08-14T04:44:07.907Z</time>
</trkpt>
<trkpt lat="42.0085112" lon="2.817017800000002">
<ele>60.225763730480224</ele>
<time>2026-08-14T04:44:09.889Z</time>
</trkpt>
<trkpt lat="42.0085382" lon="2.8170298000000003">
<ele>60.45123973082497</ele>
<time>2026-08-14T04:44:11.942Z</time>
</trkpt>
<trkpt lat="42.0085606" lon="2.817044100000004">
<ele>60.55455409836215</ele>
<time>2026-08-14T04:44:13.901Z</time>
</trkpt>
<trkpt lat="42.0085853" lon="2.8170550000000105">
<ele>60.69353626197464</ele>
<time>2026-08-14T04:44:15.888Z</time>
</trkpt>
<trkpt lat="42.0086076" lon="2.817077399999988">
<ele>60.59853835916036</ele>
<time>2026-08-14T04:44:17.942Z</time>
</trkpt>
<trkpt lat="42.0086326" lon="2.8170973999999944">
<ele>60.513908284460044</ele>
<time>2026-08-14T04:44:19.942Z</time>
</trkpt>
<trkpt lat="42.008656" lon="2.8171159999999986">
<ele>60.45696390831845</ele>
<time>2026-08-14T04:44:21.783Z</time>
</trkpt>
<trkpt lat="42.0086823" lon="2.817136000000005">
<ele>60.45478924594109</ele>
<time>2026-08-14T04:44:23.822Z</time>
</trkpt>
<trkpt lat="42.0087101" lon="2.81715539999999">
<ele>60.52826825404265</ele>
<time>2026-08-14T04:44:25.909Z</time>
</trkpt>
<trkpt lat="42.0087393" lon="2.8171721999999875">
<ele>60.69939236812565</ele>
<time>2026-08-14T04:44:27.988Z</time>
</trkpt>
<trkpt lat="42.0087629" lon="2.8171868000000018">
<ele>60.86210694798949</ele>
<time>2026-08-14T04:44:29.942Z</time>
</trkpt>
<trkpt lat="42.0087926" lon="2.8172183000000075">
<ele>61.00593046457214</ele>
<time>2026-08-14T04:44:31.942Z</time>
</trkpt>
<trkpt lat="42.0088274" lon="2.8172533999999985">
<ele>61.25081425791289</ele>
<time>2026-08-14T04:44:33.942Z</time>
</trkpt>
<trkpt lat="42.0088588" lon="2.817285599999991">
<ele>61.254343977958726</ele>
<time>2026-08-14T04:44:35.942Z</time>
</trkpt>
<trkpt lat="42.0088883" lon="2.8173260000000084">
<ele>60.96133221744314</ele>
<time>2026-08-14T04:44:37.888Z</time>
</trkpt>
<trkpt lat="42.0089107" lon="2.817353400000002">
<ele>60.68583593857624</ele>
<time>2026-08-14T04:44:39.704Z</time>
</trkpt>
<trkpt lat="42.0089455" lon="2.8173812">
<ele>60.4924903684465</ele>
<time>2026-08-14T04:44:41.767Z</time>
</trkpt>
<trkpt lat="42.0089806" lon="2.8174079000000063">
<ele>60.358978613524016</ele>
<time>2026-08-14T04:44:43.887Z</time>
</trkpt>
<trkpt lat="42.0090194" lon="2.8174353999999937">
<ele>60.286955455031915</ele>
<time>2026-08-14T04:44:45.926Z</time>
</trkpt>
<trkpt lat="42.0090492" lon="2.8174621">
<ele>60.175784260544496</ele>
<time>2026-08-14T04:44:47.925Z</time>
</trkpt>
<trkpt lat="42.0090786" lon="2.8174794999999904">
<ele>60.22814197833757</ele>
<time>2026-08-14T04:44:49.942Z</time>
</trkpt>
<trkpt lat="42.0091011" lon="2.8175032000000044">
<ele>60.13486099641989</ele>
<time>2026-08-14T04:44:51.942Z</time>
</trkpt>
<trkpt lat="42.0091234" lon="2.8175219000000027">
<ele>60.12924980196276</ele>
<time>2026-08-14T04:44:53.762Z</time>
</trkpt>
<trkpt lat="42.0091514" lon="2.8175430000000006">
<ele>60.22684887737286</ele>
<time>2026-08-14T04:44:55.825Z</time>
</trkpt>
<trkpt lat="42.0091821" lon="2.817550699999998">
<ele>60.47575745439245</ele>
<time>2026-08-14T04:44:57.928Z</time>
</trkpt>
<trkpt lat="42.0092062" lon="2.817543300000011">
<ele>60.87267325856367</ele>
<time>2026-08-14T04:44:59.942Z</time>
</trkpt>
<trkpt lat="42.009216" lon="2.8175251000000117">
<ele>61.24416199435136</ele>
<time>2026-08-14T04:45:01.942Z</time>
</trkpt>
<trkpt lat="42.0092164" lon="2.8175257999999985">
<ele>61.240197088469586</ele>
<time>2026-08-14T04:45:03.788Z</time>
</trkpt>
<trkpt lat="42.0092464" lon="2.8175190999999984">
<ele>61.724577286762006</ele>
<time>2026-08-14T04:45:05.866Z</time>
</trkpt>
<trkpt lat="42.009277" lon="2.8175184000000115">
<ele>62.14542051870264</ele>
<time>2026-08-14T04:45:07.864Z</time>
</trkpt>
<trkpt lat="42.0093079" lon="2.8175224999999955">
<ele>62.534033162727034</ele>
<time>2026-08-14T04:45:09.903Z</time>
</trkpt>
<trkpt lat="42.0093435" lon="2.817524999999989">
<ele>62.99830715324363</ele>
<time>2026-08-14T04:45:11.965Z</time>
</trkpt>
<trkpt lat="42.0093732" lon="2.817523300000005">
<ele>63.425265465506776</ele>
<time>2026-08-14T04:45:13.942Z</time>
</trkpt>
<trkpt lat="42.0094025" lon="2.817530299999987">
<ele>63.68890221702098</ele>
<time>2026-08-14T04:45:15.942Z</time>
</trkpt>
<trkpt lat="42.0094347" lon="2.817528100000004">
<ele>64.17664382173547</ele>
<time>2026-08-14T04:45:17.942Z</time>
</trkpt>
<trkpt lat="42.0094651" lon="2.817516299999994">
<ele>64.62217176129903</ele>
<time>2026-08-14T04:45:19.941Z</time>
</trkpt>
<trkpt lat="42.009493" lon="2.817504200000002">
<ele>64.75555068204808</ele>
<time>2026-08-14T04:45:21.942Z</time>
</trkpt>
<trkpt lat="42.0095156" lon="2.8174946000000034">
<ele>64.86898188383327</ele>
<time>2026-08-14T04:45:23.743Z</time>
</trkpt>
<trkpt lat="42.0095422" lon="2.817483199999998">
<ele>65.00907365462787</ele>
<time>2026-08-14T04:45:25.844Z</time>
</trkpt>
<trkpt lat="42.0095711" lon="2.8174688999999944">
<ele>65.17334179890248</ele>
<time>2026-08-14T04:45:27.905Z</time>
</trkpt>
<trkpt lat="42.0095987" lon="2.8174510999999995">
<ele>65.34940222673285</ele>
<time>2026-08-14T04:45:29.982Z</time>
</trkpt>
<trkpt lat="42.0096218" lon="2.81743019999999">
<ele>65.52196823957344</ele>
<time>2026-08-14T04:45:31.942Z</time>
</trkpt>
<trkpt lat="42.009643" lon="2.8174107000000106">
<ele>65.69107727907407</ele>
<time>2026-08-14T04:45:33.942Z</time>
</trkpt>
<trkpt lat="42.0096601" lon="2.8173915000000136">
<ele>65.84549797144264</ele>
<time>2026-08-14T04:45:35.745Z</time>
</trkpt>
<trkpt lat="42.0096762" lon="2.817382400000014">
<ele>65.96747183069202</ele>
<time>2026-08-14T04:45:37.806Z</time>
</trkpt>
<trkpt lat="42.0096795" lon="2.8173896000000127">
<ele>65.96192274241015</ele>
<time>2026-08-14T04:45:39.827Z</time>
</trkpt>
<trkpt lat="42.0096903" lon="2.8173946">
<ele>66.00565814949967</ele>
<time>2026-08-14T04:45:41.889Z</time>
</trkpt>
<trkpt lat="42.0097061" lon="2.817393900000013">
<ele>66.0972340881562</ele>
<time>2026-08-14T04:45:43.902Z</time>
</trkpt>
<trkpt lat="42.0097306" lon="2.8173879">
<ele>66.25941699506131</ele>
<time>2026-08-14T04:45:45.964Z</time>
</trkpt>
<trkpt lat="42.0097579" lon="2.817379499999987">
<ele>66.26665721253205</ele>
<time>2026-08-14T04:45:47.942Z</time>
</trkpt>
<trkpt lat="42.009787" lon="2.817370100000005">
<ele>66.2281279748591</ele>
<time>2026-08-14T04:45:49.956Z</time>
</trkpt>
<trkpt lat="42.0098132" lon="2.8173630999999943">
<ele>66.18540357496062</ele>
<time>2026-08-14T04:45:52.026Z</time>
</trkpt>
<trkpt lat="42.0098326" lon="2.817360100000002">
<ele>66.14475009360294</ele>
<time>2026-08-14T04:45:53.942Z</time>
</trkpt>
<trkpt lat="42.0098601" lon="2.8173591000000044">
<ele>66.07511396989148</ele>
<time>2026-08-14T04:45:55.950Z</time>
</trkpt>
<trkpt lat="42.0098792" lon="2.817352900000003">
<ele>66.0442765266896</ele>
<time>2026-08-14T04:45:57.963Z</time>
</trkpt>
<trkpt lat="42.0099021" lon="2.817347699999999">
<ele>65.99857787857313</ele>
<time>2026-08-14T04:45:59.861Z</time>
</trkpt>
<trkpt lat="42.0099268" lon="2.8173499000000106">
<ele>65.92477254435104</ele>
<time>2026-08-14T04:46:01.907Z</time>
</trkpt>
<trkpt lat="42.0099511" lon="2.8173764000000006">
<ele>65.78477226059692</ele>
<time>2026-08-14T04:46:03.969Z</time>
</trkpt>
<trkpt lat="42.0099748" lon="2.817380899999989">
<ele>65.71221474729903</ele>
<time>2026-08-14T04:46:05.942Z</time>
</trkpt>
<trkpt lat="42.0099965" lon="2.817382500000008">
<ele>65.65325187874252</ele>
<time>2026-08-14T04:46:07.748Z</time>
</trkpt>
<trkpt lat="42.0100241" lon="2.8173835000000054">
<ele>65.61732450490159</ele>
<time>2026-08-14T04:46:09.803Z</time>
</trkpt>
<trkpt lat="42.0100557" lon="2.8173788">
<ele>65.6614572279405</ele>
<time>2026-08-14T04:46:11.865Z</time>
</trkpt>
<trkpt lat="42.0100834" lon="2.8173698999999885">
<ele>65.71325808380136</ele>
<time>2026-08-14T04:46:13.887Z</time>
</trkpt>
<trkpt lat="42.0101161" lon="2.817365499999994">
<ele>65.7596294846558</ele>
<time>2026-08-14T04:46:15.942Z</time>
</trkpt>
<trkpt lat="42.0101424" lon="2.8173654">
<ele>65.78797025572202</ele>
<time>2026-08-14T04:46:17.942Z</time>
</trkpt>
<trkpt lat="42.0101654" lon="2.817366600000014">
<ele>65.8091289073938</ele>
<time>2026-08-14T04:46:19.942Z</time>
</trkpt>
<trkpt lat="42.0101877" lon="2.817368899999991">
<ele>65.82622628821969</ele>
<time>2026-08-14T04:46:21.942Z</time>
</trkpt>
<trkpt lat="42.0102065" lon="2.817372299999988">
<ele>65.8361431499719</ele>
<time>2026-08-14T04:46:23.765Z</time>
</trkpt>
<trkpt lat="42.0102315" lon="2.817372599999999">
<ele>65.86147093937505</ele>
<time>2026-08-14T04:46:25.843Z</time>
</trkpt>
<trkpt lat="42.0102692" lon="2.817368799999997">
<ele>65.9127712448907</ele>
<time>2026-08-14T04:46:27.942Z</time>
</trkpt>
<trkpt lat="42.0102998" lon="2.817352999999997">
<ele>65.98675913294058</ele>
<time>2026-08-14T04:46:29.942Z</time>
</trkpt>
<trkpt lat="42.010332" lon="2.8173395000000028">
<ele>66.02077519541753</ele>
<time>2026-08-14T04:46:31.942Z</time>
</trkpt>
<trkpt lat="42.0103592" lon="2.817336299999994">
<ele>66.02169864666963</ele>
<time>2026-08-14T04:46:33.786Z</time>
</trkpt>
<trkpt lat="42.0103919" lon="2.81732980000001">
<ele>66.02381918169276</ele>
<time>2026-08-14T04:46:35.889Z</time>
</trkpt>
<trkpt lat="42.0104178" lon="2.8173435999999867">
<ele>65.99659468902362</ele>
<time>2026-08-14T04:46:37.942Z</time>
</trkpt>
<trkpt lat="42.0104465" lon="2.8173500000000047">
<ele>65.98651384604652</ele>
<time>2026-08-14T04:46:39.942Z</time>
</trkpt>
<trkpt lat="42.0104771" lon="2.8173499000000106">
<ele>65.98459773977216</ele>
<time>2026-08-14T04:46:41.904Z</time>
</trkpt>
<trkpt lat="42.0105072" lon="2.8173504000000094">
<ele>65.98264949728866</ele>
<time>2026-08-14T04:46:43.942Z</time>
</trkpt>
<trkpt lat="42.0105367" lon="2.8173566000000108">
<ele>65.98392531847274</ele>
<time>2026-08-14T04:46:45.942Z</time>
</trkpt>
<trkpt lat="42.0105698" lon="2.8173605000000066">
<ele>65.98886140051302</ele>
<time>2026-08-14T04:46:47.955Z</time>
</trkpt>
<trkpt lat="42.0106019" lon="2.8173612999999875">
<ele>66.0779001243002</ele>
<time>2026-08-14T04:46:49.969Z</time>
</trkpt>
<trkpt lat="42.010632" lon="2.817362099999997">
<ele>66.16237452216549</ele>
<time>2026-08-14T04:46:51.942Z</time>
</trkpt>
<trkpt lat="42.0106626" lon="2.8173617999999863">
<ele>66.24734181865811</ele>
<time>2026-08-14T04:46:53.942Z</time>
</trkpt>
<trkpt lat="42.0106943" lon="2.817363599999993">
<ele>66.33660960709881</ele>
<time>2026-08-14T04:46:55.984Z</time>
</trkpt>
<trkpt lat="42.0107274" lon="2.8173697000000004">
<ele>66.43129080958379</ele>
<time>2026-08-14T04:46:57.942Z</time>
</trkpt>
<trkpt lat="42.0107603" lon="2.817373800000013">
<ele>66.52338222723472</ele>
<time>2026-08-14T04:46:59.808Z</time>
</trkpt>
<trkpt lat="42.0107865" lon="2.817378600000012">
<ele>66.59644060555269</ele>
<time>2026-08-14T04:47:01.709Z</time>
</trkpt>
<trkpt lat="42.0108244" lon="2.817389899999995">
<ele>66.70112027804869</ele>
<time>2026-08-14T04:47:03.762Z</time>
</trkpt>
<trkpt lat="42.0108595" lon="2.8173970999999938">
<ele>66.90840157471843</ele>
<time>2026-08-14T04:47:05.784Z</time>
</trkpt>
<trkpt lat="42.0108931" lon="2.8174046000000033">
<ele>67.34956670338596</ele>
<time>2026-08-14T04:47:07.869Z</time>
</trkpt>
<trkpt lat="42.0109235" lon="2.817407000000003">
<ele>67.75154685744491</ele>
<time>2026-08-14T04:47:09.882Z</time>
</trkpt>
<trkpt lat="42.0109551" lon="2.8174067999999863">
<ele>68.16551936620613</ele>
<time>2026-08-14T04:47:11.904Z</time>
</trkpt>
<trkpt lat="42.0109799" lon="2.8174127000000055">
<ele>68.51303434303973</ele>
<time>2026-08-14T04:47:13.767Z</time>
</trkpt>
<trkpt lat="42.0110114" lon="2.8174140000000136">
<ele>68.9374933668575</ele>
<time>2026-08-14T04:47:15.965Z</time>
</trkpt>
<trkpt lat="42.0110445" lon="2.8174181999999917">
<ele>69.40193626675544</ele>
<time>2026-08-14T04:47:17.942Z</time>
</trkpt>
<trkpt lat="42.0110655" lon="2.8174194000000057">
<ele>69.69160042260131</ele>
<time>2026-08-14T04:47:19.942Z</time>
</trkpt>
<trkpt lat="42.0110885" lon="2.8174231000000134">
<ele>70.02688007575253</ele>
<time>2026-08-14T04:47:21.887Z</time>
</trkpt>
<trkpt lat="42.011115" lon="2.817424299999999">
<ele>70.395841060879</ele>
<time>2026-08-14T04:47:23.942Z</time>
</trkpt>
<trkpt lat="42.0111448" lon="2.8174214999999947">
<ele>70.43501185162941</ele>
<time>2026-08-14T04:47:25.942Z</time>
</trkpt>
<trkpt lat="42.0111719" lon="2.8174260000000118">
<ele>70.32658264132692</ele>
<time>2026-08-14T04:47:27.942Z</time>
</trkpt>
<trkpt lat="42.011199" lon="2.817434999999989">
<ele>70.24958622050657</ele>
<time>2026-08-14T04:47:29.742Z</time>
</trkpt>
<trkpt lat="42.0112312" lon="2.8174406999999917">
<ele>70.11754781400167</ele>
<time>2026-08-14T04:47:31.747Z</time>
</trkpt>
<trkpt lat="42.0112622" lon="2.8174477000000024">
<ele>69.99824747628752</ele>
<time>2026-08-14T04:47:33.826Z</time>
</trkpt>
<trkpt lat="42.0112943" lon="2.8174505000000067">
<ele>69.84154919545315</ele>
<time>2026-08-14T04:47:35.968Z</time>
</trkpt>
<trkpt lat="42.0113254" lon="2.817455300000006">
<ele>69.70185667705722</ele>
<time>2026-08-14T04:47:38.006Z</time>
</trkpt>
<trkpt lat="42.0113549" lon="2.8174601999999993">
<ele>69.56940254732696</ele>
<time>2026-08-14T04:47:39.942Z</time>
</trkpt>
<trkpt lat="42.0113818" lon="2.817467800000003">
<ele>69.46550837090668</ele>
<time>2026-08-14T04:47:41.749Z</time>
</trkpt>
<trkpt lat="42.0114123" lon="2.8174774999999954">
<ele>69.373997430893</ele>
<time>2026-08-14T04:47:43.827Z</time>
</trkpt>
<trkpt lat="42.0114395" lon="2.8174874000000045">
<ele>69.35813500783075</ele>
<time>2026-08-14T04:47:45.906Z</time>
</trkpt>
<trkpt lat="42.011465" lon="2.8175091999999893">
<ele>69.40064343770408</ele>
<time>2026-08-14T04:47:47.942Z</time>
</trkpt>
<trkpt lat="42.011489" lon="2.8175205999999946">
<ele>69.38439062260471</ele>
<time>2026-08-14T04:47:49.942Z</time>
</trkpt>
<trkpt lat="42.011512" lon="2.8175278999999875">
<ele>69.32821453325434</ele>
<time>2026-08-14T04:47:51.942Z</time>
</trkpt>
<trkpt lat="42.011536" lon="2.817537299999998">
<ele>69.23658154702638</ele>
<time>2026-08-14T04:47:53.887Z</time>
</trkpt>
<trkpt lat="42.0115633" lon="2.8175464999999917">
<ele>69.11601431439729</ele>
<time>2026-08-14T04:47:55.942Z</time>
</trkpt>
<trkpt lat="42.0115885" lon="2.817556400000001">
<ele>68.98384600691804</ele>
<time>2026-08-14T04:47:57.941Z</time>
</trkpt>
<trkpt lat="42.0116127" lon="2.817572399999989">
<ele>68.81257533787486</ele>
<time>2026-08-14T04:47:59.942Z</time>
</trkpt>
<trkpt lat="42.0116374" lon="2.817582299999998">
<ele>68.64154746955302</ele>
<time>2026-08-14T04:48:01.802Z</time>
</trkpt>
<trkpt lat="42.0116665" lon="2.817596199999997">
<ele>68.40348666578959</ele>
<time>2026-08-14T04:48:03.825Z</time>
</trkpt>
<trkpt lat="42.0116934" lon="2.817606100000006">
<ele>68.20368886534949</ele>
<time>2026-08-14T04:48:05.903Z</time>
</trkpt>
<trkpt lat="42.0117218" lon="2.8176191999999958">
<ele>68.01924493734832</ele>
<time>2026-08-14T04:48:07.965Z</time>
</trkpt>
<trkpt lat="42.0117493" lon="2.817622099999994">
<ele>67.90774264345706</ele>
<time>2026-08-14T04:48:09.942Z</time>
</trkpt>
<trkpt lat="42.0117784" lon="2.817620000000005">
<ele>67.81912002181079</ele>
<time>2026-08-14T04:48:11.942Z</time>
</trkpt>
<trkpt lat="42.0118078" lon="2.8176176999999996">
<ele>67.72825601770053</ele>
<time>2026-08-14T04:48:13.942Z</time>
</trkpt>
<trkpt lat="42.0118353" lon="2.817621300000013">
<ele>67.6174724731783</ele>
<time>2026-08-14T04:48:15.942Z</time>
</trkpt>
<trkpt lat="42.0118628" lon="2.8176315000000045">
<ele>67.48608505835072</ele>
<time>2026-08-14T04:48:17.943Z</time>
</trkpt>
<trkpt lat="42.0118902" lon="2.8176427999999873">
<ele>67.36122473994902</ele>
<time>2026-08-14T04:48:19.957Z</time>
</trkpt>
<trkpt lat="42.011917" lon="2.8176526000000024">
<ele>67.25284571532632</ele>
<time>2026-08-14T04:48:21.783Z</time>
</trkpt>
<trkpt lat="42.0119473" lon="2.8176651999999933">
<ele>67.13794257588758</ele>
<time>2026-08-14T04:48:23.822Z</time>
</trkpt>
<trkpt lat="42.0119783" lon="2.8176765999999986">
<ele>67.08160566945456</ele>
<time>2026-08-14T04:48:25.868Z</time>
</trkpt>
<trkpt lat="42.0120085" lon="2.817692800000003">
<ele>67.04883815685648</ele>
<time>2026-08-14T04:48:27.947Z</time>
</trkpt>
<trkpt lat="42.0120376" lon="2.8177057000000048">
<ele>67.01720343158762</ele>
<time>2026-08-14T04:48:29.917Z</time>
</trkpt>
<trkpt lat="42.0120652" lon="2.8177167999999995">
<ele>66.98513884095011</ele>
<time>2026-08-14T04:48:31.932Z</time>
</trkpt>
<trkpt lat="42.0120931" lon="2.817726599999986">
<ele>66.95225951839785</ele>
<time>2026-08-14T04:48:33.947Z</time>
</trkpt>
<trkpt lat="42.0121239" lon="2.817731699999996">
<ele>66.92925815285616</ele>
<time>2026-08-14T04:48:35.942Z</time>
</trkpt>
<trkpt lat="42.0121525" lon="2.817736999999994">
<ele>66.90391987336979</ele>
<time>2026-08-14T04:48:37.887Z</time>
</trkpt>
<trkpt lat="42.0121798" lon="2.8177479000000005">
<ele>66.8568337048522</ele>
<time>2026-08-14T04:48:39.942Z</time>
</trkpt>
<trkpt lat="42.0122072" lon="2.8177585999999906">
<ele>66.80604482041667</ele>
<time>2026-08-14T04:48:41.942Z</time>
</trkpt>
<trkpt lat="42.0122366" lon="2.817762899999991">
<ele>66.77531686384772</ele>
<time>2026-08-14T04:48:43.894Z</time>
</trkpt>
<trkpt lat="42.0122665" lon="2.8177630000000136">
<ele>66.7238751365916</ele>
<time>2026-08-14T04:48:45.942Z</time>
</trkpt>
<trkpt lat="42.0122979" lon="2.8177563000000134">
<ele>66.69251492283239</ele>
<time>2026-08-14T04:48:47.942Z</time>
</trkpt>
<trkpt lat="42.0123266" lon="2.817755599999998">
<ele>66.64239052445598</ele>
<time>2026-08-14T04:48:49.928Z</time>
</trkpt>
<trkpt lat="42.0123536" lon="2.817753500000009">
<ele>66.60053563857933</ele>
<time>2026-08-14T04:48:51.942Z</time>
</trkpt>
<trkpt lat="42.0123811" lon="2.8177579000000037">
<ele>66.53362152231686</ele>
<time>2026-08-14T04:48:53.887Z</time>
</trkpt>
<trkpt lat="42.0124075" lon="2.817761399999995">
<ele>66.4725274347459</ele>
<time>2026-08-14T04:48:55.954Z</time>
</trkpt>
<trkpt lat="42.0124322" lon="2.8177582000000143">
<ele>66.43876467147457</ele>
<time>2026-08-14T04:48:57.765Z</time>
</trkpt>
<trkpt lat="42.0124604" lon="2.8177551999999935">
<ele>66.39748932135521</ele>
<time>2026-08-14T04:48:59.828Z</time>
</trkpt>
<trkpt lat="42.0124858" lon="2.817753900000014">
<ele>66.35516767022133</ele>
<time>2026-08-14T04:49:01.867Z</time>
</trkpt>
<trkpt lat="42.0125109" lon="2.8177531999999985">
<ele>66.31122443460598</ele>
<time>2026-08-14T04:49:03.842Z</time>
</trkpt>
<trkpt lat="42.0125392" lon="2.817750700000005">
<ele>66.32865761664812</ele>
<time>2026-08-14T04:49:05.882Z</time>
</trkpt>
<trkpt lat="42.0125639" lon="2.8177531999999985">
<ele>66.34605870471579</ele>
<time>2026-08-14T04:49:07.945Z</time>
</trkpt>
<trkpt lat="42.0125862" lon="2.817758900000001">
<ele>66.35609213820763</ele>
<time>2026-08-14T04:49:09.942Z</time>
</trkpt>
<trkpt lat="42.0126116" lon="2.817766699999993">
<ele>66.37054860732859</ele>
<time>2026-08-14T04:49:11.890Z</time>
</trkpt>
<trkpt lat="42.012629" lon="2.817779999999999">
<ele>66.37288458282663</ele>
<time>2026-08-14T04:49:13.741Z</time>
</trkpt>
<trkpt lat="42.0126561" lon="2.817792300000008">
<ele>66.40055426486754</ele>
<time>2026-08-14T04:49:15.788Z</time>
</trkpt>
<trkpt lat="42.0126856" lon="2.8178033000000084">
<ele>66.44641330597668</ele>
<time>2026-08-14T04:49:17.866Z</time>
</trkpt>
<trkpt lat="42.0127144" lon="2.8178167000000087">
<ele>66.51730987722863</ele>
<time>2026-08-14T04:49:19.927Z</time>
</trkpt>
<trkpt lat="42.0127407" lon="2.817825099999993">
<ele>66.57222695592448</ele>
<time>2026-08-14T04:49:21.942Z</time>
</trkpt>
<trkpt lat="42.0127736" lon="2.8178396000000134">
<ele>66.63913246144207</ele>
<time>2026-08-14T04:49:23.942Z</time>
</trkpt>
<trkpt lat="42.0127972" lon="2.8178538999999887">
<ele>66.70263538656786</ele>
<time>2026-08-14T04:49:25.942Z</time>
</trkpt>
<trkpt lat="42.0128235" lon="2.8178709000000026">
<ele>67.03815076608461</ele>
<time>2026-08-14T04:49:27.916Z</time>
</trkpt>
<trkpt lat="42.0128498" lon="2.817887899999988">
<ele>67.37802872589859</ele>
<time>2026-08-14T04:49:29.942Z</time>
</trkpt>
<trkpt lat="42.0128753" lon="2.817904700000014">
<ele>67.71206530633292</ele>
<time>2026-08-14T04:49:31.942Z</time>
</trkpt>
<trkpt lat="42.012897" lon="2.8179235000000062">
<ele>68.00480167628699</ele>
<time>2026-08-14T04:49:33.746Z</time>
</trkpt>
<trkpt lat="42.0129236" lon="2.8179388000000074">
<ele>68.35914687496815</ele>
<time>2026-08-14T04:49:35.808Z</time>
</trkpt>
<trkpt lat="42.0129549" lon="2.8179470000000038">
<ele>68.76713005723107</ele>
<time>2026-08-14T04:49:37.846Z</time>
</trkpt>
<trkpt lat="42.0129855" lon="2.8179562999999916">
<ele>69.17044188763212</ele>
<time>2026-08-14T04:49:39.909Z</time>
</trkpt>
<trkpt lat="42.0130157" lon="2.817964499999988">
<ele>69.56951100579865</ele>
<time>2026-08-14T04:49:41.951Z</time>
</trkpt>
<trkpt lat="42.0130463" lon="2.8179721999999856">
<ele>69.97518627544758</ele>
<time>2026-08-14T04:49:43.909Z</time>
</trkpt>
<trkpt lat="42.0130735" lon="2.817984700000011">
<ele>70.34909874382956</ele>
<time>2026-08-14T04:49:45.942Z</time>
</trkpt>
<trkpt lat="42.0131015" lon="2.8179983999999934">
<ele>70.26715569914059</ele>
<time>2026-08-14T04:49:47.942Z</time>
</trkpt>
<trkpt lat="42.0131377" lon="2.818002699999994">
<ele>70.12245824044102</ele>
<time>2026-08-14T04:49:49.747Z</time>
</trkpt>
<trkpt lat="42.0131608" lon="2.8180121999999983">
<ele>70.02440381343486</ele>
<time>2026-08-14T04:49:51.802Z</time>
</trkpt>
<trkpt lat="42.01319" lon="2.818023199999999">
<ele>69.88528424267139</ele>
<time>2026-08-14T04:49:53.848Z</time>
</trkpt>
<trkpt lat="42.0132208" lon="2.81803450000001">
<ele>69.72116664567491</ele>
<time>2026-08-14T04:49:55.887Z</time>
</trkpt>
<trkpt lat="42.0132529" lon="2.8180460000000096">
<ele>69.53178240225319</ele>
<time>2026-08-14T04:49:57.949Z</time>
</trkpt>
<trkpt lat="42.0132818" lon="2.8180547000000047">
<ele>69.35055156192051</ele>
<time>2026-08-14T04:49:59.887Z</time>
</trkpt>
<trkpt lat="42.0133096" lon="2.8180651000000125">
<ele>69.15577338192246</ele>
<time>2026-08-14T04:50:01.950Z</time>
</trkpt>
<trkpt lat="42.0133464" lon="2.8180639999999926">
<ele>68.94942270152724</ele>
<time>2026-08-14T04:50:03.942Z</time>
</trkpt>
<trkpt lat="42.013369" lon="2.818078799999995">
<ele>68.97867289988353</ele>
<time>2026-08-14T04:50:05.942Z</time>
</trkpt>
<trkpt lat="42.0133927" lon="2.81809530000001">
<ele>69.29309646171134</ele>
<time>2026-08-14T04:50:07.976Z</time>
</trkpt>
<trkpt lat="42.0134168" lon="2.8181088000000045">
<ele>69.61676193098434</ele>
<time>2026-08-14T04:50:09.942Z</time>
</trkpt>
<trkpt lat="42.0134441" lon="2.818117099999995">
<ele>69.92530830491187</ele>
<time>2026-08-14T04:50:11.942Z</time>
</trkpt>
<trkpt lat="42.0134685" lon="2.818130499999995">
<ele>70.26464951536128</ele>
<time>2026-08-14T04:50:13.954Z</time>
</trkpt>
<trkpt lat="42.0134951" lon="2.8181404000000043">
<ele>70.5951892683903</ele>
<time>2026-08-14T04:50:15.942Z</time>
</trkpt>
<trkpt lat="42.0135246" lon="2.818141099999991">
<ele>70.86058223425678</ele>
<time>2026-08-14T04:50:17.866Z</time>
</trkpt>
<trkpt lat="42.0135513" lon="2.8181537000000105">
<ele>71.2309513960591</ele>
<time>2026-08-14T04:50:19.928Z</time>
</trkpt>
<trkpt lat="42.0135771" lon="2.818167200000005">
<ele>71.61097347888489</ele>
<time>2026-08-14T04:50:21.926Z</time>
</trkpt>
<trkpt lat="42.0136048" lon="2.8181835999999976">
<ele>72.04977497473226</ele>
<time>2026-08-14T04:50:23.942Z</time>
</trkpt>
<trkpt lat="42.0136327" lon="2.8181953000000135">
<ele>72.39472267925662</ele>
<time>2026-08-14T04:50:25.902Z</time>
</trkpt>
<trkpt lat="42.0136569" lon="2.8182074999999998">
<ele>72.29847742671978</ele>
<time>2026-08-14T04:50:27.744Z</time>
</trkpt>
<trkpt lat="42.0136837" lon="2.8182209">
<ele>72.18285669013581</ele>
<time>2026-08-14T04:50:29.807Z</time>
</trkpt>
<trkpt lat="42.0137136" lon="2.818227400000012">
<ele>71.9529529145084</ele>
<time>2026-08-14T04:50:31.869Z</time>
</trkpt>
<trkpt lat="42.0137406" lon="2.8182457999999997">
<ele>71.87314259480219</ele>
<time>2026-08-14T04:50:33.947Z</time>
</trkpt>
<trkpt lat="42.01377" lon="2.8182628000000136">
<ele>71.74258040167481</ele>
<time>2026-08-14T04:50:35.949Z</time>
</trkpt>
<trkpt lat="42.0137962" lon="2.818286900000004">
<ele>71.70504231987437</ele>
<time>2026-08-14T04:50:37.963Z</time>
</trkpt>
<trkpt lat="42.0138236" lon="2.818306199999995">
<ele>71.59404521515422</ele>
<time>2026-08-14T04:50:39.942Z</time>
</trkpt>
<trkpt lat="42.0138508" lon="2.818318299999987">
<ele>71.4066977507141</ele>
<time>2026-08-14T04:50:41.942Z</time>
</trkpt>
<trkpt lat="42.0138824" lon="2.8183203000000105">
<ele>71.07243401263719</ele>
<time>2026-08-14T04:50:43.942Z</time>
</trkpt>
<trkpt lat="42.0139154" lon="2.8183238000000017">
<ele>70.7214853260104</ele>
<time>2026-08-14T04:50:45.942Z</time>
</trkpt>
<trkpt lat="42.013947" lon="2.818337100000008">
<ele>70.40155308889047</ele>
<time>2026-08-14T04:50:47.963Z</time>
</trkpt>
<trkpt lat="42.0139745" lon="2.8183540999999934">
<ele>70.1172703498513</ele>
<time>2026-08-14T04:50:49.806Z</time>
</trkpt>
<trkpt lat="42.0140039" lon="2.8183677000000102">
<ele>69.73008546909197</ele>
<time>2026-08-14T04:50:51.868Z</time>
</trkpt>
<trkpt lat="42.0140335" lon="2.8183780999999897">
<ele>69.30305136920907</ele>
<time>2026-08-14T04:50:53.946Z</time>
</trkpt>
<trkpt lat="42.0140585" lon="2.818386199999992">
<ele>68.92892447764444</ele>
<time>2026-08-14T04:50:55.942Z</time>
</trkpt>
<trkpt lat="42.0140852" lon="2.8183903000000043">
<ele>68.51716733076667</ele>
<time>2026-08-14T04:50:57.942Z</time>
</trkpt>
<trkpt lat="42.0141114" lon="2.818396199999995">
<ele>68.10609702311726</ele>
<time>2026-08-14T04:50:59.788Z</time>
</trkpt>
<trkpt lat="42.0141374" lon="2.8184128999999984">
<ele>67.67491242931442</ele>
<time>2026-08-14T04:51:01.843Z</time>
</trkpt>
<trkpt lat="42.0141657" lon="2.818431000000004">
<ele>67.17910752347164</ele>
<time>2026-08-14T04:51:03.945Z</time>
</trkpt>
<trkpt lat="42.0141897" lon="2.8184527999999887">
<ele>66.77489322669956</ele>
<time>2026-08-14T04:51:06.008Z</time>
</trkpt>
<trkpt lat="42.0142119" lon="2.818476000000004">
<ele>66.69756764507478</ele>
<time>2026-08-14T04:51:08.086Z</time>
</trkpt>
<trkpt lat="42.0142353" lon="2.8185015999999905">
<ele>66.60260712956986</ele>
<time>2026-08-14T04:51:10.125Z</time>
</trkpt>
<trkpt lat="42.0142608" lon="2.8185394999999858">
<ele>66.45342141826406</ele>
<time>2026-08-14T04:51:12.162Z</time>
</trkpt>
<trkpt lat="42.0142745" lon="2.818567800000011">
<ele>66.33855395006829</ele>
<time>2026-08-14T04:51:14.186Z</time>
</trkpt>
<trkpt lat="42.0142931" lon="2.8186021999999866">
<ele>66.18630508598883</ele>
<time>2026-08-14T04:51:16.248Z</time>
</trkpt>
<trkpt lat="42.0143164" lon="2.818628600000011">
<ele>66.04396782818402</ele>
<time>2026-08-14T04:51:18.246Z</time>
</trkpt>
<trkpt lat="42.014343" lon="2.818653100000006">
<ele>66.25192125756139</ele>
<time>2026-08-14T04:51:20.268Z</time>
</trkpt>
<trkpt lat="42.0143694" lon="2.8186720999999864">
<ele>66.50892316216847</ele>
<time>2026-08-14T04:51:22.283Z</time>
</trkpt>
<trkpt lat="42.0144011" lon="2.8186867000000007">
<ele>66.63351278613588</ele>
<time>2026-08-14T04:51:24.304Z</time>
</trkpt>
<trkpt lat="42.0144417" lon="2.818696899999992">
<ele>66.6171507434551</ele>
<time>2026-08-14T04:51:26.326Z</time>
</trkpt>
<trkpt lat="42.0144681" lon="2.8187112999999897">
<ele>66.71481325631217</ele>
<time>2026-08-14T04:51:28.364Z</time>
</trkpt>
<trkpt lat="42.0144963" lon="2.8187320000000113">
<ele>67.00657066710156</ele>
<time>2026-08-14T04:51:30.386Z</time>
</trkpt>
<trkpt lat="42.0145239" lon="2.8187542000000008">
<ele>67.27564153699139</ele>
<time>2026-08-14T04:51:32.407Z</time>
</trkpt>
<trkpt lat="42.0145552" lon="2.81876969999999">
<ele>67.42952928383663</ele>
<time>2026-08-14T04:51:34.422Z</time>
</trkpt>
<trkpt lat="42.0145886" lon="2.818786899999992">
<ele>67.56319908084852</ele>
<time>2026-08-14T04:51:36.388Z</time>
</trkpt>
<trkpt lat="42.0146237" lon="2.8187996000000055">
<ele>67.61806430781122</ele>
<time>2026-08-14T04:51:38.426Z</time>
</trkpt>
<trkpt lat="42.0146567" lon="2.8188226999999983">
<ele>67.71890711870458</ele>
<time>2026-08-14T04:51:40.447Z</time>
</trkpt>
<trkpt lat="42.0146843" lon="2.8188480000000027">
<ele>67.79882348713507</ele>
<time>2026-08-14T04:51:42.484Z</time>
</trkpt>
<trkpt lat="42.0147114" lon="2.818871400000006">
<ele>67.82350435863037</ele>
<time>2026-08-14T04:51:44.529Z</time>
</trkpt>
<trkpt lat="42.0147368" lon="2.8188974999999914">
<ele>67.8245753915397</ele>
<time>2026-08-14T04:51:46.583Z</time>
</trkpt>
<trkpt lat="42.0147619" lon="2.818920999999989">
<ele>67.84181081452877</ele>
<time>2026-08-14T04:51:48.604Z</time>
</trkpt>
<trkpt lat="42.0147888" lon="2.818944799999997">
<ele>68.05600045538613</ele>
<time>2026-08-14T04:51:50.665Z</time>
</trkpt>
<trkpt lat="42.0148124" lon="2.818963999999994">
<ele>68.18395713566073</ele>
<time>2026-08-14T04:51:52.647Z</time>
</trkpt>
<trkpt lat="42.0148407" lon="2.818981199999996">
<ele>68.21295637131539</ele>
<time>2026-08-14T04:51:54.749Z</time>
</trkpt>
<trkpt lat="42.0148715" lon="2.818993199999994">
<ele>68.11616381564687</ele>
<time>2026-08-14T04:51:56.787Z</time>
</trkpt>
<trkpt lat="42.0149038" lon="2.819002399999988">
<ele>67.94595782524367</ele>
<time>2026-08-14T04:51:58.801Z</time>
</trkpt>
<trkpt lat="42.0149325" lon="2.8190152999999896">
<ele>67.83527857682185</ele>
<time>2026-08-14T04:52:00.848Z</time>
</trkpt>
<trkpt lat="42.0149613" lon="2.819032600000014">
<ele>67.74856257363724</ele>
<time>2026-08-14T04:52:02.902Z</time>
</trkpt>
<trkpt lat="42.0149891" lon="2.8190562999999997">
<ele>67.70579936401074</ele>
<time>2026-08-14T04:52:04.923Z</time>
</trkpt>
<trkpt lat="42.0150082" lon="2.819074300000011">
<ele>67.66852394737337</ele>
<time>2026-08-14T04:52:06.942Z</time>
</trkpt>
<trkpt lat="42.0150329" lon="2.8190926000000047">
<ele>67.64396725235787</ele>
<time>2026-08-14T04:52:08.942Z</time>
</trkpt>
<trkpt lat="42.0150513" lon="2.8191036999999994">
<ele>67.65630070890516</ele>
<time>2026-08-14T04:52:10.905Z</time>
</trkpt>
<trkpt lat="42.0150844" lon="2.819130400000006">
<ele>67.65894830425925</ele>
<time>2026-08-14T04:52:12.942Z</time>
</trkpt>
<trkpt lat="42.0151119" lon="2.8191447000000096">
<ele>67.55434072576837</ele>
<time>2026-08-14T04:52:14.948Z</time>
</trkpt>
<trkpt lat="42.015137" lon="2.8191665999999884">
<ele>67.44428530242658</ele>
<time>2026-08-14T04:52:16.942Z</time>
</trkpt>
<trkpt lat="42.0151602" lon="2.8191930000000127">
<ele>67.2966647444311</ele>
<time>2026-08-14T04:52:18.942Z</time>
</trkpt>
<trkpt lat="42.0151839" lon="2.8192175000000077">
<ele>67.42810658259509</ele>
<time>2026-08-14T04:52:20.942Z</time>
</trkpt>
<trkpt lat="42.0152049" lon="2.8192371000000094">
<ele>67.54341021838376</ele>
<time>2026-08-14T04:52:22.743Z</time>
</trkpt>
<trkpt lat="42.0152302" lon="2.81925720000001">
<ele>67.65709250192478</ele>
<time>2026-08-14T04:52:24.805Z</time>
</trkpt>
<trkpt lat="42.0152516" lon="2.819275299999987">
<ele>67.79382633643586</ele>
<time>2026-08-14T04:52:26.867Z</time>
</trkpt>
<trkpt lat="42.0152744" lon="2.8192980000000034">
<ele>68.02229843600325</ele>
<time>2026-08-14T04:52:28.929Z</time>
</trkpt>
<trkpt lat="42.0152957" lon="2.819323099999991">
<ele>68.33142144140851</ele>
<time>2026-08-14T04:52:30.943Z</time>
</trkpt>
<trkpt lat="42.0153182" lon="2.8193496000000096">
<ele>68.73419774902146</ele>
<time>2026-08-14T04:52:32.963Z</time>
</trkpt>
<trkpt lat="42.0153411" lon="2.819371200000006">
<ele>69.02903248139194</ele>
<time>2026-08-14T04:52:34.946Z</time>
</trkpt>
<trkpt lat="42.0153645" lon="2.8193918999999994">
<ele>69.27577334807171</ele>
<time>2026-08-14T04:52:36.942Z</time>
</trkpt>
<trkpt lat="42.0153868" lon="2.8194177000000025">
<ele>69.57345328607511</ele>
<time>2026-08-14T04:52:38.945Z</time>
</trkpt>
<trkpt lat="42.015406" lon="2.819439200000005">
<ele>69.78978402754274</ele>
<time>2026-08-14T04:52:40.942Z</time>
</trkpt>
<trkpt lat="42.0154263" lon="2.819460200000009">
<ele>69.96572247768516</ele>
<time>2026-08-14T04:52:42.949Z</time>
</trkpt>
<trkpt lat="42.0154468" lon="2.81948220000001">
<ele>70.07712721600225</ele>
<time>2026-08-14T04:52:44.942Z</time>
</trkpt>
<trkpt lat="42.0154585" lon="2.8195136999999875">
<ele>70.2933263454373</ele>
<time>2026-08-14T04:52:46.782Z</time>
</trkpt>
<trkpt lat="42.0154727" lon="2.8195422000000008">
<ele>70.50760818585935</ele>
<time>2026-08-14T04:52:48.765Z</time>
</trkpt>
<trkpt lat="42.0154853" lon="2.819576100000006">
<ele>70.820036490963</ele>
<time>2026-08-14T04:52:50.707Z</time>
</trkpt>
<trkpt lat="42.0154979" lon="2.81962630000001">
<ele>71.3532431165425</ele>
<time>2026-08-14T04:52:52.745Z</time>
</trkpt>
<trkpt lat="42.0155075" lon="2.8196589000000074">
<ele>71.73530502433486</ele>
<time>2026-08-14T04:52:54.807Z</time>
</trkpt>
<trkpt lat="42.0155231" lon="2.8196880000000135">
<ele>72.1279330159393</ele>
<time>2026-08-14T04:52:56.829Z</time>
</trkpt>
<trkpt lat="42.0155416" lon="2.819715400000007">
<ele>72.55664460918666</ele>
<time>2026-08-14T04:52:58.866Z</time>
</trkpt>
<trkpt lat="42.0155569" lon="2.819751200000013">
<ele>73.09796719459335</ele>
<time>2026-08-14T04:53:00.928Z</time>
</trkpt>
<trkpt lat="42.0155631" lon="2.8197910000000093">
<ele>72.8525364300927</ele>
<time>2026-08-14T04:53:02.887Z</time>
</trkpt>
<trkpt lat="42.0155739" lon="2.819829800000008">
<ele>72.59961305424702</ele>
<time>2026-08-14T04:53:04.942Z</time>
</trkpt>
<trkpt lat="42.0155744" lon="2.8198753000000067">
<ele>72.24613167929529</ele>
<time>2026-08-14T04:53:06.887Z</time>
</trkpt>
<trkpt lat="42.0155804" lon="2.8199169000000097">
<ele>71.8678409722987</ele>
<time>2026-08-14T04:53:08.942Z</time>
</trkpt>
<trkpt lat="42.0155778" lon="2.8199491000000023">
<ele>71.6512865867108</ele>
<time>2026-08-14T04:53:10.921Z</time>
</trkpt>
<trkpt lat="42.0155679" lon="2.819987200000014">
<ele>71.41232560722125</ele>
<time>2026-08-14T04:53:12.942Z</time>
</trkpt>
<trkpt lat="42.0155622" lon="2.82002030000001">
<ele>71.20950943767521</ele>
<time>2026-08-14T04:53:14.942Z</time>
</trkpt>
<trkpt lat="42.0155518" lon="2.8200458999999967">
<ele>71.10857312029157</ele>
<time>2026-08-14T04:53:16.942Z</time>
</trkpt>
<trkpt lat="42.0155408" lon="2.8200740000000053">
<ele>71.02074453998534</ele>
<time>2026-08-14T04:53:18.942Z</time>
</trkpt>
<trkpt lat="42.0155226" lon="2.820119900000009">
<ele>70.95159461307946</ele>
<time>2026-08-14T04:53:20.942Z</time>
</trkpt>
<trkpt lat="42.0155182" lon="2.8201593000000003">
<ele>70.79386876373326</ele>
<time>2026-08-14T04:53:22.887Z</time>
</trkpt>
<trkpt lat="42.0155153" lon="2.820197900000011">
<ele>70.63310802375929</ele>
<time>2026-08-14T04:53:24.728Z</time>
</trkpt>
<trkpt lat="42.0155054" lon="2.820234400000004">
<ele>70.62926969215935</ele>
<time>2026-08-14T04:53:26.702Z</time>
</trkpt>
<trkpt lat="42.0155035" lon="2.820267400000006">
<ele>70.51159611683748</ele>
<time>2026-08-14T04:53:28.747Z</time>
</trkpt>
<trkpt lat="42.0155029" lon="2.8202997999999866">
<ele>70.37392151244373</ele>
<time>2026-08-14T04:53:30.785Z</time>
</trkpt>
<trkpt lat="42.0154989" lon="2.820335599999993">
<ele>70.10448531675308</ele>
<time>2026-08-14T04:53:32.807Z</time>
</trkpt>
<trkpt lat="42.0154965" lon="2.820369900000003">
<ele>69.7678378749351</ele>
<time>2026-08-14T04:53:34.845Z</time>
</trkpt>
<trkpt lat="42.0154852" lon="2.8204028000000108">
<ele>69.6084567215548</ele>
<time>2026-08-14T04:53:36.887Z</time>
</trkpt>
<trkpt lat="42.0154739" lon="2.820440899999994">
<ele>69.35370073050515</ele>
<time>2026-08-14T04:53:38.942Z</time>
</trkpt>
<trkpt lat="42.0154647" lon="2.8204760000000135">
<ele>69.06764031066875</ele>
<time>2026-08-14T04:53:40.942Z</time>
</trkpt>
<trkpt lat="42.0154521" lon="2.8205072000000087">
<ele>68.85448076449997</ele>
<time>2026-08-14T04:53:42.743Z</time>
</trkpt>
<trkpt lat="42.0154356" lon="2.820545399999986">
<ele>68.56201360922984</ele>
<time>2026-08-14T04:53:44.806Z</time>
</trkpt>
<trkpt lat="42.0154258" lon="2.820583499999998">
<ele>68.14225978695097</ele>
<time>2026-08-14T04:53:46.868Z</time>
</trkpt>
<trkpt lat="42.0154219" lon="2.820624600000002">
<ele>67.9784229317904</ele>
<time>2026-08-14T04:53:48.923Z</time>
</trkpt>
<trkpt lat="42.0154139" lon="2.8206644999999924">
<ele>67.84806706449459</ele>
<time>2026-08-14T04:53:50.962Z</time>
</trkpt>
<trkpt lat="42.0154127" lon="2.8207007000000033">
<ele>67.6676352995205</ele>
<time>2026-08-14T04:53:52.942Z</time>
</trkpt>
<trkpt lat="42.0154081" lon="2.820740999999998">
<ele>67.47999572712291</ele>
<time>2026-08-14T04:53:54.941Z</time>
</trkpt>
<trkpt lat="42.0154062" lon="2.8207820000000083">
<ele>67.26434704803815</ele>
<time>2026-08-14T04:53:56.942Z</time>
</trkpt>
<trkpt lat="42.015415" lon="2.820826799999992">
<ele>67.00044554827787</ele>
<time>2026-08-14T04:53:58.942Z</time>
</trkpt>
<trkpt lat="42.0154146" lon="2.8208627999999862">
<ele>66.81525318776087</ele>
<time>2026-08-14T04:54:00.942Z</time>
</trkpt>
<trkpt lat="42.0154078" lon="2.820904200000001">
<ele>66.65374687784369</ele>
<time>2026-08-14T04:54:02.942Z</time>
</trkpt>
<trkpt lat="42.0154063" lon="2.82094459999999">
<ele>66.49267956760494</ele>
<time>2026-08-14T04:54:04.942Z</time>
</trkpt>
<trkpt lat="42.0154045" lon="2.8209857999999883">
<ele>66.32822373248429</ele>
<time>2026-08-14T04:54:06.942Z</time>
</trkpt>
<trkpt lat="42.0154002" lon="2.8210273999999913">
<ele>66.16241159869122</ele>
<time>2026-08-14T04:54:08.827Z</time>
</trkpt>
<trkpt lat="42.0153954" lon="2.8210678000000087">
<ele>66.00067860358962</ele>
<time>2026-08-14T04:54:10.786Z</time>
</trkpt>
<trkpt lat="42.0153881" lon="2.82111119999999">
<ele>65.8260267241176</ele>
<time>2026-08-14T04:54:12.888Z</time>
</trkpt>
<trkpt lat="42.0153672" lon="2.821156599999995">
<ele>65.79337624736934</ele>
<time>2026-08-14T04:54:14.863Z</time>
</trkpt>
<trkpt lat="42.0153591" lon="2.82120119999999">
<ele>66.03859498918773</ele>
<time>2026-08-14T04:54:16.966Z</time>
</trkpt>
<trkpt lat="42.0153539" lon="2.821239300000002">
<ele>66.25347251522145</ele>
<time>2026-08-14T04:54:18.954Z</time>
</trkpt>
<trkpt lat="42.0153477" lon="2.8212794000000088">
<ele>66.48665213982672</ele>
<time>2026-08-14T04:54:21.022Z</time>
</trkpt>
<trkpt lat="42.0153424" lon="2.821315900000002">
<ele>66.70385801842292</ele>
<time>2026-08-14T04:54:22.985Z</time>
</trkpt>
<trkpt lat="42.0153383" lon="2.821354200000002">
<ele>66.93319114990808</ele>
<time>2026-08-14T04:54:24.941Z</time>
</trkpt>
<trkpt lat="42.015333" lon="2.821393499999999">
<ele>67.17651065447994</ele>
<time>2026-08-14T04:54:26.804Z</time>
</trkpt>
<trkpt lat="42.0153267" lon="2.821435799999989">
<ele>67.25754361891128</ele>
<time>2026-08-14T04:54:28.867Z</time>
</trkpt>
<trkpt lat="42.0153195" lon="2.821480400000013">
<ele>67.04684533877915</ele>
<time>2026-08-14T04:54:30.923Z</time>
</trkpt>
<trkpt lat="42.0153139" lon="2.8215227000000027">
<ele>66.83416170307765</ele>
<time>2026-08-14T04:54:32.986Z</time>
</trkpt>
<trkpt lat="42.0153136" lon="2.821558799999991">
<ele>66.6407103445549</ele>
<time>2026-08-14T04:54:34.942Z</time>
</trkpt>
<trkpt lat="42.0153092" lon="2.821602000000013">
<ele>66.4103005200543</ele>
<time>2026-08-14T04:54:36.942Z</time>
</trkpt>
<trkpt lat="42.0153009" lon="2.821643899999998">
<ele>66.17889504206883</ele>
<time>2026-08-14T04:54:38.942Z</time>
</trkpt>
<trkpt lat="42.015294" lon="2.8216850999999963">
<ele>65.94122058717684</ele>
<time>2026-08-14T04:54:40.942Z</time>
</trkpt>
<trkpt lat="42.0152858" lon="2.8217289000000108">
<ele>65.82452191695408</ele>
<time>2026-08-14T04:54:42.942Z</time>
</trkpt>
<trkpt lat="42.0152791" lon="2.8217698999999925">
<ele>65.76831394358588</ele>
<time>2026-08-14T04:54:44.947Z</time>
</trkpt>
<trkpt lat="42.0152729" lon="2.8218056999999988">
<ele>65.72429136337544</ele>
<time>2026-08-14T04:54:46.942Z</time>
</trkpt>
<trkpt lat="42.015263" lon="2.821841699999993">
<ele>65.68743376922424</ele>
<time>2026-08-14T04:54:48.999Z</time>
</trkpt>
<trkpt lat="42.0152567" lon="2.8218781999999862">
<ele>65.65407403162983</ele>
<time>2026-08-14T04:54:50.942Z</time>
</trkpt>
<trkpt lat="42.0152484" lon="2.821909799999986">
<ele>65.63334955032511</ele>
<time>2026-08-14T04:54:52.784Z</time>
</trkpt>
<trkpt lat="42.0152397" lon="2.8219432999999867">
<ele>65.6175246889403</ele>
<time>2026-08-14T04:54:54.784Z</time>
</trkpt>
<trkpt lat="42.0152339" lon="2.8219760000000065">
<ele>65.60439155051446</ele>
<time>2026-08-14T04:54:56.782Z</time>
</trkpt>
<trkpt lat="42.0152272" lon="2.8220064999999863">
<ele>65.65041458293247</ele>
<time>2026-08-14T04:54:58.646Z</time>
</trkpt>
<trkpt lat="42.0152181" lon="2.8220386000000133">
<ele>65.70059172377483</ele>
<time>2026-08-14T04:55:00.685Z</time>
</trkpt>
<trkpt lat="42.0152092" lon="2.822070800000006">
<ele>65.7478126367024</ele>
<time>2026-08-14T04:55:02.709Z</time>
</trkpt>
<trkpt lat="42.0152098" lon="2.8221141999999872">
<ele>65.78837366350882</ele>
<time>2026-08-14T04:55:04.908Z</time>
</trkpt>
<trkpt lat="42.0152125" lon="2.822150300000004">
<ele>65.81936695192968</ele>
<time>2026-08-14T04:55:06.964Z</time>
</trkpt>
<trkpt lat="42.0152252" lon="2.822189199999997">
<ele>65.84251345607636</ele>
<time>2026-08-14T04:55:08.942Z</time>
</trkpt>
<trkpt lat="42.0152423" lon="2.8222232999999903">
<ele>65.86065564942751</ele>
<time>2026-08-14T04:55:10.747Z</time>
</trkpt>
<trkpt lat="42.0152627" lon="2.822259400000007">
<ele>65.86920194119946</ele>
<time>2026-08-14T04:55:12.826Z</time>
</trkpt>
<trkpt lat="42.0152816" lon="2.822289000000012">
<ele>65.82084300412801</ele>
<time>2026-08-14T04:55:14.905Z</time>
</trkpt>
<trkpt lat="42.0152924" lon="2.8223290999999904">
<ele>65.76930250123239</ele>
<time>2026-08-14T04:55:16.943Z</time>
</trkpt>
<trkpt lat="42.0152932" lon="2.822367500000013">
<ele>65.72752827909127</ele>
<time>2026-08-14T04:55:18.942Z</time>
</trkpt>
<trkpt lat="42.0152956" lon="2.8224071999999865">
<ele>65.68361748978134</ele>
<time>2026-08-14T04:55:20.942Z</time>
</trkpt>
<trkpt lat="42.0152924" lon="2.822456299999999">
<ele>65.63257503652989</ele>
<time>2026-08-14T04:55:22.942Z</time>
</trkpt>
<trkpt lat="42.015282" lon="2.822492600000004">
<ele>65.59740008174856</ele>
<time>2026-08-14T04:55:24.942Z</time>
</trkpt>
<trkpt lat="42.0152776" lon="2.8225300000000004">
<ele>65.55770609422719</ele>
<time>2026-08-14T04:55:27.019Z</time>
</trkpt>
<trkpt lat="42.0152824" lon="2.822564">
<ele>65.55534547493875</ele>
<time>2026-08-14T04:55:28.942Z</time>
</trkpt>
<trkpt lat="42.0152802" lon="2.8226042000000007">
<ele>65.55534927310308</ele>
<time>2026-08-14T04:55:30.942Z</time>
</trkpt>
<trkpt lat="42.0152806" lon="2.8226391000000035">
<ele>65.55547694836982</ele>
<time>2026-08-14T04:55:32.942Z</time>
</trkpt>
<trkpt lat="42.0152732" lon="2.822679899999997">
<ele>65.54935582170789</ele>
<time>2026-08-14T04:55:34.942Z</time>
</trkpt>
<trkpt lat="42.0152615" lon="2.8227259999999887">
<ele>65.53301507493889</ele>
<time>2026-08-14T04:55:37.003Z</time>
</trkpt>
<trkpt lat="42.0152522" lon="2.822761500000013">
<ele>65.51445897396556</ele>
<time>2026-08-14T04:55:39.011Z</time>
</trkpt>
<trkpt lat="42.015238" lon="2.822796000000011">
<ele>65.48283164977218</ele>
<time>2026-08-14T04:55:40.942Z</time>
</trkpt>
<trkpt lat="42.0152271" lon="2.8228295000000116">
<ele>65.4101101582733</ele>
<time>2026-08-14T04:55:42.742Z</time>
</trkpt>
<trkpt lat="42.0152161" lon="2.822869499999996">
<ele>65.29148881973539</ele>
<time>2026-08-14T04:55:44.765Z</time>
</trkpt>
<trkpt lat="42.0152076" lon="2.822909799999991">
<ele>65.17515346704863</ele>
<time>2026-08-14T04:55:46.789Z</time>
</trkpt>
<trkpt lat="42.0152011" lon="2.822950999999989">
<ele>65.05923710337431</ele>
<time>2026-08-14T04:55:48.805Z</time>
</trkpt>
<trkpt lat="42.0151917" lon="2.8229920999999933">
<ele>64.93579532877783</ele>
<time>2026-08-14T04:55:50.822Z</time>
</trkpt>
<trkpt lat="42.0151851" lon="2.8230351999999925">
<ele>64.81201614027898</ele>
<time>2026-08-14T04:55:52.845Z</time>
</trkpt>
<trkpt lat="42.015174" lon="2.823073800000003">
<ele>64.68736885056735</ele>
<time>2026-08-14T04:55:54.789Z</time>
</trkpt>
<trkpt lat="42.0151564" lon="2.823107399999998">
<ele>64.60083611028986</ele>
<time>2026-08-14T04:55:56.868Z</time>
</trkpt>
<trkpt lat="42.0151462" lon="2.823145799999992">
<ele>64.56510571547899</ele>
<time>2026-08-14T04:55:58.884Z</time>
</trkpt>
<trkpt lat="42.0151326" lon="2.8231767000000048">
<ele>64.53102018997016</ele>
<time>2026-08-14T04:56:00.884Z</time>
</trkpt>
<trkpt lat="42.0151208" lon="2.823206199999987">
<ele>64.50630215066974</ele>
<time>2026-08-14T04:56:02.867Z</time>
</trkpt>
<trkpt lat="42.0151116" lon="2.8232487999999876">
<ele>64.48970352114198</ele>
<time>2026-08-14T04:56:04.906Z</time>
</trkpt>
<trkpt lat="42.0150993" lon="2.8232901000000084">
<ele>64.47616540830117</ele>
<time>2026-08-14T04:56:06.962Z</time>
</trkpt>
<trkpt lat="42.0150935" lon="2.8233318999999995">
<ele>64.47439711773075</ele>
<time>2026-08-14T04:56:08.929Z</time>
</trkpt>
<trkpt lat="42.0150873" lon="2.8233774999999923">
<ele>64.46668835852965</ele>
<time>2026-08-14T04:56:10.985Z</time>
</trkpt>
<trkpt lat="42.0150802" lon="2.823419400000006">
<ele>64.43672816458228</ele>
<time>2026-08-14T04:56:12.942Z</time>
</trkpt>
<trkpt lat="42.0150613" lon="2.823493500000012">
<ele>64.39809638232836</ele>
<time>2026-08-14T04:56:14.967Z</time>
</trkpt>
<trkpt lat="42.0150488" lon="2.823548499999987">
<ele>64.38117443559135</ele>
<time>2026-08-14T04:56:16.969Z</time>
</trkpt>
<trkpt lat="42.0150387" lon="2.823603100000014">
<ele>64.37113478706287</ele>
<time>2026-08-14T04:56:18.984Z</time>
</trkpt>
<trkpt lat="42.01503" lon="2.823646700000012">
<ele>64.39292936900969</ele>
<time>2026-08-14T04:56:20.998Z</time>
</trkpt>
<trkpt lat="42.0150221" lon="2.8236875000000055">
<ele>64.7339632961211</ele>
<time>2026-08-14T04:56:22.942Z</time>
</trkpt>
<trkpt lat="42.0150143" lon="2.823724900000002">
<ele>65.00519812015227</ele>
<time>2026-08-14T04:56:24.942Z</time>
</trkpt>
<trkpt lat="42.0150038" lon="2.8237587000000133">
<ele>65.21529670477068</ele>
<time>2026-08-14T04:56:26.742Z</time>
</trkpt>
<trkpt lat="42.0149919" lon="2.823797000000013">
<ele>65.43636908656062</ele>
<time>2026-08-14T04:56:28.749Z</time>
</trkpt>
<trkpt lat="42.0149786" lon="2.8238331000000017">
<ele>65.61383853766382</ele>
<time>2026-08-14T04:56:30.764Z</time>
</trkpt>
<trkpt lat="42.0149622" lon="2.8238747999999987">
<ele>65.7871594304499</ele>
<time>2026-08-14T04:56:32.827Z</time>
</trkpt>
<trkpt lat="42.014947" lon="2.8239111000000037">
<ele>65.90818531241703</ele>
<time>2026-08-14T04:56:34.827Z</time>
</trkpt>
<trkpt lat="42.0149336" lon="2.8239462999999887">
<ele>65.99841766016937</ele>
<time>2026-08-14T04:56:36.826Z</time>
</trkpt>
<trkpt lat="42.0149199" lon="2.8239805999999987">
<ele>66.06154723004813</ele>
<time>2026-08-14T04:56:38.824Z</time>
</trkpt>
<trkpt lat="42.0149068" lon="2.824017900000001">
<ele>66.136661653336</ele>
<time>2026-08-14T04:56:40.823Z</time>
</trkpt>
<trkpt lat="42.0148918" lon="2.8240533000000028">
<ele>66.17305800676283</ele>
<time>2026-08-14T04:56:42.806Z</time>
</trkpt>
<trkpt lat="42.0148758" lon="2.8240881000000115">
<ele>66.18529547597805</ele>
<time>2026-08-14T04:56:44.828Z</time>
</trkpt>
<trkpt lat="42.0148682" lon="2.8240916000000027">
<ele>66.12363890780716</ele>
<time>2026-08-14T04:56:46.867Z</time>
</trkpt>
<trkpt lat="42.0148539" lon="2.824103000000008">
<ele>66.02891521068368</ele>
<time>2026-08-14T04:56:48.905Z</time>
</trkpt>
<trkpt lat="42.0148496" lon="2.8240992000000062">
<ele>65.96593184784622</ele>
<time>2026-08-14T04:56:50.929Z</time>
</trkpt>
<trkpt lat="42.0148393" lon="2.8241184000000032">
<ele>65.94599328464194</ele>
<time>2026-08-14T04:56:52.943Z</time>
</trkpt>
<trkpt lat="42.0148236" lon="2.824143499999991">
<ele>65.88943869655071</ele>
<time>2026-08-14T04:56:54.965Z</time>
</trkpt>
<trkpt lat="42.014808" lon="2.824176300000005">
<ele>65.85876305717586</ele>
<time>2026-08-14T04:56:56.988Z</time>
</trkpt>
<trkpt lat="42.0147955" lon="2.8242090999999903">
<ele>65.76192155529989</ele>
<time>2026-08-14T04:56:58.942Z</time>
</trkpt>
<trkpt lat="42.0147809" lon="2.824239900000009">
<ele>65.3967762000515</ele>
<time>2026-08-14T04:57:00.942Z</time>
</trkpt>
<trkpt lat="42.014761" lon="2.8242759000000035">
<ele>64.92691464734976</ele>
<time>2026-08-14T04:57:02.942Z</time>
</trkpt>
<trkpt lat="42.0147489" lon="2.8243017000000066">
<ele>64.6099243726058</ele>
<time>2026-08-14T04:57:04.942Z</time>
</trkpt>
<trkpt lat="42.0147376" lon="2.8243328000000076">
<ele>64.25512516685505</ele>
<time>2026-08-14T04:57:06.844Z</time>
</trkpt>
<trkpt lat="42.014743" lon="2.8243712000000016">
<ele>64.07426942158013</ele>
<time>2026-08-14T04:57:08.803Z</time>
</trkpt>
<trkpt lat="42.0147365" lon="2.824398300000013">
<ele>63.805869646612</ele>
<time>2026-08-14T04:57:10.866Z</time>
</trkpt>
<trkpt lat="42.0147176" lon="2.8244272999999964">
<ele>63.36183694496565</ele>
<time>2026-08-14T04:57:12.888Z</time>
</trkpt>
<trkpt lat="42.0146976" lon="2.8244583999999975">
<ele>62.89757063819485</ele>
<time>2026-08-14T04:57:14.926Z</time>
</trkpt>
<trkpt lat="42.0146748" lon="2.824483100000009">
<ele>62.518999125610144</ele>
<time>2026-08-14T04:57:16.948Z</time>
</trkpt>
<trkpt lat="42.0146624" lon="2.8245159999999885">
<ele>62.651259232001024</ele>
<time>2026-08-14T04:57:18.946Z</time>
</trkpt>
<trkpt lat="42.014657" lon="2.824556300000012">
<ele>62.923371454726706</ele>
<time>2026-08-14T04:57:20.928Z</time>
</trkpt>
<trkpt lat="42.0146541" lon="2.8245934999999918">
<ele>63.194513092054706</ele>
<time>2026-08-14T04:57:22.942Z</time>
</trkpt>
<trkpt lat="42.0146436" lon="2.824627899999996">
<ele>63.27790787067205</ele>
<time>2026-08-14T04:57:24.942Z</time>
</trkpt>
<trkpt lat="42.0146334" lon="2.8246627000000046">
<ele>63.335923849890804</ele>
<time>2026-08-14T04:57:26.945Z</time>
</trkpt>
<trkpt lat="42.0146192" lon="2.82469549999999">
<ele>63.25141806425984</ele>
<time>2026-08-14T04:57:28.959Z</time>
</trkpt>
<trkpt lat="42.0146036" lon="2.824726300000009">
<ele>63.07440261934405</ele>
<time>2026-08-14T04:57:30.942Z</time>
</trkpt>
<trkpt lat="42.0145857" lon="2.8247538999999904">
<ele>62.773071072829765</ele>
<time>2026-08-14T04:57:32.942Z</time>
</trkpt>
<trkpt lat="42.0145683" lon="2.8247810999999956">
<ele>62.17203524289145</ele>
<time>2026-08-14T04:57:34.942Z</time>
</trkpt>
<trkpt lat="42.0145528" lon="2.8248092000000042">
<ele>61.6555970439247</ele>
<time>2026-08-14T04:57:36.942Z</time>
</trkpt>
<trkpt lat="42.0145345" lon="2.8248410999999862">
<ele>61.148508742610815</ele>
<time>2026-08-14T04:57:38.942Z</time>
</trkpt>
<trkpt lat="42.0145181" lon="2.8248662000000024">
<ele>60.787806010999844</ele>
<time>2026-08-14T04:57:40.942Z</time>
</trkpt>
<trkpt lat="42.0144989" lon="2.8248960999999895">
<ele>60.45713456585202</ele>
<time>2026-08-14T04:57:42.948Z</time>
</trkpt>
<trkpt lat="42.0144798" lon="2.8249269000000083">
<ele>60.229597405095205</ele>
<time>2026-08-14T04:57:44.987Z</time>
</trkpt>
<trkpt lat="42.0144626" lon="2.824957000000012">
<ele>60.142590451463136</ele>
<time>2026-08-14T04:57:46.942Z</time>
</trkpt>
<trkpt lat="42.0144407" lon="2.824990299999996">
<ele>60.27799434529635</ele>
<time>2026-08-14T04:57:48.942Z</time>
</trkpt>
<trkpt lat="42.0144231" lon="2.825019800000007">
<ele>60.36639314777036</ele>
<time>2026-08-14T04:57:50.942Z</time>
</trkpt>
<trkpt lat="42.0144031" lon="2.825051699999989">
<ele>60.451071919657245</ele>
<time>2026-08-14T04:57:52.942Z</time>
</trkpt>
<trkpt lat="42.0143843" lon="2.8250824000000136">
<ele>60.54057846518443</ele>
<time>2026-08-14T04:57:54.887Z</time>
</trkpt>
<trkpt lat="42.0143637" lon="2.8251133999999922">
<ele>60.634478107369915</ele>
<time>2026-08-14T04:57:56.965Z</time>
</trkpt>
<trkpt lat="42.0143456" lon="2.8251445999999873">
<ele>60.727873933733214</ele>
<time>2026-08-14T04:57:58.979Z</time>
</trkpt>
<trkpt lat="42.0143265" lon="2.825174099999998">
<ele>60.82008921731582</ele>
<time>2026-08-14T04:58:00.942Z</time>
</trkpt>
<trkpt lat="42.0143065" lon="2.8252021000000127">
<ele>60.91146988989414</ele>
<time>2026-08-14T04:58:02.942Z</time>
</trkpt>
<trkpt lat="42.0142869" lon="2.8252310999999963">
<ele>61.00644350917263</ele>
<time>2026-08-14T04:58:04.942Z</time>
</trkpt>
<trkpt lat="42.0142691" lon="2.825257999999991">
<ele>61.09554633271288</ele>
<time>2026-08-14T04:58:06.942Z</time>
</trkpt>
<trkpt lat="42.0142489" lon="2.825288900000004">
<ele>61.19931568465718</ele>
<time>2026-08-14T04:58:08.941Z</time>
</trkpt>
<trkpt lat="42.0142308" lon="2.8253170000000125">
<ele>61.22760992283021</ele>
<time>2026-08-14T04:58:10.955Z</time>
</trkpt>
<trkpt lat="42.0142125" lon="2.825349299999999">
<ele>60.778185591492544</ele>
<time>2026-08-14T04:58:12.942Z</time>
</trkpt>
<trkpt lat="42.0141971" lon="2.8253784999999993">
<ele>60.33938475519768</ele>
<time>2026-08-14T04:58:14.942Z</time>
</trkpt>
<trkpt lat="42.0141788" lon="2.8254063999999914">
<ele>59.7613079997616</ele>
<time>2026-08-14T04:58:16.942Z</time>
</trkpt>
<trkpt lat="42.0141611" lon="2.8254355999999916">
<ele>59.022954011032425</ele>
<time>2026-08-14T04:58:18.942Z</time>
</trkpt>
<trkpt lat="42.0141409" lon="2.8254661">
<ele>58.27989249680369</ele>
<time>2026-08-14T04:58:20.942Z</time>
</trkpt>
<trkpt lat="42.0141203" lon="2.8254963999999916">
<ele>57.594410606486406</ele>
<time>2026-08-14T04:58:22.942Z</time>
</trkpt>
<trkpt lat="42.0140994" lon="2.8255331999999953">
<ele>56.89383167561751</ele>
<time>2026-08-14T04:58:24.949Z</time>
</trkpt>
<trkpt lat="42.0140809" lon="2.825564799999995">
<ele>56.34689702855532</ele>
<time>2026-08-14T04:58:26.964Z</time>
</trkpt>
<trkpt lat="42.0140612" lon="2.8255974999999864">
<ele>55.9032390562534</ele>
<time>2026-08-14T04:58:28.979Z</time>
</trkpt>
<trkpt lat="42.0140422" lon="2.825628999999992">
<ele>55.822652864362766</ele>
<time>2026-08-14T04:58:30.994Z</time>
</trkpt>
<trkpt lat="42.0140239" lon="2.8256590999999958">
<ele>55.83634473510989</ele>
<time>2026-08-14T04:58:32.942Z</time>
</trkpt>
<trkpt lat="42.0140043" lon="2.8256892999999934">
<ele>55.938995431753064</ele>
<time>2026-08-14T04:58:34.942Z</time>
</trkpt>
<trkpt lat="42.0139843" lon="2.8257188999999983">
<ele>56.13432428824798</ele>
<time>2026-08-14T04:58:36.942Z</time>
</trkpt>
<trkpt lat="42.0139637" lon="2.8257493000000125">
<ele>56.43567223334624</ele>
<time>2026-08-14T04:58:38.943Z</time>
</trkpt>
<trkpt lat="42.013944" lon="2.825784099999993">
<ele>56.88036010173202</ele>
<time>2026-08-14T04:58:40.959Z</time>
</trkpt>
<trkpt lat="42.0139259" lon="2.8258136000000036">
<ele>57.35753042520321</ele>
<time>2026-08-14T04:58:42.974Z</time>
</trkpt>
<trkpt lat="42.013907" lon="2.8258447000000047">
<ele>57.95654205312109</ele>
<time>2026-08-14T04:58:44.942Z</time>
</trkpt>
<trkpt lat="42.013888" lon="2.82587749999999">
<ele>58.674555092201565</ele>
<time>2026-08-14T04:58:46.942Z</time>
</trkpt>
<trkpt lat="42.0138693" lon="2.8259089000000017">
<ele>59.3197174442313</ele>
<time>2026-08-14T04:58:48.942Z</time>
</trkpt>
<trkpt lat="42.013849" lon="2.825939599999998">
<ele>59.923429367611526</ele>
<time>2026-08-14T04:58:50.942Z</time>
</trkpt>
<trkpt lat="42.0138313" lon="2.82596989999999">
<ele>60.441152201426966</ele>
<time>2026-08-14T04:58:52.942Z</time>
</trkpt>
<trkpt lat="42.0138142" lon="2.826003700000001">
<ele>60.93943427708114</ele>
<time>2026-08-14T04:58:54.951Z</time>
</trkpt>
<trkpt lat="42.0137976" lon="2.8260397999999896">
<ele>61.403112489627304</ele>
<time>2026-08-14T04:58:56.942Z</time>
</trkpt>
<trkpt lat="42.0137837" lon="2.826080399999995">
<ele>61.83567021622351</ele>
<time>2026-08-14T04:58:58.982Z</time>
</trkpt>
<trkpt lat="42.0137917" lon="2.826118600000001">
<ele>62.120575196058105</ele>
<time>2026-08-14T04:59:00.997Z</time>
</trkpt>
<trkpt lat="42.0137955" lon="2.826153299999987">
<ele>62.33987614253896</ele>
<time>2026-08-14T04:59:02.942Z</time>
</trkpt>
<trkpt lat="42.0137961" lon="2.826184899999987">
<ele>62.236083782579314</ele>
<time>2026-08-14T04:59:04.942Z</time>
</trkpt>
<trkpt lat="42.0137966" lon="2.826217100000008">
<ele>62.12960455215058</ele>
<time>2026-08-14T04:59:06.942Z</time>
</trkpt>
<trkpt lat="42.0137912" lon="2.8262558000000126">
<ele>62.03468869025013</ele>
<time>2026-08-14T04:59:08.949Z</time>
</trkpt>
<trkpt lat="42.0137892" lon="2.8262908000000095">
<ele>61.940420188434544</ele>
<time>2026-08-14T04:59:10.942Z</time>
</trkpt>
<trkpt lat="42.0137906" lon="2.826321799999988">
<ele>61.83586131882104</ele>
<time>2026-08-14T04:59:12.942Z</time>
</trkpt>
<trkpt lat="42.0137989" lon="2.8263516000000095">
<ele>61.67210692756032</ele>
<time>2026-08-14T04:59:14.997Z</time>
</trkpt>
<trkpt lat="42.0138118" lon="2.8263746000000083">
<ele>61.473804403108275</ele>
<time>2026-08-14T04:59:16.942Z</time>
</trkpt>
<trkpt lat="42.013829" lon="2.8263958999999943">
<ele>61.220490030785584</ele>
<time>2026-08-14T04:59:18.942Z</time>
</trkpt>
<trkpt lat="42.0138546" lon="2.8264270999999894">
<ele>60.816819981578426</ele>
<time>2026-08-14T04:59:20.942Z</time>
</trkpt>
<trkpt lat="42.0138691" lon="2.8264403999999956">
<ele>60.71273283189683</ele>
<time>2026-08-14T04:59:22.950Z</time>
</trkpt>
<trkpt lat="42.0138732" lon="2.826458599999995">
<ele>60.747366651888925</ele>
<time>2026-08-14T04:59:24.785Z</time>
</trkpt>
<trkpt lat="42.0138839" lon="2.826476100000008">
<ele>60.72105424441091</ele>
<time>2026-08-14T04:59:26.642Z</time>
</trkpt>
<trkpt lat="42.0139179" lon="2.826486999999986">
<ele>60.47085293821235</ele>
<time>2026-08-14T04:59:28.628Z</time>
</trkpt>
<trkpt lat="42.0139532" lon="2.826495399999999">
<ele>60.2106442465759</ele>
<time>2026-08-14T04:59:30.686Z</time>
</trkpt>
<trkpt lat="42.0139884" lon="2.826500299999992">
<ele>59.91677829716384</ele>
<time>2026-08-14T04:59:32.624Z</time>
</trkpt>
<trkpt lat="42.014024" lon="2.826512000000008">
<ele>59.59878463971691</ele>
<time>2026-08-14T04:59:34.625Z</time>
</trkpt>
<trkpt lat="42.014047" lon="2.8265440000000126">
<ele>59.33142900300455</ele>
<time>2026-08-14T04:59:36.642Z</time>
</trkpt>
<trkpt lat="42.0140729" lon="2.826577399999991">
<ele>58.94926936294398</ele>
<time>2026-08-14T04:59:38.667Z</time>
</trkpt>
<trkpt lat="42.014098" lon="2.8266120000000114">
<ele>58.48637273521448</ele>
<time>2026-08-14T04:59:40.764Z</time>
</trkpt>
<trkpt lat="42.0141204" lon="2.8266432000000066">
<ele>57.99764325478858</ele>
<time>2026-08-14T04:59:42.788Z</time>
</trkpt>
<trkpt lat="42.0141424" lon="2.826677899999993">
<ele>57.42300016485592</ele>
<time>2026-08-14T04:59:44.828Z</time>
</trkpt>
<trkpt lat="42.0141614" lon="2.8267119999999863">
<ele>56.96084459938404</ele>
<time>2026-08-14T04:59:46.788Z</time>
</trkpt>
<trkpt lat="42.0141804" lon="2.826746500000013">
<ele>56.901332364061396</ele>
<time>2026-08-14T04:59:48.804Z</time>
</trkpt>
<trkpt lat="42.0142022" lon="2.8267787999999996">
<ele>57.222759567096986</ele>
<time>2026-08-14T04:59:50.828Z</time>
</trkpt>
<trkpt lat="42.0142212" lon="2.8268135000000143">
<ele>57.6619448361278</ele>
<time>2026-08-14T04:59:52.828Z</time>
</trkpt>
<trkpt lat="42.0142376" lon="2.8268658000000073">
<ele>58.17055655479905</ele>
<time>2026-08-14T04:59:54.909Z</time>
</trkpt>
<trkpt lat="42.0142409" lon="2.826899499999996">
<ele>58.432106036858116</ele>
<time>2026-08-14T04:59:56.869Z</time>
</trkpt>
<trkpt lat="42.0142495" lon="2.826932999999997">
<ele>58.70809261650046</ele>
<time>2026-08-14T04:59:58.949Z</time>
</trkpt>
<trkpt lat="42.0142583" lon="2.8269711000000086">
<ele>58.997565479382054</ele>
<time>2026-08-14T05:00:00.925Z</time>
</trkpt>
<trkpt lat="42.0142612" lon="2.826999199999989">
<ele>59.05820827726987</ele>
<time>2026-08-14T05:00:02.885Z</time>
</trkpt>
<trkpt lat="42.0142713" lon="2.8270324000000073">
<ele>59.040888091895525</ele>
<time>2026-08-14T05:00:04.909Z</time>
</trkpt>
<trkpt lat="42.0142771" lon="2.8270676999999864">
<ele>59.003261223487996</ele>
<time>2026-08-14T05:00:06.925Z</time>
</trkpt>
<trkpt lat="42.0142843" lon="2.8271038999999973">
<ele>58.95797520127299</ele>
<time>2026-08-14T05:00:08.949Z</time>
</trkpt>
<trkpt lat="42.014285" lon="2.8271331999999916">
<ele>58.914016235573094</ele>
<time>2026-08-14T05:00:10.887Z</time>
</trkpt>
<trkpt lat="42.0142906" lon="2.8271726000000115">
<ele>58.85106364651103</ele>
<time>2026-08-14T05:00:12.941Z</time>
</trkpt>
<trkpt lat="42.0142931" lon="2.8272042000000113">
<ele>58.7972216493866</ele>
<time>2026-08-14T05:00:14.887Z</time>
</trkpt>
<trkpt lat="42.0142968" lon="2.827241700000002">
<ele>58.728399722372984</ele>
<time>2026-08-14T05:00:16.942Z</time>
</trkpt>
<trkpt lat="42.014296" lon="2.8272753999999907">
<ele>58.77043017287313</ele>
<time>2026-08-14T05:00:18.942Z</time>
</trkpt>
<trkpt lat="42.0142966" lon="2.827307200000007">
<ele>58.918309081105804</ele>
<time>2026-08-14T05:00:20.925Z</time>
</trkpt>
<trkpt lat="42.0142965" lon="2.82734210000001">
<ele>59.08244336920152</ele>
<time>2026-08-14T05:00:22.942Z</time>
</trkpt>
<trkpt lat="42.014302" lon="2.827377299999995">
<ele>59.22790142682571</ele>
<time>2026-08-14T05:00:24.955Z</time>
</trkpt>
<trkpt lat="42.0143149" lon="2.8274134000000117">
<ele>59.3425292456296</ele>
<time>2026-08-14T05:00:26.970Z</time>
</trkpt>
<trkpt lat="42.0143281" lon="2.827447400000011">
<ele>59.435005848968736</ele>
<time>2026-08-14T05:00:28.942Z</time>
</trkpt>
<trkpt lat="42.0143488" lon="2.8274768999999935">
<ele>59.46109176397066</ele>
<time>2026-08-14T05:00:30.765Z</time>
</trkpt>
<trkpt lat="42.01437" lon="2.827510200000006">
<ele>59.483429595342315</ele>
<time>2026-08-14T05:00:32.806Z</time>
</trkpt>
<trkpt lat="42.0143931" lon="2.827543300000002">
<ele>59.51764968670124</ele>
<time>2026-08-14T05:00:34.847Z</time>
</trkpt>
<trkpt lat="42.0144188" lon="2.827576300000004">
<ele>59.7556613087024</ele>
<time>2026-08-14T05:00:36.887Z</time>
</trkpt>
<trkpt lat="42.0144457" lon="2.8276070000000004">
<ele>59.95797271175012</ele>
<time>2026-08-14T05:00:38.903Z</time>
</trkpt>
<trkpt lat="42.0144678" lon="2.827644499999991">
<ele>60.270579577639985</ele>
<time>2026-08-14T05:00:40.927Z</time>
</trkpt>
<trkpt lat="42.0144871" lon="2.827675599999992">
<ele>60.5300564784962</ele>
<time>2026-08-14T05:00:42.915Z</time>
</trkpt>
<trkpt lat="42.0145079" lon="2.8277070000000037">
<ele>60.74023645940338</ele>
<time>2026-08-14T05:00:44.942Z</time>
</trkpt>
<trkpt lat="42.0145279" lon="2.8277545999999916">
<ele>61.059428684186734</ele>
<time>2026-08-14T05:00:46.954Z</time>
</trkpt>
<trkpt lat="42.0145463" lon="2.8277974000000086">
<ele>61.28409538378581</ele>
<time>2026-08-14T05:00:48.922Z</time>
</trkpt>
<trkpt lat="42.0145676" lon="2.827832000000001">
<ele>61.57033892816991</ele>
<time>2026-08-14T05:00:50.942Z</time>
</trkpt>
<trkpt lat="42.0145888" lon="2.827859899999993">
<ele>61.97389148950052</ele>
<time>2026-08-14T05:00:52.942Z</time>
</trkpt>
<trkpt lat="42.0146096" lon="2.8278971000000013">
<ele>62.60612618040628</ele>
<time>2026-08-14T05:00:54.944Z</time>
</trkpt>
<trkpt lat="42.0146321" lon="2.8279377000000068">
<ele>63.32521122273522</ele>
<time>2026-08-14T05:00:56.887Z</time>
</trkpt>
<trkpt lat="42.0146517" lon="2.8279695999999888">
<ele>63.89539453822954</ele>
<time>2026-08-14T05:00:58.723Z</time>
</trkpt>
<trkpt lat="42.0146733" lon="2.8280077999999946">
<ele>64.61695207600243</ele>
<time>2026-08-14T05:01:00.843Z</time>
</trkpt>
<trkpt lat="42.0146913" lon="2.828044900000009">
<ele>65.36158633458635</ele>
<time>2026-08-14T05:01:02.826Z</time>
</trkpt>
<trkpt lat="42.0147152" lon="2.8280828999999983">
<ele>66.11355692220143</ele>
<time>2026-08-14T05:01:04.944Z</time>
</trkpt>
<trkpt lat="42.0147393" lon="2.828111799999988">
<ele>66.6871610200672</ele>
<time>2026-08-14T05:01:06.927Z</time>
</trkpt>
<trkpt lat="42.0147635" lon="2.8281411000000105">
<ele>67.18573966996554</ele>
<time>2026-08-14T05:01:08.889Z</time>
</trkpt>
<trkpt lat="42.0147858" lon="2.828165399999989">
<ele>67.55881638882185</ele>
<time>2026-08-14T05:01:10.724Z</time>
</trkpt>
<trkpt lat="42.0148104" lon="2.8281921999999895">
<ele>67.96827873871631</ele>
<time>2026-08-14T05:01:12.786Z</time>
</trkpt>
<trkpt lat="42.0148356" lon="2.828217599999988">
<ele>68.33416444932732</ele>
<time>2026-08-14T05:01:14.882Z</time>
</trkpt>
<trkpt lat="42.014863" lon="2.828240700000009">
<ele>68.61675238597583</ele>
<time>2026-08-14T05:01:16.928Z</time>
</trkpt>
<trkpt lat="42.0148884" lon="2.8282622000000117">
<ele>68.87912393413922</ele>
<time>2026-08-14T05:01:18.942Z</time>
</trkpt>
<trkpt lat="42.014916" lon="2.8282786000000044">
<ele>68.9887237576395</ele>
<time>2026-08-14T05:01:20.887Z</time>
</trkpt>
<trkpt lat="42.0149404" lon="2.828298899999993">
<ele>69.22888678320226</ele>
<time>2026-08-14T05:01:22.887Z</time>
</trkpt>
<trkpt lat="42.0149674" lon="2.828319399999998">
<ele>69.44407182964923</ele>
<time>2026-08-14T05:01:24.942Z</time>
</trkpt>
<trkpt lat="42.0149959" lon="2.828336699999994">
<ele>69.561713687445</ele>
<time>2026-08-14T05:01:26.942Z</time>
</trkpt>
<trkpt lat="42.0150236" lon="2.8283506999999872">
<ele>69.6217675834504</ele>
<time>2026-08-14T05:01:28.887Z</time>
</trkpt>
<trkpt lat="42.0150485" lon="2.8283634999999947">
<ele>69.82909450007779</ele>
<time>2026-08-14T05:01:30.707Z</time>
</trkpt>
<trkpt lat="42.0150785" lon="2.828376700000007">
<ele>70.053248019577</ele>
<time>2026-08-14T05:01:32.723Z</time>
</trkpt>
<trkpt lat="42.0151056" lon="2.828386800000004">
<ele>70.22588341684501</ele>
<time>2026-08-14T05:01:34.787Z</time>
</trkpt>
<trkpt lat="42.0151356" lon="2.8283998999999937">
<ele>70.46567816106403</ele>
<time>2026-08-14T05:01:36.843Z</time>
</trkpt>
<trkpt lat="42.0151681" lon="2.828407900000002">
<ele>70.54540838508147</ele>
<time>2026-08-14T05:01:38.826Z</time>
</trkpt>
<trkpt lat="42.0151962" lon="2.8284136000000046">
<ele>70.57719442845429</ele>
<time>2026-08-14T05:01:40.945Z</time>
</trkpt>
<trkpt lat="42.0152256" lon="2.8284180999999933">
<ele>70.56747734657651</ele>
<time>2026-08-14T05:01:42.887Z</time>
</trkpt>
<trkpt lat="42.0152579" lon="2.8284227999999985">
<ele>70.54763265616445</ele>
<time>2026-08-14T05:01:44.887Z</time>
</trkpt>
<trkpt lat="42.0152877" lon="2.8284248999999875">
<ele>70.4669627998077</ele>
<time>2026-08-14T05:01:46.942Z</time>
</trkpt>
<trkpt lat="42.0153185" lon="2.8284266000000002">
<ele>70.2176662579109</ele>
<time>2026-08-14T05:01:48.942Z</time>
</trkpt>
<trkpt lat="42.0153453" lon="2.8284328000000016">
<ele>70.05365058876507</ele>
<time>2026-08-14T05:01:50.745Z</time>
</trkpt>
<trkpt lat="42.0153736" lon="2.8284470000000113">
<ele>70.09737529728976</ele>
<time>2026-08-14T05:01:52.808Z</time>
</trkpt>
<trkpt lat="42.0154011" lon="2.828461500000003">
<ele>70.16943998240066</ele>
<time>2026-08-14T05:01:54.848Z</time>
</trkpt>
<trkpt lat="42.01543" lon="2.8284716999999944">
<ele>70.11278859715593</ele>
<time>2026-08-14T05:01:56.888Z</time>
</trkpt>
<trkpt lat="42.0154569" lon="2.8284818999999857">
<ele>70.08718488929145</ele>
<time>2026-08-14T05:01:58.928Z</time>
</trkpt>
<trkpt lat="42.0154848" lon="2.8284907999999973">
<ele>70.01908716970026</ele>
<time>2026-08-14T05:02:00.942Z</time>
</trkpt>
<trkpt lat="42.015516" lon="2.8284975999999915">
<ele>69.85726404239625</ele>
<time>2026-08-14T05:02:02.942Z</time>
</trkpt>
<trkpt lat="42.0155441" lon="2.828500399999996">
<ele>69.61669042132966</ele>
<time>2026-08-14T05:02:04.942Z</time>
</trkpt>
<trkpt lat="42.0155746" lon="2.8285078000000112">
<ele>69.49006154156164</ele>
<time>2026-08-14T05:02:06.942Z</time>
</trkpt>
<trkpt lat="42.0156043" lon="2.8285132999999973">
<ele>69.38138963370143</ele>
<time>2026-08-14T05:02:08.905Z</time>
</trkpt>
<trkpt lat="42.015633" lon="2.828517699999992">
<ele>69.25516632660222</ele>
<time>2026-08-14T05:02:10.984Z</time>
</trkpt>
<trkpt lat="42.0156605" lon="2.828519199999988">
<ele>69.05181881831071</ele>
<time>2026-08-14T05:02:12.887Z</time>
</trkpt>
<trkpt lat="42.0156873" lon="2.8285231000000124">
<ele>68.9286450297422</ele>
<time>2026-08-14T05:02:14.763Z</time>
</trkpt>
<trkpt lat="42.0157166" lon="2.8285299000000066">
<ele>68.87265609625084</ele>
<time>2026-08-14T05:02:16.803Z</time>
</trkpt>
<trkpt lat="42.0157472" lon="2.8285353999999927">
<ele>68.76600980804257</ele>
<time>2026-08-14T05:02:18.826Z</time>
</trkpt>
<trkpt lat="42.0157792" lon="2.8285391999999945">
<ele>68.59515336990728</ele>
<time>2026-08-14T05:02:20.825Z</time>
</trkpt>
<trkpt lat="42.015812" lon="2.8285399000000098">
<ele>68.32162795909022</ele>
<time>2026-08-14T05:02:22.905Z</time>
</trkpt>
<trkpt lat="42.0158401" lon="2.8285370000000114">
<ele>67.97854489980752</ele>
<time>2026-08-14T05:02:24.889Z</time>
</trkpt>
<trkpt lat="42.0158704" lon="2.8285305999999935">
<ele>67.58252186561448</ele>
<time>2026-08-14T05:02:26.942Z</time>
</trkpt>
<trkpt lat="42.0159018" lon="2.8285291999999913">
<ele>67.41591641354263</ele>
<time>2026-08-14T05:02:28.948Z</time>
</trkpt>
<trkpt lat="42.0159298" lon="2.828529000000003">
<ele>67.29996583105212</ele>
<time>2026-08-14T05:02:30.942Z</time>
</trkpt>
<trkpt lat="42.0159583" lon="2.82853080000001">
<ele>67.2422823502455</ele>
<time>2026-08-14T05:02:32.807Z</time>
</trkpt>
<trkpt lat="42.0159897" lon="2.828534200000007">
<ele>67.21957541374144</ele>
<time>2026-08-14T05:02:34.886Z</time>
</trkpt>
<trkpt lat="42.0160194" lon="2.828540800000013">
<ele>67.29551617389649</ele>
<time>2026-08-14T05:02:36.949Z</time>
</trkpt>
<trkpt lat="42.0160468" lon="2.8285442000000103">
<ele>67.28359783621752</ele>
<time>2026-08-14T05:02:38.942Z</time>
</trkpt>
<trkpt lat="42.0160701" lon="2.8285442000000103">
<ele>67.18844737244416</ele>
<time>2026-08-14T05:02:40.776Z</time>
</trkpt>
<trkpt lat="42.0161042" lon="2.8285477999999955">
<ele>67.15180386087404</ele>
<time>2026-08-14T05:02:42.942Z</time>
</trkpt>
<trkpt lat="42.0161302" lon="2.8285510999999985">
<ele>67.13778041531015</ele>
<time>2026-08-14T05:02:44.887Z</time>
</trkpt>
<trkpt lat="42.0161581" lon="2.8285548000000063">
<ele>67.1838002724991</ele>
<time>2026-08-14T05:02:46.887Z</time>
</trkpt>
<trkpt lat="42.0161878" lon="2.8285596000000055">
<ele>67.26207620780531</ele>
<time>2026-08-14T05:02:48.949Z</time>
</trkpt>
<trkpt lat="42.0162157" lon="2.8285610000000077">
<ele>67.24790537843788</ele>
<time>2026-08-14T05:02:50.942Z</time>
</trkpt>
<trkpt lat="42.016244" lon="2.828561900000011">
<ele>67.21858797796668</ele>
<time>2026-08-14T05:02:52.824Z</time>
</trkpt>
<trkpt lat="42.0162735" lon="2.8285630000000026">
<ele>67.19162031487778</ele>
<time>2026-08-14T05:02:54.807Z</time>
</trkpt>
<trkpt lat="42.0163065" lon="2.828565700000013">
<ele>67.19870454710879</ele>
<time>2026-08-14T05:02:56.925Z</time>
</trkpt>
<trkpt lat="42.0163366" lon="2.828567700000008">
<ele>67.19134663334216</ele>
<time>2026-08-14T05:02:58.942Z</time>
</trkpt>
<trkpt lat="42.0163678" lon="2.8285701000000074">
<ele>67.19036737719152</ele>
<time>2026-08-14T05:03:00.942Z</time>
</trkpt>
<trkpt lat="42.0164027" lon="2.828571299999993">
<ele>67.15022052570183</ele>
<time>2026-08-14T05:03:02.745Z</time>
</trkpt>
<trkpt lat="42.0164287" lon="2.8285696000000087">
<ele>67.13496659490418</ele>
<time>2026-08-14T05:03:04.824Z</time>
</trkpt>
<trkpt lat="42.01646" lon="2.828562000000005">
<ele>67.03837371187362</ele>
<time>2026-08-14T05:03:06.927Z</time>
</trkpt>
<trkpt lat="42.0164908" lon="2.82856129999999">
<ele>67.10897242654791</ele>
<time>2026-08-14T05:03:08.966Z</time>
</trkpt>
<trkpt lat="42.0165197" lon="2.8285649000000035">
<ele>67.27051535535352</ele>
<time>2026-08-14T05:03:10.942Z</time>
</trkpt>
<trkpt lat="42.0165515" lon="2.8285687999999993">
<ele>67.44136836420803</ele>
<time>2026-08-14T05:03:12.942Z</time>
</trkpt>
<trkpt lat="42.0165834" lon="2.828571000000011">
<ele>67.57153545318609</ele>
<time>2026-08-14T05:03:15.000Z</time>
</trkpt>
<trkpt lat="42.0166125" lon="2.828566099999989">
<ele>67.54917723928124</ele>
<time>2026-08-14T05:03:16.942Z</time>
</trkpt>
<trkpt lat="42.0166422" lon="2.8285603999999864">
<ele>67.51968232861688</ele>
<time>2026-08-14T05:03:18.942Z</time>
</trkpt>
<trkpt lat="42.0166715" lon="2.8285568999999953">
<ele>67.5378838622576</ele>
<time>2026-08-14T05:03:20.942Z</time>
</trkpt>
<trkpt lat="42.0167009" lon="2.82855219999999">
<ele>67.43391041870171</ele>
<time>2026-08-14T05:03:22.822Z</time>
</trkpt>
<trkpt lat="42.016738" lon="2.828548699999999">
<ele>67.12542621192316</ele>
<time>2026-08-14T05:03:24.788Z</time>
</trkpt>
<trkpt lat="42.0167652" lon="2.828548799999993">
<ele>66.94841404157037</ele>
<time>2026-08-14T05:03:26.826Z</time>
</trkpt>
<trkpt lat="42.0167983" lon="2.8285496000000023">
<ele>66.74667123411291</ele>
<time>2026-08-14T05:03:28.943Z</time>
</trkpt>
<trkpt lat="42.0168283" lon="2.828551500000003">
<ele>66.58859619336582</ele>
<time>2026-08-14T05:03:30.942Z</time>
</trkpt>
<trkpt lat="42.016858" lon="2.8285576000000106">
<ele>66.52224421234136</ele>
<time>2026-08-14T05:03:32.942Z</time>
</trkpt>
<trkpt lat="42.0168861" lon="2.8285635000000013">
<ele>66.4676063536256</ele>
<time>2026-08-14T05:03:34.942Z</time>
</trkpt>
<trkpt lat="42.016913" lon="2.828567700000008">
<ele>66.38871714923198</ele>
<time>2026-08-14T05:03:36.743Z</time>
</trkpt>
<trkpt lat="42.0169416" lon="2.8285697000000027">
<ele>66.25390047864578</ele>
<time>2026-08-14T05:03:38.805Z</time>
</trkpt>
<trkpt lat="42.0169725" lon="2.8285722999999905">
<ele>66.12946899494524</ele>
<time>2026-08-14T05:03:40.868Z</time>
</trkpt>
<trkpt lat="42.0170098" lon="2.828579899999994">
<ele>66.13968162072004</ele>
<time>2026-08-14T05:03:42.906Z</time>
</trkpt>
<trkpt lat="42.0170345" lon="2.8285773000000063">
<ele>65.97751370752324</ele>
<time>2026-08-14T05:03:44.942Z</time>
</trkpt>
<trkpt lat="42.0170665" lon="2.82857469999999">
<ele>65.78748412514722</ele>
<time>2026-08-14T05:03:46.942Z</time>
</trkpt>
<trkpt lat="42.0170953" lon="2.8285730000000058">
<ele>65.63237192582582</ele>
<time>2026-08-14T05:03:48.906Z</time>
</trkpt>
<trkpt lat="42.017126" lon="2.8285707">
<ele>65.46013687216804</ele>
<time>2026-08-14T05:03:50.942Z</time>
</trkpt>
<trkpt lat="42.0171544" lon="2.828569399999992">
<ele>65.31895806597802</ele>
<time>2026-08-14T05:03:52.942Z</time>
</trkpt>
<trkpt lat="42.0171842" lon="2.828570500000012">
<ele>65.21651186054045</ele>
<time>2026-08-14T05:03:54.950Z</time>
</trkpt>
<trkpt lat="42.0172138" lon="2.828568600000011">
<ele>65.06198238109722</ele>
<time>2026-08-14T05:03:56.964Z</time>
</trkpt>
<trkpt lat="42.0172428" lon="2.828562799999986">
<ele>64.84813176388666</ele>
<time>2026-08-14T05:03:58.806Z</time>
</trkpt>
<trkpt lat="42.0172727" lon="2.828562599999998">
<ele>64.69129282643391</ele>
<time>2026-08-14T05:04:00.869Z</time>
</trkpt>
<trkpt lat="42.017302" lon="2.828562599999998">
<ele>64.53638033336756</ele>
<time>2026-08-14T05:04:02.924Z</time>
</trkpt>
<trkpt lat="42.0173345" lon="2.8285601999999983">
<ele>64.33311478904393</ele>
<time>2026-08-14T05:04:04.947Z</time>
</trkpt>
<trkpt lat="42.0173612" lon="2.828557999999987">
<ele>64.16773779204753</ele>
<time>2026-08-14T05:04:06.942Z</time>
</trkpt>
<trkpt lat="42.01739" lon="2.8285577000000046">
<ele>64.01712952121396</ele>
<time>2026-08-14T05:04:08.942Z</time>
</trkpt>
<trkpt lat="42.0174165" lon="2.8285597999999936">
<ele>63.90293851182918</ele>
<time>2026-08-14T05:04:10.769Z</time>
</trkpt>
<trkpt lat="42.0174471" lon="2.828560500000009">
<ele>63.75057823854691</ele>
<time>2026-08-14T05:04:12.807Z</time>
</trkpt>
<trkpt lat="42.0174778" lon="2.828561199999996">
<ele>63.59608869815975</ele>
<time>2026-08-14T05:04:14.846Z</time>
</trkpt>
<trkpt lat="42.0175078" lon="2.828562799999986">
<ele>63.44961223804754</ele>
<time>2026-08-14T05:04:16.949Z</time>
</trkpt>
<trkpt lat="42.0175367" lon="2.828565700000013">
<ele>63.45537580285793</ele>
<time>2026-08-14T05:04:18.987Z</time>
</trkpt>
<trkpt lat="42.0175638" lon="2.8285643000000107">
<ele>63.613041970217274</ele>
<time>2026-08-14T05:04:20.942Z</time>
</trkpt>
<trkpt lat="42.0175905" lon="2.828564599999993">
<ele>63.778796652624884</ele>
<time>2026-08-14T05:04:22.942Z</time>
</trkpt>
<trkpt lat="42.0176177" lon="2.8285663000000056">
<ele>63.957468199896375</ele>
<time>2026-08-14T05:04:24.942Z</time>
</trkpt>
<trkpt lat="42.0176454" lon="2.8285688999999934">
<ele>64.1466304533758</ele>
<time>2026-08-14T05:04:26.942Z</time>
</trkpt>
<trkpt lat="42.0176753" lon="2.8285727999999892">
<ele>64.36063700315907</ele>
<time>2026-08-14T05:04:28.949Z</time>
</trkpt>
<trkpt lat="42.0177036" lon="2.828575099999995">
<ele>64.55452227431795</ele>
<time>2026-08-14T05:04:30.942Z</time>
</trkpt>
<trkpt lat="42.0177308" lon="2.828574500000002">
<ele>64.71946606370634</ele>
<time>2026-08-14T05:04:32.766Z</time>
</trkpt>
<trkpt lat="42.0177619" lon="2.8285707999999943">
<ele>64.8824428246599</ele>
<time>2026-08-14T05:04:34.749Z</time>
</trkpt>
<trkpt lat="42.0177915" lon="2.828569399999992">
<ele>65.053793053383</ele>
<time>2026-08-14T05:04:36.788Z</time>
</trkpt>
<trkpt lat="42.0178235" lon="2.828570600000006">
<ele>65.28260817965445</ele>
<time>2026-08-14T05:04:38.842Z</time>
</trkpt>
<trkpt lat="42.017852" lon="2.8285707">
<ele>65.48746602361024</ele>
<time>2026-08-14T05:04:40.701Z</time>
</trkpt>
<trkpt lat="42.01788" lon="2.8285740000000033">
<ele>65.71971533721823</ele>
<time>2026-08-14T05:04:42.608Z</time>
</trkpt>
<trkpt lat="42.0179099" lon="2.8285770999999897">
<ele>65.96581320435514</ele>
<time>2026-08-14T05:04:44.687Z</time>
</trkpt>
<trkpt lat="42.0179383" lon="2.8285794999999894">
<ele>66.19590269160902</ele>
<time>2026-08-14T05:04:46.725Z</time>
</trkpt>
<trkpt lat="42.017971" lon="2.8285821999999996">
<ele>66.46207790556701</ele>
<time>2026-08-14T05:04:48.804Z</time>
</trkpt>
<trkpt lat="42.0179969" lon="2.8285826000000043">
<ele>66.65522230591358</ele>
<time>2026-08-14T05:04:50.827Z</time>
</trkpt>
<trkpt lat="42.018024" lon="2.8285842999999886">
<ele>66.87204991106069</ele>
<time>2026-08-14T05:04:52.882Z</time>
</trkpt>
<trkpt lat="42.0180508" lon="2.828586599999994">
<ele>67.09469318551703</ele>
<time>2026-08-14T05:04:54.929Z</time>
</trkpt>
<trkpt lat="42.0180799" lon="2.828589700000009">
<ele>67.34523068031415</ele>
<time>2026-08-14T05:04:56.942Z</time>
</trkpt>
<trkpt lat="42.0181052" lon="2.8285941999999977">
<ele>67.38943602368691</ele>
<time>2026-08-14T05:04:58.947Z</time>
</trkpt>
<trkpt lat="42.0181317" lon="2.8286027000000047">
<ele>67.48228795986225</ele>
<time>2026-08-14T05:05:00.942Z</time>
</trkpt>
<trkpt lat="42.0181636" lon="2.8286104999999964">
<ele>67.57206620707365</ele>
<time>2026-08-14T05:05:02.942Z</time>
</trkpt>
<trkpt lat="42.0181849" lon="2.8286170000000084">
<ele>67.65479088810389</ele>
<time>2026-08-14T05:05:04.942Z</time>
</trkpt>
<trkpt lat="42.0182067" lon="2.8286204999999995">
<ele>67.6998202634688</ele>
<time>2026-08-14T05:05:06.942Z</time>
</trkpt>
<trkpt lat="42.0182375" lon="2.82862879999999">
<ele>67.81754945490977</ele>
<time>2026-08-14T05:05:08.942Z</time>
</trkpt>
<trkpt lat="42.0183518" lon="2.8286023">
<ele>67.3724330626167</ele>
<time>2026-08-14T05:05:10.942Z</time>
</trkpt>
<trkpt lat="42.0184016" lon="2.828600899999998">
<ele>67.4804287747595</ele>
<time>2026-08-14T05:05:12.942Z</time>
</trkpt>
<trkpt lat="42.0184371" lon="2.8285992000000135">
<ele>67.56093460574745</ele>
<time>2026-08-14T05:05:14.957Z</time>
</trkpt>
<trkpt lat="42.018471" lon="2.8285947999999905">
<ele>67.58188112573849</ele>
<time>2026-08-14T05:05:16.973Z</time>
</trkpt>
<trkpt lat="42.0185119" lon="2.8285858000000133">
<ele>67.52436104651146</ele>
<time>2026-08-14T05:05:18.887Z</time>
</trkpt>
<trkpt lat="42.0185459" lon="2.8285820000000115">
<ele>67.54151682291783</ele>
<time>2026-08-14T05:05:20.890Z</time>
</trkpt>
<trkpt lat="42.0185824" lon="2.828578499999992">
<ele>67.56638472865518</ele>
<time>2026-08-14T05:05:22.905Z</time>
</trkpt>
<trkpt lat="42.0186106" lon="2.82857469999999">
<ele>67.55752032390511</ele>
<time>2026-08-14T05:05:24.942Z</time>
</trkpt>
<trkpt lat="42.0186393" lon="2.8285721000000024">
<ele>67.58183777513787</ele>
<time>2026-08-14T05:05:26.942Z</time>
</trkpt>
<trkpt lat="42.0186689" lon="2.8285682000000065">
<ele>67.68271746367391</ele>
<time>2026-08-14T05:05:28.948Z</time>
</trkpt>
<trkpt lat="42.0186992" lon="2.828560799999991">
<ele>67.70195829044484</ele>
<time>2026-08-14T05:05:30.942Z</time>
</trkpt>
<trkpt lat="42.0187263" lon="2.8285577999999987">
<ele>67.80086905537256</ele>
<time>2026-08-14T05:05:32.977Z</time>
</trkpt>
<trkpt lat="42.0187553" lon="2.8285544000000016">
<ele>67.89954815331097</ele>
<time>2026-08-14T05:05:34.991Z</time>
</trkpt>
<trkpt lat="42.0187859" lon="2.8285504000000117">
<ele>67.99040677700539</ele>
<time>2026-08-14T05:05:36.942Z</time>
</trkpt>
<trkpt lat="42.018815" lon="2.828548600000005">
<ele>68.12431807089574</ele>
<time>2026-08-14T05:05:38.942Z</time>
</trkpt>
<trkpt lat="42.018827" lon="2.8285497999999905">
<ele>68.22857174370522</ele>
<time>2026-08-14T05:05:40.744Z</time>
</trkpt>
<trkpt lat="42.018832" lon="2.828551400000009">
<ele>68.3002191554113</ele>
<time>2026-08-14T05:05:42.784Z</time>
</trkpt>
<trkpt lat="42.01884" lon="2.828542700000014">
<ele>68.12652767131613</ele>
<time>2026-08-14T05:05:44.766Z</time>
</trkpt>
<trkpt lat="42.0188582" lon="2.8285437000000115">
<ele>68.2626951335669</ele>
<time>2026-08-14T05:05:46.845Z</time>
</trkpt>
<trkpt lat="42.0188817" lon="2.8285443999999984">
<ele>68.42376215334559</ele>
<time>2026-08-14T05:05:48.884Z</time>
</trkpt>
<trkpt lat="42.0189069" lon="2.8285477000000014">
<ele>68.6647726054803</ele>
<time>2026-08-14T05:05:50.867Z</time>
</trkpt>
<trkpt lat="42.0189369" lon="2.8285538000000088">
<ele>68.71906032041699</ele>
<time>2026-08-14T05:05:52.962Z</time>
</trkpt>
<trkpt lat="42.018965" lon="2.8285578999999927">
<ele>68.62445964138851</ele>
<time>2026-08-14T05:05:54.942Z</time>
</trkpt>
<trkpt lat="42.0189973" lon="2.828558799999996">
<ele>68.41366799091101</ele>
<time>2026-08-14T05:05:56.887Z</time>
</trkpt>
<trkpt lat="42.0190254" lon="2.828560699999997">
<ele>68.26154584400443</ele>
<time>2026-08-14T05:05:58.946Z</time>
</trkpt>
<trkpt lat="42.0190552" lon="2.8285596999999996">
<ele>68.01714560061372</ele>
<time>2026-08-14T05:06:00.942Z</time>
</trkpt>
<trkpt lat="42.0190862" lon="2.828560799999991">
<ele>67.82259973033196</ele>
<time>2026-08-14T05:06:02.942Z</time>
</trkpt>
<trkpt lat="42.0191155" lon="2.82856240000001">
<ele>67.65515510424933</ele>
<time>2026-08-14T05:06:04.942Z</time>
</trkpt>
<trkpt lat="42.0191421" lon="2.8285631999999907">
<ele>67.48515325847528</ele>
<time>2026-08-14T05:06:06.747Z</time>
</trkpt>
<trkpt lat="42.019172" lon="2.8285643000000107">
<ele>67.30028203414346</ele>
<time>2026-08-14T05:06:08.746Z</time>
</trkpt>
<trkpt lat="42.0192018" lon="2.8285682000000065">
<ele>67.22719483475669</ele>
<time>2026-08-14T05:06:10.768Z</time>
</trkpt>
<trkpt lat="42.0192332" lon="2.8285740000000033">
<ele>67.27800134338669</ele>
<time>2026-08-14T05:06:12.806Z</time>
</trkpt>
<trkpt lat="42.0192618" lon="2.8285768000000076">
<ele>67.25288774958733</ele>
<time>2026-08-14T05:06:14.828Z</time>
</trkpt>
<trkpt lat="42.0192965" lon="2.8285813999999903">
<ele>67.25899273830103</ele>
<time>2026-08-14T05:06:16.866Z</time>
</trkpt>
<trkpt lat="42.0193196" lon="2.828587700000014">
<ele>67.3599249387658</ele>
<time>2026-08-14T05:06:18.905Z</time>
</trkpt>
<trkpt lat="42.0193481" lon="2.8285894999999925">
<ele>67.30846106082349</ele>
<time>2026-08-14T05:06:20.928Z</time>
</trkpt>
<trkpt lat="42.0193766" lon="2.828591799999998">
<ele>67.27245962190796</ele>
<time>2026-08-14T05:06:22.925Z</time>
</trkpt>
<trkpt lat="42.0194079" lon="2.82859830000001">
<ele>67.35319850974902</ele>
<time>2026-08-14T05:06:24.887Z</time>
</trkpt>
<trkpt lat="42.0194457" lon="2.828606100000002">
<ele>67.45182669704784</ele>
<time>2026-08-14T05:06:26.887Z</time>
</trkpt>
<trkpt lat="42.0194715" lon="2.828612700000008">
<ele>67.55956114500844</ele>
<time>2026-08-14T05:06:29.002Z</time>
</trkpt>
<trkpt lat="42.019498" lon="2.8286199000000067">
<ele>67.65540330739623</ele>
<time>2026-08-14T05:06:31.025Z</time>
</trkpt>
<trkpt lat="42.0195292" lon="2.8286137999999994">
<ele>67.3415887097852</ele>
<time>2026-08-14T05:06:32.942Z</time>
</trkpt>
<trkpt lat="42.019565" lon="2.8286071999999933">
<ele>67.01366697594827</ele>
<time>2026-08-14T05:06:34.942Z</time>
</trkpt>
<trkpt lat="42.0195993" lon="2.828609400000005">
<ele>66.92853585831999</ele>
<time>2026-08-14T05:06:36.942Z</time>
</trkpt>
<trkpt lat="42.0196322" lon="2.8286170000000084">
<ele>66.9662029987046</ele>
<time>2026-08-14T05:06:38.943Z</time>
</trkpt>
<trkpt lat="42.0196629" lon="2.828628299999991">
<ele>67.07094308465015</ele>
<time>2026-08-14T05:06:40.942Z</time>
</trkpt>
<trkpt lat="42.0196916" lon="2.828638500000011">
<ele>67.13240655586357</ele>
<time>2026-08-14T05:06:42.942Z</time>
</trkpt>
<trkpt lat="42.0197228" lon="2.828646099999986">
<ele>67.10306755948199</ele>
<time>2026-08-14T05:06:44.905Z</time>
</trkpt>
<trkpt lat="42.0197533" lon="2.828650500000009">
<ele>67.0081962603461</ele>
<time>2026-08-14T05:06:46.843Z</time>
</trkpt>
<trkpt lat="42.019782" lon="2.8286583000000007">
<ele>67.03173217304503</ele>
<time>2026-08-14T05:06:48.802Z</time>
</trkpt>
<trkpt lat="42.0198108" lon="2.8286627999999894">
<ele>66.99308063076624</ele>
<time>2026-08-14T05:06:50.848Z</time>
</trkpt>
<trkpt lat="42.0198367" lon="2.828663199999994">
<ele>66.89311985702625</ele>
<time>2026-08-14T05:06:52.943Z</time>
</trkpt>
<trkpt lat="42.0198645" lon="2.8286646999999903">
<ele>66.80387212487508</ele>
<time>2026-08-14T05:06:55.006Z</time>
</trkpt>
<trkpt lat="42.0198886" lon="2.8286639000000093">
<ele>66.69052317873742</ele>
<time>2026-08-14T05:06:56.942Z</time>
</trkpt>
<trkpt lat="42.0199213" lon="2.828663699999993">
<ele>66.5519339443157</ele>
<time>2026-08-14T05:06:58.942Z</time>
</trkpt>
<trkpt lat="42.0199398" lon="2.828664599999996">
<ele>66.49015117587436</ele>
<time>2026-08-14T05:07:00.942Z</time>
</trkpt>
<trkpt lat="42.0199647" lon="2.828664900000007">
<ele>66.3918117926964</ele>
<time>2026-08-14T05:07:02.942Z</time>
</trkpt>
<trkpt lat="42.0199894" lon="2.8286640999999975">
<ele>66.27668025350938</ele>
<time>2026-08-14T05:07:04.749Z</time>
</trkpt>
<trkpt lat="42.0200218" lon="2.8286654999999996">
<ele>66.1644065034231</ele>
<time>2026-08-14T05:07:06.803Z</time>
</trkpt>
<trkpt lat="42.0200503" lon="2.8286688000000026">
<ele>66.04836841444846</ele>
<time>2026-08-14T05:07:08.825Z</time>
</trkpt>
<trkpt lat="42.020079" lon="2.8286761999999896">
<ele>65.98484187536927</ele>
<time>2026-08-14T05:07:10.887Z</time>
</trkpt>
<trkpt lat="42.0201105" lon="2.8286807000000067">
<ele>65.86043864679489</ele>
<time>2026-08-14T05:07:12.966Z</time>
</trkpt>
<trkpt lat="42.0201402" lon="2.828685799999988">
<ele>65.75945382540479</ele>
<time>2026-08-14T05:07:15.005Z</time>
</trkpt>
<trkpt lat="42.0201689" lon="2.8286899000000005">
<ele>65.65043790275713</ele>
<time>2026-08-14T05:07:16.951Z</time>
</trkpt>
<trkpt lat="42.0201966" lon="2.828691099999986">
<ele>65.50034860738094</ele>
<time>2026-08-14T05:07:18.887Z</time>
</trkpt>
<trkpt lat="42.0202272" lon="2.8286972999999875">
<ele>65.41909592907164</ele>
<time>2026-08-14T05:07:20.942Z</time>
</trkpt>
<trkpt lat="42.0202558" lon="2.8286953999999866">
<ele>65.21174128534993</ele>
<time>2026-08-14T05:07:22.905Z</time>
</trkpt>
<trkpt lat="42.0202858" lon="2.8286898000000065">
<ele>64.92939211377214</ele>
<time>2026-08-14T05:07:24.942Z</time>
</trkpt>
<trkpt lat="42.020315" lon="2.8286838999999873">
<ele>64.6254984761371</ele>
<time>2026-08-14T05:07:26.942Z</time>
</trkpt>
<trkpt lat="42.0203414" lon="2.828675500000003">
<ele>64.2625938149045</ele>
<time>2026-08-14T05:07:28.785Z</time>
</trkpt>
<trkpt lat="42.0203685" lon="2.82866709999999">
<ele>63.90090861707976</ele>
<time>2026-08-14T05:07:30.824Z</time>
</trkpt>
<trkpt lat="42.0203961" lon="2.828659899999991">
<ele>63.56207388313617</ele>
<time>2026-08-14T05:07:32.808Z</time>
</trkpt>
<trkpt lat="42.0204255" lon="2.828653900000006">
<ele>63.23462831983384</ele>
<time>2026-08-14T05:07:34.862Z</time>
</trkpt>
<trkpt lat="42.0204516" lon="2.828647899999993">
<ele>62.94475118756775</ele>
<time>2026-08-14T05:07:36.924Z</time>
</trkpt>
<trkpt lat="42.0204773" lon="2.82864330000001">
<ele>62.68511835758926</ele>
<time>2026-08-14T05:07:38.926Z</time>
</trkpt>
<trkpt lat="42.020504" lon="2.8286324999999977">
<ele>62.336125235933885</ele>
<time>2026-08-14T05:07:40.942Z</time>
</trkpt>
<trkpt lat="42.0205298" lon="2.828618199999994">
<ele>61.94911676452728</ele>
<time>2026-08-14T05:07:42.942Z</time>
</trkpt>
<trkpt lat="42.0205522" lon="2.8286064000000124">
<ele>61.622536599399</ele>
<time>2026-08-14T05:07:44.765Z</time>
</trkpt>
<trkpt lat="42.0205818" lon="2.828592399999991">
<ele>61.21363085061371</ele>
<time>2026-08-14T05:07:46.802Z</time>
</trkpt>
<trkpt lat="42.0206029" lon="2.8285860999999954">
<ele>61.16247612701089</ele>
<time>2026-08-14T05:07:48.864Z</time>
</trkpt>
<trkpt lat="42.0206297" lon="2.8285823999999877">
<ele>61.186554541007105</ele>
<time>2026-08-14T05:07:50.902Z</time>
</trkpt>
<trkpt lat="42.020657" lon="2.8285813999999903">
<ele>61.2473251124878</ele>
<time>2026-08-14T05:07:52.948Z</time>
</trkpt>
<trkpt lat="42.0206841" lon="2.8285789999999906">
<ele>61.29200334032794</ele>
<time>2026-08-14T05:07:54.942Z</time>
</trkpt>
<trkpt lat="42.0207126" lon="2.828573900000009">
<ele>61.311976132946555</ele>
<time>2026-08-14T05:07:56.988Z</time>
</trkpt>
<trkpt lat="42.0207463" lon="2.828565300000008">
<ele>61.31320484997914</ele>
<time>2026-08-14T05:07:58.942Z</time>
</trkpt>
<trkpt lat="42.0207676" lon="2.828557200000006">
<ele>61.290295306840605</ele>
<time>2026-08-14T05:08:00.942Z</time>
</trkpt>
<trkpt lat="42.0207941" lon="2.8285477000000014">
<ele>61.27445020951056</ele>
<time>2026-08-14T05:08:02.942Z</time>
</trkpt>
<trkpt lat="42.0208187" lon="2.828544099999988">
<ele>61.31703608404107</ele>
<time>2026-08-14T05:08:04.887Z</time>
</trkpt>
<trkpt lat="42.0208479" lon="2.8285376999999983">
<ele>61.35097300706572</ele>
<time>2026-08-14T05:08:06.951Z</time>
</trkpt>
<trkpt lat="42.0208734" lon="2.828536700000001">
<ele>61.36766823186347</ele>
<time>2026-08-14T05:08:08.887Z</time>
</trkpt>
<trkpt lat="42.0209022" lon="2.8285324999999943">
<ele>61.271462910431794</ele>
<time>2026-08-14T05:08:10.887Z</time>
</trkpt>
<trkpt lat="42.0209289" lon="2.828528900000009">
<ele>61.18328660547108</ele>
<time>2026-08-14T05:08:12.687Z</time>
</trkpt>
<trkpt lat="42.0209554" lon="2.828526100000005">
<ele>61.10183078050921</ele>
<time>2026-08-14T05:08:14.727Z</time>
</trkpt>
<trkpt lat="42.0209842" lon="2.828524200000004">
<ele>61.023503726099555</ele>
<time>2026-08-14T05:08:16.766Z</time>
</trkpt>
<trkpt lat="42.0210201" lon="2.8285266999999976">
<ele>60.97557863312316</ele>
<time>2026-08-14T05:08:18.869Z</time>
</trkpt>
<trkpt lat="42.021044" lon="2.828527400000013">
<ele>60.93421801209665</ele>
<time>2026-08-14T05:08:20.924Z</time>
</trkpt>
<trkpt lat="42.0210715" lon="2.8285285999999985">
<ele>60.891285910464</ele>
<time>2026-08-14T05:08:22.906Z</time>
</trkpt>
<trkpt lat="42.0211006" lon="2.8285285999999985">
<ele>60.83229216596747</ele>
<time>2026-08-14T05:08:24.929Z</time>
</trkpt>
<trkpt lat="42.0211287" lon="2.8285300000000007">
<ele>60.79128769035121</ele>
<time>2026-08-14T05:08:26.942Z</time>
</trkpt>
<trkpt lat="42.0211553" lon="2.828534100000013">
<ele>60.82178902222615</ele>
<time>2026-08-14T05:08:28.942Z</time>
</trkpt>
<trkpt lat="42.0211837" lon="2.828538100000003">
<ele>60.88084699889409</ele>
<time>2026-08-14T05:08:30.942Z</time>
</trkpt>
<trkpt lat="42.0212125" lon="2.828542700000014">
<ele>60.946215028663445</ele>
<time>2026-08-14T05:08:32.942Z</time>
</trkpt>
<trkpt lat="42.0212404" lon="2.828544899999997">
<ele>60.98351240053456</ele>
<time>2026-08-14T05:08:34.944Z</time>
</trkpt>
<trkpt lat="42.0212711" lon="2.828544899999997">
<ele>60.99720834752543</ele>
<time>2026-08-14T05:08:36.942Z</time>
</trkpt>
<trkpt lat="42.021303" lon="2.8285442000000103">
<ele>61.00371360892293</ele>
<time>2026-08-14T05:08:38.942Z</time>
</trkpt>
<trkpt lat="42.0213322" lon="2.828544999999991">
<ele>61.025561782456535</ele>
<time>2026-08-14T05:08:40.942Z</time>
</trkpt>
<trkpt lat="42.0213612" lon="2.8285442000000103">
<ele>61.02979429073874</ele>
<time>2026-08-14T05:08:42.942Z</time>
</trkpt>
<trkpt lat="42.0213885" lon="2.8285472000000027">
<ele>61.07440685746434</ele>
<time>2026-08-14T05:08:44.743Z</time>
</trkpt>
<trkpt lat="42.0214172" lon="2.828550299999989">
<ele>61.120225982200196</ele>
<time>2026-08-14T05:08:46.807Z</time>
</trkpt>
<trkpt lat="42.0214378" lon="2.828549399999986">
<ele>61.029052200429724</ele>
<time>2026-08-14T05:08:48.715Z</time>
</trkpt>
<trkpt lat="42.0214721" lon="2.8285510999999985">
<ele>60.89957436217818</ele>
<time>2026-08-14T05:08:50.887Z</time>
</trkpt>
<trkpt lat="42.0214983" lon="2.8285525999999948">
<ele>60.80217726651728</ele>
<time>2026-08-14T05:08:52.927Z</time>
</trkpt>
<trkpt lat="42.021531" lon="2.8285538000000088">
<ele>60.67318060998801</ele>
<time>2026-08-14T05:08:54.986Z</time>
</trkpt>
<trkpt lat="42.0215532" lon="2.8285538000000088">
<ele>60.57732993362939</ele>
<time>2026-08-14T05:08:56.942Z</time>
</trkpt>
<trkpt lat="42.0215818" lon="2.828556700000007">
<ele>60.48163251216024</ele>
<time>2026-08-14T05:08:58.942Z</time>
</trkpt>
<trkpt lat="42.0216123" lon="2.8285609000000136">
<ele>60.388693604439574</ele>
<time>2026-08-14T05:09:00.942Z</time>
</trkpt>
<trkpt lat="42.0216441" lon="2.8285663999999997">
<ele>60.30017024518809</ele>
<time>2026-08-14T05:09:02.942Z</time>
</trkpt>
<trkpt lat="42.0216743" lon="2.8285716000000036">
<ele>60.21365886788734</ele>
<time>2026-08-14T05:09:04.942Z</time>
</trkpt>
<trkpt lat="42.0217072" lon="2.8285740000000033">
<ele>60.158120921213694</ele>
<time>2026-08-14T05:09:06.942Z</time>
</trkpt>
<trkpt lat="42.0217364" lon="2.828577899999999">
<ele>60.25309738064067</ele>
<time>2026-08-14T05:09:09.021Z</time>
</trkpt>
<trkpt lat="42.0217621" lon="2.828594299999992">
<ele>60.41928306028081</ele>
<time>2026-08-14T05:09:10.942Z</time>
</trkpt>
<trkpt lat="42.0217954" lon="2.828607500000004">
<ele>60.54993262922542</ele>
<time>2026-08-14T05:09:12.928Z</time>
</trkpt>
<trkpt lat="42.0218264" lon="2.8286104000000023">
<ele>60.601978251677316</ele>
<time>2026-08-14T05:09:14.967Z</time>
</trkpt>
<trkpt lat="42.0218557" lon="2.8286071999999933">
<ele>60.622554753714454</ele>
<time>2026-08-14T05:09:16.942Z</time>
</trkpt>
<trkpt lat="42.0218871" lon="2.8286066000000005">
<ele>60.65946406254649</ele>
<time>2026-08-14T05:09:18.951Z</time>
</trkpt>
<trkpt lat="42.0219124" lon="2.8286038999999903">
<ele>60.68503369399465</ele>
<time>2026-08-14T05:09:20.981Z</time>
</trkpt>
<trkpt lat="42.0219366" lon="2.828596900000008">
<ele>60.70663954597371</ele>
<time>2026-08-14T05:09:22.942Z</time>
</trkpt>
<trkpt lat="42.0219635" lon="2.828595199999995">
<ele>60.74700494438255</ele>
<time>2026-08-14T05:09:24.848Z</time>
</trkpt>
<trkpt lat="42.0219909" lon="2.828597699999989">
<ele>60.721553511768875</ele>
<time>2026-08-14T05:09:26.903Z</time>
</trkpt>
<trkpt lat="42.0220223" lon="2.828598800000009">
<ele>60.633755815844474</ele>
<time>2026-08-14T05:09:28.942Z</time>
</trkpt>
<trkpt lat="42.0220532" lon="2.8286018000000013">
<ele>60.547247248259545</ele>
<time>2026-08-14T05:09:30.961Z</time>
</trkpt>
<trkpt lat="42.0220832" lon="2.828607799999986">
<ele>60.462489599671976</ele>
<time>2026-08-14T05:09:32.942Z</time>
</trkpt>
<trkpt lat="42.0221119" lon="2.828618299999988">
<ele>60.37948408295146</ele>
<time>2026-08-14T05:09:34.942Z</time>
</trkpt>
<trkpt lat="42.0221418" lon="2.8286289000000124">
<ele>60.2907373838584</ele>
<time>2026-08-14T05:09:36.942Z</time>
</trkpt>
<trkpt lat="42.0221738" lon="2.8286402999999893">
<ele>60.193155677502205</ele>
<time>2026-08-14T05:09:38.942Z</time>
</trkpt>
<trkpt lat="42.0221988" lon="2.8286467000000073">
<ele>60.11621358245403</ele>
<time>2026-08-14T05:09:40.942Z</time>
</trkpt>
<trkpt lat="42.0222249" lon="2.8286568000000045">
<ele>60.05828697073943</ele>
<time>2026-08-14T05:09:42.942Z</time>
</trkpt>
<trkpt lat="42.0222535" lon="2.8286603999999897">
<ele>59.98211622351868</ele>
<time>2026-08-14T05:09:44.952Z</time>
</trkpt>
<trkpt lat="42.0222807" lon="2.828661199999999">
<ele>59.82870015882495</ele>
<time>2026-08-14T05:09:46.762Z</time>
</trkpt>
<trkpt lat="42.0223107" lon="2.828666499999997">
<ele>59.676150880700916</ele>
<time>2026-08-14T05:09:48.825Z</time>
</trkpt>
<trkpt lat="42.0223416" lon="2.828670399999993">
<ele>59.51450272399675</ele>
<time>2026-08-14T05:09:50.808Z</time>
</trkpt>
<trkpt lat="42.0223702" lon="2.8286746999999934">
<ele>59.36860353772329</ele>
<time>2026-08-14T05:09:52.787Z</time>
</trkpt>
<trkpt lat="42.0224071" lon="2.8286826000000076">
<ele>59.19176293589819</ele>
<time>2026-08-14T05:09:54.926Z</time>
</trkpt>
<trkpt lat="42.0224417" lon="2.8286879000000056">
<ele>59.01924383140329</ele>
<time>2026-08-14T05:09:56.942Z</time>
</trkpt>
<trkpt lat="42.0224736" lon="2.8286951999999985">
<ele>58.872390732831654</ele>
<time>2026-08-14T05:09:58.942Z</time>
</trkpt>
<trkpt lat="42.0225066" lon="2.828700900000001">
<ele>58.714157624336885</ele>
<time>2026-08-14T05:10:00.951Z</time>
</trkpt>
<trkpt lat="42.0225394" lon="2.828706899999986">
<ele>58.61335734097703</ele>
<time>2026-08-14T05:10:02.942Z</time>
</trkpt>
<trkpt lat="42.0225718" lon="2.8287124999999946">
<ele>58.66914125758437</ele>
<time>2026-08-14T05:10:04.942Z</time>
</trkpt>
<trkpt lat="42.0226032" lon="2.82871879999999">
<ele>58.72032920837973</ele>
<time>2026-08-14T05:10:06.942Z</time>
</trkpt>
<trkpt lat="42.0226325" lon="2.828727100000009">
<ele>58.76921967768811</ele>
<time>2026-08-14T05:10:08.805Z</time>
</trkpt>
<trkpt lat="42.0226615" lon="2.8287347000000125">
<ele>58.80790011432914</ele>
<time>2026-08-14T05:10:10.828Z</time>
</trkpt>
<trkpt lat="42.0226912" lon="2.8287440000000004">
<ele>58.84271267734698</ele>
<time>2026-08-14T05:10:12.907Z</time>
</trkpt>
<trkpt lat="42.0227192" lon="2.8287554999999998">
<ele>58.87099394723325</ele>
<time>2026-08-14T05:10:14.945Z</time>
</trkpt>
<trkpt lat="42.0227482" lon="2.8287665000000004">
<ele>58.88777357510117</ele>
<time>2026-08-14T05:10:16.955Z</time>
</trkpt>
<trkpt lat="42.0227866" lon="2.8287731000000065">
<ele>58.89043625787932</ele>
<time>2026-08-14T05:10:18.942Z</time>
</trkpt>
<trkpt lat="42.022812" lon="2.828777300000013">
<ele>58.908561535453835</ele>
<time>2026-08-14T05:10:20.942Z</time>
</trkpt>
<trkpt lat="42.0228416" lon="2.828784000000013">
<ele>59.137563860899334</ele>
<time>2026-08-14T05:10:22.892Z</time>
</trkpt>
<trkpt lat="42.0228725" lon="2.8287924999999916">
<ele>59.34942753079516</ele>
<time>2026-08-14T05:10:24.942Z</time>
</trkpt>
<trkpt lat="42.0229033" lon="2.828794799999997">
<ele>59.5638132328099</ele>
<time>2026-08-14T05:10:26.942Z</time>
</trkpt>
<trkpt lat="42.0229324" lon="2.8287957999999946">
<ele>59.76714927515323</ele>
<time>2026-08-14T05:10:28.953Z</time>
</trkpt>
<trkpt lat="42.0229612" lon="2.8288004000000058">
<ele>59.93654794187391</ele>
<time>2026-08-14T05:10:30.952Z</time>
</trkpt>
<trkpt lat="42.0229882" lon="2.828807100000006">
<ele>60.06030717442966</ele>
<time>2026-08-14T05:10:32.942Z</time>
</trkpt>
<trkpt lat="42.0230124" lon="2.8288182000000006">
<ele>60.10076690171483</ele>
<time>2026-08-14T05:10:34.942Z</time>
</trkpt>
<trkpt lat="42.0230317" lon="2.8288334000000077">
<ele>60.03872098646666</ele>
<time>2026-08-14T05:10:36.825Z</time>
</trkpt>
<trkpt lat="42.0230523" lon="2.8288513999999907">
<ele>59.915927074055666</ele>
<time>2026-08-14T05:10:38.942Z</time>
</trkpt>
<trkpt lat="42.0230735" lon="2.828871399999997">
<ele>59.728531723619724</ele>
<time>2026-08-14T05:10:40.947Z</time>
</trkpt>
<trkpt lat="42.0230871" lon="2.8288882999999885">
<ele>59.52558211476196</ele>
<time>2026-08-14T05:10:42.902Z</time>
</trkpt>
<trkpt lat="42.0230994" lon="2.828906499999988">
<ele>59.19984053295264</ele>
<time>2026-08-14T05:10:44.953Z</time>
</trkpt>
<trkpt lat="42.0231059" lon="2.8289298999999914">
<ele>58.863386328051355</ele>
<time>2026-08-14T05:10:46.968Z</time>
</trkpt>
<trkpt lat="42.0231061" lon="2.828952700000002">
<ele>58.97639207790448</ele>
<time>2026-08-14T05:10:48.787Z</time>
</trkpt>
<trkpt lat="42.0231069" lon="2.8289774000000136">
<ele>59.09675464011809</ele>
<time>2026-08-14T05:10:50.923Z</time>
</trkpt>
<trkpt lat="42.0231008" lon="2.828999799999991">
<ele>59.23002745472467</ele>
<time>2026-08-14T05:10:52.942Z</time>
</trkpt>
<trkpt lat="42.0230986" lon="2.8290216999999984">
<ele>59.34602863733126</ele>
<time>2026-08-14T05:10:54.942Z</time>
</trkpt>
<trkpt lat="42.0230929" lon="2.829043200000001">
<ele>59.47079787550846</ele>
<time>2026-08-14T05:10:56.862Z</time>
</trkpt>
<trkpt lat="42.0230947" lon="2.8290705000000003">
<ele>59.59931684303502</ele>
<time>2026-08-14T05:10:58.942Z</time>
</trkpt>
<trkpt lat="42.0231034" lon="2.82910609999999">
<ele>59.749693081063654</ele>
<time>2026-08-14T05:11:00.952Z</time>
</trkpt>
<trkpt lat="42.0230229" lon="2.8290504">
<ele>59.559604346583015</ele>
<time>2026-08-14T05:11:02.942Z</time>
</trkpt>
<trkpt lat="42.0229976" lon="2.829088299999995">
<ele>59.779673803643895</ele>
<time>2026-08-14T05:11:04.866Z</time>
</trkpt>
<trkpt lat="42.022965" lon="2.8291141999999923">
<ele>59.95145988645893</ele>
<time>2026-08-14T05:11:06.929Z</time>
</trkpt>
<trkpt lat="42.022949" lon="2.8291445000000124">
<ele>60.140279290965395</ele>
<time>2026-08-14T05:11:08.942Z</time>
</trkpt>
<trkpt lat="42.0229387" lon="2.82918140000001">
<ele>60.36568367505895</ele>
<time>2026-08-14T05:11:10.808Z</time>
</trkpt>
<trkpt lat="42.0229277" lon="2.829215799999986">
<ele>60.55245416140289</ele>
<time>2026-08-14T05:11:12.947Z</time>
</trkpt>
<trkpt lat="42.0229111" lon="2.8292538999999977">
<ele>60.6712414922001</ele>
<time>2026-08-14T05:11:14.942Z</time>
</trkpt>
<trkpt lat="42.0229032" lon="2.8292788999999914">
<ele>60.74623490700795</ele>
<time>2026-08-14T05:11:16.942Z</time>
</trkpt>
<trkpt lat="42.0228933" lon="2.8293094999999937">
<ele>60.84029545333134</ele>
<time>2026-08-14T05:11:18.829Z</time>
</trkpt>
<trkpt lat="42.0228819" lon="2.8293391999999926">
<ele>60.937109511939084</ele>
<time>2026-08-14T05:11:20.728Z</time>
</trkpt>
<trkpt lat="42.0228706" lon="2.8293736999999908">
<ele>61.04840579762722</ele>
<time>2026-08-14T05:11:22.627Z</time>
</trkpt>
<trkpt lat="42.0228611" lon="2.82941120000001">
<ele>61.166215988983716</ele>
<time>2026-08-14T05:11:24.745Z</time>
</trkpt>
<trkpt lat="42.0228464" lon="2.8294548000000077">
<ele>61.314917533510524</ele>
<time>2026-08-14T05:11:26.847Z</time>
</trkpt>
<trkpt lat="42.0228394" lon="2.8294866999999897">
<ele>61.41581037641801</ele>
<time>2026-08-14T05:11:28.949Z</time>
</trkpt>
<trkpt lat="42.0228394" lon="2.8295227000000125">
<ele>61.474826121289354</ele>
<time>2026-08-14T05:11:30.942Z</time>
</trkpt>
<trkpt lat="42.0228327" lon="2.8295618999999874">
<ele>61.555605247043644</ele>
<time>2026-08-14T05:11:32.943Z</time>
</trkpt>
<trkpt lat="42.0228208" lon="2.8295961999999975">
<ele>61.64108063838535</ele>
<time>2026-08-14T05:11:34.942Z</time>
</trkpt>
<trkpt lat="42.0228122" lon="2.829633000000001">
<ele>61.72242538750214</ele>
<time>2026-08-14T05:11:37.013Z</time>
</trkpt>
<trkpt lat="42.0228011" lon="2.8296687000000134">
<ele>61.79104482036118</ele>
<time>2026-08-14T05:11:38.942Z</time>
</trkpt>
<trkpt lat="42.0227902" lon="2.8297034999999937">
<ele>61.85255453010335</ele>
<time>2026-08-14T05:11:40.942Z</time>
</trkpt>
<trkpt lat="42.0227738" lon="2.8297336999999914">
<ele>61.90889345945717</ele>
<time>2026-08-14T05:11:42.962Z</time>
</trkpt>
<trkpt lat="42.0227559" lon="2.8297613999999953">
<ele>61.961814239127015</ele>
<time>2026-08-14T05:11:44.789Z</time>
</trkpt>
<trkpt lat="42.0227445" lon="2.829793099999989">
<ele>61.9776270518102</ele>
<time>2026-08-14T05:11:46.827Z</time>
</trkpt>
<trkpt lat="42.0227327" lon="2.8298269999999945">
<ele>61.991123162428224</ele>
<time>2026-08-14T05:11:48.785Z</time>
</trkpt>
<trkpt lat="42.0227199" lon="2.8298646000000076">
<ele>62.00591251863089</ele>
<time>2026-08-14T05:11:50.864Z</time>
</trkpt>
<trkpt lat="42.0227083" lon="2.8298991000000058">
<ele>62.0193685648823</ele>
<time>2026-08-14T05:11:52.887Z</time>
</trkpt>
<trkpt lat="42.0226967" lon="2.8299345000000073">
<ele>62.03299766162217</ele>
<time>2026-08-14T05:11:54.860Z</time>
</trkpt>
<trkpt lat="42.0226858" lon="2.829973499999994">
<ele>62.04718012708841</ele>
<time>2026-08-14T05:11:56.989Z</time>
</trkpt>
<trkpt lat="42.0226767" lon="2.830007800000004">
<ele>62.05940997601289</ele>
<time>2026-08-14T05:11:58.942Z</time>
</trkpt>
<trkpt lat="42.0226632" lon="2.8300436000000104">
<ele>62.07500922094815</ele>
<time>2026-08-14T05:12:00.942Z</time>
</trkpt>
<trkpt lat="42.0226509" lon="2.8300792">
<ele>62.1123122735848</ele>
<time>2026-08-14T05:12:02.942Z</time>
</trkpt>
<trkpt lat="42.0226409" lon="2.8301108">
<ele>62.14472947873305</ele>
<time>2026-08-14T05:12:04.745Z</time>
</trkpt>
<trkpt lat="42.022627" lon="2.830149900000009">
<ele>62.184962538509936</ele>
<time>2026-08-14T05:12:06.807Z</time>
</trkpt>
<trkpt lat="42.0226138" lon="2.8301859000000036">
<ele>62.221680574219604</ele>
<time>2026-08-14T05:12:08.845Z</time>
</trkpt>
<trkpt lat="42.022599" lon="2.8302151000000038">
<ele>62.25245181928003</ele>
<time>2026-08-14T05:12:10.868Z</time>
</trkpt>
<trkpt lat="42.0225847" lon="2.8302380000000085">
<ele>62.27713535915802</ele>
<time>2026-08-14T05:12:12.799Z</time>
</trkpt>
<trkpt lat="42.022567" lon="2.8302804999999864">
<ele>62.319532326286925</ele>
<time>2026-08-14T05:12:14.942Z</time>
</trkpt>
<trkpt lat="42.0225579" lon="2.830320900000004">
<ele>62.355748613756106</ele>
<time>2026-08-14T05:12:16.942Z</time>
</trkpt>
<trkpt lat="42.0225472" lon="2.8303612999999928">
<ele>62.340779419336414</ele>
<time>2026-08-14T05:12:18.942Z</time>
</trkpt>
<trkpt lat="42.0225377" lon="2.830402399999997">
<ele>62.324495163056724</ele>
<time>2026-08-14T05:12:20.942Z</time>
</trkpt>
<trkpt lat="42.0225244" lon="2.830438100000009">
<ele>62.34904206845437</ele>
<time>2026-08-14T05:12:22.887Z</time>
</trkpt>
<trkpt lat="42.0225134" lon="2.8304776999999888">
<ele>62.39128519084482</ele>
<time>2026-08-14T05:12:24.942Z</time>
</trkpt>
<trkpt lat="42.0225083" lon="2.830522699999989">
<ele>62.39511512585165</ele>
<time>2026-08-14T05:12:26.942Z</time>
</trkpt>
<trkpt lat="42.022504" lon="2.8305666999999914">
<ele>62.39351291183639</ele>
<time>2026-08-14T05:12:28.942Z</time>
</trkpt>
<trkpt lat="42.0224977" lon="2.8306068999999923">
<ele>62.42129616295157</ele>
<time>2026-08-14T05:12:30.786Z</time>
</trkpt>
<trkpt lat="42.0224908" lon="2.8306514999999877">
<ele>62.52238247080532</ele>
<time>2026-08-14T05:12:32.887Z</time>
</trkpt>
<trkpt lat="42.0225038" lon="2.830673399999995">
<ele>62.49182162863076</ele>
<time>2026-08-14T05:12:34.949Z</time>
</trkpt>
<trkpt lat="42.0224582" lon="2.830697200000003">
<ele>62.74539078131964</ele>
<time>2026-08-14T05:12:36.863Z</time>
</trkpt>
<trkpt lat="42.0224564" lon="2.8307604999999967">
<ele>62.84022673395234</ele>
<time>2026-08-14T05:12:38.822Z</time>
</trkpt>
<trkpt lat="42.0224519" lon="2.8308140000000037">
<ele>62.93275972757373</ele>
<time>2026-08-14T05:12:40.868Z</time>
</trkpt>
<trkpt lat="42.0224451" lon="2.8308595000000025">
<ele>63.022650498242974</ele>
<time>2026-08-14T05:12:42.867Z</time>
</trkpt>
<trkpt lat="42.0224364" lon="2.830902000000009">
<ele>63.0424693718816</ele>
<time>2026-08-14T05:12:44.942Z</time>
</trkpt>
<trkpt lat="42.0224268" lon="2.8309426000000144">
<ele>63.01723614262287</ele>
<time>2026-08-14T05:12:46.942Z</time>
</trkpt>
<trkpt lat="42.0224168" lon="2.830980000000011">
<ele>62.99295257860117</ele>
<time>2026-08-14T05:12:48.942Z</time>
</trkpt>
<trkpt lat="42.0224098" lon="2.831014699999997">
<ele>62.95842721585211</ele>
<time>2026-08-14T05:12:50.767Z</time>
</trkpt>
<trkpt lat="42.0224141" lon="2.831055099999986">
<ele>62.87823743614675</ele>
<time>2026-08-14T05:12:52.846Z</time>
</trkpt>
<trkpt lat="42.022413" lon="2.8310954000000095">
<ele>62.814578555621026</ele>
<time>2026-08-14T05:12:54.869Z</time>
</trkpt>
<trkpt lat="42.0224072" lon="2.831136100000009">
<ele>62.760303843822705</ele>
<time>2026-08-14T05:12:56.908Z</time>
</trkpt>
<trkpt lat="42.0223945" lon="2.8311787000000095">
<ele>62.829233829004515</ele>
<time>2026-08-14T05:12:58.962Z</time>
</trkpt>
<trkpt lat="42.0223826" lon="2.831219599999997">
<ele>62.98386104438252</ele>
<time>2026-08-14T05:13:00.942Z</time>
</trkpt>
<trkpt lat="42.0223732" lon="2.8312613999999883">
<ele>63.14211957271486</ele>
<time>2026-08-14T05:13:02.942Z</time>
</trkpt>
<trkpt lat="42.0223625" lon="2.8313039999999887">
<ele>63.31425440122566</ele>
<time>2026-08-14T05:13:04.942Z</time>
</trkpt>
<trkpt lat="42.0223506" lon="2.83134290000001">
<ele>63.48636610913176</ele>
<time>2026-08-14T05:13:06.942Z</time>
</trkpt>
<trkpt lat="42.0223404" lon="2.8313836000000094">
<ele>63.665731933469736</ele>
<time>2026-08-14T05:13:08.942Z</time>
</trkpt>
<trkpt lat="42.0223322" lon="2.8314255999999887">
<ele>63.84791791393173</ele>
<time>2026-08-14T05:13:10.957Z</time>
</trkpt>
<trkpt lat="42.0223225" lon="2.8314664000000107">
<ele>63.90160410939734</ele>
<time>2026-08-14T05:13:12.942Z</time>
</trkpt>
<trkpt lat="42.0223236" lon="2.8315067999999997">
<ele>63.88059328863641</ele>
<time>2026-08-14T05:13:14.942Z</time>
</trkpt>
<trkpt lat="42.0223311" lon="2.831539300000003">
<ele>63.851225440040174</ele>
<time>2026-08-14T05:13:16.942Z</time>
</trkpt>
<trkpt lat="42.0223253" lon="2.83157589999999">
<ele>63.84960016081473</ele>
<time>2026-08-14T05:13:18.957Z</time>
</trkpt>
<trkpt lat="42.0223141" lon="2.831614800000011">
<ele>63.8391396259832</ele>
<time>2026-08-14T05:13:20.942Z</time>
</trkpt>
<trkpt lat="42.0223105" lon="2.831649700000014">
<ele>63.81548596488697</ele>
<time>2026-08-14T05:13:22.945Z</time>
</trkpt>
<trkpt lat="42.0223095" lon="2.831685099999987">
<ele>63.78887689290077</ele>
<time>2026-08-14T05:13:24.942Z</time>
</trkpt>
<trkpt lat="42.0223136" lon="2.8317188000000044">
<ele>63.800464020889265</ele>
<time>2026-08-14T05:13:26.942Z</time>
</trkpt>
<trkpt lat="42.0223254" lon="2.831748299999987">
<ele>63.90786893891255</ele>
<time>2026-08-14T05:13:28.942Z</time>
</trkpt>
<trkpt lat="42.0223483" lon="2.831777499999987">
<ele>64.0403070050359</ele>
<time>2026-08-14T05:13:30.942Z</time>
</trkpt>
<trkpt lat="42.022369" lon="2.831798099999986">
<ele>64.14681705159047</ele>
<time>2026-08-14T05:13:32.782Z</time>
</trkpt>
<trkpt lat="42.0223912" lon="2.831822200000005">
<ele>64.27121469814115</ele>
<time>2026-08-14T05:13:34.884Z</time>
</trkpt>
<trkpt lat="42.0224201" lon="2.831849599999998">
<ele>64.42655944693652</ele>
<time>2026-08-14T05:13:36.923Z</time>
</trkpt>
<trkpt lat="42.02245" lon="2.831868799999995">
<ele>64.56284953575461</ele>
<time>2026-08-14T05:13:38.843Z</time>
</trkpt>
<trkpt lat="42.0224484" lon="2.831887899999998">
<ele>64.62381300692468</ele>
<time>2026-08-14T05:13:40.947Z</time>
</trkpt>
<trkpt lat="42.0224863" lon="2.8319119999999884">
<ele>64.80512011811119</ele>
<time>2026-08-14T05:13:42.958Z</time>
</trkpt>
<trkpt lat="42.0225473" lon="2.831937900000014">
<ele>64.92950775901923</ele>
<time>2026-08-14T05:13:44.887Z</time>
</trkpt>
<trkpt lat="42.0225755" lon="2.8319564999999898">
<ele>64.84681770436326</ele>
<time>2026-08-14T05:13:46.887Z</time>
</trkpt>
<trkpt lat="42.0226005" lon="2.8319745999999952">
<ele>64.78791201862832</ele>
<time>2026-08-14T05:13:48.846Z</time>
</trkpt>
<trkpt lat="42.0226247" lon="2.8319636999999886">
<ele>64.60965061781562</ele>
<time>2026-08-14T05:13:50.789Z</time>
</trkpt>
<trkpt lat="42.0226509" lon="2.8319739000000084">
<ele>64.51601924077127</ele>
<time>2026-08-14T05:13:52.747Z</time>
</trkpt>
<trkpt lat="42.0226771" lon="2.832000800000003">
<ele>64.43045071149136</ele>
<time>2026-08-14T05:13:54.786Z</time>
</trkpt>
<trkpt lat="42.0227017" lon="2.8320172999999897">
<ele>64.29219009859868</ele>
<time>2026-08-14T05:13:56.824Z</time>
</trkpt>
<trkpt lat="42.0227342" lon="2.832006199999995">
<ele>64.14910656768156</ele>
<time>2026-08-14T05:13:58.862Z</time>
</trkpt>
<trkpt lat="42.0227575" lon="2.832040599999999">
<ele>64.05011430355025</ele>
<time>2026-08-14T05:14:00.908Z</time>
</trkpt>
<trkpt lat="42.0227867" lon="2.8320645999999954">
<ele>63.962696974036334</ele>
<time>2026-08-14T05:14:02.922Z</time>
</trkpt>
<trkpt lat="42.0228256" lon="2.832065599999993">
<ele>63.79971374093369</ele>
<time>2026-08-14T05:14:04.967Z</time>
</trkpt>
<trkpt lat="42.022848" lon="2.8320693999999946">
<ele>63.68180216008813</ele>
<time>2026-08-14T05:14:06.988Z</time>
</trkpt>
<trkpt lat="42.022876" lon="2.8320639000000085">
<ele>63.5155777925265</ele>
<time>2026-08-14T05:14:08.942Z</time>
</trkpt>
<trkpt lat="42.0229182" lon="2.8320327000000134">
<ele>63.21497296660873</ele>
<time>2026-08-14T05:14:10.987Z</time>
</trkpt>
<trkpt lat="42.0229178" lon="2.831981000000013">
<ele>63.098590499945246</ele>
<time>2026-08-14T05:14:13.000Z</time>
</trkpt>
<trkpt lat="42.0229434" lon="2.8319746999999893">
<ele>62.93548622133983</ele>
<time>2026-08-14T05:14:14.982Z</time>
</trkpt>
<trkpt lat="42.0229698" lon="2.831980399999992">
<ele>62.80218996787033</ele>
<time>2026-08-14T05:14:16.883Z</time>
</trkpt>
<trkpt lat="42.0229566" lon="2.8318047999999862">
<ele>62.436366618081095</ele>
<time>2026-08-14T05:14:19.029Z</time>
</trkpt>
<trkpt lat="42.0229636" lon="2.8317538999999954">
<ele>62.30765703609726</ele>
<time>2026-08-14T05:14:20.942Z</time>
</trkpt>
<trkpt lat="42.0229842" lon="2.831731200000007">
<ele>62.26298033137311</ele>
<time>2026-08-14T05:14:22.942Z</time>
</trkpt>
<trkpt lat="42.0230176" lon="2.831731899999994">
<ele>62.27732067122816</ele>
<time>2026-08-14T05:14:24.942Z</time>
</trkpt>
<trkpt lat="42.0230566" lon="2.831745699999999">
<ele>62.2935817117054</ele>
<time>2026-08-14T05:14:26.942Z</time>
</trkpt>
<trkpt lat="42.0230437" lon="2.831634799999989">
<ele>62.2937246600565</ele>
<time>2026-08-14T05:14:28.942Z</time>
</trkpt>
<trkpt lat="42.0230435" lon="2.8315861000000098">
<ele>62.30303116576949</ele>
<time>2026-08-14T05:14:30.942Z</time>
</trkpt>
<trkpt lat="42.0230598" lon="2.831559300000009">
<ele>62.29961537819575</ele>
<time>2026-08-14T05:14:32.942Z</time>
</trkpt>
<trkpt lat="42.0230633" lon="2.8314983999999868">
<ele>62.29805942136476</ele>
<time>2026-08-14T05:14:34.942Z</time>
</trkpt>
<trkpt lat="42.0230717" lon="2.8314697000000137">
<ele>62.2866641187438</ele>
<time>2026-08-14T05:14:36.942Z</time>
</trkpt>
<trkpt lat="42.0230952" lon="2.8314569000000063">
<ele>62.262671202982304</ele>
<time>2026-08-14T05:14:38.942Z</time>
</trkpt>
<trkpt lat="42.0231057" lon="2.831438999999989">
<ele>62.26018523639508</ele>
<time>2026-08-14T05:14:40.942Z</time>
</trkpt>
<trkpt lat="42.0231323" lon="2.8314445999999975">
<ele>62.264417065935326</ele>
<time>2026-08-14T05:14:42.942Z</time>
</trkpt>
<trkpt lat="42.0231583" lon="2.831466000000006">
<ele>62.26987432559885</ele>
<time>2026-08-14T05:14:44.805Z</time>
</trkpt>
<trkpt lat="42.0231818" lon="2.8314933000000053">
<ele>62.273860936873405</ele>
<time>2026-08-14T05:14:46.664Z</time>
</trkpt>
<trkpt lat="42.0231882" lon="2.8314986000000033">
<ele>62.27445331073337</ele>
<time>2026-08-14T05:14:48.466Z</time>
</trkpt>
<trkpt lat="42.023203" lon="2.831530100000009">
<ele>62.27617995128905</ele>
<time>2026-08-14T05:14:50.528Z</time>
</trkpt>
<trkpt lat="42.0232177" lon="2.8315727000000095">
<ele>62.276601589943965</ele>
<time>2026-08-14T05:14:52.566Z</time>
</trkpt>
<trkpt lat="42.0232365" lon="2.831647299999986">
<ele>62.27393885470103</ele>
<time>2026-08-14T05:14:54.628Z</time>
</trkpt>
<trkpt lat="42.0232396" lon="2.831688000000014">
<ele>62.27254116031847</ele>
<time>2026-08-14T05:14:56.666Z</time>
</trkpt>
<trkpt lat="42.0232434" lon="2.831733500000013">
<ele>62.28448522598451</ele>
<time>2026-08-14T05:14:58.688Z</time>
</trkpt>
<trkpt lat="42.0232459" lon="2.831780699999996">
<ele>62.31318732122256</ele>
<time>2026-08-14T05:15:00.686Z</time>
</trkpt>
<trkpt lat="42.0232494" lon="2.8318264000000113">
<ele>62.343507686786495</ele>
<time>2026-08-14T05:15:02.725Z</time>
</trkpt>
<trkpt lat="42.0232528" lon="2.8318696000000045">
<ele>62.37466891932334</ele>
<time>2026-08-14T05:15:04.723Z</time>
</trkpt>
<trkpt lat="42.0232551" lon="2.831912499999987">
<ele>62.40654868038427</ele>
<time>2026-08-14T05:15:06.746Z</time>
</trkpt>
<trkpt lat="42.0233619" lon="2.8331555000000037">
<ele>62.849948167149996</ele>
<time>2026-08-14T05:15:08.768Z</time>
</trkpt>
<trkpt lat="42.0233765" lon="2.833213999999998">
<ele>62.87563990252541</ele>
<time>2026-08-14T05:15:10.845Z</time>
</trkpt>
<trkpt lat="42.0233991" lon="2.8332616000000144">
<ele>62.85116113826009</ele>
<time>2026-08-14T05:15:12.867Z</time>
</trkpt>
<trkpt lat="42.0234213" lon="2.8332974999999863">
<ele>62.82772490178665</ele>
<time>2026-08-14T05:15:14.889Z</time>
</trkpt>
<trkpt lat="42.0234462" lon="2.8333312999999976">
<ele>62.80481719161216</ele>
<time>2026-08-14T05:15:16.926Z</time>
</trkpt>
<trkpt lat="42.0234682" lon="2.833363399999996">
<ele>62.79642310664302</ele>
<time>2026-08-14T05:15:18.945Z</time>
</trkpt>
<trkpt lat="42.0234853" lon="2.8333973999999955">
<ele>62.75022389027671</ele>
<time>2026-08-14T05:15:20.943Z</time>
</trkpt>
<trkpt lat="42.0235033" lon="2.8334304999999915">
<ele>62.65345065035594</ele>
<time>2026-08-14T05:15:22.942Z</time>
</trkpt>
<trkpt lat="42.0235212" lon="2.8334632000000113">
<ele>62.561228012008044</ele>
<time>2026-08-14T05:15:24.942Z</time>
</trkpt>
<trkpt lat="42.0235381" lon="2.833496700000012">
<ele>62.4730817441319</ele>
<time>2026-08-14T05:15:26.942Z</time>
</trkpt>
<trkpt lat="42.0235626" lon="2.83354030000001">
<ele>62.35940597250903</ele>
<time>2026-08-14T05:15:28.942Z</time>
</trkpt>
<trkpt lat="42.023577" lon="2.8335672000000045">
<ele>62.2936895331538</ele>
<time>2026-08-14T05:15:30.942Z</time>
</trkpt>
<trkpt lat="42.0235962" lon="2.833599399999997">
<ele>62.2152465624341</ele>
<time>2026-08-14T05:15:32.956Z</time>
</trkpt>
<trkpt lat="42.023615" lon="2.8336312000000135">
<ele>62.14174124766462</ele>
<time>2026-08-14T05:15:34.942Z</time>
</trkpt>
<trkpt lat="42.0236335" lon="2.8336606000000018">
<ele>62.072965069457844</ele>
<time>2026-08-14T05:15:36.942Z</time>
</trkpt>
<trkpt lat="42.0236536" lon="2.8336883999999998">
<ele>61.97378380405925</ele>
<time>2026-08-14T05:15:38.943Z</time>
</trkpt>
<trkpt lat="42.0236737" lon="2.8337180000000046">
<ele>61.871519483734744</ele>
<time>2026-08-14T05:15:40.941Z</time>
</trkpt>
<trkpt lat="42.0236946" lon="2.8337458999999967">
<ele>61.786845374555746</ele>
<time>2026-08-14T05:15:42.942Z</time>
</trkpt>
<trkpt lat="42.0237104" lon="2.833781700000003">
<ele>61.7131218036575</ele>
<time>2026-08-14T05:15:44.954Z</time>
</trkpt>
<trkpt lat="42.0237297" lon="2.833812200000011">
<ele>61.658566253561624</ele>
<time>2026-08-14T05:15:46.943Z</time>
</trkpt>
<trkpt lat="42.0237507" lon="2.8338421999999923">
<ele>61.61995671928708</ele>
<time>2026-08-14T05:15:48.942Z</time>
</trkpt>
<trkpt lat="42.0237702" lon="2.833875699999993">
<ele>61.596208857990135</ele>
<time>2026-08-14T05:15:50.946Z</time>
</trkpt>
<trkpt lat="42.0237898" lon="2.833908500000007">
<ele>61.590431588513084</ele>
<time>2026-08-14T05:15:52.960Z</time>
</trkpt>
<trkpt lat="42.0238077" lon="2.8339369999999917">
<ele>61.5988786954952</ele>
<time>2026-08-14T05:15:54.942Z</time>
</trkpt>
<trkpt lat="42.0238274" lon="2.833969400000001">
<ele>61.573706024150525</ele>
<time>2026-08-14T05:15:56.942Z</time>
</trkpt>
<trkpt lat="42.0238465" lon="2.8340034000000003">
<ele>61.56228527862196</ele>
<time>2026-08-14T05:15:58.763Z</time>
</trkpt>
<trkpt lat="42.0238658" lon="2.83403899999999">
<ele>61.56691186529064</ele>
<time>2026-08-14T05:16:00.808Z</time>
</trkpt>
<trkpt lat="42.0238865" lon="2.834073899999993">
<ele>61.59395926782682</ele>
<time>2026-08-14T05:16:02.821Z</time>
</trkpt>
<trkpt lat="42.0239051" lon="2.8341087999999957">
<ele>61.63304359681874</ele>
<time>2026-08-14T05:16:04.763Z</time>
</trkpt>
<trkpt lat="42.0239238" lon="2.83414479999999">
<ele>61.68555155879323</ele>
<time>2026-08-14T05:16:06.809Z</time>
</trkpt>
<trkpt lat="42.0239409" lon="2.834180300000014">
<ele>61.7137123072145</ele>
<time>2026-08-14T05:16:08.886Z</time>
</trkpt>
<trkpt lat="42.0239587" lon="2.8342136999999923">
<ele>61.758167742393354</ele>
<time>2026-08-14T05:16:10.845Z</time>
</trkpt>
<trkpt lat="42.0239763" lon="2.834248400000007">
<ele>61.6813368217795</ele>
<time>2026-08-14T05:16:12.963Z</time>
</trkpt>
<trkpt lat="42.023991" lon="2.8342849">
<ele>61.596488341176126</ele>
<time>2026-08-14T05:16:14.945Z</time>
</trkpt>
<trkpt lat="42.0240046" lon="2.8343203000000017">
<ele>61.51900547188174</ele>
<time>2026-08-14T05:16:16.967Z</time>
</trkpt>
<trkpt lat="42.0240177" lon="2.8343533999999977">
<ele>61.45362445607089</ele>
<time>2026-08-14T05:16:19.005Z</time>
</trkpt>
<trkpt lat="42.0240278" lon="2.8343863000000056">
<ele>61.38409596200547</ele>
<time>2026-08-14T05:16:20.959Z</time>
</trkpt>
<trkpt lat="42.024039" lon="2.8344185999999922">
<ele>61.32493333615502</ele>
<time>2026-08-14T05:16:22.973Z</time>
</trkpt>
<trkpt lat="42.0240543" lon="2.834450299999986">
<ele>61.288537568673824</ele>
<time>2026-08-14T05:16:24.963Z</time>
</trkpt>
<trkpt lat="42.0240698" lon="2.8344816999999978">
<ele>61.260288403906216</ele>
<time>2026-08-14T05:16:26.765Z</time>
</trkpt>
<trkpt lat="42.0240876" lon="2.8345244999999863">
<ele>61.267898691871856</ele>
<time>2026-08-14T05:16:28.788Z</time>
</trkpt>
<trkpt lat="42.0240995" lon="2.8345549000000005">
<ele>61.2790097299777</ele>
<time>2026-08-14T05:16:30.802Z</time>
</trkpt>
<trkpt lat="42.0241166" lon="2.834592399999991">
<ele>61.29640875418161</ele>
<time>2026-08-14T05:16:32.942Z</time>
</trkpt>
<trkpt lat="42.0241347" lon="2.834629100000001">
<ele>61.31167339344895</ele>
<time>2026-08-14T05:16:34.922Z</time>
</trkpt>
<trkpt lat="42.0241551" lon="2.8346627999999896">
<ele>61.33208873086665</ele>
<time>2026-08-14T05:16:36.942Z</time>
</trkpt>
<trkpt lat="42.0241708" lon="2.8346970999999996">
<ele>61.329514611443855</ele>
<time>2026-08-14T05:16:38.906Z</time>
</trkpt>
<trkpt lat="42.0241887" lon="2.834732500000001">
<ele>61.32592399467098</ele>
<time>2026-08-14T05:16:40.942Z</time>
</trkpt>
<trkpt lat="42.0242049" lon="2.8347632999999917">
<ele>61.29734856662884</ele>
<time>2026-08-14T05:16:42.981Z</time>
</trkpt>
<trkpt lat="42.0242175" lon="2.834779400000002">
<ele>61.244083256496054</ele>
<time>2026-08-14T05:16:44.942Z</time>
</trkpt>
<trkpt lat="42.0242406" lon="2.834819600000003">
<ele>61.134109857070186</ele>
<time>2026-08-14T05:16:46.768Z</time>
</trkpt>
<trkpt lat="42.0242666" lon="2.834864799999991">
<ele>61.03611726995071</ele>
<time>2026-08-14T05:16:48.823Z</time>
</trkpt>
<trkpt lat="42.024289" lon="2.8349037000000123">
<ele>60.97356193753801</ele>
<time>2026-08-14T05:16:50.805Z</time>
</trkpt>
<trkpt lat="42.0243097" lon="2.8349450999999988">
<ele>60.92857404181918</ele>
<time>2026-08-14T05:16:52.908Z</time>
</trkpt>
<trkpt lat="42.0243266" lon="2.8349851000000115">
<ele>60.901952132557994</ele>
<time>2026-08-14T05:16:54.963Z</time>
</trkpt>
<trkpt lat="42.0243445" lon="2.8350168000000053">
<ele>60.896537285846286</ele>
<time>2026-08-14T05:16:57.002Z</time>
</trkpt>
<trkpt lat="42.0243643" lon="2.8350460000000055">
<ele>60.90764889547899</ele>
<time>2026-08-14T05:16:58.942Z</time>
</trkpt>
<trkpt lat="42.0243847" lon="2.835078699999997">
<ele>60.93649338970965</ele>
<time>2026-08-14T05:17:00.942Z</time>
</trkpt>
<trkpt lat="42.0243992" lon="2.8351134000000116">
<ele>60.96164797532383</ele>
<time>2026-08-14T05:17:02.956Z</time>
</trkpt>
<trkpt lat="42.0244142" lon="2.8351466999999957">
<ele>60.991117276736375</ele>
<time>2026-08-14T05:17:04.767Z</time>
</trkpt>
<trkpt lat="42.0244311" lon="2.8351821999999913">
<ele>61.02823469542747</ele>
<time>2026-08-14T05:17:06.806Z</time>
</trkpt>
<trkpt lat="42.0244465" lon="2.8352120000000127">
<ele>61.06516160130084</ele>
<time>2026-08-14T05:17:08.845Z</time>
</trkpt>
<trkpt lat="42.024462" lon="2.8352439999999888">
<ele>61.1063632302366</ele>
<time>2026-08-14T05:17:10.867Z</time>
</trkpt>
<trkpt lat="42.0244817" lon="2.835283000000004">
<ele>61.15246617839699</ele>
<time>2026-08-14T05:17:12.882Z</time>
</trkpt>
<trkpt lat="42.0244982" lon="2.8353098999999986">
<ele>61.15291607931732</ele>
<time>2026-08-14T05:17:14.889Z</time>
</trkpt>
<trkpt lat="42.0245155" lon="2.8353462999999977">
<ele>61.09469476051843</ele>
<time>2026-08-14T05:17:16.847Z</time>
</trkpt>
<trkpt lat="42.0245339" lon="2.8353829000000133">
<ele>60.986406146166125</ele>
<time>2026-08-14T05:17:18.862Z</time>
</trkpt>
<trkpt lat="42.0245463" lon="2.835408000000001">
<ele>60.924549379592634</ele>
<time>2026-08-14T05:17:20.923Z</time>
</trkpt>
<trkpt lat="42.0245556" lon="2.8354286">
<ele>60.88024843312021</ele>
<time>2026-08-14T05:17:22.947Z</time>
</trkpt>
<trkpt lat="42.0245643" lon="2.835449899999986">
<ele>60.839539068620596</ele>
<time>2026-08-14T05:17:24.985Z</time>
</trkpt>
<trkpt lat="42.0245606" lon="2.8354473999999925">
<ele>60.83995467021192</ele>
<time>2026-08-14T05:17:27.008Z</time>
</trkpt>
<trkpt lat="42.0245748" lon="2.835470700000002">
<ele>60.80935988946389</ele>
<time>2026-08-14T05:17:28.942Z</time>
</trkpt>
<trkpt lat="42.0245934" lon="2.83550120000001">
<ele>60.78552111989002</ele>
<time>2026-08-14T05:17:30.942Z</time>
</trkpt>
<trkpt lat="42.0246109" lon="2.8355345999999884">
<ele>60.77208993134994</ele>
<time>2026-08-14T05:17:32.954Z</time>
</trkpt>
<trkpt lat="42.0246269" lon="2.835568599999988">
<ele>60.77154330634389</ele>
<time>2026-08-14T05:17:34.969Z</time>
</trkpt>
<trkpt lat="42.0246422" lon="2.835602999999992">
<ele>60.78532723993918</ele>
<time>2026-08-14T05:17:36.983Z</time>
</trkpt>
<trkpt lat="42.0246567" lon="2.835635300000007">
<ele>60.819213326714134</ele>
<time>2026-08-14T05:17:38.997Z</time>
</trkpt>
<trkpt lat="42.0246701" lon="2.8356642999999906">
<ele>60.849095827724554</ele>
<time>2026-08-14T05:17:40.942Z</time>
</trkpt>
<trkpt lat="42.0246863" lon="2.8356953999999917">
<ele>60.88494770883202</ele>
<time>2026-08-14T05:17:42.942Z</time>
</trkpt>
<trkpt lat="42.0247044" lon="2.8357216999999935">
<ele>60.928560932828816</ele>
<time>2026-08-14T05:17:44.952Z</time>
</trkpt>
<trkpt lat="42.0247219" lon="2.835758400000003">
<ele>60.956489138675856</ele>
<time>2026-08-14T05:17:46.967Z</time>
</trkpt>
<trkpt lat="42.0247377" lon="2.8357924000000025">
<ele>60.976918087074885</ele>
<time>2026-08-14T05:17:48.982Z</time>
</trkpt>
<trkpt lat="42.0247579" lon="2.8358241999999905">
<ele>61.00406040636486</ele>
<time>2026-08-14T05:17:50.942Z</time>
</trkpt>
<trkpt lat="42.0247753" lon="2.8358602000000133">
<ele>60.940026998254304</ele>
<time>2026-08-14T05:17:52.942Z</time>
</trkpt>
<trkpt lat="42.0247905" lon="2.835893900000002">
<ele>60.856375480900475</ele>
<time>2026-08-14T05:17:54.942Z</time>
</trkpt>
<trkpt lat="42.0248053" lon="2.8359278000000074">
<ele>60.71788676615447</ele>
<time>2026-08-14T05:17:56.942Z</time>
</trkpt>
<trkpt lat="42.0248193" lon="2.8359575000000063">
<ele>60.61149727182323</ele>
<time>2026-08-14T05:17:58.805Z</time>
</trkpt>
<trkpt lat="42.0248337" lon="2.8359853999999984">
<ele>60.52592887466113</ele>
<time>2026-08-14T05:18:00.789Z</time>
</trkpt>
<trkpt lat="42.02485" lon="2.8360166999999876">
<ele>60.44734453705665</ele>
<time>2026-08-14T05:18:02.805Z</time>
</trkpt>
<trkpt lat="42.0248678" lon="2.8360514999999964">
<ele>60.38100709789678</ele>
<time>2026-08-14T05:18:04.908Z</time>
</trkpt>
<trkpt lat="42.024883" lon="2.836081400000012">
<ele>60.34163922809913</ele>
<time>2026-08-14T05:18:06.907Z</time>
</trkpt>
<trkpt lat="42.024898" lon="2.8361122999999964">
<ele>60.31615321414484</ele>
<time>2026-08-14T05:18:08.922Z</time>
</trkpt>
<trkpt lat="42.0249174" lon="2.836144499999989">
<ele>60.32034559475701</ele>
<time>2026-08-14T05:18:10.961Z</time>
</trkpt>
<trkpt lat="42.0249345" lon="2.8361716">
<ele>60.34137225480459</ele>
<time>2026-08-14T05:18:12.984Z</time>
</trkpt>
<trkpt lat="42.0249509" lon="2.8361995999999863">
<ele>60.35516646418638</ele>
<time>2026-08-14T05:18:14.927Z</time>
</trkpt>
<trkpt lat="42.0249673" lon="2.8362333000000035">
<ele>60.353867389746995</ele>
<time>2026-08-14T05:18:16.965Z</time>
</trkpt>
<trkpt lat="42.0249816" lon="2.8362644000000046">
<ele>60.34459781202999</ele>
<time>2026-08-14T05:18:19.004Z</time>
</trkpt>
<trkpt lat="42.0249951" lon="2.8362941999999975">
<ele>60.33049394904876</ele>
<time>2026-08-14T05:18:20.999Z</time>
</trkpt>
<trkpt lat="42.0250132" lon="2.836330199999992">
<ele>60.312555892165875</ele>
<time>2026-08-14T05:18:22.942Z</time>
</trkpt>
<trkpt lat="42.0250236" lon="2.836357499999991">
<ele>60.28530723934857</ele>
<time>2026-08-14T05:18:24.942Z</time>
</trkpt>
<trkpt lat="42.0250323" lon="2.8363919999999894">
<ele>60.23541708391717</ele>
<time>2026-08-14T05:18:26.807Z</time>
</trkpt>
<trkpt lat="42.025052" lon="2.8364258999999947">
<ele>60.15811949586515</ele>
<time>2026-08-14T05:18:28.829Z</time>
</trkpt>
<trkpt lat="42.0250704" lon="2.8364628999999866">
<ele>60.075362806558914</ele>
<time>2026-08-14T05:18:30.843Z</time>
</trkpt>
<trkpt lat="42.0250845" lon="2.836499800000013">
<ele>59.99639373886284</ele>
<time>2026-08-14T05:18:32.865Z</time>
</trkpt>
<trkpt lat="42.0250977" lon="2.8365381000000127">
<ele>59.91845532665245</ele>
<time>2026-08-14T05:18:34.888Z</time>
</trkpt>
<trkpt lat="42.0251084" lon="2.8365789000000063">
<ele>59.83930212440279</ele>
<time>2026-08-14T05:18:36.926Z</time>
</trkpt>
<trkpt lat="42.025124" lon="2.836617799999999">
<ele>59.76736077260532</ele>
<time>2026-08-14T05:18:38.948Z</time>
</trkpt>
<trkpt lat="42.025141" lon="2.8366557999999884">
<ele>59.701611109774404</ele>
<time>2026-08-14T05:18:41.003Z</time>
</trkpt>
<trkpt lat="42.0251546" lon="2.8366953000000024">
<ele>59.63639019312603</ele>
<time>2026-08-14T05:18:43.025Z</time>
</trkpt>
<trkpt lat="42.0251687" lon="2.8367331000000036">
<ele>59.58229753217645</ele>
<time>2026-08-14T05:18:44.948Z</time>
</trkpt>
<trkpt lat="42.0251836" lon="2.836772400000001">
<ele>59.53933245299855</ele>
<time>2026-08-14T05:18:46.942Z</time>
</trkpt>
<trkpt lat="42.0251943" lon="2.8368135999999993">
<ele>59.49734735770132</ele>
<time>2026-08-14T05:18:48.978Z</time>
</trkpt>
<trkpt lat="42.0252046" lon="2.8368520999999873">
<ele>59.464019814008736</ele>
<time>2026-08-14T05:18:50.942Z</time>
</trkpt>
<trkpt lat="42.0252161" lon="2.8368917999999894">
<ele>59.436841456408274</ele>
<time>2026-08-14T05:18:52.942Z</time>
</trkpt>
<trkpt lat="42.0252292" lon="2.836932200000007">
<ele>59.418363684952034</ele>
<time>2026-08-14T05:18:54.942Z</time>
</trkpt>
<trkpt lat="42.02524" lon="2.8369691999999986">
<ele>59.405186913397586</ele>
<time>2026-08-14T05:18:56.957Z</time>
</trkpt>
<trkpt lat="42.0252528" lon="2.8370055999999977">
<ele>59.404824599542486</ele>
<time>2026-08-14T05:18:58.972Z</time>
</trkpt>
<trkpt lat="42.0252659" lon="2.837040900000005">
<ele>59.40994391890529</ele>
<time>2026-08-14T05:19:00.987Z</time>
</trkpt>
<trkpt lat="42.0252802" lon="2.8370762000000127">
<ele>59.41199663114015</ele>
<time>2026-08-14T05:19:03.001Z</time>
</trkpt>
<trkpt lat="42.0252948" lon="2.837106900000009">
<ele>59.41278771541313</ele>
<time>2026-08-14T05:19:04.942Z</time>
</trkpt>
<trkpt lat="42.0253122" lon="2.8371447000000103">
<ele>59.40572484895477</ele>
<time>2026-08-14T05:19:06.942Z</time>
</trkpt>
<trkpt lat="42.0253284" lon="2.837178300000005">
<ele>59.383998203853366</ele>
<time>2026-08-14T05:19:08.942Z</time>
</trkpt>
<trkpt lat="42.0253442" lon="2.8372108000000082">
<ele>59.362995819102714</ele>
<time>2026-08-14T05:19:10.951Z</time>
</trkpt>
<trkpt lat="42.025361" lon="2.8372435999999936">
<ele>59.34294746761085</ele>
<time>2026-08-14T05:19:12.967Z</time>
</trkpt>
<trkpt lat="42.0253769" lon="2.8372730000000104">
<ele>59.32607503299497</ele>
<time>2026-08-14T05:19:14.802Z</time>
</trkpt>
<trkpt lat="42.0253939" lon="2.8373041000000114">
<ele>59.33592931550776</ele>
<time>2026-08-14T05:19:16.762Z</time>
</trkpt>
<trkpt lat="42.0254107" lon="2.8373357000000112">
<ele>59.346056634257216</ele>
<time>2026-08-14T05:19:18.762Z</time>
</trkpt>
<trkpt lat="42.0254299" lon="2.8373669000000064">
<ele>59.35740997784144</ele>
<time>2026-08-14T05:19:20.849Z</time>
</trkpt>
<trkpt lat="42.0254469" lon="2.837400500000001">
<ele>59.36656031869445</ele>
<time>2026-08-14T05:19:22.864Z</time>
</trkpt>
<trkpt lat="42.0254636" lon="2.8374330999999984">
<ele>59.37509849193399</ele>
<time>2026-08-14T05:19:24.846Z</time>
</trkpt>
<trkpt lat="42.0254798" lon="2.837465900000012">
<ele>59.38281847342824</ele>
<time>2026-08-14T05:19:26.949Z</time>
</trkpt>
<trkpt lat="42.025494" lon="2.8375005999999985">
<ele>59.388617976996</ele>
<time>2026-08-14T05:19:28.908Z</time>
</trkpt>
<trkpt lat="42.0255082" lon="2.837535900000006">
<ele>59.393924634647234</ele>
<time>2026-08-14T05:19:30.990Z</time>
</trkpt>
<trkpt lat="42.0255229" lon="2.8375676">
<ele>59.40195716887806</ele>
<time>2026-08-14T05:19:33.009Z</time>
</trkpt>
<trkpt lat="42.0255391" lon="2.837597399999993">
<ele>59.408491708700616</ele>
<time>2026-08-14T05:19:34.942Z</time>
</trkpt>
<trkpt lat="42.0255595" lon="2.837631899999991">
<ele>59.40828731940963</ele>
<time>2026-08-14T05:19:36.967Z</time>
</trkpt>
<trkpt lat="42.0255786" lon="2.8376644999999883">
<ele>59.399627606916376</ele>
<time>2026-08-14T05:19:38.965Z</time>
</trkpt>
<trkpt lat="42.0255982" lon="2.837695700000012">
<ele>59.37360161636933</ele>
<time>2026-08-14T05:19:40.963Z</time>
</trkpt>
<trkpt lat="42.0256156" lon="2.8377259000000095">
<ele>59.334832969767994</ele>
<time>2026-08-14T05:19:42.965Z</time>
</trkpt>
<trkpt lat="42.0256332" lon="2.8377575000000093">
<ele>59.29923407599606</ele>
<time>2026-08-14T05:19:44.979Z</time>
</trkpt>
<trkpt lat="42.0256479" lon="2.837788499999988">
<ele>59.27169973955763</ele>
<time>2026-08-14T05:19:46.992Z</time>
</trkpt>
<trkpt lat="42.0256631" lon="2.83781909999999">
<ele>59.24690384371913</ele>
<time>2026-08-14T05:19:49.007Z</time>
</trkpt>
<trkpt lat="42.0256772" lon="2.8378489000000116">
<ele>59.25124335661722</ele>
<time>2026-08-14T05:19:50.809Z</time>
</trkpt>
<trkpt lat="42.0256939" lon="2.8378806000000054">
<ele>59.2619675487327</ele>
<time>2026-08-14T05:19:52.823Z</time>
</trkpt>
<trkpt lat="42.0257087" lon="2.8379116000000124">
<ele>59.26554819230876</ele>
<time>2026-08-14T05:19:54.845Z</time>
</trkpt>
<trkpt lat="42.0257251" lon="2.837943200000012">
<ele>59.25699577846471</ele>
<time>2026-08-14T05:19:56.867Z</time>
</trkpt>
<trkpt lat="42.025741" lon="2.8379758000000095">
<ele>59.24027681347853</ele>
<time>2026-08-14T05:19:58.882Z</time>
</trkpt>
<trkpt lat="42.0257567" lon="2.8380023999999935">
<ele>59.21133032144006</ele>
<time>2026-08-14T05:20:00.904Z</time>
</trkpt>
<trkpt lat="42.0257761" lon="2.838027699999998">
<ele>59.162323012882865</ele>
<time>2026-08-14T05:20:02.903Z</time>
</trkpt>
<trkpt lat="42.0257947" lon="2.8380606000000057">
<ele>59.1071193718125</ele>
<time>2026-08-14T05:20:04.925Z</time>
</trkpt>
<trkpt lat="42.0258114" lon="2.838093299999997">
<ele>59.04717531502667</ele>
<time>2026-08-14T05:20:06.948Z</time>
</trkpt>
<trkpt lat="42.0258293" lon="2.8381225999999913">
<ele>59.040937340907874</ele>
<time>2026-08-14T05:20:08.922Z</time>
</trkpt>
<trkpt lat="42.0258489" lon="2.838156099999992">
<ele>59.14952147669177</ele>
<time>2026-08-14T05:20:10.928Z</time>
</trkpt>
<trkpt lat="42.0258645" lon="2.8381881999999905">
<ele>59.29878173674189</ele>
<time>2026-08-14T05:20:12.903Z</time>
</trkpt>
<trkpt lat="42.0258809" lon="2.838223400000004">
<ele>59.50468809339143</ele>
<time>2026-08-14T05:20:14.949Z</time>
</trkpt>
<trkpt lat="42.0258996" lon="2.8382607000000064">
<ele>59.71219887090508</ele>
<time>2026-08-14T05:20:16.987Z</time>
</trkpt>
<trkpt lat="42.0259148" lon="2.838290900000004">
<ele>59.8634176374663</ele>
<time>2026-08-14T05:20:19.001Z</time>
</trkpt>
<trkpt lat="42.0259349" lon="2.838313999999997">
<ele>59.95852156621214</ele>
<time>2026-08-14T05:20:20.942Z</time>
</trkpt>
<trkpt lat="42.0259527" lon="2.838341899999989">
<ele>60.064022977544575</ele>
<time>2026-08-14T05:20:22.756Z</time>
</trkpt>
<trkpt lat="42.0259764" lon="2.8383819999999957">
<ele>60.19157085781505</ele>
<time>2026-08-14T05:20:24.939Z</time>
</trkpt>
<trkpt lat="42.0259963" lon="2.8384135000000015">
<ele>60.283634924870796</ele>
<time>2026-08-14T05:20:26.945Z</time>
</trkpt>
<trkpt lat="42.0260162" lon="2.8384431000000063">
<ele>60.32922122323045</ele>
<time>2026-08-14T05:20:28.942Z</time>
</trkpt>
<trkpt lat="42.026037" lon="2.8384757000000036">
<ele>60.337779426357436</ele>
<time>2026-08-14T05:20:31.026Z</time>
</trkpt>
<trkpt lat="42.0260523" lon="2.8385035000000016">
<ele>60.32337154507048</ele>
<time>2026-08-14T05:20:32.997Z</time>
</trkpt>
<trkpt lat="42.0260682" lon="2.838533600000005">
<ele>60.27915567400248</ele>
<time>2026-08-14T05:20:34.941Z</time>
</trkpt>
<trkpt lat="42.0260873" lon="2.8385624999999948">
<ele>60.17216054713413</ele>
<time>2026-08-14T05:20:36.942Z</time>
</trkpt>
<trkpt lat="42.026109" lon="2.8385869999999898">
<ele>59.99906220232982</ele>
<time>2026-08-14T05:20:38.942Z</time>
</trkpt>
<trkpt lat="42.0261269" lon="2.838616800000011">
<ele>59.82737499392197</ele>
<time>2026-08-14T05:20:40.942Z</time>
</trkpt>
<trkpt lat="42.0261455" lon="2.8386533000000043">
<ele>59.60522658961972</ele>
<time>2026-08-14T05:20:42.942Z</time>
</trkpt>
<trkpt lat="42.0261578" lon="2.838686300000006">
<ele>59.4166427224676</ele>
<time>2026-08-14T05:20:44.951Z</time>
</trkpt>
<trkpt lat="42.0261668" lon="2.8387240000000133">
<ele>59.20741761861306</ele>
<time>2026-08-14T05:20:46.887Z</time>
</trkpt>
<trkpt lat="42.0261732" lon="2.8387638000000095">
<ele>59.01295885412204</ele>
<time>2026-08-14T05:20:48.887Z</time>
</trkpt>
<trkpt lat="42.0261806" lon="2.8388042999999925">
<ele>58.82082676090693</ele>
<time>2026-08-14T05:20:50.917Z</time>
</trkpt>
<trkpt lat="42.0261872" lon="2.8388424999999984">
<ele>58.65026318959269</ele>
<time>2026-08-14T05:20:52.909Z</time>
</trkpt>
<trkpt lat="42.0261947" lon="2.8388808999999924">
<ele>58.48552626986088</ele>
<time>2026-08-14T05:20:54.924Z</time>
</trkpt>
<trkpt lat="42.0262063" lon="2.8389185999999995">
<ele>58.326121051590974</ele>
<time>2026-08-14T05:20:56.917Z</time>
</trkpt>
<trkpt lat="42.0262253" lon="2.8389549999999986">
<ele>58.182905141660804</ele>
<time>2026-08-14T05:20:58.932Z</time>
</trkpt>
<trkpt lat="42.0262389" lon="2.8389914999999917">
<ele>58.069734103671095</ele>
<time>2026-08-14T05:21:00.946Z</time>
</trkpt>
<trkpt lat="42.0262562" lon="2.8390228000000093">
<ele>57.97486235406265</ele>
<time>2026-08-14T05:21:02.905Z</time>
</trkpt>
<trkpt lat="42.0262693" lon="2.839052500000008">
<ele>57.89413771242864</ele>
<time>2026-08-14T05:21:04.725Z</time>
</trkpt>
<trkpt lat="42.0262826" lon="2.8390885999999966">
<ele>57.80461690356168</ele>
<time>2026-08-14T05:21:06.748Z</time>
</trkpt>
<trkpt lat="42.0263026" lon="2.839124599999991">
<ele>57.723335626799994</ele>
<time>2026-08-14T05:21:08.803Z</time>
</trkpt>
<trkpt lat="42.02632" lon="2.8391530000000103">
<ele>57.667570602144245</ele>
<time>2026-08-14T05:21:10.762Z</time>
</trkpt>
<trkpt lat="42.0263356" lon="2.8391877999999906">
<ele>57.60635513948961</ele>
<time>2026-08-14T05:21:12.809Z</time>
</trkpt>
<trkpt lat="42.0263527" lon="2.839217600000012">
<ele>57.56362998278694</ele>
<time>2026-08-14T05:21:14.828Z</time>
</trkpt>
<trkpt lat="42.0263754" lon="2.8392537000000004">
<ele>57.55057463690251</ele>
<time>2026-08-14T05:21:16.903Z</time>
</trkpt>
<trkpt lat="42.0263934" lon="2.839282300000008">
<ele>57.54382431116691</ele>
<time>2026-08-14T05:21:18.886Z</time>
</trkpt>
<trkpt lat="42.0264087" lon="2.8393163000000072">
<ele>57.53129107611608</ele>
<time>2026-08-14T05:21:20.822Z</time>
</trkpt>
<trkpt lat="42.0264258" lon="2.8393547999999953">
<ele>57.51911094138224</ele>
<time>2026-08-14T05:21:22.885Z</time>
</trkpt>
<trkpt lat="42.0264448" lon="2.8393905000000075">
<ele>57.63842844114959</ele>
<time>2026-08-14T05:21:24.948Z</time>
</trkpt>
<trkpt lat="42.0264617" lon="2.839422500000012">
<ele>57.76813084933335</ele>
<time>2026-08-14T05:21:26.908Z</time>
</trkpt>
<trkpt lat="42.0264795" lon="2.839459500000004">
<ele>57.930119493321975</ele>
<time>2026-08-14T05:21:29.027Z</time>
</trkpt>
<trkpt lat="42.0264953" lon="2.8394897000000014">
<ele>58.094906659163684</ele>
<time>2026-08-14T05:21:30.902Z</time>
</trkpt>
<trkpt lat="42.0265155" lon="2.839527000000004">
<ele>58.29208609952912</ele>
<time>2026-08-14T05:21:33.009Z</time>
</trkpt>
<trkpt lat="42.0265323" lon="2.8395610000000033">
<ele>58.43643552207525</ele>
<time>2026-08-14T05:21:34.917Z</time>
</trkpt>
<trkpt lat="42.0265485" lon="2.8395969000000036">
<ele>58.56291935842413</ele>
<time>2026-08-14T05:21:37.012Z</time>
</trkpt>
<trkpt lat="42.0265631" lon="2.8396352000000036">
<ele>58.6622376937037</ele>
<time>2026-08-14T05:21:38.907Z</time>
</trkpt>
<trkpt lat="42.0265805" lon="2.839675199999988">
<ele>58.77198974323206</ele>
<time>2026-08-14T05:21:40.742Z</time>
</trkpt>
<trkpt lat="42.0265942" lon="2.839704100000006">
<ele>58.85178224308099</ele>
<time>2026-08-14T05:21:42.781Z</time>
</trkpt>
<trkpt lat="42.026613" lon="2.83973739999999">
<ele>58.95707419241769</ele>
<time>2026-08-14T05:21:44.788Z</time>
</trkpt>
<trkpt lat="42.026631" lon="2.839769600000011">
<ele>59.04595363186639</ele>
<time>2026-08-14T05:21:46.827Z</time>
</trkpt>
<trkpt lat="42.0266499" lon="2.83980600000001">
<ele>59.27699487019228</ele>
<time>2026-08-14T05:21:48.882Z</time>
</trkpt>
<trkpt lat="42.0266662" lon="2.839834599999989">
<ele>59.51581112944917</ele>
<time>2026-08-14T05:21:50.929Z</time>
</trkpt>
<trkpt lat="42.0266828" lon="2.8398631999999964">
<ele>59.771743965210476</ele>
<time>2026-08-14T05:21:52.967Z</time>
</trkpt>
<trkpt lat="42.0266965" lon="2.839896799999991">
<ele>60.038657543958195</ele>
<time>2026-08-14T05:21:55.005Z</time>
</trkpt>
<trkpt lat="42.0267099" lon="2.8399214000000086">
<ele>60.18795377619668</ele>
<time>2026-08-14T05:21:56.887Z</time>
</trkpt>
<trkpt lat="42.0267242" lon="2.8399530000000084">
<ele>60.230703500174855</ele>
<time>2026-08-14T05:21:58.887Z</time>
</trkpt>
<trkpt lat="42.026739" lon="2.8399869000000137">
<ele>60.22780790575615</ele>
<time>2026-08-14T05:22:00.916Z</time>
</trkpt>
<trkpt lat="42.0267507" lon="2.8400211999999954">
<ele>60.2035588030444</ele>
<time>2026-08-14T05:22:02.890Z</time>
</trkpt>
<trkpt lat="42.0267648" lon="2.8400570000000016">
<ele>60.11425818277262</ele>
<time>2026-08-14T05:22:04.905Z</time>
</trkpt>
<trkpt lat="42.0267806" lon="2.8400938999999994">
<ele>60.06424585951298</ele>
<time>2026-08-14T05:22:06.904Z</time>
</trkpt>
<trkpt lat="42.0267902" lon="2.84012580000001">
<ele>60.053453773337175</ele>
<time>2026-08-14T05:22:08.894Z</time>
</trkpt>
<trkpt lat="42.0267987" lon="2.8401609000000008">
<ele>60.054329968043255</ele>
<time>2026-08-14T05:22:10.909Z</time>
</trkpt>
<trkpt lat="42.0268146" lon="2.8401983999999914">
<ele>59.93597198050218</ele>
<time>2026-08-14T05:22:12.924Z</time>
</trkpt>
<trkpt lat="42.0268211" lon="2.8402341999999976">
<ele>59.93591494815722</ele>
<time>2026-08-14T05:22:14.938Z</time>
</trkpt>
<trkpt lat="42.0268233" lon="2.840278000000012">
<ele>60.01914699602462</ele>
<time>2026-08-14T05:22:16.944Z</time>
</trkpt>
<trkpt lat="42.0268284" lon="2.840316599999994">
<ele>60.03179338518246</ele>
<time>2026-08-14T05:22:18.959Z</time>
</trkpt>
<trkpt lat="42.0268352" lon="2.840349599999996">
<ele>60.00465841919738</ele>
<time>2026-08-14T05:22:20.763Z</time>
</trkpt>
<trkpt lat="42.0268383" lon="2.8403889999999876">
<ele>60.07828194403763</ele>
<time>2026-08-14T05:22:22.802Z</time>
</trkpt>
<trkpt lat="42.0268421" lon="2.840424000000013">
<ele>60.11926612645813</ele>
<time>2026-08-14T05:22:24.808Z</time>
</trkpt>
<trkpt lat="42.0268554" lon="2.840460500000006">
<ele>59.964828948348696</ele>
<time>2026-08-14T05:22:26.823Z</time>
</trkpt>
<trkpt lat="42.0268605" lon="2.840496800000011">
<ele>59.96711103901988</ele>
<time>2026-08-14T05:22:28.862Z</time>
</trkpt>
<trkpt lat="42.0268683" lon="2.8405341000000135">
<ele>59.90685532654165</ele>
<time>2026-08-14T05:22:30.869Z</time>
</trkpt>
<trkpt lat="42.0268836" lon="2.840576700000014">
<ele>59.68134954553811</ele>
<time>2026-08-14T05:22:32.788Z</time>
</trkpt>
<trkpt lat="42.0268973" lon="2.840615899999989">
<ele>59.44251361105558</ele>
<time>2026-08-14T05:22:34.844Z</time>
</trkpt>
<trkpt lat="42.0269108" lon="2.8406583999999953">
<ele>59.019900736200526</ele>
<time>2026-08-14T05:22:36.946Z</time>
</trkpt>
<trkpt lat="42.026926" lon="2.840700499999997">
<ele>58.58168220084259</ele>
<time>2026-08-14T05:22:38.985Z</time>
</trkpt>
<trkpt lat="42.0269389" lon="2.8407320999999968">
<ele>58.23615481778907</ele>
<time>2026-08-14T05:22:40.908Z</time>
</trkpt>
<trkpt lat="42.0269499" lon="2.8407671999999877">
<ele>57.9373409776221</ele>
<time>2026-08-14T05:22:42.995Z</time>
</trkpt>
<trkpt lat="42.0269573" lon="2.840801599999992">
<ele>57.724837217373164</ele>
<time>2026-08-14T05:22:44.899Z</time>
</trkpt>
<trkpt lat="42.0269641" lon="2.840836700000011">
<ele>57.53170693713141</ele>
<time>2026-08-14T05:22:46.726Z</time>
</trkpt>
<trkpt lat="42.0269756" lon="2.8408675000000017">
<ele>57.26572826407498</ele>
<time>2026-08-14T05:22:48.749Z</time>
</trkpt>
<trkpt lat="42.0269878" lon="2.840901300000013">
<ele>57.07472833819438</ele>
<time>2026-08-14T05:22:50.789Z</time>
</trkpt>
<trkpt lat="42.0269989" lon="2.8409427999999934">
<ele>56.945260459189676</ele>
<time>2026-08-14T05:22:52.787Z</time>
</trkpt>
<trkpt lat="42.0270034" lon="2.840975500000013">
<ele>56.85496510133062</ele>
<time>2026-08-14T05:22:54.786Z</time>
</trkpt>
<trkpt lat="42.0270089" lon="2.8410154999999975">
<ele>56.747949643403864</ele>
<time>2026-08-14T05:22:56.824Z</time>
</trkpt>
<trkpt lat="42.0270118" lon="2.841048199999989">
<ele>56.664585755616905</ele>
<time>2026-08-14T05:22:58.803Z</time>
</trkpt>
<trkpt lat="42.0270185" lon="2.8410935999999936">
<ele>56.55037659183188</ele>
<time>2026-08-14T05:23:00.887Z</time>
</trkpt>
<trkpt lat="42.0270266" lon="2.841127400000005">
<ele>56.468282657411144</ele>
<time>2026-08-14T05:23:02.903Z</time>
</trkpt>
<trkpt lat="42.0270412" lon="2.841159800000014">
<ele>56.39489915511206</ele>
<time>2026-08-14T05:23:04.966Z</time>
</trkpt>
<trkpt lat="42.0270559" lon="2.8411940000000016">
<ele>56.375775284605815</ele>
<time>2026-08-14T05:23:07.006Z</time>
</trkpt>
<trkpt lat="42.0270665" lon="2.841229900000002">
<ele>56.37370120176976</ele>
<time>2026-08-14T05:23:08.906Z</time>
</trkpt>
<trkpt lat="42.0270796" lon="2.841266399999995">
<ele>56.37298280409387</ele>
<time>2026-08-14T05:23:10.887Z</time>
</trkpt>
<trkpt lat="42.0270923" lon="2.841296199999988">
<ele>56.373682804423474</ele>
<time>2026-08-14T05:23:12.890Z</time>
</trkpt>
<trkpt lat="42.0270987" lon="2.8413467000000026">
<ele>56.37089410503737</ele>
<time>2026-08-14T05:23:14.887Z</time>
</trkpt>
<trkpt lat="42.0271029" lon="2.8413904999999886">
<ele>56.36840153370962</ele>
<time>2026-08-14T05:23:16.887Z</time>
</trkpt>
<trkpt lat="42.0271031" lon="2.8414319999999975">
<ele>56.364669863135354</ele>
<time>2026-08-14T05:23:18.822Z</time>
</trkpt>
<trkpt lat="42.0271124" lon="2.8414789999999925">
<ele>56.355375555705265</ele>
<time>2026-08-14T05:23:20.949Z</time>
</trkpt>
<trkpt lat="42.0271266" lon="2.8415147000000047">
<ele>56.350522087395454</ele>
<time>2026-08-14T05:23:22.988Z</time>
</trkpt>
<trkpt lat="42.0271367" lon="2.8415482999999995">
<ele>56.345721786231664</ele>
<time>2026-08-14T05:23:24.912Z</time>
</trkpt>
<trkpt lat="42.0271459" lon="2.8415812000000074">
<ele>56.34190485932853</ele>
<time>2026-08-14T05:23:26.928Z</time>
</trkpt>
<trkpt lat="42.0271551" lon="2.8416143999999974">
<ele>56.339287302133954</ele>
<time>2026-08-14T05:23:28.912Z</time>
</trkpt>
<trkpt lat="42.0271696" lon="2.841652900000014">
<ele>56.34130542876516</ele>
<time>2026-08-14T05:23:31.896Z</time>
</trkpt>
<trkpt lat="42.0271713" lon="2.841669599999989">
<ele>56.338646089904856</ele>
<time>2026-08-14T05:23:33.799Z</time>
</trkpt>
<trkpt lat="42.027172" lon="2.8416837999999984">
<ele>56.33576333404529</ele>
<time>2026-08-14T05:23:35.826Z</time>
</trkpt>
<trkpt lat="42.0271729" lon="2.841721000000007">
<ele>56.327440407788785</ele>
<time>2026-08-14T05:23:38.002Z</time>
</trkpt>
<trkpt lat="42.0271808" lon="2.8417645000000107">
<ele>56.34202780849776</ele>
<time>2026-08-14T05:23:40.025Z</time>
</trkpt>
<trkpt lat="42.0271934" lon="2.841811799999988">
<ele>56.36464531676214</ele>
<time>2026-08-14T05:23:42.049Z</time>
</trkpt>
<trkpt lat="42.0272034" lon="2.8418557999999905">
<ele>56.38455352234074</ele>
<time>2026-08-14T05:23:44.088Z</time>
</trkpt>
<trkpt lat="42.0272055" lon="2.841901500000006">
<ele>56.39612654564832</ele>
<time>2026-08-14T05:23:46.088Z</time>
</trkpt>
<trkpt lat="42.0272051" lon="2.841957100000002">
<ele>56.40677102606679</ele>
<time>2026-08-14T05:23:48.144Z</time>
</trkpt>
<trkpt lat="42.0272057" lon="2.8419930999999963">
<ele>56.41472740321979</ele>
<time>2026-08-14T05:23:50.183Z</time>
</trkpt>
<trkpt lat="42.0272063" lon="2.8420342000000005">
<ele>56.41755334038812</ele>
<time>2026-08-14T05:23:52.247Z</time>
</trkpt>
<trkpt lat="42.0272082" lon="2.842074800000006">
<ele>56.420189821814084</ele>
<time>2026-08-14T05:23:54.262Z</time>
</trkpt>
<trkpt lat="42.0272183" lon="2.8421194999999955">
<ele>56.43378902124081</ele>
<time>2026-08-14T05:23:56.304Z</time>
</trkpt>
<trkpt lat="42.0272283" lon="2.8421591000000035">
<ele>56.447615042394546</ele>
<time>2026-08-14T05:23:58.328Z</time>
</trkpt>
<trkpt lat="42.0272362" lon="2.8421989999999937">
<ele>56.45896610924502</ele>
<time>2026-08-14T05:24:00.384Z</time>
</trkpt>
<trkpt lat="42.0272414" lon="2.8422384000000136">
<ele>56.466878020095116</ele>
<time>2026-08-14T05:24:02.407Z</time>
</trkpt>
<trkpt lat="42.0272491" lon="2.8422773000000063">
<ele>56.47847871421982</ele>
<time>2026-08-14T05:24:04.448Z</time>
</trkpt>
<trkpt lat="42.0272532" lon="2.842316699999998">
<ele>56.44442812715803</ele>
<time>2026-08-14T05:24:06.464Z</time>
</trkpt>
<trkpt lat="42.0272551" lon="2.8423572000000092">
<ele>56.40203585766237</ele>
<time>2026-08-14T05:24:08.504Z</time>
</trkpt>
<trkpt lat="42.0272545" lon="2.842394100000007">
<ele>56.360025797079835</ele>
<time>2026-08-14T05:24:10.505Z</time>
</trkpt>
<trkpt lat="42.0272525" lon="2.842422400000004">
<ele>56.325425458865276</ele>
<time>2026-08-14T05:24:12.568Z</time>
</trkpt>
<trkpt lat="42.0272468" lon="2.8424454000000026">
<ele>56.29091688811225</ele>
<time>2026-08-14T05:24:14.584Z</time>
</trkpt>
<trkpt lat="42.0272407" lon="2.8424630000000093">
<ele>56.2616315287731</ele>
<time>2026-08-14T05:24:16.608Z</time>
</trkpt>
<trkpt lat="42.0272316" lon="2.842493300000001">
<ele>56.21299730627111</ele>
<time>2026-08-14T05:24:18.688Z</time>
</trkpt>
<trkpt lat="42.02723" lon="2.8425239000000033">
<ele>56.17567511035347</ele>
<time>2026-08-14T05:24:20.728Z</time>
</trkpt>
<trkpt lat="42.0272351" lon="2.842542000000009">
<ele>56.16344809380666</ele>
<time>2026-08-14T05:24:22.728Z</time>
</trkpt>
<trkpt lat="42.0272352" lon="2.8425770000000057">
<ele>56.14880057614948</ele>
<time>2026-08-14T05:24:24.728Z</time>
</trkpt>
<trkpt lat="42.0272356" lon="2.8426139000000035">
<ele>56.15875675562671</ele>
<time>2026-08-14T05:24:26.768Z</time>
</trkpt>
<trkpt lat="42.0272412" lon="2.8426503000000025">
<ele>56.17495671384665</ele>
<time>2026-08-14T05:24:28.808Z</time>
</trkpt>
<trkpt lat="42.0272456" lon="2.8426805">
<ele>56.18676114330327</ele>
<time>2026-08-14T05:24:30.824Z</time>
</trkpt>
<trkpt lat="42.0272399" lon="2.842713599999996">
<ele>56.18813494739669</ele>
<time>2026-08-14T05:24:32.808Z</time>
</trkpt>
<trkpt lat="42.027228" lon="2.8427566000000013">
<ele>56.18888245528028</ele>
<time>2026-08-14T05:24:34.808Z</time>
</trkpt>
<trkpt lat="42.0272227" lon="2.842785399999997">
<ele>56.193650947662846</ele>
<time>2026-08-14T05:24:36.807Z</time>
</trkpt>
<trkpt lat="42.0272216" lon="2.842821200000003">
<ele>56.2041839531203</ele>
<time>2026-08-14T05:24:38.807Z</time>
</trkpt>
<trkpt lat="42.0272221" lon="2.8428604000000064">
<ele>56.210500923197294</ele>
<time>2026-08-14T05:24:40.807Z</time>
</trkpt>
<trkpt lat="42.0272244" lon="2.842905000000002">
<ele>56.212479681922424</ele>
<time>2026-08-14T05:24:42.807Z</time>
</trkpt>
<trkpt lat="42.0272234" lon="2.84294460000001">
<ele>56.21395825522128</ele>
<time>2026-08-14T05:24:44.808Z</time>
</trkpt>
<trkpt lat="42.0272234" lon="2.842986200000013">
<ele>56.21549011865676</ele>
<time>2026-08-14T05:24:46.849Z</time>
</trkpt>
<trkpt lat="42.0272207" lon="2.843026299999991">
<ele>56.219186540727534</ele>
<time>2026-08-14T05:24:48.865Z</time>
</trkpt>
<trkpt lat="42.027218" lon="2.8430639999999983">
<ele>56.22414024284983</ele>
<time>2026-08-14T05:24:50.889Z</time>
</trkpt>
<trkpt lat="42.0272223" lon="2.8431004999999914">
<ele>56.221142926683896</ele>
<time>2026-08-14T05:24:52.848Z</time>
</trkpt>
<trkpt lat="42.0272262" lon="2.8431401999999935">
<ele>56.226151222429706</ele>
<time>2026-08-14T05:24:54.847Z</time>
</trkpt>
<trkpt lat="42.0272253" lon="2.843182100000007">
<ele>56.244484419802355</ele>
<time>2026-08-14T05:24:56.846Z</time>
</trkpt>
<trkpt lat="42.0272211" lon="2.843222499999996">
<ele>56.269641239444354</ele>
<time>2026-08-14T05:24:58.846Z</time>
</trkpt>
<trkpt lat="42.0272157" lon="2.843262100000004">
<ele>56.29946753659315</ele>
<time>2026-08-14T05:25:00.844Z</time>
</trkpt>
<trkpt lat="42.0272099" lon="2.843301099999991">
<ele>56.33281323225568</ele>
<time>2026-08-14T05:25:02.827Z</time>
</trkpt>
<trkpt lat="42.0272021" lon="2.843338100000011">
<ele>56.37372149466427</ele>
<time>2026-08-14T05:25:04.826Z</time>
</trkpt>
<trkpt lat="42.0271969" lon="2.8433759000000123">
<ele>56.41079554693879</ele>
<time>2026-08-14T05:25:06.825Z</time>
</trkpt>
<trkpt lat="42.027194" lon="2.843416899999994">
<ele>56.40523205950855</ele>
<time>2026-08-14T05:25:08.847Z</time>
</trkpt>
<trkpt lat="42.027189" lon="2.843455199999994">
<ele>56.37945192501133</ele>
<time>2026-08-14T05:25:10.847Z</time>
</trkpt>
<trkpt lat="42.0271933" lon="2.8434884000000125">
<ele>56.32978946766773</ele>
<time>2026-08-14T05:25:12.862Z</time>
</trkpt>
<trkpt lat="42.0271992" lon="2.84352770000001">
<ele>56.26881841053665</ele>
<time>2026-08-14T05:25:14.885Z</time>
</trkpt>
<trkpt lat="42.0271928" lon="2.8435790999999995">
<ele>56.232777225409116</ele>
<time>2026-08-14T05:25:16.885Z</time>
</trkpt>
<trkpt lat="42.0271857" lon="2.8436234000000127">
<ele>56.20602281938035</ele>
<time>2026-08-14T05:25:18.885Z</time>
</trkpt>
<trkpt lat="42.0271771" lon="2.843666799999994">
<ele>56.18416654325133</ele>
<time>2026-08-14T05:25:20.948Z</time>
</trkpt>
<trkpt lat="42.0271673" lon="2.8437088999999958">
<ele>56.18818256118382</ele>
<time>2026-08-14T05:25:22.988Z</time>
</trkpt>
<trkpt lat="42.0271611" lon="2.843749300000013">
<ele>56.18508086173363</ele>
<time>2026-08-14T05:25:25.004Z</time>
</trkpt>
<trkpt lat="42.0271566" lon="2.843781000000007">
<ele>56.18145766757943</ele>
<time>2026-08-14T05:25:26.904Z</time>
</trkpt>
<trkpt lat="42.0271534" lon="2.843817999999999">
<ele>56.17111133099511</ele>
<time>2026-08-14T05:25:28.888Z</time>
</trkpt>
<trkpt lat="42.0271532" lon="2.843861299999986">
<ele>56.148599039196526</ele>
<time>2026-08-14T05:25:30.904Z</time>
</trkpt>
<trkpt lat="42.027156" lon="2.8439035000000104">
<ele>56.117992049110114</ele>
<time>2026-08-14T05:25:32.936Z</time>
</trkpt>
<trkpt lat="42.027161" lon="2.843944599999986">
<ele>56.08171856872299</ele>
<time>2026-08-14T05:25:34.905Z</time>
</trkpt>
<trkpt lat="42.0271576" lon="2.8439902000000075">
<ele>56.09312740330734</ele>
<time>2026-08-14T05:25:36.912Z</time>
</trkpt>
<trkpt lat="42.0271432" lon="2.8440338000000054">
<ele>56.14166298717088</ele>
<time>2026-08-14T05:25:38.888Z</time>
</trkpt>
<trkpt lat="42.027124" lon="2.844079300000004">
<ele>56.20787897947842</ele>
<time>2026-08-14T05:25:40.913Z</time>
</trkpt>
<trkpt lat="42.0271085" lon="2.8441185000000075">
<ele>56.264256354722015</ele>
<time>2026-08-14T05:25:42.945Z</time>
</trkpt>
<trkpt lat="42.0270994" lon="2.84415580000001">
<ele>56.301589121776765</ele>
<time>2026-08-14T05:25:44.953Z</time>
</trkpt>
<trkpt lat="42.0270969" lon="2.844192700000008">
<ele>56.31809206159465</ele>
<time>2026-08-14T05:25:46.936Z</time>
</trkpt>
<trkpt lat="42.027087" lon="2.844229299999995">
<ele>56.357829574499675</ele>
<time>2026-08-14T05:25:48.886Z</time>
</trkpt>
<trkpt lat="42.0270807" lon="2.844265000000007">
<ele>56.32219194447489</ele>
<time>2026-08-14T05:25:50.706Z</time>
</trkpt>
<trkpt lat="42.0270715" lon="2.844305399999996">
<ele>56.29157900058844</ele>
<time>2026-08-14T05:25:52.722Z</time>
</trkpt>
<trkpt lat="42.0270615" lon="2.8443412000000023">
<ele>56.27389334893821</ele>
<time>2026-08-14T05:25:54.706Z</time>
</trkpt>
<trkpt lat="42.0270473" lon="2.844378699999993">
<ele>56.27309452968137</ele>
<time>2026-08-14T05:25:56.705Z</time>
</trkpt>
<trkpt lat="42.0270365" lon="2.8444160999999895">
<ele>56.26248133120046</ele>
<time>2026-08-14T05:25:58.745Z</time>
</trkpt>
<trkpt lat="42.0270189" lon="2.8444523000000004">
<ele>56.28554184508588</ele>
<time>2026-08-14T05:26:00.743Z</time>
</trkpt>
<trkpt lat="42.0270105" lon="2.844493">
<ele>56.267028046470514</ele>
<time>2026-08-14T05:26:02.742Z</time>
</trkpt>
<trkpt lat="42.0270109" lon="2.8445330000000126">
<ele>56.21865455925838</ele>
<time>2026-08-14T05:26:04.669Z</time>
</trkpt>
<trkpt lat="42.0270084" lon="2.844572499999998">
<ele>56.186352003099955</ele>
<time>2026-08-14T05:26:06.749Z</time>
</trkpt>
<trkpt lat="42.0270024" lon="2.84460949999999">
<ele>56.169906902896045</ele>
<time>2026-08-14T05:26:08.749Z</time>
</trkpt>
<trkpt lat="42.0269928" lon="2.844645000000014">
<ele>56.16699612500134</ele>
<time>2026-08-14T05:26:10.724Z</time>
</trkpt>
<trkpt lat="42.0269839" lon="2.844682000000006">
<ele>56.1566426873636</ele>
<time>2026-08-14T05:26:12.804Z</time>
</trkpt>
<trkpt lat="42.0269724" lon="2.8447200999999893">
<ele>56.1525901120829</ele>
<time>2026-08-14T05:26:14.868Z</time>
</trkpt>
<trkpt lat="42.0269615" lon="2.8447543999999994">
<ele>56.158129170930195</ele>
<time>2026-08-14T05:26:16.803Z</time>
</trkpt>
<trkpt lat="42.0269497" lon="2.8447926000000052">
<ele>56.1892691244848</ele>
<time>2026-08-14T05:26:18.842Z</time>
</trkpt>
<trkpt lat="42.026938" lon="2.8448271999999974">
<ele>56.28166503439107</ele>
<time>2026-08-14T05:26:20.787Z</time>
</trkpt>
<trkpt lat="42.0269262" lon="2.844871299999994">
<ele>56.38346725139969</ele>
<time>2026-08-14T05:26:22.787Z</time>
</trkpt>
<trkpt lat="42.0269199" lon="2.8449032000000045">
<ele>56.446379753010305</ele>
<time>2026-08-14T05:26:24.802Z</time>
</trkpt>
<trkpt lat="42.0269092" lon="2.8449401999999964">
<ele>56.53114095747754</ele>
<time>2026-08-14T05:26:26.826Z</time>
</trkpt>
<trkpt lat="42.0269007" lon="2.8449813000000006">
<ele>56.609935877968205</ele>
<time>2026-08-14T05:26:28.922Z</time>
</trkpt>
<trkpt lat="42.0268939" lon="2.8450175000000115">
<ele>56.67520492208464</ele>
<time>2026-08-14T05:26:30.946Z</time>
</trkpt>
<trkpt lat="42.0268865" lon="2.8450478000000032">
<ele>56.734913740684085</ele>
<time>2026-08-14T05:26:32.758Z</time>
</trkpt>
<trkpt lat="42.0268761" lon="2.8450818000000027">
<ele>56.8197679560222</ele>
<time>2026-08-14T05:26:34.569Z</time>
</trkpt>
<trkpt lat="42.0268665" lon="2.8451168999999936">
<ele>56.90950483618285</ele>
<time>2026-08-14T05:26:36.584Z</time>
</trkpt>
<trkpt lat="42.0268554" lon="2.845157599999993">
<ele>57.00871338626782</ele>
<time>2026-08-14T05:26:38.624Z</time>
</trkpt>
<trkpt lat="42.0268459" lon="2.845189299999987">
<ele>57.08488219824668</ele>
<time>2026-08-14T05:26:40.606Z</time>
</trkpt>
<trkpt lat="42.0268343" lon="2.8452269">
<ele>57.17170187270276</ele>
<time>2026-08-14T05:26:42.647Z</time>
</trkpt>
<trkpt lat="42.0268208" lon="2.8452648999999894">
<ele>57.25873491524125</ele>
<time>2026-08-14T05:26:44.687Z</time>
</trkpt>
<trkpt lat="42.0268095" lon="2.845300000000009">
<ele>57.331408142206</ele>
<time>2026-08-14T05:26:46.726Z</time>
</trkpt>
<trkpt lat="42.0267956" lon="2.8453389000000016">
<ele>57.40947439822282</ele>
<time>2026-08-14T05:26:48.741Z</time>
</trkpt>
<trkpt lat="42.0267857" lon="2.8453668999999877">
<ele>57.342789865824535</ele>
<time>2026-08-14T05:26:50.789Z</time>
</trkpt>
<trkpt lat="42.0267757" lon="2.8453989999999862">
<ele>57.26234313990667</ele>
<time>2026-08-14T05:26:52.788Z</time>
</trkpt>
<trkpt lat="42.0267638" lon="2.8454348999999866">
<ele>57.185796439578525</ele>
<time>2026-08-14T05:26:54.843Z</time>
</trkpt>
<trkpt lat="42.026752" lon="2.8454662999999982">
<ele>57.13429193131936</ele>
<time>2026-08-14T05:26:56.867Z</time>
</trkpt>
<trkpt lat="42.026735" lon="2.8455002000000036">
<ele>57.1090405513232</ele>
<time>2026-08-14T05:26:58.867Z</time>
</trkpt>
<trkpt lat="42.0267226" lon="2.845523500000013">
<ele>57.10468949661086</ele>
<time>2026-08-14T05:27:00.906Z</time>
</trkpt>
<trkpt lat="42.0267066" lon="2.845553200000012">
<ele>57.11227130740216</ele>
<time>2026-08-14T05:27:02.922Z</time>
</trkpt>
<trkpt lat="42.0266921" lon="2.845583299999987">
<ele>57.13378237683676</ele>
<time>2026-08-14T05:27:04.922Z</time>
</trkpt>
<trkpt lat="42.0266778" lon="2.845613500000013">
<ele>57.17402716260134</ele>
<time>2026-08-14T05:27:06.887Z</time>
</trkpt>
<trkpt lat="42.0266611" lon="2.845643999999993">
<ele>57.2054261364489</ele>
<time>2026-08-14T05:27:08.968Z</time>
</trkpt>
<trkpt lat="42.0266475" lon="2.8456722999999897">
<ele>57.20901962555524</ele>
<time>2026-08-14T05:27:10.907Z</time>
</trkpt>
<trkpt lat="42.0266327" lon="2.845704899999987">
<ele>57.20106186768155</ele>
<time>2026-08-14T05:27:12.922Z</time>
</trkpt>
<trkpt lat="42.0266174" lon="2.8457315999999935">
<ele>57.20960961246126</ele>
<time>2026-08-14T05:27:14.937Z</time>
</trkpt>
<trkpt lat="42.026602" lon="2.8457583">
<ele>57.21320227591855</ele>
<time>2026-08-14T05:27:16.952Z</time>
</trkpt>
<trkpt lat="42.0265858" lon="2.845779499999992">
<ele>57.235715540149705</ele>
<time>2026-08-14T05:27:18.887Z</time>
</trkpt>
<trkpt lat="42.0265652" lon="2.8458115999999904">
<ele>57.23836427500331</ele>
<time>2026-08-14T05:27:20.981Z</time>
</trkpt>
<trkpt lat="42.0265542" lon="2.8458379999999863">
<ele>57.20078206398585</ele>
<time>2026-08-14T05:27:22.887Z</time>
</trkpt>
<trkpt lat="42.0265368" lon="2.845867900000002">
<ele>57.179886029015464</ele>
<time>2026-08-14T05:27:24.898Z</time>
</trkpt>
<trkpt lat="42.0265239" lon="2.845901099999992">
<ele>57.11320355124309</ele>
<time>2026-08-14T05:27:26.913Z</time>
</trkpt>
<trkpt lat="42.0265116" lon="2.8459358000000066">
<ele>57.012001435004066</ele>
<time>2026-08-14T05:27:28.927Z</time>
</trkpt>
<trkpt lat="42.026499" lon="2.845969700000012">
<ele>56.90608633442973</ele>
<time>2026-08-14T05:27:30.769Z</time>
</trkpt>
<trkpt lat="42.0264863" lon="2.846004700000009">
<ele>56.7851318815992</ele>
<time>2026-08-14T05:27:32.768Z</time>
</trkpt>
<trkpt lat="42.0264703" lon="2.8460417999999947">
<ele>56.654479267538115</ele>
<time>2026-08-14T05:27:34.824Z</time>
</trkpt>
<trkpt lat="42.0264545" lon="2.846076299999993">
<ele>56.523457988995695</ele>
<time>2026-08-14T05:27:36.783Z</time>
</trkpt>
<trkpt lat="42.0264413" lon="2.8461149999999975">
<ele>56.349562876982894</ele>
<time>2026-08-14T05:27:38.766Z</time>
</trkpt>
<trkpt lat="42.0264251" lon="2.846159499999999">
<ele>56.140693355815365</ele>
<time>2026-08-14T05:27:40.869Z</time>
</trkpt>
<trkpt lat="42.0264121" lon="2.8461957000000098">
<ele>56.154744354314715</ele>
<time>2026-08-14T05:27:42.884Z</time>
</trkpt>
<trkpt lat="42.0263976" lon="2.846232299999997">
<ele>56.24711645065373</ele>
<time>2026-08-14T05:27:44.883Z</time>
</trkpt>
<trkpt lat="42.0263794" lon="2.84626990000001">
<ele>56.350291679132475</ele>
<time>2026-08-14T05:27:46.905Z</time>
</trkpt>
<trkpt lat="42.0263646" lon="2.8463000000000136">
<ele>56.419046292990465</ele>
<time>2026-08-14T05:27:48.847Z</time>
</trkpt>
<trkpt lat="42.026348" lon="2.8463335000000143">
<ele>56.47995072623271</ele>
<time>2026-08-14T05:27:50.925Z</time>
</trkpt>
<trkpt lat="42.0263323" lon="2.846372500000001">
<ele>56.50649030310849</ele>
<time>2026-08-14T05:27:52.924Z</time>
</trkpt>
<trkpt lat="42.026317" lon="2.846407699999986">
<ele>56.52022788383878</ele>
<time>2026-08-14T05:27:54.986Z</time>
</trkpt>
<trkpt lat="42.0262997" lon="2.846439099999998">
<ele>56.53683157189168</ele>
<time>2026-08-14T05:27:56.911Z</time>
</trkpt>
<trkpt lat="42.0262851" lon="2.8464826999999957">
<ele>56.64507522396768</ele>
<time>2026-08-14T05:27:58.926Z</time>
</trkpt>
<trkpt lat="42.0262674" lon="2.8465208000000075">
<ele>56.80905180360713</ele>
<time>2026-08-14T05:28:00.933Z</time>
</trkpt>
<trkpt lat="42.0262479" lon="2.8465493999999865">
<ele>56.93996827449546</ele>
<time>2026-08-14T05:28:02.949Z</time>
</trkpt>
<trkpt lat="42.0262236" lon="2.8465831000000037">
<ele>57.07634901312914</ele>
<time>2026-08-14T05:28:04.887Z</time>
</trkpt>
<trkpt lat="42.0262082" lon="2.846603600000009">
<ele>57.14875444112879</ele>
<time>2026-08-14T05:28:06.727Z</time>
</trkpt>
<trkpt lat="42.0261883" lon="2.846634899999998">
<ele>57.23312668719555</ele>
<time>2026-08-14T05:28:08.767Z</time>
</trkpt>
<trkpt lat="42.0261706" lon="2.8466667000000143">
<ele>57.295336581353084</ele>
<time>2026-08-14T05:28:10.806Z</time>
</trkpt>
<trkpt lat="42.0261509" lon="2.846698900000007">
<ele>57.342966272470626</ele>
<time>2026-08-14T05:28:12.868Z</time>
</trkpt>
<trkpt lat="42.0261327" lon="2.8467343000000085">
<ele>57.39013026540871</ele>
<time>2026-08-14T05:28:14.882Z</time>
</trkpt>
<trkpt lat="42.0261122" lon="2.8467656999999917">
<ele>57.37872984761417</ele>
<time>2026-08-14T05:28:16.945Z</time>
</trkpt>
<trkpt lat="42.026093" lon="2.846798000000007">
<ele>57.34820713495833</ele>
<time>2026-08-14T05:28:18.968Z</time>
</trkpt>
<trkpt lat="42.0260759" lon="2.846830600000004">
<ele>57.29991737994702</ele>
<time>2026-08-14T05:28:20.984Z</time>
</trkpt>
<trkpt lat="42.0260607" lon="2.846865400000013">
<ele>57.23160662562451</ele>
<time>2026-08-14T05:28:22.885Z</time>
</trkpt>
<trkpt lat="42.0260419" lon="2.846894099999986">
<ele>57.168081256230806</ele>
<time>2026-08-14T05:28:24.806Z</time>
</trkpt>
<trkpt lat="42.0260249" lon="2.846924699999988">
<ele>57.08623462478002</ele>
<time>2026-08-14T05:28:26.869Z</time>
</trkpt>
<trkpt lat="42.026009" lon="2.846955600000001">
<ele>56.99151077170001</ele>
<time>2026-08-14T05:28:28.920Z</time>
</trkpt>
<trkpt lat="42.025993" lon="2.8469882999999925">
<ele>56.87918178399651</ele>
<time>2026-08-14T05:28:30.868Z</time>
</trkpt>
<trkpt lat="42.0259738" lon="2.8470205000000135">
<ele>56.75168942756219</ele>
<time>2026-08-14T05:28:32.948Z</time>
</trkpt>
<trkpt lat="42.0259517" lon="2.8470484000000056">
<ele>56.63519574051639</ele>
<time>2026-08-14T05:28:34.968Z</time>
</trkpt>
<trkpt lat="42.025928" lon="2.8470762000000036">
<ele>56.52545856437239</ele>
<time>2026-08-14T05:28:36.982Z</time>
</trkpt>
<trkpt lat="42.0259085" lon="2.847105499999998">
<ele>56.42075892472911</ele>
<time>2026-08-14T05:28:38.886Z</time>
</trkpt>
<trkpt lat="42.0258878" lon="2.84713450000001">
<ele>56.32352286968488</ele>
<time>2026-08-14T05:28:40.900Z</time>
</trkpt>
<trkpt lat="42.0258654" lon="2.8471629000000007">
<ele>56.24515803138676</ele>
<time>2026-08-14T05:28:42.914Z</time>
</trkpt>
<trkpt lat="42.0258419" lon="2.8471891000000085">
<ele>56.22327802895642</ele>
<time>2026-08-14T05:28:44.929Z</time>
</trkpt>
<trkpt lat="42.0258199" lon="2.8472136999999975">
<ele>56.196038489892494</ele>
<time>2026-08-14T05:28:46.943Z</time>
</trkpt>
<trkpt lat="42.0258052" lon="2.847237000000007">
<ele>56.151633413529005</ele>
<time>2026-08-14T05:28:48.746Z</time>
</trkpt>
<trkpt lat="42.0257823" lon="2.8472637000000134">
<ele>56.10747977777191</ele>
<time>2026-08-14T05:28:50.745Z</time>
</trkpt>
<trkpt lat="42.0257585" lon="2.847292100000004">
<ele>56.055845842763425</ele>
<time>2026-08-14T05:28:52.743Z</time>
</trkpt>
<trkpt lat="42.0257335" lon="2.8473227000000065">
<ele>56.018093549002685</ele>
<time>2026-08-14T05:28:54.742Z</time>
</trkpt>
<trkpt lat="42.0257118" lon="2.847348199999999">
<ele>55.98375379168365</ele>
<time>2026-08-14T05:28:56.763Z</time>
</trkpt>
<trkpt lat="42.0256901" lon="2.8473768000000064">
<ele>55.936613104421916</ele>
<time>2026-08-14T05:28:58.722Z</time>
</trkpt>
<trkpt lat="42.0256646" lon="2.8474118000000033">
<ele>55.87139359790711</ele>
<time>2026-08-14T05:29:00.704Z</time>
</trkpt>
<trkpt lat="42.0256444" lon="2.847436600000009">
<ele>55.82391745175418</ele>
<time>2026-08-14T05:29:02.687Z</time>
</trkpt>
<trkpt lat="42.0256227" lon="2.8474620000000073">
<ele>55.77269417434313</ele>
<time>2026-08-14T05:29:04.685Z</time>
</trkpt>
<trkpt lat="42.0256012" lon="2.8474874999999997">
<ele>55.71694801888734</ele>
<time>2026-08-14T05:29:06.708Z</time>
</trkpt>
<trkpt lat="42.0255784" lon="2.8475123999999994">
<ele>55.69268515484445</ele>
<time>2026-08-14T05:29:08.723Z</time>
</trkpt>
<trkpt lat="42.0255518" lon="2.84753520000001">
<ele>55.70921376379259</ele>
<time>2026-08-14T05:29:10.785Z</time>
</trkpt>
<trkpt lat="42.025531" lon="2.847563000000008">
<ele>55.68383947086653</ele>
<time>2026-08-14T05:29:12.825Z</time>
</trkpt>
<trkpt lat="42.0255084" lon="2.847591300000005">
<ele>55.67124839395552</ele>
<time>2026-08-14T05:29:14.864Z</time>
</trkpt>
<trkpt lat="42.0254859" lon="2.847615300000001">
<ele>55.659831086187104</ele>
<time>2026-08-14T05:29:16.863Z</time>
</trkpt>
<trkpt lat="42.0254625" lon="2.847641699999997">
<ele>55.629598011253584</ele>
<time>2026-08-14T05:29:18.863Z</time>
</trkpt>
<trkpt lat="42.0254375" lon="2.847668900000002">
<ele>55.585340923887266</ele>
<time>2026-08-14T05:29:20.863Z</time>
</trkpt>
<trkpt lat="42.0254155" lon="2.847695399999992">
<ele>55.522902485834535</ele>
<time>2026-08-14T05:29:22.885Z</time>
</trkpt>
<trkpt lat="42.025394" lon="2.8477252000000135">
<ele>55.431937830129</ele>
<time>2026-08-14T05:29:24.909Z</time>
</trkpt>
<trkpt lat="42.0253724" lon="2.847756299999986">
<ele>55.32029029306163</ele>
<time>2026-08-14T05:29:26.908Z</time>
</trkpt>
<trkpt lat="42.0253511" lon="2.8477847000000054">
<ele>55.205912433384356</ele>
<time>2026-08-14T05:29:28.923Z</time>
</trkpt>
<trkpt lat="42.0253292" lon="2.8478154000000018">
<ele>55.06608604838349</ele>
<time>2026-08-14T05:29:30.929Z</time>
</trkpt>
<trkpt lat="42.0253071" lon="2.8478449000000126">
<ele>54.946910105874515</ele>
<time>2026-08-14T05:29:32.928Z</time>
</trkpt>
<trkpt lat="42.0252878" lon="2.8478765000000124">
<ele>54.9945939022231</ele>
<time>2026-08-14T05:29:34.943Z</time>
</trkpt>
<trkpt lat="42.0252673" lon="2.847908200000006">
<ele>55.0434087415649</ele>
<time>2026-08-14T05:29:36.982Z</time>
</trkpt>
<trkpt lat="42.025248" lon="2.8479402000000107">
<ele>55.08216322932841</ele>
<time>2026-08-14T05:29:38.969Z</time>
</trkpt>
<trkpt lat="42.0252298" lon="2.847972800000008">
<ele>55.111147156130144</ele>
<time>2026-08-14T05:29:40.985Z</time>
</trkpt>
<trkpt lat="42.0252093" lon="2.8480036999999925">
<ele>55.14844227950838</ele>
<time>2026-08-14T05:29:42.888Z</time>
</trkpt>
<trkpt lat="42.0251861" lon="2.8480362999999898">
<ele>55.18953546015441</ele>
<time>2026-08-14T05:29:44.904Z</time>
</trkpt>
<trkpt lat="42.0251658" lon="2.8480623000000094">
<ele>55.225779607601694</ele>
<time>2026-08-14T05:29:46.920Z</time>
</trkpt>
<trkpt lat="42.025144" lon="2.8480908999999883">
<ele>55.259502615265745</ele>
<time>2026-08-14T05:29:48.936Z</time>
</trkpt>
<trkpt lat="42.0251238" lon="2.8481212000000085">
<ele>55.279765270300025</ele>
<time>2026-08-14T05:29:50.952Z</time>
</trkpt>
<trkpt lat="42.0251026" lon="2.848150299999986">
<ele>55.38680865344525</ele>
<time>2026-08-14T05:29:52.967Z</time>
</trkpt>
<trkpt lat="42.0250818" lon="2.8481789999999876">
<ele>55.50179362718467</ele>
<time>2026-08-14T05:29:54.886Z</time>
</trkpt>
<trkpt lat="42.0250628" lon="2.8482104999999933">
<ele>55.61918229092069</ele>
<time>2026-08-14T05:29:56.887Z</time>
</trkpt>
<trkpt lat="42.0250429" lon="2.848245100000014">
<ele>55.75125510483122</ele>
<time>2026-08-14T05:29:58.903Z</time>
</trkpt>
<trkpt lat="42.0250186" lon="2.848275599999994">
<ele>55.848746237618464</ele>
<time>2026-08-14T05:30:00.920Z</time>
</trkpt>
<trkpt lat="42.0249969" lon="2.848304200000001">
<ele>55.89601070679429</ele>
<time>2026-08-14T05:30:02.937Z</time>
</trkpt>
<trkpt lat="42.0249769" lon="2.8483350999999857">
<ele>55.92369854818506</ele>
<time>2026-08-14T05:30:04.953Z</time>
</trkpt>
<trkpt lat="42.0249573" lon="2.8483665999999914">
<ele>55.93133949272059</ele>
<time>2026-08-14T05:30:06.886Z</time>
</trkpt>
<trkpt lat="42.0249395" lon="2.8484015999999883">
<ele>55.921059440318906</ele>
<time>2026-08-14T05:30:08.886Z</time>
</trkpt>
<trkpt lat="42.024923" lon="2.848436899999996">
<ele>55.94702144449329</ele>
<time>2026-08-14T05:30:10.890Z</time>
</trkpt>
<trkpt lat="42.0249059" lon="2.8484717000000046">
<ele>55.98212231591494</ele>
<time>2026-08-14T05:30:12.906Z</time>
</trkpt>
<trkpt lat="42.0248864" lon="2.8485073999999884">
<ele>56.0286988738896</ele>
<time>2026-08-14T05:30:14.922Z</time>
</trkpt>
<trkpt lat="42.0248689" lon="2.848542699999996">
<ele>56.08598627230142</ele>
<time>2026-08-14T05:30:16.886Z</time>
</trkpt>
<trkpt lat="42.0248519" lon="2.8485795999999937">
<ele>56.15641901082786</ele>
<time>2026-08-14T05:30:18.897Z</time>
</trkpt>
<trkpt lat="42.0248332" lon="2.848615300000006">
<ele>56.23684215149096</ele>
<time>2026-08-14T05:30:20.913Z</time>
</trkpt>
<trkpt lat="42.0248183" lon="2.8486514999999883">
<ele>56.32513910220176</ele>
<time>2026-08-14T05:30:22.929Z</time>
</trkpt>
<trkpt lat="42.0248084" lon="2.8486937000000125">
<ele>56.487990647485255</ele>
<time>2026-08-14T05:30:24.945Z</time>
</trkpt>
<trkpt lat="42.0248002" lon="2.848736599999995">
<ele>56.76657688372693</ele>
<time>2026-08-14T05:30:26.961Z</time>
</trkpt>
<trkpt lat="42.0247906" lon="2.8487759999999867">
<ele>57.02973133118503</ele>
<time>2026-08-14T05:30:28.976Z</time>
</trkpt>
<trkpt lat="42.0247752" lon="2.848813199999995">
<ele>57.29547196994571</ele>
<time>2026-08-14T05:30:30.886Z</time>
</trkpt>
<trkpt lat="42.024761" lon="2.848851400000001">
<ele>57.57079592318476</ele>
<time>2026-08-14T05:30:32.896Z</time>
</trkpt>
<trkpt lat="42.0247452" lon="2.8488868999999966">
<ele>57.74269698297487</ele>
<time>2026-08-14T05:30:34.911Z</time>
</trkpt>
<trkpt lat="42.0247286" lon="2.848922399999992">
<ele>57.860931729242395</ele>
<time>2026-08-14T05:30:36.927Z</time>
</trkpt>
<trkpt lat="42.0247135" lon="2.8489556000000107">
<ele>57.96047007891497</ele>
<time>2026-08-14T05:30:38.942Z</time>
</trkpt>
<trkpt lat="42.0246981" lon="2.84898960000001">
<ele>58.03691995889734</ele>
<time>2026-08-14T05:30:40.958Z</time>
</trkpt>
<trkpt lat="42.024682" lon="2.8490261000000032">
<ele>58.13053282727143</ele>
<time>2026-08-14T05:30:42.974Z</time>
</trkpt>
<trkpt lat="42.0246652" lon="2.84905950000001">
<ele>58.2127181422195</ele>
<time>2026-08-14T05:30:44.886Z</time>
</trkpt>
<trkpt lat="42.0246456" lon="2.8490931000000046">
<ele>58.28982819821312</ele>
<time>2026-08-14T05:30:46.894Z</time>
</trkpt>
<trkpt lat="42.024626" lon="2.8491247999999985">
<ele>58.36686541358309</ele>
<time>2026-08-14T05:30:48.909Z</time>
</trkpt>
<trkpt lat="42.0246068" lon="2.849154700000014">
<ele>58.44552675785118</ele>
<time>2026-08-14T05:30:50.924Z</time>
</trkpt>
<trkpt lat="42.0245879" lon="2.849182799999994">
<ele>58.524147660634135</ele>
<time>2026-08-14T05:30:52.939Z</time>
</trkpt>
<trkpt lat="42.0245669" lon="2.8492098000000112">
<ele>58.595023678925045</ele>
<time>2026-08-14T05:30:54.954Z</time>
</trkpt>
<trkpt lat="42.0245481" lon="2.8492344999999943">
<ele>58.67007112476884</ele>
<time>2026-08-14T05:30:56.970Z</time>
</trkpt>
<trkpt lat="42.0245278" lon="2.8492610000000127">
<ele>58.63602895189471</ele>
<time>2026-08-14T05:30:58.986Z</time>
</trkpt>
<trkpt lat="42.0245094" lon="2.849287299999986">
<ele>58.591261158727676</ele>
<time>2026-08-14T05:31:00.889Z</time>
</trkpt>
<trkpt lat="42.024491" lon="2.8493092999999874">
<ele>58.52426029330231</ele>
<time>2026-08-14T05:31:02.905Z</time>
</trkpt>
<trkpt lat="42.0244675" lon="2.849338799999998">
<ele>58.33475030239933</ele>
<time>2026-08-14T05:31:04.920Z</time>
</trkpt>
<trkpt lat="42.0244462" lon="2.8493627000000004">
<ele>58.05540062847829</ele>
<time>2026-08-14T05:31:06.937Z</time>
</trkpt>
<trkpt lat="42.0244223" lon="2.849386900000013">
<ele>57.72548993141239</ele>
<time>2026-08-14T05:31:08.953Z</time>
</trkpt>
<trkpt lat="42.0244028" lon="2.8494024999999965">
<ele>57.44464165171025</ele>
<time>2026-08-14T05:31:10.886Z</time>
</trkpt>
<trkpt lat="42.0243804" lon="2.8494244000000037">
<ele>57.11230271114014</ele>
<time>2026-08-14T05:31:12.886Z</time>
</trkpt>
<trkpt lat="42.0243582" lon="2.849447700000013">
<ele>56.77019013190898</ele>
<time>2026-08-14T05:31:14.704Z</time>
</trkpt>
<trkpt lat="42.0243372" lon="2.8494703000000072">
<ele>56.43424115316338</ele>
<time>2026-08-14T05:31:16.888Z</time>
</trkpt>
<trkpt lat="42.0243103" lon="2.8494785999999976">
<ele>56.00607896588654</ele>
<time>2026-08-14T05:31:18.927Z</time>
</trkpt>
<trkpt lat="42.0242866" lon="2.8494971000000078">
<ele>55.61021989334378</ele>
<time>2026-08-14T05:31:20.847Z</time>
</trkpt>
<trkpt lat="42.024267" lon="2.8495259000000033">
<ele>55.20556965096562</ele>
<time>2026-08-14T05:31:22.902Z</time>
</trkpt>
<trkpt lat="42.0242481" lon="2.849554299999994">
<ele>54.77278747954905</ele>
<time>2026-08-14T05:31:24.903Z</time>
</trkpt>
<trkpt lat="42.0242232" lon="2.849573499999991">
<ele>54.32615022230405</ele>
<time>2026-08-14T05:31:26.846Z</time>
</trkpt>
<trkpt lat="42.024197" lon="2.849593199999987">
<ele>53.93692665986883</ele>
<time>2026-08-14T05:31:28.902Z</time>
</trkpt>
<trkpt lat="42.0241708" lon="2.8496175999999878">
<ele>53.87541983313172</ele>
<time>2026-08-14T05:31:30.925Z</time>
</trkpt>
<trkpt lat="42.024146" lon="2.8496431000000086">
<ele>53.81167104932043</ele>
<time>2026-08-14T05:31:32.869Z</time>
</trkpt>
<trkpt lat="42.024122" lon="2.849673700000011">
<ele>53.733641725270246</ele>
<time>2026-08-14T05:31:34.924Z</time>
</trkpt>
<trkpt lat="42.024096" lon="2.849703699999992">
<ele>53.66166709058061</ele>
<time>2026-08-14T05:31:36.947Z</time>
</trkpt>
<trkpt lat="42.0240733" lon="2.8497318999999948">
<ele>53.59497420425392</ele>
<time>2026-08-14T05:31:38.905Z</time>
</trkpt>
<trkpt lat="42.0240488" lon="2.8497616999999877">
<ele>53.52739958344569</ele>
<time>2026-08-14T05:31:40.967Z</time>
</trkpt>
<trkpt lat="42.0240261" lon="2.8497891000000095">
<ele>53.467684800927145</ele>
<time>2026-08-14T05:31:42.925Z</time>
</trkpt>
<trkpt lat="42.0240026" lon="2.849817300000012">
<ele>53.450708922033556</ele>
<time>2026-08-14T05:31:44.989Z</time>
</trkpt>
<trkpt lat="42.0239793" lon="2.849842300000006">
<ele>53.45106639014216</ele>
<time>2026-08-14T05:31:46.886Z</time>
</trkpt>
<trkpt lat="42.0239553" lon="2.849869500000011">
<ele>53.46002784332997</ele>
<time>2026-08-14T05:31:48.959Z</time>
</trkpt>
<trkpt lat="42.0239335" lon="2.84989920000001">
<ele>53.4737613617247</ele>
<time>2026-08-14T05:31:50.945Z</time>
</trkpt>
<trkpt lat="42.0239107" lon="2.849926399999987">
<ele>53.51502577034379</ele>
<time>2026-08-14T05:31:52.984Z</time>
</trkpt>
<trkpt lat="42.0238897" lon="2.8499524000000065">
<ele>53.57024505243514</ele>
<time>2026-08-14T05:31:54.943Z</time>
</trkpt>
<trkpt lat="42.0238675" lon="2.8499775999999883">
<ele>53.63385487518376</ele>
<time>2026-08-14T05:31:56.909Z</time>
</trkpt>
<trkpt lat="42.0238461" lon="2.850003799999996">
<ele>53.6982799592713</ele>
<time>2026-08-14T05:31:58.907Z</time>
</trkpt>
<trkpt lat="42.0238212" lon="2.850026100000008">
<ele>53.78047628932329</ele>
<time>2026-08-14T05:32:00.907Z</time>
</trkpt>
<trkpt lat="42.0237971" lon="2.8500458000000037">
<ele>53.864154594207434</ele>
<time>2026-08-14T05:32:02.969Z</time>
</trkpt>
<trkpt lat="42.0237726" lon="2.850064599999996">
<ele>53.95281682700373</ele>
<time>2026-08-14T05:32:04.983Z</time>
</trkpt>
<trkpt lat="42.0237506" lon="2.850085000000007">
<ele>54.11522257549644</ele>
<time>2026-08-14T05:32:06.925Z</time>
</trkpt>
<trkpt lat="42.0237272" lon="2.85010410000001">
<ele>54.285412166098766</ele>
<time>2026-08-14T05:32:08.886Z</time>
</trkpt>
<trkpt lat="42.0237027" lon="2.850125100000014">
<ele>54.44792779383385</ele>
<time>2026-08-14T05:32:10.947Z</time>
</trkpt>
<trkpt lat="42.0236793" lon="2.850149299999998">
<ele>54.598500496329706</ele>
<time>2026-08-14T05:32:12.909Z</time>
</trkpt>
<trkpt lat="42.0236582" lon="2.8501718999999923">
<ele>54.7166762963252</ele>
<time>2026-08-14T05:32:14.927Z</time>
</trkpt>
<trkpt lat="42.0236326" lon="2.8501936000000114">
<ele>54.81226777844328</ele>
<time>2026-08-14T05:32:16.966Z</time>
</trkpt>
<trkpt lat="42.0236089" lon="2.8502147000000093">
<ele>54.876404829260586</ele>
<time>2026-08-14T05:32:18.909Z</time>
</trkpt>
<trkpt lat="42.0235866" lon="2.8502335999999957">
<ele>54.91678492172612</ele>
<time>2026-08-14T05:32:20.886Z</time>
</trkpt>
<trkpt lat="42.0235604" lon="2.8502526999999986">
<ele>54.93872686583709</ele>
<time>2026-08-14T05:32:22.947Z</time>
</trkpt>
<trkpt lat="42.0235378" lon="2.850270099999989">
<ele>54.94235952088888</ele>
<time>2026-08-14T05:32:24.886Z</time>
</trkpt>
<trkpt lat="42.0235135" lon="2.8502876999999955">
<ele>54.92835172938373</ele>
<time>2026-08-14T05:32:26.900Z</time>
</trkpt>
<trkpt lat="42.0234905" lon="2.850300500000003">
<ele>54.899789544009025</ele>
<time>2026-08-14T05:32:28.914Z</time>
</trkpt>
<trkpt lat="42.0234678" lon="2.8503119000000083">
<ele>54.8607649156457</ele>
<time>2026-08-14T05:32:30.929Z</time>
</trkpt>
<trkpt lat="42.023446" lon="2.8503259999999955">
<ele>54.81039396194128</ele>
<time>2026-08-14T05:32:32.944Z</time>
</trkpt>
<trkpt lat="42.0234202" lon="2.8503450000000043">
<ele>54.731400403252316</ele>
<time>2026-08-14T05:32:34.958Z</time>
</trkpt>
<trkpt lat="42.0233985" lon="2.8503465999999946">
<ele>54.67786006452107</ele>
<time>2026-08-14T05:32:36.886Z</time>
</trkpt>
<trkpt lat="42.0233753" lon="2.8503723999999977">
<ele>54.51160960800114</ele>
<time>2026-08-14T05:32:38.886Z</time>
</trkpt>
<trkpt lat="42.0233549" lon="2.85039900000001">
<ele>54.42227552545963</ele>
<time>2026-08-14T05:32:40.892Z</time>
</trkpt>
<trkpt lat="42.0233268" lon="2.8504197999999974">
<ele>54.44116905833396</ele>
<time>2026-08-14T05:32:42.809Z</time>
</trkpt>
<trkpt lat="42.0233013" lon="2.8504527999999993">
<ele>54.37950378398303</ele>
<time>2026-08-14T05:32:44.925Z</time>
</trkpt>
<trkpt lat="42.023276" lon="2.8504845999999873">
<ele>54.307527894161744</ele>
<time>2026-08-14T05:32:46.941Z</time>
</trkpt>
<trkpt lat="42.0232535" lon="2.850514599999997">
<ele>54.22160124572833</ele>
<time>2026-08-14T05:32:48.906Z</time>
</trkpt>
<trkpt lat="42.0232262" lon="2.8505471">
<ele>54.12219069314712</ele>
<time>2026-08-14T05:32:50.886Z</time>
</trkpt>
<trkpt lat="42.0232114" lon="2.8505753000000027">
<ele>54.0004687975528</ele>
<time>2026-08-14T05:32:52.886Z</time>
</trkpt>
<trkpt lat="42.0231942" lon="2.850602600000002">
<ele>53.881511806201196</ele>
<time>2026-08-14T05:32:54.896Z</time>
</trkpt>
<trkpt lat="42.0231836" lon="2.850645700000001">
<ele>53.69014481552795</ele>
<time>2026-08-14T05:32:56.912Z</time>
</trkpt>
<trkpt lat="42.0231761" lon="2.8506870999999876">
<ele>53.54878128361812</ele>
<time>2026-08-14T05:32:58.886Z</time>
</trkpt>
<trkpt lat="42.0231598" lon="2.8507212000000095">
<ele>53.45272962943146</ele>
<time>2026-08-14T05:33:00.886Z</time>
</trkpt>
<trkpt lat="42.0231477" lon="2.850758899999988">
<ele>53.33480354873245</ele>
<time>2026-08-14T05:33:02.886Z</time>
</trkpt>
<trkpt lat="42.0231345" lon="2.850790200000006">
<ele>53.24335688229511</ele>
<time>2026-08-14T05:33:04.886Z</time>
</trkpt>
<trkpt lat="42.0231213" lon="2.850823399999996">
<ele>53.14486666678083</ele>
<time>2026-08-14T05:33:06.886Z</time>
</trkpt>
<trkpt lat="42.0231055" lon="2.8508582000000047">
<ele>53.04574302572333</ele>
<time>2026-08-14T05:33:08.917Z</time>
</trkpt>
<trkpt lat="42.0230912" lon="2.850895400000013">
<ele>52.93469290871798</ele>
<time>2026-08-14T05:33:10.908Z</time>
</trkpt>
<trkpt lat="42.023081" lon="2.8509380000000135">
<ele>52.9206562770326</ele>
<time>2026-08-14T05:33:12.922Z</time>
</trkpt>
<trkpt lat="42.0230665" lon="2.850972100000007">
<ele>53.01640851661002</ele>
<time>2026-08-14T05:33:14.930Z</time>
</trkpt>
<trkpt lat="42.0230451" lon="2.850998699999991">
<ele>53.19633691933169</ele>
<time>2026-08-14T05:33:16.789Z</time>
</trkpt>
<trkpt lat="42.0230225" lon="2.8510306999999955">
<ele>53.36539292752177</ele>
<time>2026-08-14T05:33:18.844Z</time>
</trkpt>
<trkpt lat="42.0230057" lon="2.851057200000014">
<ele>53.47539023420789</ele>
<time>2026-08-14T05:33:20.803Z</time>
</trkpt>
<trkpt lat="42.0229889" lon="2.8510842000000025">
<ele>53.575962462308354</ele>
<time>2026-08-14T05:33:22.842Z</time>
</trkpt>
<trkpt lat="42.0229727" lon="2.851116499999989">
<ele>53.64663711145426</ele>
<time>2026-08-14T05:33:24.889Z</time>
</trkpt>
<trkpt lat="42.0229631" lon="2.851157999999998">
<ele>53.61585420769357</ele>
<time>2026-08-14T05:33:26.927Z</time>
</trkpt>
<trkpt lat="42.0229502" lon="2.8511946000000137">
<ele>53.63622937272419</ele>
<time>2026-08-14T05:33:28.898Z</time>
</trkpt>
<trkpt lat="42.0229356" lon="2.8512288999999953">
<ele>53.69235483749913</ele>
<time>2026-08-14T05:33:30.913Z</time>
</trkpt>
<trkpt lat="42.0229242" lon="2.8512560000000065">
<ele>53.72880538808781</ele>
<time>2026-08-14T05:33:32.747Z</time>
</trkpt>
<trkpt lat="42.0229086" lon="2.8512851000000126">
<ele>53.78968511446578</ele>
<time>2026-08-14T05:33:34.786Z</time>
</trkpt>
<trkpt lat="42.0228933" lon="2.8513162000000136">
<ele>53.834087050281056</ele>
<time>2026-08-14T05:33:36.809Z</time>
</trkpt>
<trkpt lat="42.0228749" lon="2.8513461000000007">
<ele>53.89718549610286</ele>
<time>2026-08-14T05:33:38.848Z</time>
</trkpt>
<trkpt lat="42.0228544" lon="2.851366000000013">
<ele>53.996521773842126</ele>
<time>2026-08-14T05:33:40.846Z</time>
</trkpt>
<trkpt lat="42.0228335" lon="2.8513933000000122">
<ele>54.06683495472816</ele>
<time>2026-08-14T05:33:42.869Z</time>
</trkpt>
<trkpt lat="42.0228156" lon="2.851421600000009">
<ele>54.101485050840104</ele>
<time>2026-08-14T05:33:44.868Z</time>
</trkpt>
<trkpt lat="42.0227971" lon="2.851451499999996">
<ele>54.06853268770791</ele>
<time>2026-08-14T05:33:46.883Z</time>
</trkpt>
<trkpt lat="42.0227802" lon="2.8514800000000093">
<ele>53.98126780939277</ele>
<time>2026-08-14T05:33:48.922Z</time>
</trkpt>
<trkpt lat="42.0227681" lon="2.8515112999999985">
<ele>53.867472344432244</ele>
<time>2026-08-14T05:33:50.946Z</time>
</trkpt>
<trkpt lat="42.0227552" lon="2.8515441000000123">
<ele>53.759058140524715</ele>
<time>2026-08-14T05:33:52.945Z</time>
</trkpt>
<trkpt lat="42.0227415" lon="2.8515772000000084">
<ele>53.66283856875312</ele>
<time>2026-08-14T05:33:54.968Z</time>
</trkpt>
<trkpt lat="42.0227246" lon="2.8516089000000022">
<ele>53.59666728983646</ele>
<time>2026-08-14T05:33:56.968Z</time>
</trkpt>
<trkpt lat="42.0227057" lon="2.8516475000000128">
<ele>53.5264526908545</ele>
<time>2026-08-14T05:33:58.966Z</time>
</trkpt>
<trkpt lat="42.0226942" lon="2.851674900000006">
<ele>53.47825145990666</ele>
<time>2026-08-14T05:34:00.961Z</time>
</trkpt>
<trkpt lat="42.0226868" lon="2.8517051000000038">
<ele>53.406404379032836</ele>
<time>2026-08-14T05:34:02.886Z</time>
</trkpt>
<trkpt lat="42.0226748" lon="2.851735899999994">
<ele>53.36403884536359</ele>
<time>2026-08-14T05:34:04.886Z</time>
</trkpt>
<trkpt lat="42.0226629" lon="2.8517645000000016">
<ele>53.41212570229351</ele>
<time>2026-08-14T05:34:06.886Z</time>
</trkpt>
<trkpt lat="42.0226494" lon="2.851805000000013">
<ele>53.45935019379112</ele>
<time>2026-08-14T05:34:08.895Z</time>
</trkpt>
<trkpt lat="42.0226398" lon="2.851828000000012">
<ele>53.487572422374356</ele>
<time>2026-08-14T05:34:10.943Z</time>
</trkpt>
<trkpt lat="42.0226306" lon="2.8518603999999925">
<ele>53.49950916264951</ele>
<time>2026-08-14T05:34:12.959Z</time>
</trkpt>
<trkpt lat="42.0226191" lon="2.8518947999999966">
<ele>53.50861313321985</ele>
<time>2026-08-14T05:34:14.886Z</time>
</trkpt>
<trkpt lat="42.0226095" lon="2.851930500000009">
<ele>53.49913714366614</ele>
<time>2026-08-14T05:34:16.927Z</time>
</trkpt>
<trkpt lat="42.0225998" lon="2.851961899999992">
<ele>53.485631508488574</ele>
<time>2026-08-14T05:34:18.919Z</time>
</trkpt>
<trkpt lat="42.0225902" lon="2.8519985000000077">
<ele>53.455457022947286</ele>
<time>2026-08-14T05:34:20.935Z</time>
</trkpt>
<trkpt lat="42.0225771" lon="2.852027899999996">
<ele>53.44699006917437</ele>
<time>2026-08-14T05:34:22.918Z</time>
</trkpt>
<trkpt lat="42.0225568" lon="2.852053000000012">
<ele>53.465861109028246</ele>
<time>2026-08-14T05:34:24.886Z</time>
</trkpt>
<trkpt lat="42.022541" lon="2.852084899999994">
<ele>53.46595308915894</ele>
<time>2026-08-14T05:34:26.892Z</time>
</trkpt>
<trkpt lat="42.0225272" lon="2.8521129000000087">
<ele>53.50507262538383</ele>
<time>2026-08-14T05:34:28.744Z</time>
</trkpt>
<trkpt lat="42.0225072" lon="2.852135599999997">
<ele>53.71807239618757</ele>
<time>2026-08-14T05:34:30.767Z</time>
</trkpt>
<trkpt lat="42.0224943" lon="2.8521696999999904">
<ele>53.809552406330425</ele>
<time>2026-08-14T05:34:32.767Z</time>
</trkpt>
<trkpt lat="42.0224807" lon="2.852211100000005">
<ele>53.869650539710854</ele>
<time>2026-08-14T05:34:34.806Z</time>
</trkpt>
<trkpt lat="42.022469" lon="2.8522517000000107">
<ele>53.88579185726335</ele>
<time>2026-08-14T05:34:36.902Z</time>
</trkpt>
<trkpt lat="42.022459" lon="2.8522840999999914">
<ele>53.88582291374976</ele>
<time>2026-08-14T05:34:38.809Z</time>
</trkpt>
<trkpt lat="42.0224427" lon="2.8523255000000063">
<ele>53.90362634280331</ele>
<time>2026-08-14T05:34:40.896Z</time>
</trkpt>
<trkpt lat="42.0224253" lon="2.852362400000004">
<ele>53.932493430860134</ele>
<time>2026-08-14T05:34:42.911Z</time>
</trkpt>
<trkpt lat="42.0224082" lon="2.8523982000000103">
<ele>53.95125686472359</ele>
<time>2026-08-14T05:34:44.922Z</time>
</trkpt>
<trkpt lat="42.0223933" lon="2.8524380000000065">
<ele>53.934280165239336</ele>
<time>2026-08-14T05:34:46.905Z</time>
</trkpt>
<trkpt lat="42.0223793" lon="2.852481399999988">
<ele>53.89100726803509</ele>
<time>2026-08-14T05:34:48.967Z</time>
</trkpt>
<trkpt lat="42.0223619" lon="2.852519099999995">
<ele>53.87345250420309</ele>
<time>2026-08-14T05:34:50.945Z</time>
</trkpt>
<trkpt lat="42.0223436" lon="2.8525610000000086">
<ele>53.835269768610644</ele>
<time>2026-08-14T05:34:52.929Z</time>
</trkpt>
<trkpt lat="42.0223292" lon="2.852601600000014">
<ele>53.809515497965826</ele>
<time>2026-08-14T05:34:54.944Z</time>
</trkpt>
<trkpt lat="42.0223145" lon="2.852645200000012">
<ele>53.817447237499096</ele>
<time>2026-08-14T05:34:56.959Z</time>
</trkpt>
<trkpt lat="42.0223011" lon="2.852698299999986">
<ele>53.8299939420288</ele>
<time>2026-08-14T05:34:58.886Z</time>
</trkpt>
<trkpt lat="42.0222902" lon="2.8527330000000006">
<ele>53.87305590107685</ele>
<time>2026-08-14T05:35:00.784Z</time>
</trkpt>
<trkpt lat="42.022283" lon="2.8527791999999863">
<ele>53.88663335192635</ele>
<time>2026-08-14T05:35:02.869Z</time>
</trkpt>
<trkpt lat="42.0222737" lon="2.85282380000001">
<ele>53.93799167456016</ele>
<time>2026-08-14T05:35:04.908Z</time>
</trkpt>
<trkpt lat="42.0222626" lon="2.8528697000000136">
<ele>53.98306097080953</ele>
<time>2026-08-14T05:35:06.947Z</time>
</trkpt>
<trkpt lat="42.0222536" lon="2.8529095000000098">
<ele>53.97725512401557</ele>
<time>2026-08-14T05:35:08.962Z</time>
</trkpt>
<trkpt lat="42.0222462" lon="2.8529499999999928">
<ele>53.93287697348499</ele>
<time>2026-08-14T05:35:10.901Z</time>
</trkpt>
<trkpt lat="42.0222388" lon="2.8529928000000098">
<ele>53.87907465671444</ele>
<time>2026-08-14T05:35:12.916Z</time>
</trkpt>
<trkpt lat="42.0222332" lon="2.8530370000000005">
<ele>53.80460888026252</ele>
<time>2026-08-14T05:35:14.885Z</time>
</trkpt>
<trkpt lat="42.0222255" lon="2.853077600000006">
<ele>53.756788615646855</ele>
<time>2026-08-14T05:35:16.962Z</time>
</trkpt>
<trkpt lat="42.0222145" lon="2.8531156999999894">
<ele>53.742146657729236</ele>
<time>2026-08-14T05:35:18.978Z</time>
</trkpt>
<trkpt lat="42.0222018" lon="2.853156299999995">
<ele>53.72411254632959</ele>
<time>2026-08-14T05:35:20.886Z</time>
</trkpt>
<trkpt lat="42.0221915" lon="2.853190699999999">
<ele>53.69746709646994</ele>
<time>2026-08-14T05:35:22.897Z</time>
</trkpt>
<trkpt lat="42.02218" lon="2.853225199999997">
<ele>53.675803990474975</ele>
<time>2026-08-14T05:35:24.708Z</time>
</trkpt>
<trkpt lat="42.0221655" lon="2.853260799999987">
<ele>53.66867353174811</ele>
<time>2026-08-14T05:35:26.747Z</time>
</trkpt>
<trkpt lat="42.0221534" lon="2.853299800000002">
<ele>53.62631560252868</ele>
<time>2026-08-14T05:35:28.809Z</time>
</trkpt>
<trkpt lat="42.0221353" lon="2.8533270000000073">
<ele>53.66313864710552</ele>
<time>2026-08-14T05:35:30.886Z</time>
</trkpt>
<trkpt lat="42.0221199" lon="2.853352199999989">
<ele>53.68261152283259</ele>
<time>2026-08-14T05:35:32.825Z</time>
</trkpt>
<trkpt lat="42.0221242" lon="2.8534026000000097">
<ele>53.47077390553808</ele>
<time>2026-08-14T05:35:34.826Z</time>
</trkpt>
<trkpt lat="42.0221266" lon="2.8534488999999894">
<ele>53.19412723342133</ele>
<time>2026-08-14T05:35:36.894Z</time>
</trkpt>
<trkpt lat="42.0221143" lon="2.8534900999999877">
<ele>53.05721354099683</ele>
<time>2026-08-14T05:35:38.911Z</time>
</trkpt>
<trkpt lat="42.0221055" lon="2.8535300000000063">
<ele>52.916223445936154</ele>
<time>2026-08-14T05:35:40.927Z</time>
</trkpt>
<trkpt lat="42.0220985" lon="2.853572700000001">
<ele>52.7571850909525</ele>
<time>2026-08-14T05:35:42.944Z</time>
</trkpt>
<trkpt lat="42.022091" lon="2.8536147000000085">
<ele>52.62018053165945</ele>
<time>2026-08-14T05:35:44.886Z</time>
</trkpt>
<trkpt lat="42.0220835" lon="2.853661299999999">
<ele>52.47400750178571</ele>
<time>2026-08-14T05:35:46.885Z</time>
</trkpt>
<trkpt lat="42.0220853" lon="2.8537091999999973">
<ele>52.427762084110825</ele>
<time>2026-08-14T05:35:48.886Z</time>
</trkpt>
<trkpt lat="42.0220776" lon="2.8537477000000138">
<ele>52.688872067582935</ele>
<time>2026-08-14T05:35:50.885Z</time>
</trkpt>
<trkpt lat="42.022071" lon="2.85379309999999">
<ele>52.96971740467011</ele>
<time>2026-08-14T05:35:52.926Z</time>
</trkpt>
<trkpt lat="42.0220691" lon="2.8538436999999988">
<ele>53.21189618035304</ele>
<time>2026-08-14T05:35:54.942Z</time>
</trkpt>
<trkpt lat="42.0220553" lon="2.853867699999995">
<ele>53.51278769894215</ele>
<time>2026-08-14T05:35:56.946Z</time>
</trkpt>
<trkpt lat="42.0220642" lon="2.853909200000004">
<ele>53.56397830137732</ele>
<time>2026-08-14T05:35:58.886Z</time>
</trkpt>
<trkpt lat="42.0220633" lon="2.8539512000000116">
<ele>53.758879002423384</ele>
<time>2026-08-14T05:36:00.886Z</time>
</trkpt>
<trkpt lat="42.0220604" lon="2.8539973999999972">
<ele>53.74125415805757</ele>
<time>2026-08-14T05:36:02.886Z</time>
</trkpt>
<trkpt lat="42.0220585" lon="2.854035600000003">
<ele>53.64513917355852</ele>
<time>2026-08-14T05:36:04.899Z</time>
</trkpt>
<trkpt lat="42.0220602" lon="2.8540768999999955">
<ele>53.46959766400977</ele>
<time>2026-08-14T05:36:06.916Z</time>
</trkpt>
<trkpt lat="42.0220641" lon="2.8541185999999925">
<ele>53.23259651430765</ele>
<time>2026-08-14T05:36:08.933Z</time>
</trkpt>
<trkpt lat="42.0220666" lon="2.8541569999999865">
<ele>53.02675573458046</ele>
<time>2026-08-14T05:36:10.769Z</time>
</trkpt>
<trkpt lat="42.0220692" lon="2.85419619999999">
<ele>52.80437112354815</ele>
<time>2026-08-14T05:36:12.762Z</time>
</trkpt>
<trkpt lat="42.0220727" lon="2.8542372">
<ele>52.53609993669766</ele>
<time>2026-08-14T05:36:14.882Z</time>
</trkpt>
<trkpt lat="42.022079" lon="2.854280799999998">
<ele>52.335144608182325</ele>
<time>2026-08-14T05:36:16.883Z</time>
</trkpt>
<trkpt lat="42.0220862" lon="2.8543109000000015">
<ele>52.123154411407384</ele>
<time>2026-08-14T05:36:18.903Z</time>
</trkpt>
<trkpt lat="42.0220938" lon="2.8543487000000027">
<ele>51.900226972133865</ele>
<time>2026-08-14T05:36:20.918Z</time>
</trkpt>
<trkpt lat="42.0221064" lon="2.8543854000000124">
<ele>51.52193779950355</ele>
<time>2026-08-14T05:36:22.935Z</time>
</trkpt>
<trkpt lat="42.0221176" lon="2.8544167000000016">
<ele>51.18404316662494</ele>
<time>2026-08-14T05:36:24.748Z</time>
</trkpt>
<trkpt lat="42.0221302" lon="2.8544542999999862">
<ele>50.80297850676008</ele>
<time>2026-08-14T05:36:26.804Z</time>
</trkpt>
<trkpt lat="42.0221416" lon="2.8544934999999896">
<ele>50.45779678999148</ele>
<time>2026-08-14T05:36:28.868Z</time>
</trkpt>
<trkpt lat="42.0221522" lon="2.8545281000000102">
<ele>50.157683457505094</ele>
<time>2026-08-14T05:36:30.724Z</time>
</trkpt>
<trkpt lat="42.0221513" lon="2.8545718999999963">
<ele>50.31903583018709</ele>
<time>2026-08-14T05:36:32.886Z</time>
</trkpt>
<trkpt lat="42.0221491" lon="2.854607200000004">
<ele>50.500408623328255</ele>
<time>2026-08-14T05:36:34.886Z</time>
</trkpt>
<trkpt lat="42.0221421" lon="2.8546433999999863">
<ele>50.85597578045665</ele>
<time>2026-08-14T05:36:36.886Z</time>
</trkpt>
<trkpt lat="42.0221424" lon="2.854683999999992">
<ele>50.97981161931376</ele>
<time>2026-08-14T05:36:38.886Z</time>
</trkpt>
<trkpt lat="42.0221388" lon="2.8547193999999934">
<ele>51.23006735398356</ele>
<time>2026-08-14T05:36:40.885Z</time>
</trkpt>
<trkpt lat="42.022137" lon="2.854823600000003">
<ele>52.00105429982521</ele>
<time>2026-08-14T05:36:42.886Z</time>
</trkpt>
<trkpt lat="42.0221373" lon="2.8548805000000073">
<ele>52.958000472641785</ele>
<time>2026-08-14T05:36:44.843Z</time>
</trkpt>
<trkpt lat="42.0221516" lon="2.8549428000000034">
<ele>53.37397315608616</ele>
<time>2026-08-14T05:36:46.909Z</time>
</trkpt>
<trkpt lat="42.0221727" lon="2.8549779999999885">
<ele>52.972059652880276</ele>
<time>2026-08-14T05:36:48.902Z</time>
</trkpt>
<trkpt lat="42.0221562" lon="2.8550143999999875">
<ele>54.33200253214406</ele>
<time>2026-08-14T05:36:50.942Z</time>
</trkpt>
<trkpt lat="42.0221595" lon="2.855048399999987">
<ele>54.72273285749965</ele>
<time>2026-08-14T05:36:52.922Z</time>
</trkpt>
<trkpt lat="42.0221612" lon="2.855090700000005">
<ele>55.22659595446491</ele>
<time>2026-08-14T05:36:54.938Z</time>
</trkpt>
<trkpt lat="42.022157" lon="2.8551337000000103">
<ele>55.86304680502835</ele>
<time>2026-08-14T05:36:56.886Z</time>
</trkpt>
<trkpt lat="42.0221569" lon="2.855172799999991">
<ele>56.251780060090745</ele>
<time>2026-08-14T05:36:58.886Z</time>
</trkpt>
<trkpt lat="42.0221593" lon="2.8552061000000037">
<ele>56.44028014673664</ele>
<time>2026-08-14T05:37:00.709Z</time>
</trkpt>
<trkpt lat="42.0221671" lon="2.855242099999998">
<ele>56.32469808046885</ele>
<time>2026-08-14T05:37:02.702Z</time>
</trkpt>
<trkpt lat="42.0221788" lon="2.8552831000000083">
<ele>55.98193601125466</ele>
<time>2026-08-14T05:37:04.846Z</time>
</trkpt>
<trkpt lat="42.0221875" lon="2.8553223000000116">
<ele>55.764006634996605</ele>
<time>2026-08-14T05:37:06.942Z</time>
</trkpt>
<trkpt lat="42.0221946" lon="2.8553573000000085">
<ele>55.595392149312545</ele>
<time>2026-08-14T05:37:08.939Z</time>
</trkpt>
<trkpt lat="42.0222017" lon="2.8553780000000017">
<ele>55.382161889773684</ele>
<time>2026-08-14T05:37:10.886Z</time>
</trkpt>
<trkpt lat="42.0222076" lon="2.8553996999999924">
<ele>55.23964546305513</ele>
<time>2026-08-14T05:37:12.703Z</time>
</trkpt>
<trkpt lat="42.0222168" lon="2.8554326999999944">
<ele>54.96619143600527</ele>
<time>2026-08-14T05:37:14.823Z</time>
</trkpt>
<trkpt lat="42.0222221" lon="2.8554326999999944">
<ele>54.58447236555997</ele>
<time>2026-08-14T05:37:16.929Z</time>
</trkpt>
<trkpt lat="42.0222218" lon="2.8554512000000045">
<ele>54.8026543518069</ele>
<time>2026-08-14T05:37:18.922Z</time>
</trkpt>
<trkpt lat="42.0222213" lon="2.8554804999999988">
<ele>55.15196213815901</ele>
<time>2026-08-14T05:37:20.886Z</time>
</trkpt>
<trkpt lat="42.0222348" lon="2.855514499999998">
<ele>54.45158868269281</ele>
<time>2026-08-14T05:37:22.886Z</time>
</trkpt>
<trkpt lat="42.0222513" lon="2.8555551999999977">
<ele>53.48612092909314</ele>
<time>2026-08-14T05:37:24.886Z</time>
</trkpt>
<trkpt lat="42.0222604" lon="2.855578500000007">
<ele>53.33996795945133</ele>
<time>2026-08-14T05:37:26.886Z</time>
</trkpt>
<trkpt lat="42.0222673" lon="2.8556012999999894">
<ele>53.33996439555523</ele>
<time>2026-08-14T05:37:28.888Z</time>
</trkpt>
<trkpt lat="42.0222825" lon="2.8556469000000106">
<ele>53.40663886029365</ele>
<time>2026-08-14T05:37:30.886Z</time>
</trkpt>
<trkpt lat="42.022287" lon="2.855667600000004">
<ele>53.61886314741239</ele>
<time>2026-08-14T05:37:32.924Z</time>
</trkpt>
<trkpt lat="42.0222984" lon="2.855719999999991">
<ele>54.10028694048401</ele>
<time>2026-08-14T05:37:34.941Z</time>
</trkpt>
<trkpt lat="42.0223105" lon="2.8557633000000067">
<ele>54.34281153350493</ele>
<time>2026-08-14T05:37:36.746Z</time>
</trkpt>
<trkpt lat="42.0223254" lon="2.855815100000001">
<ele>54.52461269473994</ele>
<time>2026-08-14T05:37:38.787Z</time>
</trkpt>
<trkpt lat="42.022337" lon="2.8558523000000093">
<ele>54.55438629121902</ele>
<time>2026-08-14T05:37:40.827Z</time>
</trkpt>
<trkpt lat="42.0223472" lon="2.855889700000006">
<ele>54.59058379044135</ele>
<time>2026-08-14T05:37:42.867Z</time>
</trkpt>
<trkpt lat="42.0223623" lon="2.8559279000000117">
<ele>54.65997081069015</ele>
<time>2026-08-14T05:37:44.908Z</time>
</trkpt>
<trkpt lat="42.0223755" lon="2.855965800000007">
<ele>55.121636273761524</ele>
<time>2026-08-14T05:37:46.948Z</time>
</trkpt>
<trkpt lat="42.0223877" lon="2.856002200000006">
<ele>55.53128269719921</ele>
<time>2026-08-14T05:37:48.989Z</time>
</trkpt>
<trkpt lat="42.0224011" lon="2.8560406">
<ele>55.87579200109638</ele>
<time>2026-08-14T05:37:50.962Z</time>
</trkpt>
<trkpt lat="42.02242" lon="2.856079599999987">
<ele>55.86566477988898</ele>
<time>2026-08-14T05:37:52.886Z</time>
</trkpt>
<trkpt lat="42.0224328" lon="2.8561142000000075">
<ele>56.01029597784422</ele>
<time>2026-08-14T05:37:54.886Z</time>
</trkpt>
<trkpt lat="42.0224447" lon="2.856147099999987">
<ele>56.11339391825719</ele>
<time>2026-08-14T05:37:56.900Z</time>
</trkpt>
<trkpt lat="42.0224567" lon="2.85618070000001">
<ele>56.17833370030486</ele>
<time>2026-08-14T05:37:58.917Z</time>
</trkpt>
<trkpt lat="42.0224644" lon="2.856207000000012">
<ele>56.232176635623034</ele>
<time>2026-08-14T05:38:00.886Z</time>
</trkpt>
<trkpt lat="42.0224705" lon="2.856236700000011">
<ele>56.40561165165917</ele>
<time>2026-08-14T05:38:02.705Z</time>
</trkpt>
<trkpt lat="42.0224818" lon="2.856268099999994">
<ele>56.26508094797968</ele>
<time>2026-08-14T05:38:04.744Z</time>
</trkpt>
<trkpt lat="42.0224882" lon="2.8562828000000025">
<ele>56.12067785688282</ele>
<time>2026-08-14T05:38:06.824Z</time>
</trkpt>
<trkpt lat="42.0225004" lon="2.8562769000000117">
<ele>55.221473041637864</ele>
<time>2026-08-14T05:38:08.783Z</time>
</trkpt>
<trkpt lat="42.0225068" lon="2.8562986000000024">
<ele>55.19304593640913</ele>
<time>2026-08-14T05:38:10.782Z</time>
</trkpt>
<trkpt lat="42.0225124" lon="2.8563279999999907">
<ele>55.34610198591478</ele>
<time>2026-08-14T05:38:12.822Z</time>
</trkpt>
<trkpt lat="42.0225208" lon="2.856359800000007">
<ele>55.34474382571959</ele>
<time>2026-08-14T05:38:14.846Z</time>
</trkpt>
<trkpt lat="42.022531" lon="2.8563944999999933">
<ele>55.256830680748614</ele>
<time>2026-08-14T05:38:16.885Z</time>
</trkpt>
<trkpt lat="42.0225416" lon="2.856427400000001">
<ele>55.513139901581766</ele>
<time>2026-08-14T05:38:18.768Z</time>
</trkpt>
<trkpt lat="42.0225541" lon="2.856457199999994">
<ele>55.64834842489715</ele>
<time>2026-08-14T05:38:20.588Z</time>
</trkpt>
<trkpt lat="42.0225722" lon="2.8564885000000118">
<ele>55.771634306720586</ele>
<time>2026-08-14T05:38:22.628Z</time>
</trkpt>
<trkpt lat="42.0225903" lon="2.8565222000000006">
<ele>55.9858788275053</ele>
<time>2026-08-14T05:38:24.644Z</time>
</trkpt>
<trkpt lat="42.0226053" lon="2.8565512000000126">
<ele>56.15374174454116</ele>
<time>2026-08-14T05:38:26.668Z</time>
</trkpt>
<trkpt lat="42.0226237" lon="2.856578799999994">
<ele>56.14587244716175</ele>
<time>2026-08-14T05:38:28.708Z</time>
</trkpt>
<trkpt lat="42.0226424" lon="2.856607099999991">
<ele>56.10549657619668</ele>
<time>2026-08-14T05:38:30.748Z</time>
</trkpt>
<trkpt lat="42.0226623" lon="2.8566350000000114">
<ele>55.97615673707812</ele>
<time>2026-08-14T05:38:32.764Z</time>
</trkpt>
<trkpt lat="42.0226807" lon="2.856661300000013">
<ele>55.8306442970982</ele>
<time>2026-08-14T05:38:34.787Z</time>
</trkpt>
<trkpt lat="42.0226968" lon="2.8566945000000032">
<ele>55.866120321388856</ele>
<time>2026-08-14T05:38:36.803Z</time>
</trkpt>
<trkpt lat="42.022716" lon="2.8567251999999996">
<ele>55.697013346848564</ele>
<time>2026-08-14T05:38:38.828Z</time>
</trkpt>
<trkpt lat="42.022737" lon="2.856754499999994">
<ele>55.449069766280275</ele>
<time>2026-08-14T05:38:40.868Z</time>
</trkpt>
<trkpt lat="42.0227639" lon="2.8567740000000015">
<ele>54.80487651497085</ele>
<time>2026-08-14T05:38:42.724Z</time>
</trkpt>
<trkpt lat="42.0227826" lon="2.8568084000000056">
<ele>54.76100250577379</ele>
<time>2026-08-14T05:38:44.789Z</time>
</trkpt>
<trkpt lat="42.0228022" lon="2.8568402999999876">
<ele>54.547366308164</ele>
<time>2026-08-14T05:38:46.789Z</time>
</trkpt>
<trkpt lat="42.0228256" lon="2.8568664999999953">
<ele>54.36174688526619</ele>
<time>2026-08-14T05:38:48.822Z</time>
</trkpt>
<trkpt lat="42.0228493" lon="2.8568922000000043">
<ele>54.30863371849765</ele>
<time>2026-08-14T05:38:50.846Z</time>
</trkpt>
<trkpt lat="42.0228684" lon="2.856919199999993">
<ele>54.37070133910275</ele>
<time>2026-08-14T05:38:52.863Z</time>
</trkpt>
<trkpt lat="42.0228884" lon="2.8569512999999915">
<ele>54.49029925785404</ele>
<time>2026-08-14T05:38:54.864Z</time>
</trkpt>
<trkpt lat="42.0229146" lon="2.856990599999989">
<ele>54.56942535127358</ele>
<time>2026-08-14T05:38:56.888Z</time>
</trkpt>
<trkpt lat="42.0229296" lon="2.8570204000000103">
<ele>54.73151990901586</ele>
<time>2026-08-14T05:38:58.928Z</time>
</trkpt>
<trkpt lat="42.0229491" lon="2.857052799999991">
<ele>55.13372737656792</ele>
<time>2026-08-14T05:39:00.983Z</time>
</trkpt>
<trkpt lat="42.0229647" lon="2.8570793000000094">
<ele>55.448836056341115</ele>
<time>2026-08-14T05:39:02.899Z</time>
</trkpt>
<trkpt lat="42.0229816" lon="2.8571124999999995">
<ele>55.855015285609824</ele>
<time>2026-08-14T05:39:04.886Z</time>
</trkpt>
<trkpt lat="42.0229987" lon="2.8571393">
<ele>56.02437504382533</ele>
<time>2026-08-14T05:39:06.930Z</time>
</trkpt>
<trkpt lat="42.0230155" lon="2.857178900000008">
<ele>56.46557117664963</ele>
<time>2026-08-14T05:39:08.886Z</time>
</trkpt>
<trkpt lat="42.0230307" lon="2.857216599999987">
<ele>56.841683066300845</ele>
<time>2026-08-14T05:39:10.906Z</time>
</trkpt>
<trkpt lat="42.0230465" lon="2.8572454000000107">
<ele>56.92373099441151</ele>
<time>2026-08-14T05:39:12.904Z</time>
</trkpt>
<trkpt lat="42.0230626" lon="2.8572771000000046">
<ele>57.00369729149411</ele>
<time>2026-08-14T05:39:14.765Z</time>
</trkpt>
<trkpt lat="42.0230823" lon="2.8573106000000053">
<ele>57.02501199051214</ele>
<time>2026-08-14T05:39:16.805Z</time>
</trkpt>
<trkpt lat="42.0230997" lon="2.857340899999997">
<ele>57.453868822716935</ele>
<time>2026-08-14T05:39:18.845Z</time>
</trkpt>
<trkpt lat="42.0231178" lon="2.857372599999991">
<ele>57.910578045527515</ele>
<time>2026-08-14T05:39:20.804Z</time>
</trkpt>
<trkpt lat="42.02314" lon="2.8574075999999877">
<ele>58.2617805686698</ele>
<time>2026-08-14T05:39:22.885Z</time>
</trkpt>
<trkpt lat="42.0231605" lon="2.8574338999999895">
<ele>58.32905870218079</ele>
<time>2026-08-14T05:39:24.862Z</time>
</trkpt>
<trkpt lat="42.0231876" lon="2.857465700000006">
<ele>58.24017625332077</ele>
<time>2026-08-14T05:39:26.886Z</time>
</trkpt>
<trkpt lat="42.0232041" lon="2.8574892000000034">
<ele>58.24994175536977</ele>
<time>2026-08-14T05:39:28.938Z</time>
</trkpt>
<trkpt lat="42.0232219" lon="2.85752149999999">
<ele>58.3919856170228</ele>
<time>2026-08-14T05:39:30.962Z</time>
</trkpt>
<trkpt lat="42.0232389" lon="2.8575529000000017">
<ele>58.48012428029977</ele>
<time>2026-08-14T05:39:32.886Z</time>
</trkpt>
<trkpt lat="42.0232445" lon="2.857586999999995">
<ele>59.121681525564874</ele>
<time>2026-08-14T05:39:34.886Z</time>
</trkpt>
<trkpt lat="42.0232571" lon="2.8576037999999926">
<ele>59.03795697914996</ele>
<time>2026-08-14T05:39:36.899Z</time>
</trkpt>
<trkpt lat="42.0232861" lon="2.8576140000000123">
<ele>57.950940094834316</ele>
<time>2026-08-14T05:39:38.886Z</time>
</trkpt>
<trkpt lat="42.0233093" lon="2.857631800000007">
<ele>57.27493568787196</ele>
<time>2026-08-14T05:39:40.886Z</time>
</trkpt>
<trkpt lat="42.023318" lon="2.8576468999999918">
<ele>57.198510882676736</ele>
<time>2026-08-14T05:39:42.886Z</time>
</trkpt>
<trkpt lat="42.023322" lon="2.8576525000000004">
<ele>57.124478366494074</ele>
<time>2026-08-14T05:39:44.886Z</time>
</trkpt>
<trkpt lat="42.0233269" lon="2.8576598999999874">
<ele>57.04036242699931</ele>
<time>2026-08-14T05:39:46.886Z</time>
</trkpt>
<trkpt lat="42.0233296" lon="2.8576616">
<ele>56.93823308399424</ele>
<time>2026-08-14T05:39:48.893Z</time>
</trkpt>
<trkpt lat="42.0233423" lon="2.857701200000008">
<ele>57.113645718641756</ele>
<time>2026-08-14T05:39:50.910Z</time>
</trkpt>
<trkpt lat="42.0233591" lon="2.8577443000000073">
<ele>57.02263922333635</ele>
<time>2026-08-14T05:39:53.003Z</time>
</trkpt>
<trkpt lat="42.0233736" lon="2.8577927999999986">
<ele>57.285670791043984</ele>
<time>2026-08-14T05:39:54.886Z</time>
</trkpt>
<trkpt lat="42.0233921" lon="2.857831500000003">
<ele>57.37909375385793</ele>
<time>2026-08-14T05:39:56.889Z</time>
</trkpt>
<trkpt lat="42.023411" lon="2.8578588000000025">
<ele>57.22097384855505</ele>
<time>2026-08-14T05:39:58.726Z</time>
</trkpt>
<trkpt lat="42.0234298" lon="2.857889">
<ele>57.28646533907136</ele>
<time>2026-08-14T05:40:00.766Z</time>
</trkpt>
<trkpt lat="42.0234481" lon="2.8579162000000053">
<ele>57.24738577810701</ele>
<time>2026-08-14T05:40:02.806Z</time>
</trkpt>
<trkpt lat="42.0234658" lon="2.8579367000000104">
<ele>57.0353468309903</ele>
<time>2026-08-14T05:40:04.887Z</time>
</trkpt>
<trkpt lat="42.0234869" lon="2.857963600000005">
<ele>56.78933406826475</ele>
<time>2026-08-14T05:40:06.967Z</time>
</trkpt>
<trkpt lat="42.0235037" lon="2.8579852999999957">
<ele>56.560339175474866</ele>
<time>2026-08-14T05:40:08.886Z</time>
</trkpt>
<trkpt lat="42.0235217" lon="2.858015800000004">
<ele>56.4177404267281</ele>
<time>2026-08-14T05:40:10.899Z</time>
</trkpt>
<trkpt lat="42.0235387" lon="2.85804490000001">
<ele>56.24030126858235</ele>
<time>2026-08-14T05:40:12.915Z</time>
</trkpt>
<trkpt lat="42.0235502" lon="2.8580843000000016">
<ele>56.45125777112997</ele>
<time>2026-08-14T05:40:14.907Z</time>
</trkpt>
<trkpt lat="42.0235591" lon="2.8581211000000053">
<ele>56.69654639366387</ele>
<time>2026-08-14T05:40:16.886Z</time>
</trkpt>
<trkpt lat="42.0235631" lon="2.858156100000002">
<ele>57.138595508381236</ele>
<time>2026-08-14T05:40:18.891Z</time>
</trkpt>
<trkpt lat="42.0235782" lon="2.858192400000007">
<ele>57.05584828300756</ele>
<time>2026-08-14T05:40:20.907Z</time>
</trkpt>
<trkpt lat="42.0235956" lon="2.858229300000005">
<ele>56.834514401632056</ele>
<time>2026-08-14T05:40:22.947Z</time>
</trkpt>
<trkpt lat="42.0235995" lon="2.8582370999999966">
<ele>56.77157599128368</ele>
<time>2026-08-14T05:40:24.939Z</time>
</trkpt>
<trkpt lat="42.0236005" lon="2.8582553999999902">
<ele>57.03826080480007</ele>
<time>2026-08-14T05:40:26.886Z</time>
</trkpt>
<trkpt lat="42.0235999" lon="2.8582751000000144">
<ele>57.41178500212391</ele>
<time>2026-08-14T05:40:28.727Z</time>
</trkpt>
<trkpt lat="42.023618" lon="2.85828140000001">
<ele>56.57190307244672</ele>
<time>2026-08-14T05:40:30.823Z</time>
</trkpt>
<trkpt lat="42.0236367" lon="2.8583045000000027">
<ele>55.96783264655757</ele>
<time>2026-08-14T05:40:32.783Z</time>
</trkpt>
<trkpt lat="42.023659" lon="2.8583288000000096">
<ele>55.58514003103694</ele>
<time>2026-08-14T05:40:34.824Z</time>
</trkpt>
<trkpt lat="42.0236772" lon="2.8583571000000063">
<ele>55.56202394273778</ele>
<time>2026-08-14T05:40:36.848Z</time>
</trkpt>
<trkpt lat="42.0236919" lon="2.8583917999999926">
<ele>55.72191731357267</ele>
<time>2026-08-14T05:40:38.889Z</time>
</trkpt>
<trkpt lat="42.0237083" lon="2.858427599999999">
<ele>55.82245426400177</ele>
<time>2026-08-14T05:40:40.894Z</time>
</trkpt>
<trkpt lat="42.0237197" lon="2.8584604000000127">
<ele>55.9614885828091</ele>
<time>2026-08-14T05:40:42.911Z</time>
</trkpt>
<trkpt lat="42.0237313" lon="2.858495299999987">
<ele>56.10527601728866</ele>
<time>2026-08-14T05:40:44.912Z</time>
</trkpt>
<trkpt lat="42.0237431" lon="2.8585306999999887">
<ele>56.230734313436194</ele>
<time>2026-08-14T05:40:46.886Z</time>
</trkpt>
<trkpt lat="42.0237595" lon="2.8585654000000034">
<ele>56.1889388019886</ele>
<time>2026-08-14T05:40:48.946Z</time>
</trkpt>
<trkpt lat="42.0237738" lon="2.858596199999994">
<ele>56.13741085158841</ele>
<time>2026-08-14T05:40:50.962Z</time>
</trkpt>
<trkpt lat="42.0237943" lon="2.858624800000001">
<ele>55.843231254846486</ele>
<time>2026-08-14T05:40:52.886Z</time>
</trkpt>
<trkpt lat="42.0238079" lon="2.8586400000000083">
<ele>55.58938999512108</ele>
<time>2026-08-14T05:40:54.886Z</time>
</trkpt>
<trkpt lat="42.0238159" lon="2.8586553000000094">
<ele>55.50765980709567</ele>
<time>2026-08-14T05:40:56.900Z</time>
</trkpt>
<trkpt lat="42.0238379" lon="2.858732500000002">
<ele>55.74986409562405</ele>
<time>2026-08-14T05:40:58.917Z</time>
</trkpt>
<trkpt lat="42.0238506" lon="2.8587791999999865">
<ele>55.891003943518996</ele>
<time>2026-08-14T05:41:00.722Z</time>
</trkpt>
<trkpt lat="42.0238731" lon="2.858821699999993">
<ele>55.479566873746805</ele>
<time>2026-08-14T05:41:02.747Z</time>
</trkpt>
<trkpt lat="42.0238953" lon="2.858861100000013">
<ele>54.91336605015643</ele>
<time>2026-08-14T05:41:04.827Z</time>
</trkpt>
<trkpt lat="42.0239121" lon="2.8588949999999897">
<ele>54.43466906658182</ele>
<time>2026-08-14T05:41:06.788Z</time>
</trkpt>
<trkpt lat="42.023926" lon="2.8589278000000036">
<ele>54.157488659553955</ele>
<time>2026-08-14T05:41:08.789Z</time>
</trkpt>
<trkpt lat="42.0239321" lon="2.8589541999999994">
<ele>54.28946509052273</ele>
<time>2026-08-14T05:41:10.902Z</time>
</trkpt>
<trkpt lat="42.023947" lon="2.858984899999996">
<ele>54.36778723099489</ele>
<time>2026-08-14T05:41:12.902Z</time>
</trkpt>
<trkpt lat="42.0239697" lon="2.859029700000008">
<ele>54.45760721471517</ele>
<time>2026-08-14T05:41:14.901Z</time>
</trkpt>
<trkpt lat="42.0239885" lon="2.859061099999991">
<ele>54.461354902653255</ele>
<time>2026-08-14T05:41:16.861Z</time>
</trkpt>
<trkpt lat="42.0240094" lon="2.859100000000012">
<ele>54.469598830368675</ele>
<time>2026-08-14T05:41:18.965Z</time>
</trkpt>
<trkpt lat="42.0240304" lon="2.8591242999999906">
<ele>54.34771263961342</ele>
<time>2026-08-14T05:41:20.885Z</time>
</trkpt>
<trkpt lat="42.024058" lon="2.859149500000001">
<ele>54.117164477652906</ele>
<time>2026-08-14T05:41:22.942Z</time>
</trkpt>
<trkpt lat="42.0240794" lon="2.8591835999999944">
<ele>54.00809813263408</ele>
<time>2026-08-14T05:41:24.966Z</time>
</trkpt>
<trkpt lat="42.0240934" lon="2.8592131999999992">
<ele>53.96430004055857</ele>
<time>2026-08-14T05:41:26.886Z</time>
</trkpt>
<trkpt lat="42.0241075" lon="2.8592417000000125">
<ele>53.89810999027753</ele>
<time>2026-08-14T05:41:28.886Z</time>
</trkpt>
<trkpt lat="42.0241142" lon="2.8592601">
<ele>53.92398423749639</ele>
<time>2026-08-14T05:41:30.783Z</time>
</trkpt>
<trkpt lat="42.0241071" lon="2.8592390999999964">
<ele>53.89039612838409</ele>
<time>2026-08-14T05:41:32.892Z</time>
</trkpt>
<trkpt lat="42.0241116" lon="2.8592484000000127">
<ele>53.86763082236856</ele>
<time>2026-08-14T05:41:34.886Z</time>
</trkpt>
<trkpt lat="42.0241115" lon="2.859249500000004">
<ele>53.87704292811621</ele>
<time>2026-08-14T05:41:36.762Z</time>
</trkpt>
<trkpt lat="42.0241322" lon="2.859310899999997">
<ele>53.987717490896706</ele>
<time>2026-08-14T05:41:38.886Z</time>
</trkpt>
<trkpt lat="42.0241471" lon="2.85934739999999">
<ele>53.907690205360694</ele>
<time>2026-08-14T05:41:40.948Z</time>
</trkpt>
<trkpt lat="42.0241673" lon="2.8593859000000066">
<ele>53.62300656651615</ele>
<time>2026-08-14T05:41:42.886Z</time>
</trkpt>
<trkpt lat="42.0241837" lon="2.859425399999992">
<ele>53.341266114595</ele>
<time>2026-08-14T05:41:44.886Z</time>
</trkpt>
<trkpt lat="42.0241967" lon="2.8594620000000077">
<ele>53.0673919515992</ele>
<time>2026-08-14T05:41:46.897Z</time>
</trkpt>
<trkpt lat="42.0242083" lon="2.8595008000000064">
<ele>52.9957071377593</ele>
<time>2026-08-14T05:41:48.913Z</time>
</trkpt>
<trkpt lat="42.0242262" lon="2.8595377999999982">
<ele>52.98073445485436</ele>
<time>2026-08-14T05:41:50.930Z</time>
</trkpt>
<trkpt lat="42.0242471" lon="2.8595698000000027">
<ele>52.9428855064061</ele>
<time>2026-08-14T05:41:52.947Z</time>
</trkpt>
<trkpt lat="42.0242669" lon="2.859604399999995">
<ele>52.90553720794373</ele>
<time>2026-08-14T05:41:54.964Z</time>
</trkpt>
<trkpt lat="42.0242858" lon="2.859635400000002">
<ele>52.84876599347775</ele>
<time>2026-08-14T05:41:56.886Z</time>
</trkpt>
<trkpt lat="42.0243028" lon="2.859671899999995">
<ele>52.8087192456348</ele>
<time>2026-08-14T05:41:58.886Z</time>
</trkpt>
<trkpt lat="42.0243196" lon="2.8597059999999885">
<ele>52.74968880609151</ele>
<time>2026-08-14T05:42:00.903Z</time>
</trkpt>
<trkpt lat="42.024334" lon="2.859737200000012">
<ele>52.69270285137287</ele>
<time>2026-08-14T05:42:02.919Z</time>
</trkpt>
<trkpt lat="42.0243479" lon="2.859770200000014">
<ele>52.63363455319702</ele>
<time>2026-08-14T05:42:04.935Z</time>
</trkpt>
<trkpt lat="42.0243593" lon="2.859808700000002">
<ele>52.6175313116959</ele>
<time>2026-08-14T05:42:06.951Z</time>
</trkpt>
<trkpt lat="42.0243648" lon="2.8598368000000107">
<ele>52.7577432947906</ele>
<time>2026-08-14T05:42:08.966Z</time>
</trkpt>
<trkpt lat="42.0243707" lon="2.8598681">
<ele>52.90376847222033</ele>
<time>2026-08-14T05:42:10.982Z</time>
</trkpt>
<trkpt lat="42.0243752" lon="2.8598896000000025">
<ele>52.99058982040377</ele>
<time>2026-08-14T05:42:12.887Z</time>
</trkpt>
<trkpt lat="42.0243768" lon="2.8599073000000033">
<ele>53.085836818105214</ele>
<time>2026-08-14T05:42:14.904Z</time>
</trkpt>
<trkpt lat="42.0243767" lon="2.859927199999987">
<ele>53.21796954570189</ele>
<time>2026-08-14T05:42:16.921Z</time>
</trkpt>
<trkpt lat="42.0243716" lon="2.85993289999999">
<ele>53.33019386793311</ele>
<time>2026-08-14T05:42:18.938Z</time>
</trkpt>
<trkpt lat="42.0243852" lon="2.8599504999999965">
<ele>53.2411254339617</ele>
<time>2026-08-14T05:42:20.954Z</time>
</trkpt>
<trkpt lat="42.024397" lon="2.85996990000001">
<ele>53.174192248731565</ele>
<time>2026-08-14T05:42:22.886Z</time>
</trkpt>
<trkpt lat="42.0244083" lon="2.859998499999989">
<ele>53.14940473265063</ele>
<time>2026-08-14T05:42:24.782Z</time>
</trkpt>
<trkpt lat="42.0244212" lon="2.8600270999999964">
<ele>53.07279371918638</ele>
<time>2026-08-14T05:42:26.744Z</time>
</trkpt>
<trkpt lat="42.0244317" lon="2.8600577999999928">
<ele>53.02528648067506</ele>
<time>2026-08-14T05:42:28.825Z</time>
</trkpt>
<trkpt lat="42.0244388" lon="2.860092100000003">
<ele>53.056049244447955</ele>
<time>2026-08-14T05:42:30.917Z</time>
</trkpt>
<trkpt lat="42.0244477" lon="2.860126699999995">
<ele>53.07479211130251</ele>
<time>2026-08-14T05:42:32.934Z</time>
</trkpt>
<trkpt lat="42.0244609" lon="2.8601612999999872">
<ele>52.95478413603401</ele>
<time>2026-08-14T05:42:34.950Z</time>
</trkpt>
<trkpt lat="42.0244788" lon="2.860192600000005">
<ele>52.65425737412822</ele>
<time>2026-08-14T05:42:36.966Z</time>
</trkpt>
<trkpt lat="42.024496" lon="2.8602208000000076">
<ele>52.656652423213174</ele>
<time>2026-08-14T05:42:38.886Z</time>
</trkpt>
<trkpt lat="42.0245109" lon="2.860253400000005">
<ele>52.69240096010986</ele>
<time>2026-08-14T05:42:40.866Z</time>
</trkpt>
<trkpt lat="42.0245245" lon="2.8602834000000144">
<ele>52.72610283103492</ele>
<time>2026-08-14T05:42:42.901Z</time>
</trkpt>
<trkpt lat="42.0245348" lon="2.860312999999991">
<ele>52.77998197511202</ele>
<time>2026-08-14T05:42:44.917Z</time>
</trkpt>
<trkpt lat="42.0245425" lon="2.860345499999994">
<ele>52.86298332143781</ele>
<time>2026-08-14T05:42:46.934Z</time>
</trkpt>
<trkpt lat="42.0245514" lon="2.860375299999987">
<ele>52.981745715203814</ele>
<time>2026-08-14T05:42:48.950Z</time>
</trkpt>
<trkpt lat="42.0245585" lon="2.8604038000000003">
<ele>53.1573273303936</ele>
<time>2026-08-14T05:42:50.786Z</time>
</trkpt>
<trkpt lat="42.0245656" lon="2.8604397999999946">
<ele>53.378505507082714</ele>
<time>2026-08-14T05:42:52.923Z</time>
</trkpt>
<trkpt lat="42.0245725" lon="2.86047769999999">
<ele>53.600630192845095</ele>
<time>2026-08-14T05:42:54.907Z</time>
</trkpt>
<trkpt lat="42.0245807" lon="2.8605110000000025">
<ele>53.75926726349968</ele>
<time>2026-08-14T05:42:56.903Z</time>
</trkpt>
<trkpt lat="42.0245927" lon="2.8605473000000075">
<ele>53.876442734432295</ele>
<time>2026-08-14T05:42:58.919Z</time>
</trkpt>
<trkpt lat="42.0246051" lon="2.860584100000011">
<ele>53.96554871067985</ele>
<time>2026-08-14T05:43:00.886Z</time>
</trkpt>
<trkpt lat="42.0246172" lon="2.860619600000007">
<ele>54.023686929356536</ele>
<time>2026-08-14T05:43:02.787Z</time>
</trkpt>
<trkpt lat="42.0246299" lon="2.8606565000000046">
<ele>54.078870230164554</ele>
<time>2026-08-14T05:43:04.802Z</time>
</trkpt>
<trkpt lat="42.0246427" lon="2.8606948999999986">
<ele>54.13808933305193</ele>
<time>2026-08-14T05:43:06.849Z</time>
</trkpt>
<trkpt lat="42.0246539" lon="2.8607273000000077">
<ele>54.15217719026877</ele>
<time>2026-08-14T05:43:08.773Z</time>
</trkpt>
<trkpt lat="42.0246715" lon="2.8607732000000112">
<ele>54.09117104065394</ele>
<time>2026-08-14T05:43:10.928Z</time>
</trkpt>
<trkpt lat="42.0246844" lon="2.8608098999999925">
<ele>54.02383744029772</ele>
<time>2026-08-14T05:43:12.928Z</time>
</trkpt>
<trkpt lat="42.0246984" lon="2.86084790000001">
<ele>53.90219918131871</ele>
<time>2026-08-14T05:43:14.929Z</time>
</trkpt>
<trkpt lat="42.0247133" lon="2.8608871000000136">
<ele>53.723946149710464</ele>
<time>2026-08-14T05:43:16.945Z</time>
</trkpt>
<trkpt lat="42.0247231" lon="2.860921899999994">
<ele>53.649755931670384</ele>
<time>2026-08-14T05:43:18.886Z</time>
</trkpt>
<trkpt lat="42.0247375" lon="2.860958199999999">
<ele>53.703756457470256</ele>
<time>2026-08-14T05:43:20.886Z</time>
</trkpt>
<trkpt lat="42.0247545" lon="2.8609921000000043">
<ele>53.61704289717785</ele>
<time>2026-08-14T05:43:22.886Z</time>
</trkpt>
<trkpt lat="42.0247738" lon="2.861023700000004">
<ele>53.89308966803714</ele>
<time>2026-08-14T05:43:24.901Z</time>
</trkpt>
<trkpt lat="42.024792" lon="2.8610530999999924">
<ele>54.171349949286316</ele>
<time>2026-08-14T05:43:26.918Z</time>
</trkpt>
<trkpt lat="42.0248064" lon="2.861086699999987">
<ele>54.46329531885847</ele>
<time>2026-08-14T05:43:28.886Z</time>
</trkpt>
<trkpt lat="42.0248253" lon="2.8611236000000133">
<ele>54.737581515082695</ele>
<time>2026-08-14T05:43:30.786Z</time>
</trkpt>
<trkpt lat="42.0248345" lon="2.861159399999991">
<ele>55.00452682171498</ele>
<time>2026-08-14T05:43:32.946Z</time>
</trkpt>
<trkpt lat="42.0248452" lon="2.8611971999999923">
<ele>55.2529635174188</ele>
<time>2026-08-14T05:43:34.886Z</time>
</trkpt>
<trkpt lat="42.0248382" lon="2.8612290000000087">
<ele>55.408915530487455</ele>
<time>2026-08-14T05:43:36.764Z</time>
</trkpt>
<trkpt lat="42.0248322" lon="2.8612573999999995">
<ele>55.55223771953179</ele>
<time>2026-08-14T05:43:38.844Z</time>
</trkpt>
<trkpt lat="42.0248402" lon="2.861297400000012">
<ele>55.6408455802123</ele>
<time>2026-08-14T05:43:40.867Z</time>
</trkpt>
<trkpt lat="42.0248608" lon="2.8613268000000005">
<ele>55.583856706876134</ele>
<time>2026-08-14T05:43:42.886Z</time>
</trkpt>
<trkpt lat="42.0248755" lon="2.8613608">
<ele>55.5714052826735</ele>
<time>2026-08-14T05:43:44.962Z</time>
</trkpt>
<trkpt lat="42.0248853" lon="2.8613817000000097">
<ele>55.54950775019537</ele>
<time>2026-08-14T05:43:46.886Z</time>
</trkpt>
<trkpt lat="42.0248924" lon="2.8614115999999967">
<ele>55.57073581562842</ele>
<time>2026-08-14T05:43:48.893Z</time>
</trkpt>
<trkpt lat="42.0248942" lon="2.861443900000012">
<ele>55.64309166572573</ele>
<time>2026-08-14T05:43:50.909Z</time>
</trkpt>
<trkpt lat="42.0248958" lon="2.861482599999988">
<ele>55.79575646631227</ele>
<time>2026-08-14T05:43:52.926Z</time>
</trkpt>
<trkpt lat="42.0248991" lon="2.8615157000000124">
<ele>56.093305017701965</ele>
<time>2026-08-14T05:43:54.942Z</time>
</trkpt>
<trkpt lat="42.0249028" lon="2.8615543999999886">
<ele>56.4272412601029</ele>
<time>2026-08-14T05:43:56.957Z</time>
</trkpt>
<trkpt lat="42.0249091" lon="2.8615904000000114">
<ele>56.67426946273995</ele>
<time>2026-08-14T05:43:58.886Z</time>
</trkpt>
<trkpt lat="42.0249188" lon="2.861627999999996">
<ele>56.84395185215491</ele>
<time>2026-08-14T05:44:00.886Z</time>
</trkpt>
<trkpt lat="42.0249309" lon="2.8616667000000007">
<ele>56.928372005997126</ele>
<time>2026-08-14T05:44:02.893Z</time>
</trkpt>
<trkpt lat="42.0249451" lon="2.861704599999996">
<ele>56.9019729751509</ele>
<time>2026-08-14T05:44:04.909Z</time>
</trkpt>
<trkpt lat="42.0249589" lon="2.861740400000002">
<ele>56.80888605327815</ele>
<time>2026-08-14T05:44:06.926Z</time>
</trkpt>
<trkpt lat="42.0249739" lon="2.861776099999986">
<ele>56.63248216801787</ele>
<time>2026-08-14T05:44:08.942Z</time>
</trkpt>
<trkpt lat="42.0249874" lon="2.861810999999989">
<ele>56.432696486375725</ele>
<time>2026-08-14T05:44:10.959Z</time>
</trkpt>
<trkpt lat="42.0250015" lon="2.8618497999999875">
<ele>56.1674732278316</ele>
<time>2026-08-14T05:44:12.886Z</time>
</trkpt>
<trkpt lat="42.0250122" lon="2.8618803999999898">
<ele>55.92203242824147</ele>
<time>2026-08-14T05:44:14.803Z</time>
</trkpt>
<trkpt lat="42.0250248" lon="2.861914200000001">
<ele>55.57163600023157</ele>
<time>2026-08-14T05:44:16.746Z</time>
</trkpt>
<trkpt lat="42.0250394" lon="2.8619482999999946">
<ele>55.231567118803156</ele>
<time>2026-08-14T05:44:18.785Z</time>
</trkpt>
<trkpt lat="42.0250546" lon="2.861981700000001">
<ele>55.18122742263039</ele>
<time>2026-08-14T05:44:20.808Z</time>
</trkpt>
<trkpt lat="42.0250686" lon="2.8620117000000107">
<ele>55.14183237771157</ele>
<time>2026-08-14T05:44:22.809Z</time>
</trkpt>
<trkpt lat="42.0250824" lon="2.862042300000013">
<ele>55.13466258697848</ele>
<time>2026-08-14T05:44:24.732Z</time>
</trkpt>
<trkpt lat="42.0250976" lon="2.8620764000000065">
<ele>55.171926274565294</ele>
<time>2026-08-14T05:44:26.824Z</time>
</trkpt>
<trkpt lat="42.025113" lon="2.862109199999992">
<ele>55.206693220353955</ele>
<time>2026-08-14T05:44:28.929Z</time>
</trkpt>
<trkpt lat="42.0251257" lon="2.8621425999999985">
<ele>55.267108267270295</ele>
<time>2026-08-14T05:44:30.929Z</time>
</trkpt>
<trkpt lat="42.0251399" lon="2.8621736000000055">
<ele>55.31041764672438</ele>
<time>2026-08-14T05:44:32.798Z</time>
</trkpt>
<trkpt lat="42.0251561" lon="2.86220560000001">
<ele>55.34914319509741</ele>
<time>2026-08-14T05:44:34.927Z</time>
</trkpt>
<trkpt lat="42.0251761" lon="2.8622437999999875">
<ele>55.397212867157805</ele>
<time>2026-08-14T05:44:36.943Z</time>
</trkpt>
<trkpt lat="42.0251899" lon="2.862267000000003">
<ele>55.41935574579279</ele>
<time>2026-08-14T05:44:38.886Z</time>
</trkpt>
<trkpt lat="42.0252062" lon="2.8622985000000085">
<ele>55.46895514309408</ele>
<time>2026-08-14T05:44:40.886Z</time>
</trkpt>
<trkpt lat="42.0252211" lon="2.8623268000000053">
<ele>55.520744840767584</ele>
<time>2026-08-14T05:44:42.725Z</time>
</trkpt>
<trkpt lat="42.0252376" lon="2.862360599999988">
<ele>55.58486450649337</ele>
<time>2026-08-14T05:44:44.765Z</time>
</trkpt>
<trkpt lat="42.0252521" lon="2.8623891000000015">
<ele>55.62493921651317</ele>
<time>2026-08-14T05:44:46.789Z</time>
</trkpt>
<trkpt lat="42.0252671" lon="2.8624201000000085">
<ele>55.66351930231125</ele>
<time>2026-08-14T05:44:48.829Z</time>
</trkpt>
<trkpt lat="42.0252805" lon="2.8624518999999964">
<ele>55.70743180551191</ele>
<time>2026-08-14T05:44:50.869Z</time>
</trkpt>
<trkpt lat="42.0252939" lon="2.8624837000000127">
<ele>55.74163442364804</ele>
<time>2026-08-14T05:44:52.908Z</time>
</trkpt>
<trkpt lat="42.0253059" lon="2.862517800000006">
<ele>55.78759810772512</ele>
<time>2026-08-14T05:44:54.988Z</time>
</trkpt>
<trkpt lat="42.0253154" lon="2.8625495">
<ele>55.83937952518831</ele>
<time>2026-08-14T05:44:56.886Z</time>
</trkpt>
<trkpt lat="42.0253281" lon="2.8625852000000123">
<ele>55.8910743174775</ele>
<time>2026-08-14T05:44:58.896Z</time>
</trkpt>
<trkpt lat="42.0253421" lon="2.8626223999999922">
<ele>55.80978753336282</ele>
<time>2026-08-14T05:45:00.912Z</time>
</trkpt>
<trkpt lat="42.0253587" lon="2.8626582999999926">
<ele>55.73588966479484</ele>
<time>2026-08-14T05:45:02.886Z</time>
</trkpt>
<trkpt lat="42.0253721" lon="2.862695599999995">
<ele>55.712236660653346</ele>
<time>2026-08-14T05:45:04.886Z</time>
</trkpt>
<trkpt lat="42.025385" lon="2.8627314000000013">
<ele>55.71635354944835</ele>
<time>2026-08-14T05:45:06.886Z</time>
</trkpt>
<trkpt lat="42.0253953" lon="2.8627658999999994">
<ele>55.750460631376384</ele>
<time>2026-08-14T05:45:08.886Z</time>
</trkpt>
<trkpt lat="42.0254055" lon="2.8627975999999933">
<ele>55.79867138134877</ele>
<time>2026-08-14T05:45:10.727Z</time>
</trkpt>
<trkpt lat="42.0254159" lon="2.8628319999999974">
<ele>55.872290543155565</ele>
<time>2026-08-14T05:45:12.767Z</time>
</trkpt>
<trkpt lat="42.0254234" lon="2.8628689999999892">
<ele>55.9700551935631</ele>
<time>2026-08-14T05:45:14.887Z</time>
</trkpt>
<trkpt lat="42.0254276" lon="2.8629021000000137">
<ele>56.04611201909773</ele>
<time>2026-08-14T05:45:16.888Z</time>
</trkpt>
<trkpt lat="42.0254307" lon="2.8629386000000068">
<ele>56.1295115913797</ele>
<time>2026-08-14T05:45:18.948Z</time>
</trkpt>
<trkpt lat="42.0254356" lon="2.862978599999991">
<ele>56.22206512854005</ele>
<time>2026-08-14T05:45:20.886Z</time>
</trkpt>
<trkpt lat="42.0254402" lon="2.8630159999999876">
<ele>56.30900194878214</ele>
<time>2026-08-14T05:45:23.088Z</time>
</trkpt>
<trkpt lat="42.025448" lon="2.8630534000000125">
<ele>56.39843481863679</ele>
<time>2026-08-14T05:45:25.122Z</time>
</trkpt>
<trkpt lat="42.0254656" lon="2.8630917000000125">
<ele>56.49745113696519</ele>
<time>2026-08-14T05:45:27.187Z</time>
</trkpt>
<trkpt lat="42.0254844" lon="2.8631329000000107">
<ele>56.60551125820883</ele>
<time>2026-08-14T05:45:29.246Z</time>
</trkpt>
<trkpt lat="42.0254967" lon="2.8631733999999938">
<ele>56.940647342165015</ele>
<time>2026-08-14T05:45:31.303Z</time>
</trkpt>
<trkpt lat="42.0255092" lon="2.8632152000000133">
<ele>57.40544441647679</ele>
<time>2026-08-14T05:45:33.368Z</time>
</trkpt>
<trkpt lat="42.0255245" lon="2.863259400000004">
<ele>57.95462087760428</ele>
<time>2026-08-14T05:45:35.409Z</time>
</trkpt>
<trkpt lat="42.0255426" lon="2.8632962000000077">
<ele>58.491302899119816</ele>
<time>2026-08-14T05:45:37.443Z</time>
</trkpt>
<trkpt lat="42.0255616" lon="2.8633356999999933">
<ele>59.12401573389503</ele>
<time>2026-08-14T05:45:39.468Z</time>
</trkpt>
<trkpt lat="42.0255772" lon="2.8633801999999946">
<ele>59.849600570174054</ele>
<time>2026-08-14T05:45:41.509Z</time>
</trkpt>
<trkpt lat="42.0255939" lon="2.8634212000000048">
<ele>60.51214621836583</ele>
<time>2026-08-14T05:45:43.542Z</time>
</trkpt>
<trkpt lat="42.0256147" lon="2.863457899999986">
<ele>60.1399946130571</ele>
<time>2026-08-14T05:45:45.463Z</time>
</trkpt>
<trkpt lat="42.0256355" lon="2.8634917999999914">
<ele>59.8081386831189</ele>
<time>2026-08-14T05:45:47.504Z</time>
</trkpt>
<trkpt lat="42.0256479" lon="2.863533100000012">
<ele>59.6496712614366</ele>
<time>2026-08-14T05:45:49.528Z</time>
</trkpt>
<trkpt lat="42.0256539" lon="2.863573400000007">
<ele>59.606295150513134</ele>
<time>2026-08-14T05:45:51.608Z</time>
</trkpt>
<trkpt lat="42.0256608" lon="2.863606699999991">
<ele>59.55697266459057</ele>
<time>2026-08-14T05:45:53.568Z</time>
</trkpt>
<trkpt lat="42.0256712" lon="2.8636430999999902">
<ele>59.48596158531595</ele>
<time>2026-08-14T05:45:55.608Z</time>
</trkpt>
<trkpt lat="42.0256799" lon="2.863676499999997">
<ele>59.44923564993816</ele>
<time>2026-08-14T05:45:57.664Z</time>
</trkpt>
<trkpt lat="42.0256918" lon="2.8637152999999955">
<ele>59.28880679578712</ele>
<time>2026-08-14T05:45:59.663Z</time>
</trkpt>
<trkpt lat="42.0257097" lon="2.8637620000000084">
<ele>58.87147573389667</ele>
<time>2026-08-14T05:46:01.645Z</time>
</trkpt>
<trkpt lat="42.0257235" lon="2.8637953999999866">
<ele>58.58099470674252</ele>
<time>2026-08-14T05:46:03.743Z</time>
</trkpt>
<trkpt lat="42.0257371" lon="2.8638362000000086">
<ele>58.27062827468871</ele>
<time>2026-08-14T05:46:05.807Z</time>
</trkpt>
<trkpt lat="42.0257491" lon="2.863876099999999">
<ele>57.99311032494024</ele>
<time>2026-08-14T05:46:07.806Z</time>
</trkpt>
<trkpt lat="42.0257621" lon="2.863915700000007">
<ele>57.72574469820482</ele>
<time>2026-08-14T05:46:09.926Z</time>
</trkpt>
<trkpt lat="42.0257744" lon="2.8639537999999902">
<ele>57.48505425553132</ele>
<time>2026-08-14T05:46:11.902Z</time>
</trkpt>
<trkpt lat="42.025786" lon="2.86399209999999">
<ele>57.32104797893724</ele>
<time>2026-08-14T05:46:13.946Z</time>
</trkpt>
<trkpt lat="42.0257975" lon="2.8640258000000074">
<ele>57.255175623887936</ele>
<time>2026-08-14T05:46:15.886Z</time>
</trkpt>
<trkpt lat="42.0258188" lon="2.8640915000000007">
<ele>57.11267451614833</ele>
<time>2026-08-14T05:46:19.749Z</time>
</trkpt>
<trkpt lat="42.025828" lon="2.8641265999999916">
<ele>57.0403402398961</ele>
<time>2026-08-14T05:46:21.789Z</time>
</trkpt>
<trkpt lat="42.0258364" lon="2.864161899999999">
<ele>56.96742976785962</ele>
<time>2026-08-14T05:46:23.861Z</time>
</trkpt>
<trkpt lat="42.0258449" lon="2.8642006000000038">
<ele>56.88628869980159</ele>
<time>2026-08-14T05:46:25.942Z</time>
</trkpt>
<trkpt lat="42.025851" lon="2.864235000000008">
<ele>56.82024711311658</ele>
<time>2026-08-14T05:46:27.966Z</time>
</trkpt>
<trkpt lat="42.0258557" lon="2.864270900000008">
<ele>56.77758461886761</ele>
<time>2026-08-14T05:46:29.885Z</time>
</trkpt>
<trkpt lat="42.0258607" lon="2.864309100000014">
<ele>56.75687724234496</ele>
<time>2026-08-14T05:46:31.886Z</time>
</trkpt>
<trkpt lat="42.0258662" lon="2.8643485999999996">
<ele>56.73363855319116</ele>
<time>2026-08-14T05:46:33.922Z</time>
</trkpt>
<trkpt lat="42.0258689" lon="2.8643849000000046">
<ele>56.73127532324975</ele>
<time>2026-08-14T05:46:35.915Z</time>
</trkpt>
<trkpt lat="42.0258687" lon="2.8644247000000007">
<ele>56.753397865305104</ele>
<time>2026-08-14T05:46:37.886Z</time>
</trkpt>
<trkpt lat="42.0258656" lon="2.8644667000000084">
<ele>56.79868651562122</ele>
<time>2026-08-14T05:46:39.744Z</time>
</trkpt>
<trkpt lat="42.0258735" lon="2.86450099999999">
<ele>56.75688532480626</ele>
<time>2026-08-14T05:46:41.785Z</time>
</trkpt>
<trkpt lat="42.0258822" lon="2.8645428000000095">
<ele>56.75792533321016</ele>
<time>2026-08-14T05:46:43.849Z</time>
</trkpt>
<trkpt lat="42.0258908" lon="2.8645825000000116">
<ele>56.91181816240529</ele>
<time>2026-08-14T05:46:45.826Z</time>
</trkpt>
<trkpt lat="42.0259031" lon="2.8646254999999883">
<ele>57.05398131028606</ele>
<time>2026-08-14T05:46:47.866Z</time>
</trkpt>
<trkpt lat="42.0259139" lon="2.8646631000000014">
<ele>57.175943840528355</ele>
<time>2026-08-14T05:46:49.906Z</time>
</trkpt>
<trkpt lat="42.0259248" lon="2.8647022000000106">
<ele>57.30336015969672</ele>
<time>2026-08-14T05:46:51.946Z</time>
</trkpt>
<trkpt lat="42.0259351" lon="2.8647340999999926">
<ele>57.39478113539786</ele>
<time>2026-08-14T05:46:53.902Z</time>
</trkpt>
<trkpt lat="42.0259504" lon="2.8647740000000113">
<ele>57.48774898166019</ele>
<time>2026-08-14T05:46:55.949Z</time>
</trkpt>
<trkpt lat="42.0259662" lon="2.864808199999999">
<ele>57.54359540133512</ele>
<time>2026-08-14T05:46:57.965Z</time>
</trkpt>
<trkpt lat="42.0259779" lon="2.864844099999999">
<ele>57.54850911572065</ele>
<time>2026-08-14T05:46:59.885Z</time>
</trkpt>
<trkpt lat="42.0259903" lon="2.8648765000000083">
<ele>57.55012173878973</ele>
<time>2026-08-14T05:47:01.745Z</time>
</trkpt>
<trkpt lat="42.0260014" lon="2.8649111999999946">
<ele>57.588445254893955</ele>
<time>2026-08-14T05:47:03.784Z</time>
</trkpt>
<trkpt lat="42.0260138" lon="2.8649440000000084">
<ele>57.63637534674901</ele>
<time>2026-08-14T05:47:05.808Z</time>
</trkpt>
<trkpt lat="42.026032" lon="2.864974200000006">
<ele>57.6771712398967</ele>
<time>2026-08-14T05:47:07.848Z</time>
</trkpt>
<trkpt lat="42.0260533" lon="2.865004199999987">
<ele>57.73990136897786</ele>
<time>2026-08-14T05:47:09.888Z</time>
</trkpt>
<trkpt lat="42.0260743" lon="2.865033000000011">
<ele>57.833023555313794</ele>
<time>2026-08-14T05:47:11.904Z</time>
</trkpt>
<trkpt lat="42.0260958" lon="2.8650619999999947">
<ele>57.96090502163963</ele>
<time>2026-08-14T05:47:13.928Z</time>
</trkpt>
<trkpt lat="42.0261218" lon="2.8650967000000094">
<ele>58.106710863662414</ele>
<time>2026-08-14T05:47:15.943Z</time>
</trkpt>
<trkpt lat="42.0261381" lon="2.86512350000001">
<ele>58.04509034122455</ele>
<time>2026-08-14T05:47:17.966Z</time>
</trkpt>
<trkpt lat="42.0261542" lon="2.865156000000013">
<ele>57.91166157093206</ele>
<time>2026-08-14T05:47:19.966Z</time>
</trkpt>
<trkpt lat="42.0261689" lon="2.8651901000000066">
<ele>57.722851906426484</ele>
<time>2026-08-14T05:47:21.905Z</time>
</trkpt>
<trkpt lat="42.0261812" lon="2.865226799999988">
<ele>57.560051698316634</ele>
<time>2026-08-14T05:47:23.921Z</time>
</trkpt>
<trkpt lat="42.0261974" lon="2.8652596999999957">
<ele>57.38772386650283</ele>
<time>2026-08-14T05:47:25.936Z</time>
</trkpt>
<trkpt lat="42.0262104" lon="2.865292899999986">
<ele>57.24961657946715</ele>
<time>2026-08-14T05:47:27.951Z</time>
</trkpt>
<trkpt lat="42.026217" lon="2.8653329999999926">
<ele>57.1526405034519</ele>
<time>2026-08-14T05:47:29.966Z</time>
</trkpt>
<trkpt lat="42.0262223" lon="2.865374800000012">
<ele>57.08229711305798</ele>
<time>2026-08-14T05:47:31.981Z</time>
</trkpt>
<trkpt lat="42.0262212" lon="2.8654209000000037">
<ele>57.13989553822079</ele>
<time>2026-08-14T05:47:33.886Z</time>
</trkpt>
<trkpt lat="42.0262247" lon="2.865472600000004">
<ele>57.17592306286271</ele>
<time>2026-08-14T05:47:35.898Z</time>
</trkpt>
<trkpt lat="42.0262224" lon="2.8655099000000064">
<ele>57.23146531673644</ele>
<time>2026-08-14T05:47:37.913Z</time>
</trkpt>
<trkpt lat="42.0262188" lon="2.8655567000000133">
<ele>57.30722620879909</ele>
<time>2026-08-14T05:47:39.928Z</time>
</trkpt>
<trkpt lat="42.0262147" lon="2.8656025999999883">
<ele>57.38724843878211</ele>
<time>2026-08-14T05:47:41.943Z</time>
</trkpt>
<trkpt lat="42.0262055" lon="2.865649300000001">
<ele>57.512957478702994</ele>
<time>2026-08-14T05:47:43.886Z</time>
</trkpt>
<trkpt lat="42.0262068" lon="2.865693399999998">
<ele>57.66344033061897</ele>
<time>2026-08-14T05:47:45.925Z</time>
</trkpt>
<trkpt lat="42.0262069" lon="2.8657369000000017">
<ele>57.82027055363597</ele>
<time>2026-08-14T05:47:47.924Z</time>
</trkpt>
<trkpt lat="42.0262031" lon="2.865778299999988">
<ele>58.000510051294356</ele>
<time>2026-08-14T05:47:49.962Z</time>
</trkpt>
<trkpt lat="42.0262084" lon="2.8658192999999983">
<ele>58.106412907752045</ele>
<time>2026-08-14T05:47:51.920Z</time>
</trkpt>
<trkpt lat="42.0262121" lon="2.8658609999999953">
<ele>58.22564793942798</ele>
<time>2026-08-14T05:47:53.934Z</time>
</trkpt>
<trkpt lat="42.0262201" lon="2.8659001000000046">
<ele>58.29606831176062</ele>
<time>2026-08-14T05:47:55.941Z</time>
</trkpt>
<trkpt lat="42.0262304" lon="2.8659376999999893">
<ele>58.3288366002247</ele>
<time>2026-08-14T05:47:57.957Z</time>
</trkpt>
<trkpt lat="42.0262397" lon="2.8659767000000045">
<ele>58.36324882353978</ele>
<time>2026-08-14T05:47:59.886Z</time>
</trkpt>
<trkpt lat="42.0262504" lon="2.8660117000000014">
<ele>58.38249046800283</ele>
<time>2026-08-14T05:48:01.891Z</time>
</trkpt>
<trkpt lat="42.0262643" lon="2.8660448999999915">
<ele>58.38030165010836</ele>
<time>2026-08-14T05:48:03.906Z</time>
</trkpt>
<trkpt lat="42.0262792" lon="2.8660777000000053">
<ele>58.38002876246859</ele>
<time>2026-08-14T05:48:05.920Z</time>
</trkpt>
<trkpt lat="42.0262932" lon="2.866111999999987">
<ele>58.40229900032149</ele>
<time>2026-08-14T05:48:07.911Z</time>
</trkpt>
<trkpt lat="42.0263034" lon="2.866145700000004">
<ele>58.45751428609178</ele>
<time>2026-08-14T05:48:09.901Z</time>
</trkpt>
<trkpt lat="42.0263163" lon="2.866180899999989">
<ele>58.5100190056475</ele>
<time>2026-08-14T05:48:11.915Z</time>
</trkpt>
<trkpt lat="42.0263295" lon="2.866213799999997">
<ele>58.52935976552644</ele>
<time>2026-08-14T05:48:13.930Z</time>
</trkpt>
<trkpt lat="42.026343" lon="2.866246100000012">
<ele>58.501494355506686</ele>
<time>2026-08-14T05:48:15.944Z</time>
</trkpt>
<trkpt lat="42.0263571" lon="2.866279999999989">
<ele>58.503189824743416</ele>
<time>2026-08-14T05:48:17.967Z</time>
</trkpt>
<trkpt lat="42.0263769" lon="2.866319500000003">
<ele>58.538133890652645</ele>
<time>2026-08-14T05:48:19.886Z</time>
</trkpt>
<trkpt lat="42.0263901" lon="2.866345899999999">
<ele>58.59008607509642</ele>
<time>2026-08-14T05:48:21.948Z</time>
</trkpt>
<trkpt lat="42.0264163" lon="2.866371100000009">
<ele>58.65762408094863</ele>
<time>2026-08-14T05:48:23.963Z</time>
</trkpt>
<trkpt lat="42.0264387" lon="2.8664018999999996">
<ele>58.69932044635087</ele>
<time>2026-08-14T05:48:25.977Z</time>
</trkpt>
<trkpt lat="42.0264507" lon="2.86644050000001">
<ele>58.79451761270047</ele>
<time>2026-08-14T05:48:27.886Z</time>
</trkpt>
<trkpt lat="42.0264637" lon="2.866468900000001">
<ele>58.84943717333767</ele>
<time>2026-08-14T05:48:29.782Z</time>
</trkpt>
<trkpt lat="42.0264783" lon="2.8665121999999883">
<ele>58.85292732118249</ele>
<time>2026-08-14T05:48:31.900Z</time>
</trkpt>
<trkpt lat="42.026486" lon="2.866548999999992">
<ele>58.84206769338128</ele>
<time>2026-08-14T05:48:33.913Z</time>
</trkpt>
<trkpt lat="42.0264958" lon="2.8665828999999974">
<ele>58.819685977068815</ele>
<time>2026-08-14T05:48:35.886Z</time>
</trkpt>
<trkpt lat="42.0265082" lon="2.8666207999999926">
<ele>58.789451602600984</ele>
<time>2026-08-14T05:48:37.940Z</time>
</trkpt>
<trkpt lat="42.0265213" lon="2.8666456999999923">
<ele>58.746706830425296</ele>
<time>2026-08-14T05:48:39.891Z</time>
</trkpt>
<trkpt lat="42.0265382" lon="2.866671999999994">
<ele>58.68855210555517</ele>
<time>2026-08-14T05:48:41.904Z</time>
</trkpt>
<trkpt lat="42.0265548" lon="2.8667011000000002">
<ele>58.63665550428691</ele>
<time>2026-08-14T05:48:44.002Z</time>
</trkpt>
<trkpt lat="42.0265698" lon="2.866727400000002">
<ele>58.59177817978677</ele>
<time>2026-08-14T05:48:45.984Z</time>
</trkpt>
<trkpt lat="42.0265859" lon="2.8667628000000036">
<ele>58.54730024151631</ele>
<time>2026-08-14T05:48:47.945Z</time>
</trkpt>
<trkpt lat="42.0265955" lon="2.8667910000000063">
<ele>58.48297008483406</ele>
<time>2026-08-14T05:48:49.959Z</time>
</trkpt>
<trkpt lat="42.0266072" lon="2.8668275999999935">
<ele>58.400364151406656</ele>
<time>2026-08-14T05:48:51.971Z</time>
</trkpt>
<trkpt lat="42.0266213" lon="2.866868399999987">
<ele>58.29954585433559</ele>
<time>2026-08-14T05:48:53.886Z</time>
</trkpt>
<trkpt lat="42.0266355" lon="2.866902500000009">
<ele>58.19995448313404</ele>
<time>2026-08-14T05:48:55.912Z</time>
</trkpt>
<trkpt lat="42.0266484" lon="2.8669371000000012">
<ele>58.103344870220006</ele>
<time>2026-08-14T05:48:57.903Z</time>
</trkpt>
<trkpt lat="42.0266623" lon="2.8669803999999885">
<ele>57.990126500459084</ele>
<time>2026-08-14T05:48:59.916Z</time>
</trkpt>
<trkpt lat="42.0266771" lon="2.86702360000001">
<ele>57.867905908221715</ele>
<time>2026-08-14T05:49:02.022Z</time>
</trkpt>
<trkpt lat="42.026689" lon="2.867062699999991">
<ele>57.85018087356117</ele>
<time>2026-08-14T05:49:04.005Z</time>
</trkpt>
<trkpt lat="42.0267051" lon="2.867102899999992">
<ele>57.85793289495403</ele>
<time>2026-08-14T05:49:05.920Z</time>
</trkpt>
<trkpt lat="42.0267205" lon="2.8671377999999947">
<ele>57.90226001129766</ele>
<time>2026-08-14T05:49:07.919Z</time>
</trkpt>
<trkpt lat="42.0267377" lon="2.8671731999999963">
<ele>57.95543333340489</ele>
<time>2026-08-14T05:49:09.974Z</time>
</trkpt>
<trkpt lat="42.0267538" lon="2.8672191">
<ele>58.05414234623157</ele>
<time>2026-08-14T05:49:11.886Z</time>
</trkpt>
<trkpt lat="42.0267679" lon="2.8672525000000064">
<ele>58.13263583971564</ele>
<time>2026-08-14T05:49:13.909Z</time>
</trkpt>
<trkpt lat="42.0267794" lon="2.8672961999999984">
<ele>58.25652889158219</ele>
<time>2026-08-14T05:49:15.924Z</time>
</trkpt>
<trkpt lat="42.0267925" lon="2.867340799999994">
<ele>58.463802225530536</ele>
<time>2026-08-14T05:49:17.939Z</time>
</trkpt>
<trkpt lat="42.0268075" lon="2.8673776999999916">
<ele>58.681672155599514</ele>
<time>2026-08-14T05:49:19.930Z</time>
</trkpt>
<trkpt lat="42.0268281" lon="2.8674125999999944">
<ele>58.886297036132106</ele>
<time>2026-08-14T05:49:21.945Z</time>
</trkpt>
<trkpt lat="42.0268513" lon="2.867444599999999">
<ele>59.07420218799422</ele>
<time>2026-08-14T05:49:23.960Z</time>
</trkpt>
<trkpt lat="42.0268722" lon="2.8674765000000093">
<ele>59.26496344598382</ele>
<time>2026-08-14T05:49:25.974Z</time>
</trkpt>
<trkpt lat="42.026899" lon="2.867510699999997">
<ele>59.47061109392602</ele>
<time>2026-08-14T05:49:27.886Z</time>
</trkpt>
<trkpt lat="42.026917" lon="2.8675365">
<ele>59.628494798950804</ele>
<time>2026-08-14T05:49:29.889Z</time>
</trkpt>
<trkpt lat="42.0269403" lon="2.867569500000002">
<ele>59.83273569798342</ele>
<time>2026-08-14T05:49:31.903Z</time>
</trkpt>
<trkpt lat="42.0269638" lon="2.867605400000002">
<ele>59.99681339385851</ele>
<time>2026-08-14T05:49:33.917Z</time>
</trkpt>
<trkpt lat="42.0269844" lon="2.8676385999999923">
<ele>59.996303769237315</ele>
<time>2026-08-14T05:49:35.932Z</time>
</trkpt>
<trkpt lat="42.0270037" lon="2.867670199999992">
<ele>59.79407703784453</ele>
<time>2026-08-14T05:49:37.743Z</time>
</trkpt>
<trkpt lat="42.0270235" lon="2.8677049000000068">
<ele>59.58317074163164</ele>
<time>2026-08-14T05:49:39.686Z</time>
</trkpt>
<trkpt lat="42.0270447" lon="2.867741599999988">
<ele>59.35058943412172</ele>
<time>2026-08-14T05:49:41.748Z</time>
</trkpt>
<trkpt lat="42.0270645" lon="2.8677786000000083">
<ele>59.12924413495482</ele>
<time>2026-08-14T05:49:43.667Z</time>
</trkpt>
<trkpt lat="42.0270831" lon="2.867810800000001">
<ele>58.91419181714061</ele>
<time>2026-08-14T05:49:45.682Z</time>
</trkpt>
<trkpt lat="42.0271006" lon="2.8678410999999926">
<ele>58.707247456702035</ele>
<time>2026-08-14T05:49:47.689Z</time>
</trkpt>
<trkpt lat="42.0271223" lon="2.867866300000003">
<ele>58.43924789922819</ele>
<time>2026-08-14T05:49:49.663Z</time>
</trkpt>
<trkpt lat="42.0271456" lon="2.8678904999999872">
<ele>58.276764999116125</ele>
<time>2026-08-14T05:49:51.662Z</time>
</trkpt>
<trkpt lat="42.0271697" lon="2.8679156000000035">
<ele>58.15336608086065</ele>
<time>2026-08-14T05:49:53.668Z</time>
</trkpt>
<trkpt lat="42.0271924" lon="2.867939199999995">
<ele>58.0394039838493</ele>
<time>2026-08-14T05:49:55.667Z</time>
</trkpt>
<trkpt lat="42.0272157" lon="2.8679640999999947">
<ele>57.930171750311565</ele>
<time>2026-08-14T05:49:57.705Z</time>
</trkpt>
<trkpt lat="42.027241" lon="2.867987599999992">
<ele>57.78754063368951</ele>
<time>2026-08-14T05:49:59.688Z</time>
</trkpt>
<trkpt lat="42.0272681" lon="2.868005199999999">
<ele>57.644916559555334</ele>
<time>2026-08-14T05:50:01.726Z</time>
</trkpt>
<trkpt lat="42.0272996" lon="2.8680142999999987">
<ele>57.57328226073165</ele>
<time>2026-08-14T05:50:03.749Z</time>
</trkpt>
<trkpt lat="42.0273322" lon="2.868022200000013">
<ele>57.4865769818407</ele>
<time>2026-08-14T05:50:05.747Z</time>
</trkpt>
<trkpt lat="42.027368" lon="2.8680200999999954">
<ele>57.30936260857469</ele>
<time>2026-08-14T05:50:07.745Z</time>
</trkpt>
<trkpt lat="42.0273942" lon="2.8680407999999886">
<ele>57.34584698642848</ele>
<time>2026-08-14T05:50:09.743Z</time>
</trkpt>
<trkpt lat="42.0274199" lon="2.8680611999999996">
<ele>57.380469729591155</ele>
<time>2026-08-14T05:50:11.789Z</time>
</trkpt>
<trkpt lat="42.0274446" lon="2.8680849000000137">
<ele>57.44218699424453</ele>
<time>2026-08-14T05:50:13.843Z</time>
</trkpt>
<trkpt lat="42.027469" lon="2.8681085999999993">
<ele>57.50322498370949</ele>
<time>2026-08-14T05:50:15.889Z</time>
</trkpt>
<trkpt lat="42.0274898" lon="2.868134700000013">
<ele>57.596657584929304</ele>
<time>2026-08-14T05:50:17.902Z</time>
</trkpt>
<trkpt lat="42.0275092" lon="2.868163100000004">
<ele>57.75723272737683</ele>
<time>2026-08-14T05:50:19.949Z</time>
</trkpt>
<trkpt lat="42.0275262" lon="2.8681912000000125">
<ele>58.0072864403532</ele>
<time>2026-08-14T05:50:21.927Z</time>
</trkpt>
<trkpt lat="42.0275443" lon="2.8682212999999877">
<ele>58.26783136409213</ele>
<time>2026-08-14T05:50:23.985Z</time>
</trkpt>
<trkpt lat="42.0275605" lon="2.868246699999986">
<ele>58.401786956427074</ele>
<time>2026-08-14T05:50:25.983Z</time>
</trkpt>
<trkpt lat="42.0275776" lon="2.8682780999999977">
<ele>58.58441689221954</ele>
<time>2026-08-14T05:50:27.967Z</time>
</trkpt>
<trkpt lat="42.0275939" lon="2.868308799999994">
<ele>58.754559211032436</ele>
<time>2026-08-14T05:50:29.905Z</time>
</trkpt>
<trkpt lat="42.0276115" lon="2.868337700000012">
<ele>58.87737118711357</ele>
<time>2026-08-14T05:50:31.920Z</time>
</trkpt>
<trkpt lat="42.0276317" lon="2.868369599999994">
<ele>58.98890241150071</ele>
<time>2026-08-14T05:50:33.918Z</time>
</trkpt>
<trkpt lat="42.0276471" lon="2.8684030000000007">
<ele>59.15891339705749</ele>
<time>2026-08-14T05:50:35.949Z</time>
</trkpt>
<trkpt lat="42.0276645" lon="2.8684385999999904">
<ele>59.226292893032806</ele>
<time>2026-08-14T05:50:37.886Z</time>
</trkpt>
<trkpt lat="42.0276851" lon="2.8684694000000093">
<ele>59.02095597174554</ele>
<time>2026-08-14T05:50:39.954Z</time>
</trkpt>
<trkpt lat="42.0277103" lon="2.8684920000000034">
<ele>58.73956116584865</ele>
<time>2026-08-14T05:50:41.886Z</time>
</trkpt>
<trkpt lat="42.0277353" lon="2.8685172000000136">
<ele>58.46214234624996</ele>
<time>2026-08-14T05:50:43.912Z</time>
</trkpt>
<trkpt lat="42.0277625" lon="2.868540700000011">
<ele>58.15049456859439</ele>
<time>2026-08-14T05:50:45.928Z</time>
</trkpt>
<trkpt lat="42.0277903" lon="2.868562300000008">
<ele>57.824976469011006</ele>
<time>2026-08-14T05:50:47.943Z</time>
</trkpt>
<trkpt lat="42.0278301" lon="2.8685707999999863">
<ele>57.43978813412945</ele>
<time>2026-08-14T05:50:49.886Z</time>
</trkpt>
<trkpt lat="42.0278501" lon="2.8685820999999976">
<ele>57.370261159037064</ele>
<time>2026-08-14T05:50:51.705Z</time>
</trkpt>
<trkpt lat="42.0278793" lon="2.8685984999999903">
<ele>57.27128360309583</ele>
<time>2026-08-14T05:50:53.888Z</time>
</trkpt>
<trkpt lat="42.0279079" lon="2.8686104999999884">
<ele>57.17031348750471</ele>
<time>2026-08-14T05:50:55.930Z</time>
</trkpt>
<trkpt lat="42.027939" lon="2.8686184999999966">
<ele>57.05374913297129</ele>
<time>2026-08-14T05:50:57.897Z</time>
</trkpt>
<trkpt lat="42.0279688" lon="2.8686156999999923">
<ele>56.923182983642064</ele>
<time>2026-08-14T05:50:59.787Z</time>
</trkpt>
<trkpt lat="42.0279993" lon="2.868621999999988">
<ele>56.80779117139801</ele>
<time>2026-08-14T05:51:01.918Z</time>
</trkpt>
<trkpt lat="42.0280176" lon="2.8686529000000007">
<ele>56.7964855036386</ele>
<time>2026-08-14T05:51:03.886Z</time>
</trkpt>
<trkpt lat="42.0280183" lon="2.8686740999999927">
<ele>56.83848152035329</ele>
<time>2026-08-14T05:51:05.808Z</time>
</trkpt>
<trkpt lat="42.0280232" lon="2.8686859000000027">
<ele>56.84397348437816</ele>
<time>2026-08-14T05:51:07.962Z</time>
</trkpt>
<trkpt lat="42.0280387" lon="2.868680799999993">
<ele>56.77123512393388</ele>
<time>2026-08-14T05:51:09.886Z</time>
</trkpt>
<trkpt lat="42.0280404" lon="2.868679500000013">
<ele>56.76160406346192</ele>
<time>2026-08-14T05:51:11.991Z</time>
</trkpt>
<trkpt lat="42.0280474" lon="2.868674700000014">
<ele>56.72301550227476</ele>
<time>2026-08-14T05:51:13.910Z</time>
</trkpt>
<trkpt lat="42.0280514" lon="2.8686740999999927">
<ele>56.705633999412946</ele>
<time>2026-08-14T05:51:15.813Z</time>
</trkpt>
<trkpt lat="42.0280575" lon="2.8686739000000046">
<ele>56.680702347646566</ele>
<time>2026-08-14T05:51:17.915Z</time>
</trkpt>
<trkpt lat="42.028061" lon="2.8686738000000105">
<ele>56.66642695279256</ele>
<time>2026-08-14T05:51:19.982Z</time>
</trkpt>
<trkpt lat="42.0280645" lon="2.8686778000000004">
<ele>56.66145263890668</ele>
<time>2026-08-14T05:51:21.904Z</time>
</trkpt>
<trkpt lat="42.0280692" lon="2.8686969999999974">
<ele>56.68651346912275</ele>
<time>2026-08-14T05:51:23.842Z</time>
</trkpt>
<trkpt lat="42.0280947" lon="2.868730999999997">
<ele>56.61131801686133</ele>
<time>2026-08-14T05:51:25.808Z</time>
</trkpt>
<trkpt lat="42.0281196" lon="2.868760299999991">
<ele>56.56352275001336</ele>
<time>2026-08-14T05:51:27.845Z</time>
</trkpt>
<trkpt lat="42.0281392" lon="2.8687854000000073">
<ele>56.55107410647919</ele>
<time>2026-08-14T05:51:29.787Z</time>
</trkpt>
<trkpt lat="42.0281632" lon="2.868810599999989">
<ele>56.5567329501383</ele>
<time>2026-08-14T05:51:31.825Z</time>
</trkpt>
<trkpt lat="42.0281886" lon="2.8688550999999904">
<ele>56.63142953008877</ele>
<time>2026-08-14T05:51:33.862Z</time>
</trkpt>
<trkpt lat="42.0282165" lon="2.868879200000009">
<ele>56.70168494134354</ele>
<time>2026-08-14T05:51:35.909Z</time>
</trkpt>
<trkpt lat="42.0282444" lon="2.8688899999999933">
<ele>56.75612092427592</ele>
<time>2026-08-14T05:51:37.962Z</time>
</trkpt>
<trkpt lat="42.0282704" lon="2.8688809999999876">
<ele>56.74213942136645</ele>
<time>2026-08-14T05:51:39.889Z</time>
</trkpt>
<trkpt lat="42.0282987" lon="2.8688750000000027">
<ele>56.73273334441827</ele>
<time>2026-08-14T05:51:41.823Z</time>
</trkpt>
<trkpt lat="42.0283204" lon="2.868887199999989">
<ele>56.80686413117292</ele>
<time>2026-08-14T05:51:43.804Z</time>
</trkpt>
<trkpt lat="42.0283425" lon="2.8689032000000054">
<ele>56.91469305827824</ele>
<time>2026-08-14T05:51:45.883Z</time>
</trkpt>
<trkpt lat="42.0283615" lon="2.8689435999999944">
<ele>57.181661371050836</ele>
<time>2026-08-14T05:51:47.924Z</time>
</trkpt>
<trkpt lat="42.0283619" lon="2.8690010999999913">
<ele>57.41593297864218</ele>
<time>2026-08-14T05:51:49.938Z</time>
</trkpt>
<trkpt lat="42.028336" lon="2.869033800000011">
<ele>57.32375818080055</ele>
<time>2026-08-14T05:51:51.953Z</time>
</trkpt>
<trkpt lat="42.0283512" lon="2.8690652999999884">
<ele>57.332209528072966</ele>
<time>2026-08-14T05:51:53.883Z</time>
</trkpt>
<trkpt lat="42.0283634" lon="2.869102499999997">
<ele>57.31755573937695</ele>
<time>2026-08-14T05:51:55.986Z</time>
</trkpt>
<trkpt lat="42.0283671" lon="2.8691221999999925">
<ele>57.30174811348992</ele>
<time>2026-08-14T05:51:57.917Z</time>
</trkpt>
<trkpt lat="42.028373" lon="2.869143400000013">
<ele>57.28384914773892</ele>
<time>2026-08-14T05:51:59.886Z</time>
</trkpt>
<trkpt lat="42.0283832" lon="2.8691709999999944">
<ele>57.24502082253749</ele>
<time>2026-08-14T05:52:01.767Z</time>
</trkpt>
<trkpt lat="42.0283853" lon="2.869204200000013">
<ele>57.19752854512753</ele>
<time>2026-08-14T05:52:03.805Z</time>
</trkpt>
<trkpt lat="42.028394" lon="2.86923569999999">
<ele>57.1365686276886</ele>
<time>2026-08-14T05:52:05.867Z</time>
</trkpt>
<trkpt lat="42.0284009" lon="2.869270400000005">
<ele>57.07516573843556</ele>
<time>2026-08-14T05:52:07.905Z</time>
</trkpt>
<trkpt lat="42.028408" lon="2.869301000000007">
<ele>57.05045881345848</ele>
<time>2026-08-14T05:52:09.887Z</time>
</trkpt>
<trkpt lat="42.0284146" lon="2.869334699999996">
<ele>57.026371752084756</ele>
<time>2026-08-14T05:52:11.885Z</time>
</trkpt>
<trkpt lat="42.0284279" lon="2.869367799999992">
<ele>56.985599648990565</ele>
<time>2026-08-14T05:52:13.923Z</time>
</trkpt>
<trkpt lat="42.0284343" lon="2.8694123999999874">
<ele>56.959743797235</ele>
<time>2026-08-14T05:52:15.962Z</time>
</trkpt>
<trkpt lat="42.0284363" lon="2.8694429999999898">
<ele>56.94803655592817</ele>
<time>2026-08-14T05:52:17.984Z</time>
</trkpt>
<trkpt lat="42.0284384" lon="2.869473699999986">
<ele>56.93606914074293</ele>
<time>2026-08-14T05:52:19.915Z</time>
</trkpt>
<trkpt lat="42.0284416" lon="2.8695080999999902">
<ele>56.92055526295212</ele>
<time>2026-08-14T05:52:21.930Z</time>
</trkpt>
<trkpt lat="42.0284465" lon="2.8695484000000135">
<ele>56.892235512018104</ele>
<time>2026-08-14T05:52:23.945Z</time>
</trkpt>
<trkpt lat="42.0284568" lon="2.8695848000000126">
<ele>56.82088984104643</ele>
<time>2026-08-14T05:52:25.968Z</time>
</trkpt>
<trkpt lat="42.0284676" lon="2.869622600000014">
<ele>56.74359483689152</ele>
<time>2026-08-14T05:52:27.910Z</time>
</trkpt>
<trkpt lat="42.0284814" lon="2.869662500000004">
<ele>56.651683779208135</ele>
<time>2026-08-14T05:52:29.925Z</time>
</trkpt>
<trkpt lat="42.0284879" lon="2.8696999000000005">
<ele>56.581698013125674</ele>
<time>2026-08-14T05:52:31.908Z</time>
</trkpt>
<trkpt lat="42.0285026" lon="2.8697368999999924">
<ele>56.48408732839848</ele>
<time>2026-08-14T05:52:33.898Z</time>
</trkpt>
<trkpt lat="42.0285214" lon="2.869776800000011">
<ele>56.36442938828891</ele>
<time>2026-08-14T05:52:35.913Z</time>
</trkpt>
<trkpt lat="42.0285313" lon="2.869812599999989">
<ele>56.27674282277619</ele>
<time>2026-08-14T05:52:37.788Z</time>
</trkpt>
<trkpt lat="42.0285321" lon="2.8698464">
<ele>56.34254589922163</ele>
<time>2026-08-14T05:52:39.723Z</time>
</trkpt>
<trkpt lat="42.0285302" lon="2.8698770000000025">
<ele>56.43741272222469</ele>
<time>2026-08-14T05:52:41.728Z</time>
</trkpt>
<trkpt lat="42.0285251" lon="2.869907299999994">
<ele>56.5417259666441</ele>
<time>2026-08-14T05:52:43.782Z</time>
</trkpt>
<trkpt lat="42.0285142" lon="2.869933599999996">
<ele>56.65268059098642</ele>
<time>2026-08-14T05:52:45.804Z</time>
</trkpt>
<trkpt lat="42.0284973" lon="2.869955900000008">
<ele>56.770130605982125</ele>
<time>2026-08-14T05:52:47.787Z</time>
</trkpt>
<trkpt lat="42.0284809" lon="2.8699885999999992">
<ele>56.91298184742842</ele>
<time>2026-08-14T05:52:49.905Z</time>
</trkpt>
<trkpt lat="42.0284553" lon="2.870004999999992">
<ele>57.037081062261954</ele>
<time>2026-08-14T05:52:51.927Z</time>
</trkpt>
<trkpt lat="42.02842" lon="2.8700091000000043">
<ele>57.15636852355063</ele>
<time>2026-08-14T05:52:53.925Z</time>
</trkpt>
<trkpt lat="42.0283861" lon="2.870018700000003">
<ele>57.28465261923231</ele>
<time>2026-08-14T05:52:56.003Z</time>
</trkpt>
<trkpt lat="42.0283603" lon="2.870031399999988">
<ele>57.344145658673966</ele>
<time>2026-08-14T05:52:57.965Z</time>
</trkpt>
<trkpt lat="42.0283343" lon="2.870043199999998">
<ele>57.34480137104451</ele>
<time>2026-08-14T05:52:59.886Z</time>
</trkpt>
<trkpt lat="42.0283113" lon="2.8700600999999892">
<ele>57.358029869202284</ele>
<time>2026-08-14T05:53:01.708Z</time>
</trkpt>
<trkpt lat="42.0282776" lon="2.8700806999999884">
<ele>57.36303047845096</ele>
<time>2026-08-14T05:53:03.746Z</time>
</trkpt>
<trkpt lat="42.0282514" lon="2.870098399999989">
<ele>57.36570283542897</ele>
<time>2026-08-14T05:53:05.808Z</time>
</trkpt>
<trkpt lat="42.0282186" lon="2.870103699999987">
<ele>57.3278764004589</ele>
<time>2026-08-14T05:53:07.908Z</time>
</trkpt>
<trkpt lat="42.0281844" lon="2.870102800000012">
<ele>57.28122857231797</ele>
<time>2026-08-14T05:53:09.963Z</time>
</trkpt>
<trkpt lat="42.0281558" lon="2.870105200000012">
<ele>57.24427786415248</ele>
<time>2026-08-14T05:53:11.905Z</time>
</trkpt>
<trkpt lat="42.0281273" lon="2.8701249000000075">
<ele>57.2129110918132</ele>
<time>2026-08-14T05:53:13.983Z</time>
</trkpt>
<trkpt lat="42.0281049" lon="2.8701455000000067">
<ele>57.18419908186404</ele>
<time>2026-08-14T05:53:15.889Z</time>
</trkpt>
<trkpt lat="42.0280828" lon="2.870164899999992">
<ele>57.26347637568638</ele>
<time>2026-08-14T05:53:17.903Z</time>
</trkpt>
<trkpt lat="42.0280672" lon="2.870180800000014">
<ele>57.39236015097669</ele>
<time>2026-08-14T05:53:19.745Z</time>
</trkpt>
<trkpt lat="42.0280484" lon="2.8702029000000095">
<ele>57.5539738705049</ele>
<time>2026-08-14T05:53:21.903Z</time>
</trkpt>
<trkpt lat="42.0280362" lon="2.8702194999999904">
<ele>57.663433422794995</ele>
<time>2026-08-14T05:53:23.965Z</time>
</trkpt>
<trkpt lat="42.0280177" lon="2.870237000000003">
<ele>57.829598193635086</ele>
<time>2026-08-14T05:53:25.944Z</time>
</trkpt>
<trkpt lat="42.0280024" lon="2.8702495">
<ele>57.968981802296376</ele>
<time>2026-08-14T05:53:27.787Z</time>
</trkpt>
<trkpt lat="42.0279857" lon="2.870261499999998">
<ele>58.1227647961321</ele>
<time>2026-08-14T05:53:29.849Z</time>
</trkpt>
<trkpt lat="42.027967" lon="2.870273300000008">
<ele>58.29667880800205</ele>
<time>2026-08-14T05:53:31.886Z</time>
</trkpt>
<trkpt lat="42.0279447" lon="2.870287399999995">
<ele>58.50835254875683</ele>
<time>2026-08-14T05:53:33.886Z</time>
</trkpt>
<trkpt lat="42.0279246" lon="2.8703088999999977">
<ele>58.71543211535447</ele>
<time>2026-08-14T05:53:35.897Z</time>
</trkpt>
<trkpt lat="42.0278998" lon="2.870318999999995">
<ele>58.9536659990678</ele>
<time>2026-08-14T05:53:37.912Z</time>
</trkpt>
<trkpt lat="42.0278758" lon="2.8703283000000113">
<ele>59.18688811428635</ele>
<time>2026-08-14T05:53:39.927Z</time>
</trkpt>
<trkpt lat="42.0278487" lon="2.8703324999999893">
<ele>59.44182951441629</ele>
<time>2026-08-14T05:53:41.825Z</time>
</trkpt>
<trkpt lat="42.0278244" lon="2.870336199999997">
<ele>59.67171257748771</ele>
<time>2026-08-14T05:53:43.927Z</time>
</trkpt>
<trkpt lat="42.0277969" lon="2.8703318999999965">
<ele>59.90175262443383</ele>
<time>2026-08-14T05:53:45.886Z</time>
</trkpt>
<trkpt lat="42.0277657" lon="2.8703358999999864">
<ele>60.178437039528674</ele>
<time>2026-08-14T05:53:47.765Z</time>
</trkpt>
<trkpt lat="42.0277519" lon="2.870356799999996">
<ele>60.35560201768097</ele>
<time>2026-08-14T05:53:49.882Z</time>
</trkpt>
<trkpt lat="42.0277472" lon="2.8703855999999917">
<ele>60.45913828439595</ele>
<time>2026-08-14T05:53:51.985Z</time>
</trkpt>
<trkpt lat="42.0277342" lon="2.8704100999999866">
<ele>60.60193448939564</ele>
<time>2026-08-14T05:53:53.973Z</time>
</trkpt>
<trkpt lat="42.0277172" lon="2.870433999999989">
<ele>60.79049271497221</ele>
<time>2026-08-14T05:53:55.988Z</time>
</trkpt>
<trkpt lat="42.0276843" lon="2.8704553000000033">
<ele>61.14309681775245</ele>
<time>2026-08-14T05:53:57.891Z</time>
</trkpt>
<trkpt lat="42.0276675" lon="2.8704798999999923">
<ele>61.35494728139422</ele>
<time>2026-08-14T05:53:59.725Z</time>
</trkpt>
<trkpt lat="42.0276502" lon="2.870513499999987">
<ele>61.60061443155834</ele>
<time>2026-08-14T05:54:01.765Z</time>
</trkpt>
<trkpt lat="42.0276359" lon="2.8705439999999953">
<ele>61.82050176165726</ele>
<time>2026-08-14T05:54:03.788Z</time>
</trkpt>
<trkpt lat="42.0276179" lon="2.8705737999999883">
<ele>62.09150966218502</ele>
<time>2026-08-14T05:54:05.921Z</time>
</trkpt>
<trkpt lat="42.0275998" lon="2.8706115999999895">
<ele>62.398163907282196</ele>
<time>2026-08-14T05:54:07.888Z</time>
</trkpt>
<trkpt lat="42.0275873" lon="2.8706431999999893">
<ele>62.63522179106916</ele>
<time>2026-08-14T05:54:09.942Z</time>
</trkpt>
<trkpt lat="42.0275833" lon="2.8706775999999934">
<ele>62.72814782058926</ele>
<time>2026-08-14T05:54:11.968Z</time>
</trkpt>
<trkpt lat="42.0275861" lon="2.870722199999989">
<ele>62.72384995429455</ele>
<time>2026-08-14T05:54:13.983Z</time>
</trkpt>
<trkpt lat="42.0275884" lon="2.870761299999998">
<ele>62.72621447111317</ele>
<time>2026-08-14T05:54:15.826Z</time>
</trkpt>
<trkpt lat="42.0275907" lon="2.8708039999999926">
<ele>62.735294872501655</ele>
<time>2026-08-14T05:54:17.864Z</time>
</trkpt>
<trkpt lat="42.0275884" lon="2.870845800000012">
<ele>62.78513877292085</ele>
<time>2026-08-14T05:54:19.926Z</time>
</trkpt>
<trkpt lat="42.027582" lon="2.870882200000011">
<ele>62.85692191248033</ele>
<time>2026-08-14T05:54:21.964Z</time>
</trkpt>
<trkpt lat="42.0275756" lon="2.8709168999999974">
<ele>62.91759126847538</ele>
<time>2026-08-14T05:54:23.985Z</time>
</trkpt>
<trkpt lat="42.0275725" lon="2.8709537999999952">
<ele>62.977396420748434</ele>
<time>2026-08-14T05:54:25.956Z</time>
</trkpt>
<trkpt lat="42.0275663" lon="2.8709868999999912">
<ele>63.06381643622588</ele>
<time>2026-08-14T05:54:27.971Z</time>
</trkpt>
<trkpt lat="42.0275582" lon="2.8710225000000094">
<ele>63.1589071466188</ele>
<time>2026-08-14T05:54:29.945Z</time>
</trkpt>
<trkpt lat="42.0275545" lon="2.871061400000002">
<ele>63.23127445477112</ele>
<time>2026-08-14T05:54:31.959Z</time>
</trkpt>
<trkpt lat="42.0275541" lon="2.8710981000000118">
<ele>63.28339725585847</ele>
<time>2026-08-14T05:54:33.886Z</time>
</trkpt>
<trkpt lat="42.0275502" lon="2.8711337000000015">
<ele>63.347189221681674</ele>
<time>2026-08-14T05:54:35.728Z</time>
</trkpt>
<trkpt lat="42.0275698" lon="2.871186899999998">
<ele>63.35386610014317</ele>
<time>2026-08-14T05:54:37.783Z</time>
</trkpt>
<trkpt lat="42.0275743" lon="2.871224600000005">
<ele>63.345885281064106</ele>
<time>2026-08-14T05:54:39.806Z</time>
</trkpt>
<trkpt lat="42.0275743" lon="2.871263599999992">
<ele>63.26498598550016</ele>
<time>2026-08-14T05:54:41.909Z</time>
</trkpt>
<trkpt lat="42.0275869" lon="2.8713017999999977">
<ele>63.149148815357876</ele>
<time>2026-08-14T05:54:43.947Z</time>
</trkpt>
<trkpt lat="42.0275895" lon="2.8713352000000043">
<ele>63.072813779509794</ele>
<time>2026-08-14T05:54:45.947Z</time>
</trkpt>
<trkpt lat="42.0275903" lon="2.871370500000012">
<ele>62.99784822443273</ele>
<time>2026-08-14T05:54:47.805Z</time>
</trkpt>
<trkpt lat="42.0276047" lon="2.8714219000000014">
<ele>62.851913713589525</ele>
<time>2026-08-14T05:54:49.882Z</time>
</trkpt>
<trkpt lat="42.027604" lon="2.871456099999989">
<ele>62.783921620304284</ele>
<time>2026-08-14T05:54:51.928Z</time>
</trkpt>
<trkpt lat="42.0276011" lon="2.8714908000000037">
<ele>62.72160861686659</ele>
<time>2026-08-14T05:54:53.890Z</time>
</trkpt>
<trkpt lat="42.0276046" lon="2.871528699999999">
<ele>62.64540899086701</ele>
<time>2026-08-14T05:54:55.903Z</time>
</trkpt>
<trkpt lat="42.0276048" lon="2.8715659000000073">
<ele>62.57941273635824</ele>
<time>2026-08-14T05:54:57.917Z</time>
</trkpt>
<trkpt lat="42.0276048" lon="2.871598199999994">
<ele>62.52259029867254</ele>
<time>2026-08-14T05:54:59.743Z</time>
</trkpt>
<trkpt lat="42.0276083" lon="2.871638399999995">
<ele>62.441731322552386</ele>
<time>2026-08-14T05:55:01.765Z</time>
</trkpt>
<trkpt lat="42.0276058" lon="2.8716736000000083">
<ele>62.387007997224394</ele>
<time>2026-08-14T05:55:03.827Z</time>
</trkpt>
<trkpt lat="42.0276041" lon="2.8717087999999933">
<ele>62.330107232240856</ele>
<time>2026-08-14T05:55:05.886Z</time>
</trkpt>
<trkpt lat="42.027594" lon="2.8717504999999903">
<ele>62.28736445795034</ele>
<time>2026-08-14T05:55:07.727Z</time>
</trkpt>
<trkpt lat="42.0275853" lon="2.871768099999997">
<ele>62.29907256083263</ele>
<time>2026-08-14T05:55:09.846Z</time>
</trkpt>
<trkpt lat="42.0275738" lon="2.871792699999986">
<ele>62.51724537639736</ele>
<time>2026-08-14T05:55:11.964Z</time>
</trkpt>
<trkpt lat="42.0275616" lon="2.8718191000000104">
<ele>62.75707470428764</ele>
<time>2026-08-14T05:55:13.917Z</time>
</trkpt>
<trkpt lat="42.0275619" lon="2.871856799999989">
<ele>63.04078053674833</ele>
<time>2026-08-14T05:55:15.932Z</time>
</trkpt>
<trkpt lat="42.0275452" lon="2.871874399999996">
<ele>63.242369466913026</ele>
<time>2026-08-14T05:55:17.946Z</time>
</trkpt>
<trkpt lat="42.0275288" lon="2.8718905000000063">
<ele>63.415064296559045</ele>
<time>2026-08-14T05:55:19.869Z</time>
</trkpt>
<trkpt lat="42.0275247" lon="2.871909499999987">
<ele>63.56519293634413</ele>
<time>2026-08-14T05:55:21.884Z</time>
</trkpt>
<trkpt lat="42.0275035" lon="2.871920899999992">
<ele>63.677558020952</ele>
<time>2026-08-14T05:55:23.896Z</time>
</trkpt>
<trkpt lat="42.0274675" lon="2.871920899999992">
<ele>63.723697420847195</ele>
<time>2026-08-14T05:55:25.910Z</time>
</trkpt>
<trkpt lat="42.0274327" lon="2.8719199999999887">
<ele>63.7634886706452</ele>
<time>2026-08-14T05:55:27.925Z</time>
</trkpt>
<trkpt lat="42.0273995" lon="2.8719091000000105">
<ele>63.75684679748419</ele>
<time>2026-08-14T05:55:29.928Z</time>
</trkpt>
<trkpt lat="42.0273695" lon="2.8719019000000117">
<ele>63.775533076281484</ele>
<time>2026-08-14T05:55:31.930Z</time>
</trkpt>
<trkpt lat="42.0273436" lon="2.8719222">
<ele>63.88676200883908</ele>
<time>2026-08-14T05:55:33.886Z</time>
</trkpt>
<trkpt lat="42.0273298" lon="2.871945199999999">
<ele>63.97220375624802</ele>
<time>2026-08-14T05:55:35.911Z</time>
</trkpt>
<trkpt lat="42.0273117" lon="2.8719633000000044">
<ele>64.0312928076479</ele>
<time>2026-08-14T05:55:37.893Z</time>
</trkpt>
<trkpt lat="42.0272941" lon="2.8719860999999867">
<ele>64.08532995206753</ele>
<time>2026-08-14T05:55:39.907Z</time>
</trkpt>
<trkpt lat="42.0272827" lon="2.8720190999999886">
<ele>64.14459260089119</ele>
<time>2026-08-14T05:55:41.886Z</time>
</trkpt>
<trkpt lat="42.0272748" lon="2.872047000000009">
<ele>64.17629083870173</ele>
<time>2026-08-14T05:55:43.763Z</time>
</trkpt>
<trkpt lat="42.0272685" lon="2.872076800000002">
<ele>64.12531920355956</ele>
<time>2026-08-14T05:55:45.769Z</time>
</trkpt>
<trkpt lat="42.0272628" lon="2.8721179000000063">
<ele>64.06014231831554</ele>
<time>2026-08-14T05:55:47.846Z</time>
</trkpt>
<trkpt lat="42.0272631" lon="2.8721630999999945">
<ele>63.99858614392182</ele>
<time>2026-08-14T05:55:49.845Z</time>
</trkpt>
<trkpt lat="42.0272689" lon="2.872214100000008">
<ele>63.93676882521694</ele>
<time>2026-08-14T05:55:51.843Z</time>
</trkpt>
<trkpt lat="42.0272809" lon="2.8722529000000065">
<ele>63.899689307746954</ele>
<time>2026-08-14T05:55:53.734Z</time>
</trkpt>
<trkpt lat="42.0272854" lon="2.872304700000001">
<ele>63.833587616035324</ele>
<time>2026-08-14T05:55:55.887Z</time>
</trkpt>
<trkpt lat="42.0272977" lon="2.8723514000000137">
<ele>63.94843158739053</ele>
<time>2026-08-14T05:55:57.965Z</time>
</trkpt>
<trkpt lat="42.0272996" lon="2.8723879000000068">
<ele>64.10698903412406</ele>
<time>2026-08-14T05:55:59.887Z</time>
</trkpt>
<trkpt lat="42.0272924" lon="2.872424499999994">
<ele>64.26332305140771</ele>
<time>2026-08-14T05:56:01.904Z</time>
</trkpt>
<trkpt lat="42.0272914" lon="2.872455500000001">
<ele>64.3992648455982</ele>
<time>2026-08-14T05:56:03.823Z</time>
</trkpt>
<trkpt lat="42.0272944" lon="2.8724903000000097">
<ele>64.55005936268296</ele>
<time>2026-08-14T05:56:05.748Z</time>
</trkpt>
<trkpt lat="42.0272952" lon="2.872529700000001">
<ele>64.72073280813329</ele>
<time>2026-08-14T05:56:07.882Z</time>
</trkpt>
<trkpt lat="42.0272967" lon="2.8725531999999987">
<ele>64.82077696789294</ele>
<time>2026-08-14T05:56:09.886Z</time>
</trkpt>
<trkpt lat="42.0272874" lon="2.8725813000000073">
<ele>64.95819121259372</ele>
<time>2026-08-14T05:56:11.891Z</time>
</trkpt>
<trkpt lat="42.0272741" lon="2.8725809000000027">
<ele>64.97896434324203</ele>
<time>2026-08-14T05:56:13.794Z</time>
</trkpt>
<trkpt lat="42.0272562" lon="2.872568099999995">
<ele>64.9643266524996</ele>
<time>2026-08-14T05:56:15.921Z</time>
</trkpt>
<trkpt lat="42.0272565" lon="2.8725670000000036">
<ele>64.95745844259778</ele>
<time>2026-08-14T05:56:17.951Z</time>
</trkpt>
<trkpt lat="42.0272533" lon="2.8725704000000007">
<ele>64.99163896098247</ele>
<time>2026-08-14T05:56:19.886Z</time>
</trkpt>
<trkpt lat="42.027245" lon="2.872571999999991">
<ele>65.04616639966666</ele>
<time>2026-08-14T05:56:21.848Z</time>
</trkpt>
<trkpt lat="42.0272222" lon="2.872575899999987">
<ele>65.19090374961921</ele>
<time>2026-08-14T05:56:23.886Z</time>
</trkpt>
<trkpt lat="42.0271979" lon="2.8725795000000005">
<ele>65.33883430924703</ele>
<time>2026-08-14T05:56:25.886Z</time>
</trkpt>
<trkpt lat="42.0271637" lon="2.8725760000000093">
<ele>65.51842963730195</ele>
<time>2026-08-14T05:56:27.897Z</time>
</trkpt>
<trkpt lat="42.0271294" lon="2.8725727000000063">
<ele>65.70441796645831</ele>
<time>2026-08-14T05:56:30.204Z</time>
</trkpt>
<trkpt lat="42.0270989" lon="2.8725694000000033">
<ele>65.8737583634098</ele>
<time>2026-08-14T05:56:32.323Z</time>
</trkpt>
<trkpt lat="42.0270605" lon="2.872569999999996">
<ele>66.09440185631266</ele>
<time>2026-08-14T05:56:34.928Z</time>
</trkpt>
<trkpt lat="42.0270504" lon="2.872596299999998">
<ele>66.15115500990106</ele>
<time>2026-08-14T05:56:36.903Z</time>
</trkpt>
<trkpt lat="42.027031" lon="2.872632100000004">
<ele>66.09298040590308</ele>
<time>2026-08-14T05:56:38.782Z</time>
</trkpt>
<trkpt lat="42.027022" lon="2.8726469000000066">
<ele>66.05314274816921</ele>
<time>2026-08-14T05:56:40.709Z</time>
</trkpt>
<trkpt lat="42.0270042" lon="2.8726655000000108">
<ele>66.01361986377894</ele>
<time>2026-08-14T05:56:43.056Z</time>
</trkpt>
<trkpt lat="42.0269837" lon="2.8725302">
<ele>66.5967818823941</ele>
<time>2026-08-14T05:56:45.363Z</time>
</trkpt>
<trkpt lat="42.0269634" lon="2.8725015999999925">
<ele>66.68631470229394</ele>
<time>2026-08-14T05:56:47.786Z</time>
</trkpt>
<trkpt lat="42.0269587" lon="2.8724631999999986">
<ele>66.77609013154272</ele>
<time>2026-08-14T05:56:49.962Z</time>
</trkpt>
<trkpt lat="42.0269578" lon="2.8725654000000134">
<ele>66.55884067478947</ele>
<time>2026-08-14T05:56:51.894Z</time>
</trkpt>
<trkpt lat="42.0269497" lon="2.872561399999995">
<ele>66.57045525457758</ele>
<time>2026-08-14T05:56:53.910Z</time>
</trkpt>
<trkpt lat="42.0269478" lon="2.872534999999999">
<ele>66.63379785320978</ele>
<time>2026-08-14T05:56:55.926Z</time>
</trkpt>
<trkpt lat="42.0269839" lon="2.872481499999992">
<ele>66.67155189743073</ele>
<time>2026-08-14T05:56:57.909Z</time>
</trkpt>
<trkpt lat="42.0269822" lon="2.8724527999999907">
<ele>66.73069272428438</ele>
<time>2026-08-14T05:56:59.892Z</time>
</trkpt>
<trkpt lat="42.0269775" lon="2.8724197999999888">
<ele>66.80178458153615</ele>
<time>2026-08-14T05:57:01.703Z</time>
</trkpt>
<trkpt lat="42.0269819" lon="2.8723813999999948">
<ele>66.84793951412486</ele>
<time>2026-08-14T05:57:03.742Z</time>
</trkpt>
<trkpt lat="42.0269859" lon="2.872344400000003">
<ele>66.86400855377704</ele>
<time>2026-08-14T05:57:05.804Z</time>
</trkpt>
<trkpt lat="42.0269894" lon="2.872309599999994">
<ele>66.81161743529559</ele>
<time>2026-08-14T05:57:07.787Z</time>
</trkpt>
<trkpt lat="42.027008" lon="2.872294199999999">
<ele>66.55575142715912</ele>
<time>2026-08-14T05:57:09.826Z</time>
</trkpt>
<trkpt lat="42.0270106" lon="2.87227519999999">
<ele>66.46854313037427</ele>
<time>2026-08-14T05:57:11.865Z</time>
</trkpt>
<trkpt lat="42.0270163" lon="2.8722528000000125">
<ele>66.34130934652363</ele>
<time>2026-08-14T05:57:13.888Z</time>
</trkpt>
<trkpt lat="42.0270243" lon="2.872233599999987">
<ele>66.20541305503626</ele>
<time>2026-08-14T05:57:15.968Z</time>
</trkpt>
<trkpt lat="42.0270258" lon="2.8722127000000057">
<ele>66.13159346518479</ele>
<time>2026-08-14T05:57:17.982Z</time>
</trkpt>
<trkpt lat="42.0270281" lon="2.872186699999986">
<ele>66.03744603259696</ele>
<time>2026-08-14T05:57:19.968Z</time>
</trkpt>
<trkpt lat="42.0270244" lon="2.8721604000000127">
<ele>65.99547193398148</ele>
<time>2026-08-14T05:57:21.886Z</time>
</trkpt>
<trkpt lat="42.0270305" lon="2.872122200000007">
<ele>65.83889713116538</ele>
<time>2026-08-14T05:57:23.999Z</time>
</trkpt>
<trkpt lat="42.0270264" lon="2.8720798999999886">
<ele>65.7516041006143</ele>
<time>2026-08-14T05:57:25.902Z</time>
</trkpt>
<trkpt lat="42.0270276" lon="2.872032399999995">
<ele>65.58121864563888</ele>
<time>2026-08-14T05:57:27.918Z</time>
</trkpt>
<trkpt lat="42.0270186" lon="2.8719964999999945">
<ele>65.44502224177874</ele>
<time>2026-08-14T05:57:29.886Z</time>
</trkpt>
<trkpt lat="42.0270197" lon="2.871962400000001">
<ele>65.25712097505519</ele>
<time>2026-08-14T05:57:31.687Z</time>
</trkpt>
<trkpt lat="42.0270208" lon="2.8719236999999964">
<ele>65.04602933872515</ele>
<time>2026-08-14T05:57:33.727Z</time>
</trkpt>
<trkpt lat="42.0270261" lon="2.871884200000011">
<ele>64.81638051492054</ele>
<time>2026-08-14T05:57:35.742Z</time>
</trkpt>
<trkpt lat="42.0270269" lon="2.8718451999999957">
<ele>64.61018037972238</ele>
<time>2026-08-14T05:57:37.749Z</time>
</trkpt>
<trkpt lat="42.0270264" lon="2.8718055999999876">
<ele>64.40507296584369</ele>
<time>2026-08-14T05:57:39.724Z</time>
</trkpt>
<trkpt lat="42.0270258" lon="2.8717652999999927">
<ele>64.20306677462834</ele>
<time>2026-08-14T05:57:41.708Z</time>
</trkpt>
<trkpt lat="42.0270261" lon="2.871727099999987">
<ele>64.26789258597047</ele>
<time>2026-08-14T05:57:43.723Z</time>
</trkpt>
<trkpt lat="42.0270287" lon="2.8716876999999954">
<ele>64.32709563852205</ele>
<time>2026-08-14T05:57:45.723Z</time>
</trkpt>
<trkpt lat="42.0270301" lon="2.871650200000005">
<ele>64.38423464226972</ele>
<time>2026-08-14T05:57:47.722Z</time>
</trkpt>
<trkpt lat="42.0270285" lon="2.871611400000006">
<ele>64.45511418495371</ele>
<time>2026-08-14T05:57:49.721Z</time>
</trkpt>
<trkpt lat="42.0270253" lon="2.8715725000000134">
<ele>64.53658262753878</ele>
<time>2026-08-14T05:57:51.728Z</time>
</trkpt>
<trkpt lat="42.0270211" lon="2.8715435000000014">
<ele>64.61041526521751</ele>
<time>2026-08-14T05:57:53.586Z</time>
</trkpt>
<trkpt lat="42.0270172" lon="2.8714999000000034">
<ele>64.71387189475557</ele>
<time>2026-08-14T05:57:55.763Z</time>
</trkpt>
<trkpt lat="42.0270197" lon="2.8714637999999866">
<ele>64.68855638881855</ele>
<time>2026-08-14T05:57:57.785Z</time>
</trkpt>
<trkpt lat="42.0270214" lon="2.8714287999999897">
<ele>64.6336705362313</ele>
<time>2026-08-14T05:57:59.808Z</time>
</trkpt>
<trkpt lat="42.027019" lon="2.8713895999999863">
<ele>64.59977939434242</ele>
<time>2026-08-14T05:58:01.822Z</time>
</trkpt>
<trkpt lat="42.0270206" lon="2.871349400000014">
<ele>64.53933771630992</ele>
<time>2026-08-14T05:58:03.949Z</time>
</trkpt>
<trkpt lat="42.0270173" lon="2.8713109999999915">
<ele>64.51114192104295</ele>
<time>2026-08-14T05:58:05.895Z</time>
</trkpt>
<trkpt lat="42.0270123" lon="2.8712691000000063">
<ele>64.48765319517094</ele>
<time>2026-08-14T05:58:07.886Z</time>
</trkpt>
<trkpt lat="42.0270074" lon="2.87123170000001">
<ele>64.46802074222803</ele>
<time>2026-08-14T05:58:09.886Z</time>
</trkpt>
<trkpt lat="42.0269992" lon="2.8711944000000074">
<ele>64.45407179647029</ele>
<time>2026-08-14T05:58:11.898Z</time>
</trkpt>
<trkpt lat="42.0269932" lon="2.871154600000011">
<ele>64.40225831149974</ele>
<time>2026-08-14T05:58:13.913Z</time>
</trkpt>
<trkpt lat="42.0269878" lon="2.871118200000012">
<ele>64.35056986041302</ele>
<time>2026-08-14T05:58:15.927Z</time>
</trkpt>
<trkpt lat="42.0269819" lon="2.871083900000002">
<ele>64.30220970284472</ele>
<time>2026-08-14T05:58:17.942Z</time>
</trkpt>
<trkpt lat="42.0269744" lon="2.8710403999999983">
<ele>64.24334065033578</ele>
<time>2026-08-14T05:58:19.886Z</time>
</trkpt>
<trkpt lat="42.0269686" lon="2.8710141999999905">
<ele>64.21574600931604</ele>
<time>2026-08-14T05:58:21.743Z</time>
</trkpt>
<trkpt lat="42.0269639" lon="2.870978100000002">
<ele>64.16177803242454</ele>
<time>2026-08-14T05:58:23.782Z</time>
</trkpt>
<trkpt lat="42.0269596" lon="2.870943699999998">
<ele>64.11049246927712</ele>
<time>2026-08-14T05:58:25.725Z</time>
</trkpt>
<trkpt lat="42.0269546" lon="2.870905399999998">
<ele>64.08555162205009</ele>
<time>2026-08-14T05:58:27.788Z</time>
</trkpt>
<trkpt lat="42.0269516" lon="2.870867199999992">
<ele>64.06395936104504</ele>
<time>2026-08-14T05:58:29.762Z</time>
</trkpt>
<trkpt lat="42.026947" lon="2.8708282999999994">
<ele>64.05220750753853</ele>
<time>2026-08-14T05:58:31.864Z</time>
</trkpt>
<trkpt lat="42.0269397" lon="2.870791099999991">
<ele>64.060190832766</ele>
<time>2026-08-14T05:58:33.846Z</time>
</trkpt>
<trkpt lat="42.0269301" lon="2.870753199999996">
<ele>64.08429843125347</ele>
<time>2026-08-14T05:58:35.868Z</time>
</trkpt>
<trkpt lat="42.0269199" lon="2.870712999999995">
<ele>64.11332762580791</ele>
<time>2026-08-14T05:58:37.975Z</time>
</trkpt>
<trkpt lat="42.0269023" lon="2.8706841000000054">
<ele>64.20399419712813</ele>
<time>2026-08-14T05:58:39.886Z</time>
</trkpt>
<trkpt lat="42.0268804" lon="2.870665500000001">
<ele>64.33511707605115</ele>
<time>2026-08-14T05:58:41.768Z</time>
</trkpt>
<trkpt lat="42.0268594" lon="2.870644700000014">
<ele>64.43455638036968</ele>
<time>2026-08-14T05:58:43.822Z</time>
</trkpt>
<trkpt lat="42.0268452" lon="2.870591200000007">
<ele>64.31826908195971</ele>
<time>2026-08-14T05:58:45.869Z</time>
</trkpt>
<trkpt lat="42.0268422" lon="2.8705545999999913">
<ele>64.19036982068397</ele>
<time>2026-08-14T05:58:47.868Z</time>
</trkpt>
<trkpt lat="42.0268417" lon="2.870515299999994">
<ele>64.0367879040347</ele>
<time>2026-08-14T05:58:49.867Z</time>
</trkpt>
<trkpt lat="42.0268407" lon="2.8704813999999885">
<ele>63.906133325416</ele>
<time>2026-08-14T05:58:51.865Z</time>
</trkpt>
<trkpt lat="42.0268283" lon="2.8704496999999947">
<ele>63.824000797855334</ele>
<time>2026-08-14T05:58:53.888Z</time>
</trkpt>
<trkpt lat="42.0268152" lon="2.870417400000008">
<ele>63.72928513503188</ele>
<time>2026-08-14T05:58:55.943Z</time>
</trkpt>
<trkpt lat="42.0268029" lon="2.870385099999993">
<ele>63.61946526693117</ele>
<time>2026-08-14T05:58:57.897Z</time>
</trkpt>
<trkpt lat="42.0267894" lon="2.8703470000000095">
<ele>63.828348823228794</ele>
<time>2026-08-14T05:58:59.943Z</time>
</trkpt>
<trkpt lat="42.0267713" lon="2.870315000000005">
<ele>64.1403407453478</ele>
<time>2026-08-14T05:59:01.958Z</time>
</trkpt>
<trkpt lat="42.0267525" lon="2.870282000000003">
<ele>64.48626457598922</ele>
<time>2026-08-14T05:59:03.973Z</time>
</trkpt>
<trkpt lat="42.0267398" lon="2.870239199999986">
<ele>64.91147736986893</ele>
<time>2026-08-14T05:59:05.886Z</time>
</trkpt>
<trkpt lat="42.0267257" lon="2.8702082000000075">
<ele>65.26054975758375</ele>
<time>2026-08-14T05:59:07.889Z</time>
</trkpt>
<trkpt lat="42.0267185" lon="2.870170999999999">
<ele>65.63956687703273</ele>
<time>2026-08-14T05:59:09.905Z</time>
</trkpt>
<trkpt lat="42.0267104" lon="2.870126499999998">
<ele>66.10292190184587</ele>
<time>2026-08-14T05:59:11.919Z</time>
</trkpt>
<trkpt lat="42.0267063" lon="2.8700964999999883">
<ele>66.40970294540459</ele>
<time>2026-08-14T05:59:13.744Z</time>
</trkpt>
<trkpt lat="42.0266993" lon="2.870060599999988">
<ele>66.67661136924966</ele>
<time>2026-08-14T05:59:15.783Z</time>
</trkpt>
<trkpt lat="42.0266916" lon="2.870025499999997">
<ele>66.9299381225733</ele>
<time>2026-08-14T05:59:17.765Z</time>
</trkpt>
<trkpt lat="42.0266897" lon="2.8699866999999983">
<ele>67.1626217291513</ele>
<time>2026-08-14T05:59:19.764Z</time>
</trkpt>
<trkpt lat="42.0266823" lon="2.8699517999999955">
<ele>67.39169510948278</ele>
<time>2026-08-14T05:59:21.809Z</time>
</trkpt>
<trkpt lat="42.0266755" lon="2.8699159999999893">
<ele>67.61119012664483</ele>
<time>2026-08-14T05:59:23.768Z</time>
</trkpt>
<trkpt lat="42.0266718" lon="2.869874299999992">
<ele>67.84298244505176</ele>
<time>2026-08-14T05:59:25.862Z</time>
</trkpt>
<trkpt lat="42.0266663" lon="2.869837600000011">
<ele>68.04359217988815</ele>
<time>2026-08-14T05:59:27.907Z</time>
</trkpt>
<trkpt lat="42.0266597" lon="2.869799400000005">
<ele>68.08108231468611</ele>
<time>2026-08-14T05:59:29.889Z</time>
</trkpt>
<trkpt lat="42.0266543" lon="2.869766999999996">
<ele>67.98218435894138</ele>
<time>2026-08-14T05:59:31.808Z</time>
</trkpt>
<trkpt lat="42.0266472" lon="2.869727299999994">
<ele>67.85975203928702</ele>
<time>2026-08-14T05:59:33.862Z</time>
</trkpt>
<trkpt lat="42.0266397" lon="2.869687099999993">
<ele>67.7340925943514</ele>
<time>2026-08-14T05:59:35.805Z</time>
</trkpt>
<trkpt lat="42.0266329" lon="2.8696461000000113">
<ele>67.60376408413818</ele>
<time>2026-08-14T05:59:37.883Z</time>
</trkpt>
<trkpt lat="42.0266234" lon="2.8696084999999982">
<ele>67.48315251516463</ele>
<time>2026-08-14T05:59:39.842Z</time>
</trkpt>
<trkpt lat="42.0266125" lon="2.8695681000000093">
<ele>67.35106543270525</ele>
<time>2026-08-14T05:59:41.888Z</time>
</trkpt>
<trkpt lat="42.026603" lon="2.8695294999999987">
<ele>67.21961238167657</ele>
<time>2026-08-14T05:59:43.847Z</time>
</trkpt>
<trkpt lat="42.0265971" lon="2.8694829000000084">
<ele>67.04890435659586</ele>
<time>2026-08-14T05:59:45.938Z</time>
</trkpt>
<trkpt lat="42.026589" lon="2.869445899999988">
<ele>66.90557861793765</ele>
<time>2026-08-14T05:59:47.952Z</time>
</trkpt>
<trkpt lat="42.0265776" lon="2.869406199999986">
<ele>66.74074751531276</ele>
<time>2026-08-14T05:59:49.966Z</time>
</trkpt>
<trkpt lat="42.0265695" lon="2.869371000000001">
<ele>66.59038040039297</ele>
<time>2026-08-14T05:59:51.981Z</time>
</trkpt>
<trkpt lat="42.026557" lon="2.869332600000007">
<ele>66.41120992434809</ele>
<time>2026-08-14T05:59:53.885Z</time>
</trkpt>
<trkpt lat="42.0265478" lon="2.86929649999999">
<ele>66.24031637015437</ele>
<time>2026-08-14T05:59:55.806Z</time>
</trkpt>
<trkpt lat="42.026538" lon="2.8692537999999956">
<ele>66.02874804931068</ele>
<time>2026-08-14T05:59:57.803Z</time>
</trkpt>
<trkpt lat="42.0265306" lon="2.869214999999997">
<ele>65.83665048673473</ele>
<time>2026-08-14T05:59:59.843Z</time>
</trkpt>
<trkpt lat="42.0265264" lon="2.8691750000000127">
<ele>65.6586093392394</ele>
<time>2026-08-14T06:00:01.865Z</time>
</trkpt>
<trkpt lat="42.0265191" lon="2.869127800000001">
<ele>65.46575820462068</ele>
<time>2026-08-14T06:00:03.887Z</time>
</trkpt>
<trkpt lat="42.0265114" lon="2.8690928999999983">
<ele>65.34330263817047</ele>
<time>2026-08-14T06:00:05.903Z</time>
</trkpt>
<trkpt lat="42.026506" lon="2.8690545000000043">
<ele>65.21715689436174</ele>
<time>2026-08-14T06:00:07.926Z</time>
</trkpt>
<trkpt lat="42.0265001" lon="2.869027499999987">
<ele>65.14624399477978</ele>
<time>2026-08-14T06:00:09.777Z</time>
</trkpt>
<trkpt lat="42.0264894" lon="2.868975000000006">
<ele>65.0226589011445</ele>
<time>2026-08-14T06:00:11.923Z</time>
</trkpt>
<trkpt lat="42.0264868" lon="2.8689392">
<ele>64.88918884920194</ele>
<time>2026-08-14T06:00:13.906Z</time>
</trkpt>
<trkpt lat="42.0264844" lon="2.868898999999999">
<ele>64.73637637042948</ele>
<time>2026-08-14T06:00:15.906Z</time>
</trkpt>
<trkpt lat="42.0264696" lon="2.868855499999995">
<ele>64.64633468560633</ele>
<time>2026-08-14T06:00:17.905Z</time>
</trkpt>
<trkpt lat="42.0264593" lon="2.8688174000000117">
<ele>64.55209783747947</ele>
<time>2026-08-14T06:00:19.904Z</time>
</trkpt>
<trkpt lat="42.0264475" lon="2.868777599999987">
<ele>64.46102996342356</ele>
<time>2026-08-14T06:00:21.927Z</time>
</trkpt>
<trkpt lat="42.0264296" lon="2.8687420999999915">
<ele>64.42690129884686</ele>
<time>2026-08-14T06:00:23.965Z</time>
</trkpt>
<trkpt lat="42.0264212" lon="2.868705299999988">
<ele>64.31187986436272</ele>
<time>2026-08-14T06:00:25.897Z</time>
</trkpt>
<trkpt lat="42.0264121" lon="2.8686625999999933">
<ele>64.17150935217262</ele>
<time>2026-08-14T06:00:27.912Z</time>
</trkpt>
<trkpt lat="42.0264003" lon="2.868622600000009">
<ele>64.04452267245428</ele>
<time>2026-08-14T06:00:29.927Z</time>
</trkpt>
<trkpt lat="42.0263843" lon="2.8685878000000002">
<ele>63.94280626736173</ele>
<time>2026-08-14T06:00:31.942Z</time>
</trkpt>
<trkpt lat="42.0263746" lon="2.8685437000000036">
<ele>63.789426633965945</ele>
<time>2026-08-14T06:00:33.958Z</time>
</trkpt>
<trkpt lat="42.0263595" lon="2.8685045000000002">
<ele>63.661714103106476</ele>
<time>2026-08-14T06:00:35.973Z</time>
</trkpt>
<trkpt lat="42.0263441" lon="2.868466699999999">
<ele>63.536221940521166</ele>
<time>2026-08-14T06:00:37.885Z</time>
</trkpt>
<trkpt lat="42.026331" lon="2.868437499999999">
<ele>63.43845514125011</ele>
<time>2026-08-14T06:00:39.847Z</time>
</trkpt>
<trkpt lat="42.0263179" lon="2.8684017999999867">
<ele>63.32361402012684</ele>
<time>2026-08-14T06:00:41.806Z</time>
</trkpt>
<trkpt lat="42.0263062" lon="2.868362100000013">
<ele>63.21252141839302</ele>
<time>2026-08-14T06:00:43.846Z</time>
</trkpt>
<trkpt lat="42.0262968" lon="2.868323800000013">
<ele>63.117237152999095</ele>
<time>2026-08-14T06:00:45.901Z</time>
</trkpt>
<trkpt lat="42.0262844" lon="2.8682866999999987">
<ele>63.05437982454135</ele>
<time>2026-08-14T06:00:47.909Z</time>
</trkpt>
<trkpt lat="42.0262743" lon="2.8682479">
<ele>62.99448491857391</ele>
<time>2026-08-14T06:00:49.967Z</time>
</trkpt>
<trkpt lat="42.0262659" lon="2.868216200000006">
<ele>62.95888714285158</ele>
<time>2026-08-14T06:00:51.983Z</time>
</trkpt>
<trkpt lat="42.0262561" lon="2.868175799999989">
<ele>62.92383613855169</ele>
<time>2026-08-14T06:00:53.887Z</time>
</trkpt>
<trkpt lat="42.0262436" lon="2.868138700000003">
<ele>62.94907537939751</ele>
<time>2026-08-14T06:00:55.786Z</time>
</trkpt>
<trkpt lat="42.026231" lon="2.8681001999999864">
<ele>63.020602165786435</ele>
<time>2026-08-14T06:00:57.842Z</time>
</trkpt>
<trkpt lat="42.0262194" lon="2.86806390000001">
<ele>63.092353224134364</ele>
<time>2026-08-14T06:00:59.881Z</time>
</trkpt>
<trkpt lat="42.0262134" lon="2.8680239999999912">
<ele>63.12216527562745</ele>
<time>2026-08-14T06:01:01.928Z</time>
</trkpt>
<trkpt lat="42.0262065" lon="2.8679869000000053">
<ele>63.164422943650536</ele>
<time>2026-08-14T06:01:03.903Z</time>
</trkpt>
<trkpt lat="42.0261961" lon="2.867951199999993">
<ele>63.2419990121605</ele>
<time>2026-08-14T06:01:05.926Z</time>
</trkpt>
<trkpt lat="42.0261971" lon="2.8679121000000123">
<ele>63.219808274859126</ele>
<time>2026-08-14T06:01:07.925Z</time>
</trkpt>
<trkpt lat="42.0261883" lon="2.867875099999992">
<ele>63.29017638164831</ele>
<time>2026-08-14T06:01:09.884Z</time>
</trkpt>
<trkpt lat="42.0261721" lon="2.8678382999999883">
<ele>63.48846650571039</ele>
<time>2026-08-14T06:01:11.908Z</time>
</trkpt>
<trkpt lat="42.0261596" lon="2.867791100000005">
<ele>63.68162134763204</ele>
<time>2026-08-14T06:01:13.963Z</time>
</trkpt>
<trkpt lat="42.0261519" lon="2.867756899999989">
<ele>63.81486106796921</ele>
<time>2026-08-14T06:01:15.987Z</time>
</trkpt>
<trkpt lat="42.0261452" lon="2.8677147999999875">
<ele>63.95654251410086</ele>
<time>2026-08-14T06:01:18.004Z</time>
</trkpt>
<trkpt lat="42.0261397" lon="2.8676711999999895">
<ele>64.0883876771946</ele>
<time>2026-08-14T06:01:19.885Z</time>
</trkpt>
<trkpt lat="42.0261323" lon="2.8676294999999925">
<ele>64.23487630948667</ele>
<time>2026-08-14T06:01:21.896Z</time>
</trkpt>
<trkpt lat="42.0261193" lon="2.8675864999999874">
<ele>64.40845160887571</ele>
<time>2026-08-14T06:01:23.912Z</time>
</trkpt>
<trkpt lat="42.0261077" lon="2.8675409999999886">
<ele>64.41004823255713</ele>
<time>2026-08-14T06:01:25.927Z</time>
</trkpt>
<trkpt lat="42.0261002" lon="2.8675023000000124">
<ele>64.38522605743138</ele>
<time>2026-08-14T06:01:27.961Z</time>
</trkpt>
<trkpt lat="42.0260794" lon="2.867460599999987">
<ele>64.4913294213649</ele>
<time>2026-08-14T06:01:29.885Z</time>
</trkpt>
<trkpt lat="42.0260633" lon="2.867423599999995">
<ele>64.55879963474352</ele>
<time>2026-08-14T06:01:31.887Z</time>
</trkpt>
<trkpt lat="42.0260483" lon="2.8673881999999935">
<ele>64.61759346805573</ele>
<time>2026-08-14T06:01:33.903Z</time>
</trkpt>
<trkpt lat="42.0260388" lon="2.8673479999999927">
<ele>64.60451749802965</ele>
<time>2026-08-14T06:01:35.919Z</time>
</trkpt>
<trkpt lat="42.0260347" lon="2.8673043999999948">
<ele>64.47226021663067</ele>
<time>2026-08-14T06:01:37.935Z</time>
</trkpt>
<trkpt lat="42.02603" lon="2.867267599999991">
<ele>64.25208140499372</ele>
<time>2026-08-14T06:01:39.911Z</time>
</trkpt>
<trkpt lat="42.0260299" lon="2.8672300000000064">
<ele>63.97731876941882</ele>
<time>2026-08-14T06:01:41.885Z</time>
</trkpt>
<trkpt lat="42.0260237" lon="2.867189400000001">
<ele>63.765496940664256</ele>
<time>2026-08-14T06:01:43.984Z</time>
</trkpt>
<trkpt lat="42.0260182" lon="2.8671468999999945">
<ele>63.54408647319104</ele>
<time>2026-08-14T06:01:45.888Z</time>
</trkpt>
<trkpt lat="42.0260138" lon="2.8671085000000005">
<ele>63.346203992630016</ele>
<time>2026-08-14T06:01:47.747Z</time>
</trkpt>
<trkpt lat="42.0260131" lon="2.8670650999999907">
<ele>63.05968012631545</ele>
<time>2026-08-14T06:01:49.706Z</time>
</trkpt>
<trkpt lat="42.0260105" lon="2.8670258999999874">
<ele>62.83375506635711</ele>
<time>2026-08-14T06:01:51.769Z</time>
</trkpt>
<trkpt lat="42.0260046" lon="2.866985900000003">
<ele>62.65185271111976</ele>
<time>2026-08-14T06:01:53.784Z</time>
</trkpt>
<trkpt lat="42.0259982" lon="2.8669479000000138">
<ele>62.49298300185024</ele>
<time>2026-08-14T06:01:55.783Z</time>
</trkpt>
<trkpt lat="42.0259899" lon="2.8669113999999922">
<ele>62.378789875893574</ele>
<time>2026-08-14T06:01:57.728Z</time>
</trkpt>
<trkpt lat="42.0259801" lon="2.866870299999988">
<ele>62.257637995372306</ele>
<time>2026-08-14T06:01:59.823Z</time>
</trkpt>
<trkpt lat="42.0259688" lon="2.8668276999999875">
<ele>62.15172130097046</ele>
<time>2026-08-14T06:02:01.862Z</time>
</trkpt>
<trkpt lat="42.0259623" lon="2.866792299999986">
<ele>62.01110950254757</ele>
<time>2026-08-14T06:02:03.885Z</time>
</trkpt>
<trkpt lat="42.025954" lon="2.866762599999987">
<ele>61.94374723145709</ele>
<time>2026-08-14T06:02:05.868Z</time>
</trkpt>
<trkpt lat="42.0259485" lon="2.8667250999999965">
<ele>61.99169391701333</ele>
<time>2026-08-14T06:02:07.907Z</time>
</trkpt>
<trkpt lat="42.0259464" lon="2.866687500000012">
<ele>61.99971102982495</ele>
<time>2026-08-14T06:02:09.929Z</time>
</trkpt>
<trkpt lat="42.0259409" lon="2.8666521000000103">
<ele>62.07094785600246</ele>
<time>2026-08-14T06:02:11.888Z</time>
</trkpt>
<trkpt lat="42.0259294" lon="2.866613699999988">
<ele>62.24876995399183</ele>
<time>2026-08-14T06:02:13.926Z</time>
</trkpt>
<trkpt lat="42.0259175" lon="2.866574899999989">
<ele>62.43458071948881</ele>
<time>2026-08-14T06:02:15.885Z</time>
</trkpt>
<trkpt lat="42.0259067" lon="2.8665391000000113">
<ele>62.60372368663897</ele>
<time>2026-08-14T06:02:17.885Z</time>
</trkpt>
<trkpt lat="42.0258959" lon="2.8665014999999983">
<ele>62.772466287380766</ele>
<time>2026-08-14T06:02:19.885Z</time>
</trkpt>
<trkpt lat="42.0258836" lon="2.8664612000000034">
<ele>62.90596270914702</ele>
<time>2026-08-14T06:02:21.982Z</time>
</trkpt>
<trkpt lat="42.0258696" lon="2.86642599999999">
<ele>63.00186216512871</ele>
<time>2026-08-14T06:02:23.884Z</time>
</trkpt>
<trkpt lat="42.0258575" lon="2.866390899999999">
<ele>62.98064610704941</ele>
<time>2026-08-14T06:02:25.783Z</time>
</trkpt>
<trkpt lat="42.0258433" lon="2.866354699999988">
<ele>62.9636052886117</ele>
<time>2026-08-14T06:02:27.642Z</time>
</trkpt>
<trkpt lat="42.0258245" lon="2.8663179000000127">
<ele>62.97575111135538</ele>
<time>2026-08-14T06:02:29.744Z</time>
</trkpt>
<trkpt lat="42.0258046" lon="2.8662820000000124">
<ele>62.98613858846269</ele>
<time>2026-08-14T06:02:31.847Z</time>
</trkpt>
<trkpt lat="42.0257892" lon="2.8662477000000024">
<ele>62.94853659247548</ele>
<time>2026-08-14T06:02:33.925Z</time>
</trkpt>
<trkpt lat="42.0257788" lon="2.8662104">
<ele>62.84052705467742</ele>
<time>2026-08-14T06:02:35.885Z</time>
</trkpt>
<trkpt lat="42.0257677" lon="2.8661745999999937">
<ele>62.70074665851604</ele>
<time>2026-08-14T06:02:37.885Z</time>
</trkpt>
<trkpt lat="42.0257527" lon="2.866133600000012">
<ele>62.5452768425692</ele>
<time>2026-08-14T06:02:39.886Z</time>
</trkpt>
<trkpt lat="42.0257526" lon="2.8661009999999862">
<ele>62.32484465625208</ele>
<time>2026-08-14T06:02:41.885Z</time>
</trkpt>
<trkpt lat="42.0257442" lon="2.866062400000004">
<ele>62.12943872886586</ele>
<time>2026-08-14T06:02:43.899Z</time>
</trkpt>
<trkpt lat="42.0257392" lon="2.866024500000009">
<ele>61.910661346461445</ele>
<time>2026-08-14T06:02:45.898Z</time>
</trkpt>
<trkpt lat="42.0257342" lon="2.86598570000001">
<ele>61.684854396534284</ele>
<time>2026-08-14T06:02:47.913Z</time>
</trkpt>
<trkpt lat="42.0257249" lon="2.86594869999999">
<ele>61.50338759402514</ele>
<time>2026-08-14T06:02:49.929Z</time>
</trkpt>
<trkpt lat="42.0257147" lon="2.8659141999999918">
<ele>61.3628168582813</ele>
<time>2026-08-14T06:02:51.748Z</time>
</trkpt>
<trkpt lat="42.0257052" lon="2.8658800999999983">
<ele>61.26035241077501</ele>
<time>2026-08-14T06:02:53.722Z</time>
</trkpt>
<trkpt lat="42.0257015" lon="2.8658610999999894">
<ele>61.19147119757302</ele>
<time>2026-08-14T06:02:55.805Z</time>
</trkpt>
<trkpt lat="42.025696" lon="2.865814599999993">
<ele>60.996226134204406</ele>
<time>2026-08-14T06:02:57.968Z</time>
</trkpt>
<trkpt lat="42.0256797" lon="2.8657823000000064">
<ele>60.95923477345475</ele>
<time>2026-08-14T06:02:59.902Z</time>
</trkpt>
<trkpt lat="42.0256643" lon="2.8657532000000003">
<ele>60.933190195883995</ele>
<time>2026-08-14T06:03:01.885Z</time>
</trkpt>
<trkpt lat="42.0256515" lon="2.8657216999999946">
<ele>60.875977772247296</ele>
<time>2026-08-14T06:03:03.885Z</time>
</trkpt>
<trkpt lat="42.0256399" lon="2.865679599999993">
<ele>60.75747674248859</ele>
<time>2026-08-14T06:03:05.986Z</time>
</trkpt>
<trkpt lat="42.0256371" lon="2.8656488999999965">
<ele>60.62633487261197</ele>
<time>2026-08-14T06:03:07.933Z</time>
</trkpt>
<trkpt lat="42.0256304" lon="2.8656132000000127">
<ele>60.59673792396059</ele>
<time>2026-08-14T06:03:09.915Z</time>
</trkpt>
<trkpt lat="42.025622" lon="2.86557830000001">
<ele>60.587586250959625</ele>
<time>2026-08-14T06:03:11.749Z</time>
</trkpt>
<trkpt lat="42.0256142" lon="2.8655377000000044">
<ele>60.5598627847653</ele>
<time>2026-08-14T06:03:13.764Z</time>
</trkpt>
<trkpt lat="42.0256045" lon="2.8654926000000103">
<ele>60.53556678970073</ele>
<time>2026-08-14T06:03:15.895Z</time>
</trkpt>
<trkpt lat="42.0255973" lon="2.8654550999999913">
<ele>60.50730239680813</ele>
<time>2026-08-14T06:03:17.865Z</time>
</trkpt>
<trkpt lat="42.02559" lon="2.8654242000000067">
<ele>60.49445465693308</ele>
<time>2026-08-14T06:03:19.700Z</time>
</trkpt>
<trkpt lat="42.0255756" lon="2.865377499999994">
<ele>60.50898714501453</ele>
<time>2026-08-14T06:03:21.902Z</time>
</trkpt>
<trkpt lat="42.02556" lon="2.8653435999999886">
<ele>60.497099769289385</ele>
<time>2026-08-14T06:03:23.925Z</time>
</trkpt>
<trkpt lat="42.0255369" lon="2.8653070999999954">
<ele>60.513864617615276</ele>
<time>2026-08-14T06:03:25.923Z</time>
</trkpt>
<trkpt lat="42.0255214" lon="2.8652760999999884">
<ele>60.495028304985944</ele>
<time>2026-08-14T06:03:27.946Z</time>
</trkpt>
<trkpt lat="42.0255033" lon="2.8652477999999917">
<ele>60.51249366484713</ele>
<time>2026-08-14T06:03:29.945Z</time>
</trkpt>
<trkpt lat="42.0254796" lon="2.8652130000000113">
<ele>60.54815297982697</ele>
<time>2026-08-14T06:03:31.941Z</time>
</trkpt>
<trkpt lat="42.0254731" lon="2.865173900000002">
<ele>60.41789846073137</ele>
<time>2026-08-14T06:03:33.956Z</time>
</trkpt>
<trkpt lat="42.0254684" lon="2.8651305999999863">
<ele>60.252832593661296</ele>
<time>2026-08-14T06:03:35.885Z</time>
</trkpt>
<trkpt lat="42.0254542" lon="2.8650930000000017">
<ele>60.197951798322585</ele>
<time>2026-08-14T06:03:37.885Z</time>
</trkpt>
<trkpt lat="42.0254445" lon="2.8650532999999996">
<ele>60.29091406527412</ele>
<time>2026-08-14T06:03:39.943Z</time>
</trkpt>
<trkpt lat="42.0254391" lon="2.865012000000007">
<ele>60.36025975651113</ele>
<time>2026-08-14T06:03:41.957Z</time>
</trkpt>
<trkpt lat="42.0254303" lon="2.864971499999996">
<ele>60.45710339904906</ele>
<time>2026-08-14T06:03:43.971Z</time>
</trkpt>
<trkpt lat="42.0254204" lon="2.8649342999999874">
<ele>60.56009168236883</ele>
<time>2026-08-14T06:03:45.905Z</time>
</trkpt>
<trkpt lat="42.0254136" lon="2.864894300000003">
<ele>60.63723919963667</ele>
<time>2026-08-14T06:03:47.921Z</time>
</trkpt>
<trkpt lat="42.025397" lon="2.8648647999999923">
<ele>60.78917693584797</ele>
<time>2026-08-14T06:03:49.896Z</time>
</trkpt>
<trkpt lat="42.0253858" lon="2.8648223000000144">
<ele>60.90070921014524</ele>
<time>2026-08-14T06:03:51.911Z</time>
</trkpt>
<trkpt lat="42.0253711" lon="2.864788400000009">
<ele>60.98118129095043</ele>
<time>2026-08-14T06:03:53.813Z</time>
</trkpt>
<trkpt lat="42.0253525" lon="2.8647536999999943">
<ele>61.06592901575488</ele>
<time>2026-08-14T06:03:55.727Z</time>
</trkpt>
<trkpt lat="42.0253323" lon="2.864719000000008">
<ele>61.15974219368713</ele>
<time>2026-08-14T06:03:57.914Z</time>
</trkpt>
<trkpt lat="42.0253119" lon="2.864681399999995">
<ele>61.26708837232234</ele>
<time>2026-08-14T06:03:59.928Z</time>
</trkpt>
<trkpt lat="42.0252938" lon="2.864657099999988">
<ele>61.74670042910351</ele>
<time>2026-08-14T06:04:01.967Z</time>
</trkpt>
<trkpt lat="42.0252733" lon="2.8646266000000082">
<ele>62.304010782576604</ele>
<time>2026-08-14T06:04:03.885Z</time>
</trkpt>
<trkpt lat="42.0252605" lon="2.864585699999992">
<ele>62.63842707181527</ele>
<time>2026-08-14T06:04:05.886Z</time>
</trkpt>
<trkpt lat="42.0252524" lon="2.864552599999996">
<ele>62.8522035963379</ele>
<time>2026-08-14T06:04:07.885Z</time>
</trkpt>
<trkpt lat="42.0252502" lon="2.864514799999995">
<ele>62.82825938493562</ele>
<time>2026-08-14T06:04:09.885Z</time>
</trkpt>
<trkpt lat="42.0252453" lon="2.8644767000000115">
<ele>62.838099660663076</ele>
<time>2026-08-14T06:04:11.885Z</time>
</trkpt>
<trkpt lat="42.0252373" lon="2.8644405000000006">
<ele>62.96179889235018</ele>
<time>2026-08-14T06:04:13.885Z</time>
</trkpt>
<trkpt lat="42.0252257" lon="2.864401200000003">
<ele>63.202734362973764</ele>
<time>2026-08-14T06:04:15.885Z</time>
</trkpt>
<trkpt lat="42.0252188" lon="2.864368000000013">
<ele>63.319042397286864</ele>
<time>2026-08-14T06:04:17.742Z</time>
</trkpt>
<trkpt lat="42.0252038" lon="2.8643332999999984">
<ele>63.71462447977479</ele>
<time>2026-08-14T06:04:19.926Z</time>
</trkpt>
<trkpt lat="42.0251899" lon="2.864309300000002">
<ele>64.1192849048704</ele>
<time>2026-08-14T06:04:21.885Z</time>
</trkpt>
<trkpt lat="42.0251766" lon="2.8642912999999908">
<ele>64.52955654089634</ele>
<time>2026-08-14T06:04:23.885Z</time>
</trkpt>
<trkpt lat="42.0251592" lon="2.8642884999999865">
<ele>65.12929753021162</ele>
<time>2026-08-14T06:04:25.902Z</time>
</trkpt>
<trkpt lat="42.025148" lon="2.864285599999988">
<ele>65.51352438283998</ele>
<time>2026-08-14T06:04:27.754Z</time>
</trkpt>
<trkpt lat="42.0251399" lon="2.864281900000009">
<ele>65.78843079679251</ele>
<time>2026-08-14T06:04:29.885Z</time>
</trkpt>
<trkpt lat="42.0251214" lon="2.8642924000000107">
<ele>66.45669576842582</ele>
<time>2026-08-14T06:04:31.914Z</time>
</trkpt>
<trkpt lat="42.0251048" lon="2.8642984999999896">
<ele>67.04573350283172</ele>
<time>2026-08-14T06:04:33.885Z</time>
</trkpt>
<trkpt lat="42.025089" lon="2.8643123999999887">
<ele>67.61550423310534</ele>
<time>2026-08-14T06:04:35.783Z</time>
</trkpt>
<trkpt lat="42.0250732" lon="2.864336299999991">
<ele>68.19111336741084</ele>
<time>2026-08-14T06:04:37.943Z</time>
</trkpt>
<trkpt lat="42.0250695" lon="2.864377200000007">
<ele>68.36602927721557</ele>
<time>2026-08-14T06:04:39.885Z</time>
</trkpt>
<trkpt lat="42.0250587" lon="2.864408300000008">
<ele>68.76062693683085</ele>
<time>2026-08-14T06:04:41.742Z</time>
</trkpt>
<trkpt lat="42.0250599" lon="2.8644543000000056">
<ele>68.7686911896866</ele>
<time>2026-08-14T06:04:43.927Z</time>
</trkpt>
<trkpt lat="42.0250532" lon="2.864488599999987">
<ele>69.01832510953476</ele>
<time>2026-08-14T06:04:45.915Z</time>
</trkpt>
<trkpt lat="42.0250528" lon="2.8645290999999986">
<ele>69.0689245580226</ele>
<time>2026-08-14T06:04:47.743Z</time>
</trkpt>
<trkpt lat="42.0250535" lon="2.8645779000000005">
<ele>68.94621440629838</ele>
<time>2026-08-14T06:04:49.927Z</time>
</trkpt>
<trkpt lat="42.0250578" lon="2.8646211999999878">
<ele>68.71395791355268</ele>
<time>2026-08-14T06:04:51.963Z</time>
</trkpt>
<trkpt lat="42.0250706" lon="2.8646605000000136">
<ele>68.24964649350571</ele>
<time>2026-08-14T06:04:53.885Z</time>
</trkpt>
<trkpt lat="42.0250761" lon="2.8646989000000076">
<ele>68.01188674216668</ele>
<time>2026-08-14T06:04:55.885Z</time>
</trkpt>
<trkpt lat="42.0250726" lon="2.864732900000007">
<ele>68.04070045056031</ele>
<time>2026-08-14T06:04:57.924Z</time>
</trkpt>
<trkpt lat="42.025065" lon="2.8647697000000107">
<ele>68.17120386026942</ele>
<time>2026-08-14T06:04:59.767Z</time>
</trkpt>
<trkpt lat="42.0250609" lon="2.864809100000002">
<ele>68.19307134727053</ele>
<time>2026-08-14T06:05:01.968Z</time>
</trkpt>
<trkpt lat="42.0250559" lon="2.8648430000000076">
<ele>68.2844189907902</ele>
<time>2026-08-14T06:05:03.940Z</time>
</trkpt>
<trkpt lat="42.0250528" lon="2.8648742999999968">
<ele>68.33132174511039</ele>
<time>2026-08-14T06:05:05.865Z</time>
</trkpt>
<trkpt lat="42.025052" lon="2.864906700000006">
<ele>68.31603938334432</ele>
<time>2026-08-14T06:05:07.885Z</time>
</trkpt>
<trkpt lat="42.0250504" lon="2.8649447999999893">
<ele>68.31507639553871</ele>
<time>2026-08-14T06:05:09.885Z</time>
</trkpt>
<trkpt lat="42.0250469" lon="2.8649718000000064">
<ele>68.37575115561654</ele>
<time>2026-08-14T06:05:11.808Z</time>
</trkpt>
<trkpt lat="42.0250443" lon="2.86499520000001">
<ele>68.41660979927836</ele>
<time>2026-08-14T06:05:13.885Z</time>
</trkpt>
<trkpt lat="42.0250396" lon="2.865026699999987">
<ele>68.50203873405212</ele>
<time>2026-08-14T06:05:15.688Z</time>
</trkpt>
<trkpt lat="42.0250342" lon="2.8650557999999933">
<ele>68.61972984228142</ele>
<time>2026-08-14T06:05:17.863Z</time>
</trkpt>
<trkpt lat="42.0250261" lon="2.8650868000000003">
<ele>68.97193438810433</ele>
<time>2026-08-14T06:05:19.922Z</time>
</trkpt>
<trkpt lat="42.025014" lon="2.8651178000000073">
<ele>69.64391715712176</ele>
<time>2026-08-14T06:05:21.885Z</time>
</trkpt>
<trkpt lat="42.0250134" lon="2.8651506999999867">
<ele>69.78459566383856</ele>
<time>2026-08-14T06:05:23.726Z</time>
</trkpt>
<trkpt lat="42.0250036" lon="2.8651915000000088">
<ele>70.34232944106007</ele>
<time>2026-08-14T06:05:25.822Z</time>
</trkpt>
<trkpt lat="42.0249905" lon="2.8652284000000066">
<ele>70.9825942241635</ele>
<time>2026-08-14T06:05:27.889Z</time>
</trkpt>
<trkpt lat="42.0249802" lon="2.8652653999999984">
<ele>71.46329330552473</ele>
<time>2026-08-14T06:05:29.913Z</time>
</trkpt>
<trkpt lat="42.0249756" lon="2.8652958000000126">
<ele>71.6846366308035</ele>
<time>2026-08-14T06:05:31.869Z</time>
</trkpt>
<trkpt lat="42.0249691" lon="2.865323399999994">
<ele>71.95557381233507</ele>
<time>2026-08-14T06:05:33.924Z</time>
</trkpt>
<trkpt lat="42.0249612" lon="2.8653548000000058">
<ele>72.25782953400923</ele>
<time>2026-08-14T06:05:35.887Z</time>
</trkpt>
<trkpt lat="42.0249572" lon="2.8653832999999906">
<ele>72.42087807979456</ele>
<time>2026-08-14T06:05:37.827Z</time>
</trkpt>
<trkpt lat="42.0249505" lon="2.8654074000000094">
<ele>72.66996480610311</ele>
<time>2026-08-14T06:05:39.885Z</time>
</trkpt>
<trkpt lat="42.0249412" lon="2.865434999999991">
<ele>72.99373633798838</ele>
<time>2026-08-14T06:05:41.885Z</time>
</trkpt>
<trkpt lat="42.0249351" lon="2.865469399999995">
<ele>73.2095958303788</ele>
<time>2026-08-14T06:05:43.884Z</time>
</trkpt>
<trkpt lat="42.0249231" lon="2.8654981999999904">
<ele>73.5819524992192</ele>
<time>2026-08-14T06:05:45.905Z</time>
</trkpt>
<trkpt lat="42.0249179" lon="2.8655310999999983">
<ele>73.74099712691354</ele>
<time>2026-08-14T06:05:47.885Z</time>
</trkpt>
<trkpt lat="42.0249315" lon="2.8655583000000036">
<ele>73.37422276939837</ele>
<time>2026-08-14T06:05:49.887Z</time>
</trkpt>
<trkpt lat="42.0249207" lon="2.8655907000000127">
<ele>73.67970601838502</ele>
<time>2026-08-14T06:05:51.885Z</time>
</trkpt>
<trkpt lat="42.0249066" lon="2.8656231999999875">
<ele>74.04735453408895</ele>
<time>2026-08-14T06:05:53.784Z</time>
</trkpt>
<trkpt lat="42.0248905" lon="2.8656575999999916">
<ele>74.48190752649788</ele>
<time>2026-08-14T06:05:55.885Z</time>
</trkpt>
<trkpt lat="42.0248812" lon="2.8656917000000135">
<ele>74.83647317960634</ele>
<time>2026-08-14T06:05:57.892Z</time>
</trkpt>
<trkpt lat="42.0248696" lon="2.8657264">
<ele>75.244813522151</ele>
<time>2026-08-14T06:05:59.783Z</time>
</trkpt>
<trkpt lat="42.0248622" lon="2.865754199999998">
<ele>75.52289837258893</ele>
<time>2026-08-14T06:06:01.927Z</time>
</trkpt>
<trkpt lat="42.0248516" lon="2.8657819000000018">
<ele>75.87425484344082</ele>
<time>2026-08-14T06:06:03.885Z</time>
</trkpt>
<trkpt lat="42.0248372" lon="2.865813199999991">
<ele>76.3240550124909</ele>
<time>2026-08-14T06:06:05.767Z</time>
</trkpt>
<trkpt lat="42.024826" lon="2.8658426000000077">
<ele>76.68690146290011</ele>
<time>2026-08-14T06:06:07.885Z</time>
</trkpt>
<trkpt lat="42.0248105" lon="2.865869800000013">
<ele>77.1384445339828</ele>
<time>2026-08-14T06:06:09.885Z</time>
</trkpt>
<trkpt lat="42.0247942" lon="2.8658949999999948">
<ele>77.59688455252666</ele>
<time>2026-08-14T06:06:11.782Z</time>
</trkpt>
<trkpt lat="42.0247762" lon="2.865918999999991">
<ele>78.08554461968377</ele>
<time>2026-08-14T06:06:13.885Z</time>
</trkpt>
<trkpt lat="42.024756" lon="2.865942899999993">
<ele>78.42214074128127</ele>
<time>2026-08-14T06:06:15.885Z</time>
</trkpt>
<trkpt lat="42.0247338" lon="2.865962400000001">
<ele>78.4032556855002</ele>
<time>2026-08-14T06:06:17.885Z</time>
</trkpt>
<trkpt lat="42.024706" lon="2.865983099999994">
<ele>78.42745961504053</ele>
<time>2026-08-14T06:06:19.905Z</time>
</trkpt>
<trkpt lat="42.0246918" lon="2.865995499999997">
<ele>78.43732074000657</ele>
<time>2026-08-14T06:06:21.748Z</time>
</trkpt>
<trkpt lat="42.0246708" lon="2.8660130000000095">
<ele>78.46937967166765</ele>
<time>2026-08-14T06:06:23.924Z</time>
</trkpt>
<trkpt lat="42.0246491" lon="2.8660269000000085">
<ele>78.53985793236275</ele>
<time>2026-08-14T06:06:25.888Z</time>
</trkpt>
<trkpt lat="42.024629" lon="2.866036500000007">
<ele>78.6317864476721</ele>
<time>2026-08-14T06:06:27.843Z</time>
</trkpt>
<trkpt lat="42.0246114" lon="2.8660461000000055">
<ele>78.71305287049314</ele>
<time>2026-08-14T06:06:29.885Z</time>
</trkpt>
<trkpt lat="42.0245925" lon="2.8660565000000133">
<ele>78.80732830592513</ele>
<time>2026-08-14T06:06:31.885Z</time>
</trkpt>
<trkpt lat="42.0245753" lon="2.866069500000009">
<ele>78.88620054046523</ele>
<time>2026-08-14T06:06:33.887Z</time>
</trkpt>
<trkpt lat="42.0245576" lon="2.866081400000013">
<ele>78.98171677698127</ele>
<time>2026-08-14T06:06:35.867Z</time>
</trkpt>
<trkpt lat="42.0245439" lon="2.86608480000001">
<ele>79.08014761775502</ele>
<time>2026-08-14T06:06:37.885Z</time>
</trkpt>
<trkpt lat="42.0245289" lon="2.8660958000000107">
<ele>79.16858672265316</ele>
<time>2026-08-14T06:06:39.894Z</time>
</trkpt>
<trkpt lat="42.0245116" lon="2.8661068000000114">
<ele>79.28302554338241</ele>
<time>2026-08-14T06:06:41.746Z</time>
</trkpt>
<trkpt lat="42.0244964" lon="2.8661088000000063">
<ele>79.40741925260768</ele>
<time>2026-08-14T06:06:43.887Z</time>
</trkpt>
<trkpt lat="42.0244829" lon="2.866108099999991">
<ele>79.52395692923311</ele>
<time>2026-08-14T06:06:45.885Z</time>
</trkpt>
<trkpt lat="42.0244644" lon="2.8661122000000034">
<ele>79.6839487411236</ele>
<time>2026-08-14T06:06:47.887Z</time>
</trkpt>
<trkpt lat="42.0244455" lon="2.866111999999987">
<ele>79.8595114697631</ele>
<time>2026-08-14T06:06:49.867Z</time>
</trkpt>
<trkpt lat="42.0244283" lon="2.86610730000001">
<ele>80.03255316909703</ele>
<time>2026-08-14T06:06:51.747Z</time>
</trkpt>
<trkpt lat="42.0244123" lon="2.866097400000001">
<ele>80.21405700056951</ele>
<time>2026-08-14T06:06:53.644Z</time>
</trkpt>
<trkpt lat="42.0243977" lon="2.866090100000008">
<ele>80.37889146720414</ele>
<time>2026-08-14T06:06:55.885Z</time>
</trkpt>
<trkpt lat="42.0243777" lon="2.8660839000000067">
<ele>80.59656516366181</ele>
<time>2026-08-14T06:06:57.789Z</time>
</trkpt>
<trkpt lat="42.0243627" lon="2.8660744999999963">
<ele>80.78267948846246</ele>
<time>2026-08-14T06:06:59.646Z</time>
</trkpt>
<trkpt lat="42.0243462" lon="2.866064599999987">
<ele>80.99164321781782</ele>
<time>2026-08-14T06:07:01.487Z</time>
</trkpt>
<trkpt lat="42.0243298" lon="2.866052400000001">
<ele>81.21680543267415</ele>
<time>2026-08-14T06:07:03.447Z</time>
</trkpt>
<trkpt lat="42.0243143" lon="2.8660414999999944">
<ele>81.43341614095617</ele>
<time>2026-08-14T06:07:05.248Z</time>
</trkpt>
<trkpt lat="42.0242972" lon="2.8660289000000034">
<ele>81.68296527011422</ele>
<time>2026-08-14T06:07:07.105Z</time>
</trkpt>
<trkpt lat="42.02428" lon="2.866014100000001">
<ele>81.95445253775648</ele>
<time>2026-08-14T06:07:08.905Z</time>
</trkpt>
<trkpt lat="42.0242688" lon="2.8659974999999918">
<ele>82.1778707933653</ele>
<time>2026-08-14T06:07:10.746Z</time>
</trkpt>
<trkpt lat="42.0242591" lon="2.865977100000009">
<ele>82.41403700401445</ele>
<time>2026-08-14T06:07:12.562Z</time>
</trkpt>
<trkpt lat="42.0242514" lon="2.865958599999999">
<ele>82.62136216900939</ele>
<time>2026-08-14T06:07:14.386Z</time>
</trkpt>
<trkpt lat="42.0242445" lon="2.86593400000001">
<ele>82.86319573113686</ele>
<time>2026-08-14T06:07:16.746Z</time>
</trkpt>
<trkpt lat="42.0242372" lon="2.865906300000006">
<ele>83.25001347498427</ele>
<time>2026-08-14T06:07:19.089Z</time>
</trkpt>
<trkpt lat="42.0242357" lon="2.865885200000008">
<ele>83.53719576564653</ele>
<time>2026-08-14T06:07:20.901Z</time>
</trkpt>
<trkpt lat="42.0242367" lon="2.865858199999991">
<ele>83.86457075572184</ele>
<time>2026-08-14T06:07:22.969Z</time>
</trkpt>
<trkpt lat="42.0242385" lon="2.8658307999999977">
<ele>84.18337929354519</ele>
<time>2026-08-14T06:07:25.208Z</time>
</trkpt>
<trkpt lat="42.0242391" lon="2.8658035999999925">
<ele>84.51629037927378</ele>
<time>2026-08-14T06:07:27.368Z</time>
</trkpt>
<trkpt lat="42.0242372" lon="2.8657771000000025">
<ele>84.88120656014937</ele>
<time>2026-08-14T06:07:29.885Z</time>
</trkpt>
<trkpt lat="42.0242377" lon="2.8657512000000054">
<ele>85.19953894425338</ele>
<time>2026-08-14T06:07:31.766Z</time>
</trkpt>
<trkpt lat="42.0242367" lon="2.865722599999998">
<ele>85.57832118713539</ele>
<time>2026-08-14T06:07:33.885Z</time>
</trkpt>
<trkpt lat="42.02424" lon="2.8656884000000105">
<ele>85.94800446256568</ele>
<time>2026-08-14T06:07:35.885Z</time>
</trkpt>
<trkpt lat="42.0242442" lon="2.8656574999999975">
<ele>86.25292390922519</ele>
<time>2026-08-14T06:07:37.787Z</time>
</trkpt>
<trkpt lat="42.0242558" lon="2.865625300000005">
<ele>86.26919196051706</ele>
<time>2026-08-14T06:07:39.882Z</time>
</trkpt>
<trkpt lat="42.0242653" lon="2.8655938999999933">
<ele>86.23620159053205</ele>
<time>2026-08-14T06:07:41.885Z</time>
</trkpt>
<trkpt lat="42.0242728" lon="2.8655574">
<ele>86.25963807243782</ele>
<time>2026-08-14T06:07:43.884Z</time>
</trkpt>
<trkpt lat="42.0242799" lon="2.865524899999997">
<ele>86.26119384340198</ele>
<time>2026-08-14T06:07:45.864Z</time>
</trkpt>
<trkpt lat="42.0242895" lon="2.8654887000000144">
<ele>86.211849944248</ele>
<time>2026-08-14T06:07:47.885Z</time>
</trkpt>
<trkpt lat="42.0242992" lon="2.865453699999989">
<ele>86.14003899771463</ele>
<time>2026-08-14T06:07:49.884Z</time>
</trkpt>
<trkpt lat="42.0243084" lon="2.8654161000000045">
<ele>86.07727145468203</ele>
<time>2026-08-14T06:07:51.900Z</time>
</trkpt>
<trkpt lat="42.0243179" lon="2.865382299999993">
<ele>85.97679613324522</ele>
<time>2026-08-14T06:07:53.823Z</time>
</trkpt>
<trkpt lat="42.024328" lon="2.865349299999991">
<ele>85.95080223796332</ele>
<time>2026-08-14T06:07:55.906Z</time>
</trkpt>
<trkpt lat="42.0243394" lon="2.8653169000000105">
<ele>85.954271881382</ele>
<time>2026-08-14T06:07:57.885Z</time>
</trkpt>
<trkpt lat="42.024349" lon="2.865286300000008">
<ele>85.98334882521692</ele>
<time>2026-08-14T06:07:59.885Z</time>
</trkpt>
<trkpt lat="42.0243599" lon="2.865253200000012">
<ele>85.99591769065917</ele>
<time>2026-08-14T06:08:01.827Z</time>
</trkpt>
<trkpt lat="42.0243717" lon="2.8652184000000034">
<ele>85.99397189191579</ele>
<time>2026-08-14T06:08:03.923Z</time>
</trkpt>
<trkpt lat="42.0243862" lon="2.8651872000000083">
<ele>85.87978902924105</ele>
<time>2026-08-14T06:08:05.885Z</time>
</trkpt>
<trkpt lat="42.0243985" lon="2.8651590000000056">
<ele>85.79281851717008</ele>
<time>2026-08-14T06:08:07.885Z</time>
</trkpt>
<trkpt lat="42.0244098" lon="2.8651330000000144">
<ele>85.70905500746802</ele>
<time>2026-08-14T06:08:09.785Z</time>
</trkpt>
<trkpt lat="42.0244243" lon="2.8651075999999875">
<ele>85.52624375475695</ele>
<time>2026-08-14T06:08:11.804Z</time>
</trkpt>
<trkpt lat="42.0244358" lon="2.865075399999995">
<ele>85.42739648866014</ele>
<time>2026-08-14T06:08:13.885Z</time>
</trkpt>
<trkpt lat="42.0244466" lon="2.8650464000000113">
<ele>85.27070716837056</ele>
<time>2026-08-14T06:08:15.768Z</time>
</trkpt>
<trkpt lat="42.0244552" lon="2.8650096000000076">
<ele>85.21582013419825</ele>
<time>2026-08-14T06:08:17.928Z</time>
</trkpt>
<trkpt lat="42.0244611" lon="2.864974200000006">
<ele>85.23006914295223</ele>
<time>2026-08-14T06:08:19.884Z</time>
</trkpt>
<trkpt lat="42.0244653" lon="2.8649383999999998">
<ele>85.29427651891774</ele>
<time>2026-08-14T06:08:21.885Z</time>
</trkpt>
<trkpt lat="42.0244662" lon="2.8649011999999914">
<ele>85.45769343449568</ele>
<time>2026-08-14T06:08:23.807Z</time>
</trkpt>
<trkpt lat="42.0244631" lon="2.8648623999999927">
<ele>85.74019925678346</ele>
<time>2026-08-14T06:08:25.914Z</time>
</trkpt>
<trkpt lat="42.0244678" lon="2.8648263000000043">
<ele>85.79289142927051</ele>
<time>2026-08-14T06:08:27.885Z</time>
</trkpt>
<trkpt lat="42.0244626" lon="2.8647908000000086">
<ele>86.12664148014882</ele>
<time>2026-08-14T06:08:29.864Z</time>
</trkpt>
<trkpt lat="42.0244713" lon="2.8647590999999863">
<ele>86.06348222693416</ele>
<time>2026-08-14T06:08:31.885Z</time>
</trkpt>
<trkpt lat="42.0244627" lon="2.8647219000000064">
<ele>86.50544377749291</ele>
<time>2026-08-14T06:08:33.864Z</time>
</trkpt>
<trkpt lat="42.0244601" lon="2.8646988000000135">
<ele>86.7040831345131</ele>
<time>2026-08-14T06:08:36.004Z</time>
</trkpt>
<trkpt lat="42.0244556" lon="2.8646736999999973">
<ele>86.96476982231502</ele>
<time>2026-08-14T06:08:37.885Z</time>
</trkpt>
<trkpt lat="42.0244459" lon="2.864646399999998">
<ele>87.37699805992251</ele>
<time>2026-08-14T06:08:39.705Z</time>
</trkpt>
<trkpt lat="42.0244303" lon="2.8646129999999914">
<ele>87.9787408868056</ele>
<time>2026-08-14T06:08:41.885Z</time>
</trkpt>
<trkpt lat="42.0244188" lon="2.864587300000011">
<ele>88.42547900821752</ele>
<time>2026-08-14T06:08:43.825Z</time>
</trkpt>
<trkpt lat="42.0243999" lon="2.8645688000000007">
<ele>89.02904628631919</ele>
<time>2026-08-14T06:08:45.682Z</time>
</trkpt>
<trkpt lat="42.0243762" lon="2.864547799999997">
<ele>89.77057053597962</ele>
<time>2026-08-14T06:08:47.895Z</time>
</trkpt>
<trkpt lat="42.024354" lon="2.8645324000000016">
<ele>90.44443364478732</ele>
<time>2026-08-14T06:08:49.764Z</time>
</trkpt>
<trkpt lat="42.024339" lon="2.8645138999999915">
<ele>90.96850771302418</ele>
<time>2026-08-14T06:08:51.645Z</time>
</trkpt>
<trkpt lat="42.0243196" lon="2.864495500000004">
<ele>91.56077010000615</ele>
<time>2026-08-14T06:08:53.889Z</time>
</trkpt>
<trkpt lat="42.0243064" lon="2.8644706999999983">
<ele>91.99483618556677</ele>
<time>2026-08-14T06:08:55.862Z</time>
</trkpt>
<trkpt lat="42.024292" lon="2.864460500000007">
<ele>92.3551806774658</ele>
<time>2026-08-14T06:08:57.885Z</time>
</trkpt>
<trkpt lat="42.0242812" lon="2.864434899999992">
<ele>92.66765541614915</ele>
<time>2026-08-14T06:08:59.889Z</time>
</trkpt>
<trkpt lat="42.0242727" lon="2.864415600000001">
<ele>92.88569459411505</ele>
<time>2026-08-14T06:09:01.885Z</time>
</trkpt>
<trkpt lat="42.0242673" lon="2.864391000000012">
<ele>93.03935482724845</ele>
<time>2026-08-14T06:09:03.885Z</time>
</trkpt>
<trkpt lat="42.0242644" lon="2.864364099999989">
<ele>93.14130673481479</ele>
<time>2026-08-14T06:09:05.708Z</time>
</trkpt>
<trkpt lat="42.0242664" lon="2.8643412000000126">
<ele>93.15843814720313</ele>
<time>2026-08-14T06:09:07.885Z</time>
</trkpt>
<trkpt lat="42.0242676" lon="2.8643149000000108">
<ele>93.19878978295556</ele>
<time>2026-08-14T06:09:09.765Z</time>
</trkpt>
<trkpt lat="42.0242674" lon="2.8642845999999906">
<ele>93.26631171180263</ele>
<time>2026-08-14T06:09:11.885Z</time>
</trkpt>
<trkpt lat="42.024265" lon="2.864252300000004">
<ele>93.36172564986622</ele>
<time>2026-08-14T06:09:13.846Z</time>
</trkpt>
<trkpt lat="42.0242646" lon="2.8642201000000114">
<ele>93.49215599815443</ele>
<time>2026-08-14T06:09:15.915Z</time>
</trkpt>
<trkpt lat="42.0242609" lon="2.8641867000000047">
<ele>93.65021739875566</ele>
<time>2026-08-14T06:09:17.847Z</time>
</trkpt>
<trkpt lat="42.0242586" lon="2.8641633999999954">
<ele>93.75636599534751</ele>
<time>2026-08-14T06:09:19.885Z</time>
</trkpt>
<trkpt lat="42.0242462" lon="2.8641389999999944">
<ele>93.9290240237642</ele>
<time>2026-08-14T06:09:21.885Z</time>
</trkpt>
<trkpt lat="42.0242263" lon="2.864127999999994">
<ele>94.09203155333356</ele>
<time>2026-08-14T06:09:23.767Z</time>
</trkpt>
<trkpt lat="42.0242121" lon="2.864110399999987">
<ele>94.23498261058299</ele>
<time>2026-08-14T06:09:25.623Z</time>
</trkpt>
<trkpt lat="42.0241914" lon="2.864103099999994">
<ele>94.66598701411573</ele>
<time>2026-08-14T06:09:27.923Z</time>
</trkpt>
<trkpt lat="42.0241748" lon="2.864098200000001">
<ele>95.31889959862114</ele>
<time>2026-08-14T06:09:29.767Z</time>
</trkpt>
<trkpt lat="42.024157" lon="2.864090400000009">
<ele>96.03428711614752</ele>
<time>2026-08-14T06:09:31.646Z</time>
</trkpt>
<trkpt lat="42.024141" lon="2.8640900000000045">
<ele>96.6535891820427</ele>
<time>2026-08-14T06:09:33.464Z</time>
</trkpt>
<trkpt lat="42.0241266" lon="2.86410029999999">
<ele>97.15876229699626</ele>
<time>2026-08-14T06:09:35.304Z</time>
</trkpt>
<trkpt lat="42.0241036" lon="2.8641144999999995">
<ele>97.96177620643485</ele>
<time>2026-08-14T06:09:37.769Z</time>
</trkpt>
<trkpt lat="42.02408" lon="2.864132500000011">
<ele>98.74660424510402</ele>
<time>2026-08-14T06:09:39.917Z</time>
</trkpt>
<trkpt lat="42.0240651" lon="2.8641567999999893">
<ele>99.14571205868705</ele>
<time>2026-08-14T06:09:41.865Z</time>
</trkpt>
<trkpt lat="42.0240528" lon="2.8641907999999887">
<ele>99.36477850220525</ele>
<time>2026-08-14T06:09:43.885Z</time>
</trkpt>
<trkpt lat="42.0240301" lon="2.8641931999999883">
<ele>100.16242857726616</ele>
<time>2026-08-14T06:09:45.922Z</time>
</trkpt>
<trkpt lat="42.0240185" lon="2.864226000000002">
<ele>100.32293248463436</ele>
<time>2026-08-14T06:09:47.885Z</time>
</trkpt>
<trkpt lat="42.0240023" lon="2.8642507000000137">
<ele>100.68682282385865</ele>
<time>2026-08-14T06:09:49.896Z</time>
</trkpt>
<trkpt lat="42.0239948" lon="2.8642812999999876">
<ele>100.84873051949484</ele>
<time>2026-08-14T06:09:51.914Z</time>
</trkpt>
<trkpt lat="42.0239749" lon="2.8643347999999946">
<ele>101.38711950180681</ele>
<time>2026-08-14T06:09:53.727Z</time>
</trkpt>
<trkpt lat="42.0239512" lon="2.8643973000000074">
<ele>101.97326202315362</ele>
<time>2026-08-14T06:09:55.885Z</time>
</trkpt>
<trkpt lat="42.0239174" lon="2.864434299999999">
<ele>102.88677710581345</ele>
<time>2026-08-14T06:09:57.885Z</time>
</trkpt>
<trkpt lat="42.0238901" lon="2.8644568999999933">
<ele>103.61365990326327</ele>
<time>2026-08-14T06:09:59.885Z</time>
</trkpt>
<trkpt lat="42.023873" lon="2.8644931000000042">
<ele>104.01358178267685</ele>
<time>2026-08-14T06:10:01.888Z</time>
</trkpt>
<trkpt lat="42.0238662" lon="2.864519900000005">
<ele>104.14247425529445</ele>
<time>2026-08-14T06:10:03.885Z</time>
</trkpt>
<trkpt lat="42.0238529" lon="2.8645453999999972">
<ele>104.46811769757888</ele>
<time>2026-08-14T06:10:05.922Z</time>
</trkpt>
<trkpt lat="42.0238388" lon="2.8645667000000117">
<ele>104.83190462476216</ele>
<time>2026-08-14T06:10:07.928Z</time>
</trkpt>
<trkpt lat="42.023828" lon="2.8645870999999943">
<ele>105.1069742296345</ele>
<time>2026-08-14T06:10:09.885Z</time>
</trkpt>
<trkpt lat="42.0238145" lon="2.8646161000000063">
<ele>105.45486346103296</ele>
<time>2026-08-14T06:10:11.885Z</time>
</trkpt>
<trkpt lat="42.0238057" lon="2.8646454000000006">
<ele>105.66404485834163</ele>
<time>2026-08-14T06:10:13.885Z</time>
</trkpt>
<trkpt lat="42.0238049" lon="2.8646790999999894">
<ele>105.60358585841462</ele>
<time>2026-08-14T06:10:15.807Z</time>
</trkpt>
<trkpt lat="42.0237869" lon="2.8646971000000008">
<ele>106.17321240334279</ele>
<time>2026-08-14T06:10:17.885Z</time>
</trkpt>
<trkpt lat="42.0237719" lon="2.8647253000000035">
<ele>106.6346255149717</ele>
<time>2026-08-14T06:10:19.934Z</time>
</trkpt>
<trkpt lat="42.0237609" lon="2.8647431999999924">
<ele>106.98943480485185</ele>
<time>2026-08-14T06:10:21.885Z</time>
</trkpt>
<trkpt lat="42.0237496" lon="2.864762600000006">
<ele>107.36171124945486</ele>
<time>2026-08-14T06:10:23.885Z</time>
</trkpt>
<trkpt lat="42.0237408" lon="2.8647704999999917">
<ele>107.66668158386182</ele>
<time>2026-08-14T06:10:25.885Z</time>
</trkpt>
<trkpt lat="42.023729" lon="2.8647834999999873">
<ele>108.078358606886</ele>
<time>2026-08-14T06:10:27.748Z</time>
</trkpt>
<trkpt lat="42.0237176" lon="2.864789800000011">
<ele>108.4865316206067</ele>
<time>2026-08-14T06:10:29.908Z</time>
</trkpt>
<trkpt lat="42.0237085" lon="2.8647965000000113">
<ele>108.8139399843507</ele>
<time>2026-08-14T06:10:31.725Z</time>
</trkpt>
<trkpt lat="42.0236996" lon="2.864814700000011">
<ele>109.1274119882216</ele>
<time>2026-08-14T06:10:33.909Z</time>
</trkpt>
<trkpt lat="42.0237025" lon="2.864838600000013">
<ele>108.94920642821566</ele>
<time>2026-08-14T06:10:35.885Z</time>
</trkpt>
<trkpt lat="42.0236942" lon="2.864886299999995">
<ele>109.11936794704994</ele>
<time>2026-08-14T06:10:37.885Z</time>
</trkpt>
<trkpt lat="42.0236824" lon="2.8649288000000013">
<ele>109.44707200014778</ele>
<time>2026-08-14T06:10:39.806Z</time>
</trkpt>
<trkpt lat="42.0236678" lon="2.8649585999999942">
<ele>109.92771710798027</ele>
<time>2026-08-14T06:10:41.885Z</time>
</trkpt>
<trkpt lat="42.0236487" lon="2.8649837000000105">
<ele>110.60472715124352</ele>
<time>2026-08-14T06:10:43.899Z</time>
</trkpt>
<trkpt lat="42.0236234" lon="2.8649905999999987">
<ele>111.55697770937657</ele>
<time>2026-08-14T06:10:45.728Z</time>
</trkpt>
<trkpt lat="42.0236676" lon="2.8651113999999893">
<ele>109.43812293987503</ele>
<time>2026-08-14T06:10:47.889Z</time>
</trkpt>
<trkpt lat="42.0236447" lon="2.8650896000000046">
<ele>110.51629792271963</ele>
<time>2026-08-14T06:10:49.925Z</time>
</trkpt>
<trkpt lat="42.0236245" lon="2.865070199999991">
<ele>111.343433838597</ele>
<time>2026-08-14T06:10:51.729Z</time>
</trkpt>
<trkpt lat="42.0236102" lon="2.8650433999999905">
<ele>111.9518246326637</ele>
<time>2026-08-14T06:10:53.905Z</time>
</trkpt>
<trkpt lat="42.0236046" lon="2.8650222999999926">
<ele>112.20997818801845</ele>
<time>2026-08-14T06:10:55.893Z</time>
</trkpt>
<trkpt lat="42.0235966" lon="2.86500190000001">
<ele>112.55679247532981</ele>
<time>2026-08-14T06:10:57.802Z</time>
</trkpt>
<trkpt lat="42.0235885" lon="2.864967799999988">
<ele>112.93117178249283</ele>
<time>2026-08-14T06:10:59.903Z</time>
</trkpt>
<trkpt lat="42.0235902" lon="2.8649442999999906">
<ele>112.91159958962074</ele>
<time>2026-08-14T06:11:01.748Z</time>
</trkpt>
<trkpt lat="42.0235966" lon="2.864921299999992">
<ele>112.7146995675784</ele>
<time>2026-08-14T06:11:03.885Z</time>
</trkpt>
<trkpt lat="42.0235912" lon="2.8648940999999866">
<ele>112.9702320862067</ele>
<time>2026-08-14T06:11:05.709Z</time>
</trkpt>
<trkpt lat="42.0235832" lon="2.864867099999998">
<ele>113.3201998307464</ele>
<time>2026-08-14T06:11:07.898Z</time>
</trkpt>
<trkpt lat="42.0235739" lon="2.864835499999998">
<ele>113.72359315396172</ele>
<time>2026-08-14T06:11:09.915Z</time>
</trkpt>
<trkpt lat="42.0235697" lon="2.864818299999996">
<ele>113.90959630267551</ele>
<time>2026-08-14T06:11:11.915Z</time>
</trkpt>
<trkpt lat="42.0235689" lon="2.8648124000000053">
<ele>113.9495382951589</ele>
<time>2026-08-14T06:11:13.862Z</time>
</trkpt>
<trkpt lat="42.0235738" lon="2.8648134000000027">
<ele>113.76704341675003</ele>
<time>2026-08-14T06:11:15.885Z</time>
</trkpt>
<trkpt lat="42.0235718" lon="2.864788699999991">
<ele>113.81947180837169</ele>
<time>2026-08-14T06:11:17.863Z</time>
</trkpt>
<trkpt lat="42.0235627" lon="2.8647743999999875">
<ele>114.14090619381669</ele>
<time>2026-08-14T06:11:19.885Z</time>
</trkpt>
<trkpt lat="42.0235508" lon="2.864745499999998">
<ele>114.55125346965116</ele>
<time>2026-08-14T06:11:21.885Z</time>
</trkpt>
<trkpt lat="42.0235442" lon="2.8647199000000114">
<ele>114.76946443023462</ele>
<time>2026-08-14T06:11:23.947Z</time>
</trkpt>
<trkpt lat="42.0235384" lon="2.864696500000008">
<ele>114.96040605959428</ele>
<time>2026-08-14T06:11:25.825Z</time>
</trkpt>
<trkpt lat="42.0235338" lon="2.864665699999989">
<ele>115.09983533675202</ele>
<time>2026-08-14T06:11:27.885Z</time>
</trkpt>
<trkpt lat="42.0235284" lon="2.8646328000000096">
<ele>115.26680789549667</ele>
<time>2026-08-14T06:11:29.934Z</time>
</trkpt>
<trkpt lat="42.0235239" lon="2.8646008999999992">
<ele>115.40161644138593</ele>
<time>2026-08-14T06:11:31.885Z</time>
</trkpt>
<trkpt lat="42.0235207" lon="2.8645659000000023">
<ele>115.48543640344458</ele>
<time>2026-08-14T06:11:33.885Z</time>
</trkpt>
<trkpt lat="42.0235179" lon="2.8645310999999936">
<ele>115.54961337130099</ele>
<time>2026-08-14T06:11:35.885Z</time>
</trkpt>
<trkpt lat="42.0235161" lon="2.8644973000000107">
<ele>115.52353110448517</ele>
<time>2026-08-14T06:11:37.742Z</time>
</trkpt>
<trkpt lat="42.0235152" lon="2.864457499999986">
<ele>115.4465348823214</ele>
<time>2026-08-14T06:11:39.927Z</time>
</trkpt>
<trkpt lat="42.0235179" lon="2.864420899999999">
<ele>115.25197979979718</ele>
<time>2026-08-14T06:11:41.885Z</time>
</trkpt>
<trkpt lat="42.023518" lon="2.8643916999999988">
<ele>115.16969934607077</ele>
<time>2026-08-14T06:11:43.721Z</time>
</trkpt>
<trkpt lat="42.0235222" lon="2.8643543000000022">
<ele>114.92838109501857</ele>
<time>2026-08-14T06:11:45.884Z</time>
</trkpt>
<trkpt lat="42.0235279" lon="2.8643179999999973">
<ele>114.64693772775324</ele>
<time>2026-08-14T06:11:47.885Z</time>
</trkpt>
<trkpt lat="42.0235304" lon="2.864278000000013">
<ele>114.4669199288714</ele>
<time>2026-08-14T06:11:49.911Z</time>
</trkpt>
<trkpt lat="42.0235356" lon="2.864247699999993">
<ele>114.34818758953077</ele>
<time>2026-08-14T06:11:51.748Z</time>
</trkpt>
<trkpt lat="42.0235393" lon="2.8642096000000095">
<ele>114.6943923389549</ele>
<time>2026-08-14T06:11:53.908Z</time>
</trkpt>
<trkpt lat="42.0235441" lon="2.8641758999999922">
<ele>114.95667874289337</ele>
<time>2026-08-14T06:11:55.897Z</time>
</trkpt>
<trkpt lat="42.0235429" lon="2.8641450000000077">
<ele>115.36965655979564</ele>
<time>2026-08-14T06:11:57.805Z</time>
</trkpt>
<trkpt lat="42.0235354" lon="2.864115400000003">
<ele>115.9540529722907</ele>
<time>2026-08-14T06:11:59.845Z</time>
</trkpt>
<trkpt lat="42.0235253" lon="2.864075299999996">
<ele>116.73571334876497</ele>
<time>2026-08-14T06:12:01.885Z</time>
</trkpt>
<trkpt lat="42.0234974" lon="2.864032100000003">
<ele>118.05882583981011</ele>
<time>2026-08-14T06:12:03.885Z</time>
</trkpt>
<trkpt lat="42.0234737" lon="2.8640067999999985">
<ele>119.03107963860718</ele>
<time>2026-08-14T06:12:05.806Z</time>
</trkpt>
<trkpt lat="42.0234459" lon="2.8639961000000085">
<ele>119.94407256142159</ele>
<time>2026-08-14T06:12:07.947Z</time>
</trkpt>
<trkpt lat="42.0234303" lon="2.864006499999988">
<ele>120.275134676948</ele>
<time>2026-08-14T06:12:09.885Z</time>
</trkpt>
<trkpt lat="42.0234068" lon="2.8640154999999936">
<ele>120.85159857958506</ele>
<time>2026-08-14T06:12:11.905Z</time>
</trkpt>
<trkpt lat="42.0233944" lon="2.8640436999999963">
<ele>120.91280122224889</ele>
<time>2026-08-14T06:12:13.886Z</time>
</trkpt>
<trkpt lat="42.0233855" lon="2.8640756000000067">
<ele>120.84117530785528</ele>
<time>2026-08-14T06:12:15.706Z</time>
</trkpt>
<trkpt lat="42.023372" lon="2.8640934999999956">
<ele>121.0556717437232</ele>
<time>2026-08-14T06:12:17.694Z</time>
</trkpt>
<trkpt lat="42.0233563" lon="2.8641151999999863">
<ele>121.50645208276335</ele>
<time>2026-08-14T06:12:19.665Z</time>
</trkpt>
<trkpt lat="42.0233431" lon="2.864135800000014">
<ele>121.97744443434149</ele>
<time>2026-08-14T06:12:21.865Z</time>
</trkpt>
<trkpt lat="42.0233301" lon="2.8641588000000127">
<ele>122.4174251615533</ele>
<time>2026-08-14T06:12:23.940Z</time>
</trkpt>
<trkpt lat="42.0233153" lon="2.864193400000005">
<ele>122.83974271399872</ele>
<time>2026-08-14T06:12:25.885Z</time>
</trkpt>
<trkpt lat="42.0232975" lon="2.864217800000006">
<ele>123.5227498128255</ele>
<time>2026-08-14T06:12:27.782Z</time>
</trkpt>
<trkpt lat="42.0232763" lon="2.8642475000000047">
<ele>124.33647951994267</ele>
<time>2026-08-14T06:12:29.966Z</time>
</trkpt>
<trkpt lat="42.0232546" lon="2.8642552999999964">
<ele>125.39110702810571</ele>
<time>2026-08-14T06:12:31.890Z</time>
</trkpt>
<trkpt lat="42.0232375" lon="2.8642432999999983">
<ele>126.39386592425338</ele>
<time>2026-08-14T06:12:33.743Z</time>
</trkpt>
<trkpt lat="42.0232376" lon="2.864209499999987">
<ele>126.7059748938384</ele>
<time>2026-08-14T06:12:35.943Z</time>
</trkpt>
<trkpt lat="42.0232533" lon="2.8641897999999912">
<ele>126.0794860298578</ele>
<time>2026-08-14T06:12:37.885Z</time>
</trkpt>
<trkpt lat="42.0232566" lon="2.86416109999999">
<ele>126.1814410773438</ele>
<time>2026-08-14T06:12:39.808Z</time>
</trkpt>
<trkpt lat="42.023247" lon="2.8641638">
<ele>126.65055436716607</ele>
<time>2026-08-14T06:12:41.885Z</time>
</trkpt>
<trkpt lat="42.0232373" lon="2.8641481999999883">
<ele>127.29688133040644</ele>
<time>2026-08-14T06:12:43.885Z</time>
</trkpt>
<trkpt lat="42.0232285" lon="2.8641251999999895">
<ele>127.96436382636824</ele>
<time>2026-08-14T06:12:45.864Z</time>
</trkpt>
<trkpt lat="42.0232186" lon="2.8641058999999984">
<ele>128.65152929229257</ele>
<time>2026-08-14T06:12:47.908Z</time>
</trkpt>
<trkpt lat="42.0232164" lon="2.864091000000002">
<ele>128.90228379478245</ele>
<time>2026-08-14T06:12:49.768Z</time>
</trkpt>
<trkpt lat="42.0232165" lon="2.864070599999991">
<ele>129.0862508363615</ele>
<time>2026-08-14T06:12:51.908Z</time>
</trkpt>
<trkpt lat="42.0232144" lon="2.864045400000009">
<ele>129.42664177339145</ele>
<time>2026-08-14T06:12:53.767Z</time>
</trkpt>
<trkpt lat="42.0232132" lon="2.8640158999999983">
<ele>129.76055691844655</ele>
<time>2026-08-14T06:12:55.823Z</time>
</trkpt>
<trkpt lat="42.0232153" lon="2.8639909000000046">
<ele>129.88563048907344</ele>
<time>2026-08-14T06:12:57.885Z</time>
</trkpt>
<trkpt lat="42.0232119" lon="2.863962299999997">
<ele>130.38418475823713</ele>
<time>2026-08-14T06:12:59.823Z</time>
</trkpt>
<trkpt lat="42.023213" lon="2.8639354000000026">
<ele>130.68412996363475</ele>
<time>2026-08-14T06:13:01.891Z</time>
</trkpt>
<trkpt lat="42.0232126" lon="2.8639115000000004">
<ele>131.0216418358762</ele>
<time>2026-08-14T06:13:03.703Z</time>
</trkpt>
<trkpt lat="42.0232077" lon="2.8638818999999955">
<ele>131.67801274236504</ele>
<time>2026-08-14T06:13:05.929Z</time>
</trkpt>
<trkpt lat="42.0232026" lon="2.863856999999996">
<ele>132.29175892121353</ele>
<time>2026-08-14T06:13:07.946Z</time>
</trkpt>
<trkpt lat="42.0231971" lon="2.8638328000000115">
<ele>132.9271682995663</ele>
<time>2026-08-14T06:13:09.789Z</time>
</trkpt>
<trkpt lat="42.02319" lon="2.8638085999999987">
<ele>133.6624937499913</ele>
<time>2026-08-14T06:13:11.885Z</time>
</trkpt>
<trkpt lat="42.0231805" lon="2.863781899999992">
<ele>134.58376972343902</ele>
<time>2026-08-14T06:13:13.885Z</time>
</trkpt>
<trkpt lat="42.0231699" lon="2.8637550999999917">
<ele>135.5888711264357</ele>
<time>2026-08-14T06:13:15.844Z</time>
</trkpt>
<trkpt lat="42.023157" lon="2.8637329000000022">
<ele>136.68072400020927</ele>
<time>2026-08-14T06:13:17.885Z</time>
</trkpt>
<trkpt lat="42.0231451" lon="2.86370740000001">
<ele>137.78466255793973</ele>
<time>2026-08-14T06:13:19.708Z</time>
</trkpt>
<trkpt lat="42.0231317" lon="2.863678099999987">
<ele>138.58684577647327</ele>
<time>2026-08-14T06:13:21.908Z</time>
</trkpt>
<trkpt lat="42.0231181" lon="2.8636518000000137">
<ele>139.25971456540478</ele>
<time>2026-08-14T06:13:23.921Z</time>
</trkpt>
<trkpt lat="42.0231063" lon="2.8636354999999867">
<ele>139.8892777790228</ele>
<time>2026-08-14T06:13:25.749Z</time>
</trkpt>
<trkpt lat="42.0230915" lon="2.8636180999999965">
<ele>140.7037984641315</ele>
<time>2026-08-14T06:13:27.885Z</time>
</trkpt>
<trkpt lat="42.0230787" lon="2.863594599999999">
<ele>141.2816234053515</ele>
<time>2026-08-14T06:13:29.686Z</time>
</trkpt>
<trkpt lat="42.0230628" lon="2.8635672000000056">
<ele>141.98202116393102</ele>
<time>2026-08-14T06:13:31.906Z</time>
</trkpt>
<trkpt lat="42.0230479" lon="2.8635468999999887">
<ele>142.6835667733857</ele>
<time>2026-08-14T06:13:33.922Z</time>
</trkpt>
<trkpt lat="42.0230344" lon="2.8635296999999866">
<ele>143.33863756460693</ele>
<time>2026-08-14T06:13:35.742Z</time>
</trkpt>
<trkpt lat="42.0230221" lon="2.863509599999986">
<ele>143.93155268559983</ele>
<time>2026-08-14T06:13:37.730Z</time>
</trkpt>
<trkpt lat="42.0230117" lon="2.8634811000000013">
<ele>144.40716933739958</ele>
<time>2026-08-14T06:13:39.582Z</time>
</trkpt>
<trkpt lat="42.0230033" lon="2.863448500000004">
<ele>144.77537536465584</ele>
<time>2026-08-14T06:13:41.805Z</time>
</trkpt>
<trkpt lat="42.0229973" lon="2.8634171999999865">
<ele>144.99667669456042</ele>
<time>2026-08-14T06:13:43.888Z</time>
</trkpt>
<trkpt lat="42.0229933" lon="2.863388399999991">
<ele>144.95044150632233</ele>
<time>2026-08-14T06:13:45.804Z</time>
</trkpt>
<trkpt lat="42.0229909" lon="2.8633543999999915">
<ele>144.76745714010352</ele>
<time>2026-08-14T06:13:47.923Z</time>
</trkpt>
<trkpt lat="42.0229845" lon="2.8633227999999917">
<ele>144.85049234167727</ele>
<time>2026-08-14T06:13:49.885Z</time>
</trkpt>
<trkpt lat="42.0229809" lon="2.8632876000000067">
<ele>144.74200190121488</ele>
<time>2026-08-14T06:13:51.885Z</time>
</trkpt>
<trkpt lat="42.02298" lon="2.8632512000000077">
<ele>144.46301224226988</ele>
<time>2026-08-14T06:13:53.966Z</time>
</trkpt>
<trkpt lat="42.0229818" lon="2.8632173000000023">
<ele>144.03950276842747</ele>
<time>2026-08-14T06:13:55.885Z</time>
</trkpt>
<trkpt lat="42.0229837" lon="2.8631809999999973">
<ele>143.5839900441926</ele>
<time>2026-08-14T06:13:57.786Z</time>
</trkpt>
<trkpt lat="42.0229861" lon="2.8631447999999864">
<ele>143.09322728415606</ele>
<time>2026-08-14T06:13:59.866Z</time>
</trkpt>
<trkpt lat="42.0229887" lon="2.863110199999994">
<ele>143.06190576836343</ele>
<time>2026-08-14T06:14:01.925Z</time>
</trkpt>
<trkpt lat="42.0229956" lon="2.863074299999994">
<ele>142.7948106052842</ele>
<time>2026-08-14T06:14:03.940Z</time>
</trkpt>
<trkpt lat="42.0230012" lon="2.8630378000000007">
<ele>142.6262350464727</ele>
<time>2026-08-14T06:14:05.784Z</time>
</trkpt>
<trkpt lat="42.0230029" lon="2.8630105000000015">
<ele>142.65921883275138</ele>
<time>2026-08-14T06:14:07.945Z</time>
</trkpt>
<trkpt lat="42.0230021" lon="2.8629855000000077">
<ele>142.83276030446683</ele>
<time>2026-08-14T06:14:09.885Z</time>
</trkpt>
<trkpt lat="42.0230049" lon="2.8629550999999935">
<ele>142.8203912372283</ele>
<time>2026-08-14T06:14:11.885Z</time>
</trkpt>
<trkpt lat="42.0230078" lon="2.8629233000000056">
<ele>142.81490217605355</ele>
<time>2026-08-14T06:14:13.708Z</time>
</trkpt>
<trkpt lat="42.023007" lon="2.862890499999992">
<ele>143.03036858928013</ele>
<time>2026-08-14T06:14:15.845Z</time>
</trkpt>
<trkpt lat="42.0230083" lon="2.8628557000000114">
<ele>143.18764336052942</ele>
<time>2026-08-14T06:14:17.890Z</time>
</trkpt>
<trkpt lat="42.0230056" lon="2.862824499999988">
<ele>143.6624663804228</ele>
<time>2026-08-14T06:14:19.885Z</time>
</trkpt>
<trkpt lat="42.0230058" lon="2.862790700000005">
<ele>144.00388094206332</ele>
<time>2026-08-14T06:14:21.744Z</time>
</trkpt>
<trkpt lat="42.0230051" lon="2.8627588999999887">
<ele>144.37140812558698</ele>
<time>2026-08-14T06:14:23.904Z</time>
</trkpt>
<trkpt lat="42.0230049" lon="2.862727199999995">
<ele>144.71094115337743</ele>
<time>2026-08-14T06:14:25.885Z</time>
</trkpt>
<trkpt lat="42.0230051" lon="2.862692100000004">
<ele>145.06569629515226</ele>
<time>2026-08-14T06:14:27.885Z</time>
</trkpt>
<trkpt lat="42.0230056" lon="2.8626576999999997">
<ele>145.39950398623108</ele>
<time>2026-08-14T06:14:29.769Z</time>
</trkpt>
<trkpt lat="42.0230051" lon="2.862617599999993">
<ele>145.8400146878493</ele>
<time>2026-08-14T06:14:31.923Z</time>
</trkpt>
<trkpt lat="42.0230045" lon="2.86258380000001">
<ele>146.20379740232275</ele>
<time>2026-08-14T06:14:33.885Z</time>
</trkpt>
<trkpt lat="42.0230022" lon="2.862547400000011">
<ele>146.51550886348457</ele>
<time>2026-08-14T06:14:35.709Z</time>
</trkpt>
<trkpt lat="42.0230014" lon="2.8625146999999913">
<ele>146.73737117579932</ele>
<time>2026-08-14T06:14:37.902Z</time>
</trkpt>
<trkpt lat="42.0229999" lon="2.8624877000000026">
<ele>146.95387041148845</ele>
<time>2026-08-14T06:14:39.885Z</time>
</trkpt>
<trkpt lat="42.0229997" lon="2.862459400000006">
<ele>147.12257191734275</ele>
<time>2026-08-14T06:14:41.688Z</time>
</trkpt>
<trkpt lat="42.0229962" lon="2.862428599999987">
<ele>147.43465878411047</ele>
<time>2026-08-14T06:14:43.729Z</time>
</trkpt>
<trkpt lat="42.022991" lon="2.8623930999999914">
<ele>147.8298152550081</ele>
<time>2026-08-14T06:14:45.951Z</time>
</trkpt>
<trkpt lat="42.0229772" lon="2.8623685999999964">
<ele>148.47584138166852</ele>
<time>2026-08-14T06:14:47.885Z</time>
</trkpt>
<trkpt lat="42.022971" lon="2.8623334000000114">
<ele>148.87261838771676</ele>
<time>2026-08-14T06:14:49.829Z</time>
</trkpt>
<trkpt lat="42.0229576" lon="2.862308299999995">
<ele>149.46266514998172</ele>
<time>2026-08-14T06:14:51.869Z</time>
</trkpt>
<trkpt lat="42.0229447" lon="2.862280300000009">
<ele>150.00950119327112</ele>
<time>2026-08-14T06:14:53.906Z</time>
</trkpt>
<trkpt lat="42.0229353" lon="2.8622522000000004">
<ele>150.43066935976285</ele>
<time>2026-08-14T06:14:55.783Z</time>
</trkpt>
<trkpt lat="42.0229237" lon="2.862223">
<ele>150.92940122623546</ele>
<time>2026-08-14T06:14:57.940Z</time>
</trkpt>
<trkpt lat="42.0229084" lon="2.8621998000000133">
<ele>151.53453556677644</ele>
<time>2026-08-14T06:14:59.885Z</time>
</trkpt>
<trkpt lat="42.0228955" lon="2.8621717999999987">
<ele>152.06772488046366</ele>
<time>2026-08-14T06:15:01.885Z</time>
</trkpt>
<trkpt lat="42.0228832" lon="2.862138499999986">
<ele>152.59250688057568</ele>
<time>2026-08-14T06:15:03.922Z</time>
</trkpt>
<trkpt lat="42.0228712" lon="2.862110599999994">
<ele>153.08719291725612</ele>
<time>2026-08-14T06:15:05.894Z</time>
</trkpt>
<trkpt lat="42.0228607" lon="2.8620869000000084">
<ele>153.51529719095288</ele>
<time>2026-08-14T06:15:07.803Z</time>
</trkpt>
<trkpt lat="42.0228516" lon="2.8620630000000062">
<ele>153.8938455501678</ele>
<time>2026-08-14T06:15:09.885Z</time>
</trkpt>
<trkpt lat="42.0228399" lon="2.8620361000000116">
<ele>154.36680196042593</ele>
<time>2026-08-14T06:15:11.764Z</time>
</trkpt>
<trkpt lat="42.0228275" lon="2.8620107000000132">
<ele>154.79186985982275</ele>
<time>2026-08-14T06:15:13.885Z</time>
</trkpt>
<trkpt lat="42.0228123" lon="2.8619851999999923">
<ele>155.29112683135838</ele>
<time>2026-08-14T06:15:15.885Z</time>
</trkpt>
<trkpt lat="42.0227984" lon="2.8619606000000033">
<ele>155.75954915435895</ele>
<time>2026-08-14T06:15:17.824Z</time>
</trkpt>
<trkpt lat="42.022784" lon="2.86193209999999">
<ele>156.2502996034977</ele>
<time>2026-08-14T06:15:19.889Z</time>
</trkpt>
<trkpt lat="42.0227687" lon="2.861908800000009">
<ele>156.77881230587604</ele>
<time>2026-08-14T06:15:21.882Z</time>
</trkpt>
<trkpt lat="42.0227485" lon="2.8618874999999946">
<ele>157.4846668076042</ele>
<time>2026-08-14T06:15:23.885Z</time>
</trkpt>
<trkpt lat="42.0227293" lon="2.8618601999999953">
<ele>158.1579626567028</ele>
<time>2026-08-14T06:15:25.950Z</time>
</trkpt>
<trkpt lat="42.0227132" lon="2.8618417000000136">
<ele>158.72700292873031</ele>
<time>2026-08-14T06:15:27.902Z</time>
</trkpt>
<trkpt lat="42.0227022" lon="2.8618186999999864">
<ele>159.11665239821303</ele>
<time>2026-08-14T06:15:29.885Z</time>
</trkpt>
<trkpt lat="42.0226886" lon="2.8617949000000067">
<ele>159.601814625104</ele>
<time>2026-08-14T06:15:31.885Z</time>
</trkpt>
<trkpt lat="42.0226734" lon="2.861768600000005">
<ele>160.14772241769856</ele>
<time>2026-08-14T06:15:33.865Z</time>
</trkpt>
<trkpt lat="42.022656" lon="2.861754700000006">
<ele>160.77498979911138</ele>
<time>2026-08-14T06:15:35.885Z</time>
</trkpt>
<trkpt lat="42.0226376" lon="2.8617351999999983">
<ele>161.2650222905645</ele>
<time>2026-08-14T06:15:37.782Z</time>
</trkpt>
<trkpt lat="42.022622" lon="2.8617187000000115">
<ele>161.65843417303748</ele>
<time>2026-08-14T06:15:39.834Z</time>
</trkpt>
<trkpt lat="42.0226015" lon="2.861695400000002">
<ele>162.1546823873434</ele>
<time>2026-08-14T06:15:41.702Z</time>
</trkpt>
<trkpt lat="42.0225841" lon="2.8616706999999906">
<ele>162.5210642903155</ele>
<time>2026-08-14T06:15:43.915Z</time>
</trkpt>
<trkpt lat="42.0225719" lon="2.8616514999999936">
<ele>162.75566452367923</ele>
<time>2026-08-14T06:15:45.931Z</time>
</trkpt>
<trkpt lat="42.0225525" lon="2.8616327000000013">
<ele>163.24658558186175</ele>
<time>2026-08-14T06:15:47.967Z</time>
</trkpt>
<trkpt lat="42.0225393" lon="2.8616208999999913">
<ele>163.58885039403972</ele>
<time>2026-08-14T06:15:49.885Z</time>
</trkpt>
<trkpt lat="42.0225234" lon="2.861602299999987">
<ele>163.95572172602024</ele>
<time>2026-08-14T06:15:51.885Z</time>
</trkpt>
<trkpt lat="42.0225074" lon="2.861581099999995">
<ele>164.2926926122676</ele>
<time>2026-08-14T06:15:53.885Z</time>
</trkpt>
<trkpt lat="42.022489" lon="2.8615594999999985">
<ele>164.69735821511802</ele>
<time>2026-08-14T06:15:55.802Z</time>
</trkpt>
<trkpt lat="42.0224733" lon="2.861539499999992">
<ele>165.01370504678246</ele>
<time>2026-08-14T06:15:57.905Z</time>
</trkpt>
<trkpt lat="42.0224573" lon="2.861519499999986">
<ele>165.329588467534</ele>
<time>2026-08-14T06:15:59.922Z</time>
</trkpt>
<trkpt lat="42.0224338" lon="2.8614948999999967">
<ele>165.83229242241006</ele>
<time>2026-08-14T06:16:01.885Z</time>
</trkpt>
<trkpt lat="42.022417" lon="2.8614828000000045">
<ele>166.2484438605501</ele>
<time>2026-08-14T06:16:03.688Z</time>
</trkpt>
<trkpt lat="42.0223895" lon="2.8614666">
<ele>166.90990506896787</ele>
<time>2026-08-14T06:16:05.889Z</time>
</trkpt>
<trkpt lat="42.0223674" lon="2.861454100000003">
<ele>167.39478146511948</ele>
<time>2026-08-14T06:16:07.885Z</time>
</trkpt>
<trkpt lat="42.0223419" lon="2.8614575">
<ele>168.3093242708017</ele>
<time>2026-08-14T06:16:09.786Z</time>
</trkpt>
<trkpt lat="42.0223247" lon="2.8614590999999905">
<ele>168.91337847739908</ele>
<time>2026-08-14T06:16:12.003Z</time>
</trkpt>
<trkpt lat="42.0223061" lon="2.8614503999999954">
<ele>169.34679686535318</ele>
<time>2026-08-14T06:16:13.885Z</time>
</trkpt>
<trkpt lat="42.0222862" lon="2.8614537999999925">
<ele>170.0778078957471</ele>
<time>2026-08-14T06:16:15.885Z</time>
</trkpt>
<trkpt lat="42.0222643" lon="2.8614674000000093">
<ele>171.10059830564484</ele>
<time>2026-08-14T06:16:17.907Z</time>
</trkpt>
<trkpt lat="42.0222532" lon="2.8614747000000023">
<ele>171.62892096281712</ele>
<time>2026-08-14T06:16:19.926Z</time>
</trkpt>
<trkpt lat="42.0222482" lon="2.861497899999989">
<ele>172.19593676238128</ele>
<time>2026-08-14T06:16:21.885Z</time>
</trkpt>
<trkpt lat="42.0222333" lon="2.8615299999999877">
<ele>173.31188851644214</ele>
<time>2026-08-14T06:16:23.823Z</time>
</trkpt>
<trkpt lat="42.0222359" lon="2.8615580000000023">
<ele>173.62765849399213</ele>
<time>2026-08-14T06:16:25.892Z</time>
</trkpt>
<trkpt lat="42.022236" lon="2.8615882">
<ele>174.0816845237715</ele>
<time>2026-08-14T06:16:27.809Z</time>
</trkpt>
<trkpt lat="42.0222353" lon="2.861621100000008">
<ele>174.60949817540458</ele>
<time>2026-08-14T06:16:29.926Z</time>
</trkpt>
<trkpt lat="42.0222342" lon="2.8616481999999905">
<ele>175.06516713966843</ele>
<time>2026-08-14T06:16:31.843Z</time>
</trkpt>
<trkpt lat="42.0222346" lon="2.8616764999999873">
<ele>175.47784102771988</ele>
<time>2026-08-14T06:16:33.885Z</time>
</trkpt>
<trkpt lat="42.0222297" lon="2.861706199999986">
<ele>176.1241269259108</ele>
<time>2026-08-14T06:16:35.924Z</time>
</trkpt>
<trkpt lat="42.0222271" lon="2.8617292000000134">
<ele>176.57494077448928</ele>
<time>2026-08-14T06:16:37.885Z</time>
</trkpt>
<trkpt lat="42.0222244" lon="2.8617590000000064">
<ele>177.07366110175832</ele>
<time>2026-08-14T06:16:39.943Z</time>
</trkpt>
<trkpt lat="42.0222175" lon="2.8617815000000064">
<ele>177.4918690176392</ele>
<time>2026-08-14T06:16:41.885Z</time>
</trkpt>
<trkpt lat="42.0222118" lon="2.861806300000012">
<ele>177.8807037876742</ele>
<time>2026-08-14T06:16:43.900Z</time>
</trkpt>
<trkpt lat="42.0222049" lon="2.8618313000000057">
<ele>178.3229727485339</ele>
<time>2026-08-14T06:16:45.809Z</time>
</trkpt>
<trkpt lat="42.0222033" lon="2.8618616999999915">
<ele>178.58891915047786</ele>
<time>2026-08-14T06:16:47.918Z</time>
</trkpt>
<trkpt lat="42.022198" lon="2.8618887000000086">
<ele>178.98602293674145</ele>
<time>2026-08-14T06:16:49.803Z</time>
</trkpt>
<trkpt lat="42.0221814" lon="2.8619065999999975">
<ele>179.79356664633144</ele>
<time>2026-08-14T06:16:51.885Z</time>
</trkpt>
<trkpt lat="42.022173" lon="2.861931900000002">
<ele>180.31858534847441</ele>
<time>2026-08-14T06:16:53.765Z</time>
</trkpt>
<trkpt lat="42.0221563" lon="2.8619506">
<ele>181.15054241476824</ele>
<time>2026-08-14T06:16:55.885Z</time>
</trkpt>
<trkpt lat="42.0221439" lon="2.8619759000000045">
<ele>181.85723920632762</ele>
<time>2026-08-14T06:16:57.783Z</time>
</trkpt>
<trkpt lat="42.0221295" lon="2.861997300000013">
<ele>182.62758017687003</ele>
<time>2026-08-14T06:16:59.957Z</time>
</trkpt>
<trkpt lat="42.0221184" lon="2.8620156000000065">
<ele>183.24044404125854</ele>
<time>2026-08-14T06:17:01.885Z</time>
</trkpt>
<trkpt lat="42.0221094" lon="2.862049799999994">
<ele>183.93122740589962</ele>
<time>2026-08-14T06:17:03.826Z</time>
</trkpt>
<trkpt lat="42.0220986" lon="2.8620691000000136">
<ele>184.59924279345836</ele>
<time>2026-08-14T06:17:05.894Z</time>
</trkpt>
<trkpt lat="42.0220876" lon="2.862089900000001">
<ele>185.30606930691675</ele>
<time>2026-08-14T06:17:07.825Z</time>
</trkpt>
<trkpt lat="42.0220775" lon="2.862113999999991">
<ele>186.02313059240552</ele>
<time>2026-08-14T06:17:09.929Z</time>
</trkpt>
<trkpt lat="42.022073" lon="2.8621373999999946">
<ele>186.48789626165575</ele>
<time>2026-08-14T06:17:11.940Z</time>
</trkpt>
<trkpt lat="42.0220674" lon="2.86216619999999">
<ele>187.07253099260248</ele>
<time>2026-08-14T06:17:13.825Z</time>
</trkpt>
<trkpt lat="42.0220625" lon="2.862198400000011">
<ele>187.67282949459127</ele>
<time>2026-08-14T06:17:15.945Z</time>
</trkpt>
<trkpt lat="42.022056" lon="2.8622259999999926">
<ele>188.30971056445316</ele>
<time>2026-08-14T06:17:17.746Z</time>
</trkpt>
<trkpt lat="42.0220486" lon="2.862256699999989">
<ele>189.0408458018524</ele>
<time>2026-08-14T06:17:19.895Z</time>
</trkpt>
<trkpt lat="42.0220392" lon="2.8622853999999904">
<ele>189.86600556449207</ele>
<time>2026-08-14T06:17:21.787Z</time>
</trkpt>
<trkpt lat="42.0220315" lon="2.8623087">
<ele>190.552800484136</ele>
<time>2026-08-14T06:17:23.602Z</time>
</trkpt>
<trkpt lat="42.0220211" lon="2.8623403999999937">
<ele>191.4531834106114</ele>
<time>2026-08-14T06:17:25.889Z</time>
</trkpt>
<trkpt lat="42.0220113" lon="2.8623674000000108">
<ele>192.27254605607155</ele>
<time>2026-08-14T06:17:27.886Z</time>
</trkpt>
<trkpt lat="42.0220055" lon="2.8623963000000003">
<ele>192.90527761971848</ele>
<time>2026-08-14T06:17:29.907Z</time>
</trkpt>
<trkpt lat="42.0220035" lon="2.8624221000000034">
<ele>193.303483100865</ele>
<time>2026-08-14T06:17:31.920Z</time>
</trkpt>
<trkpt lat="42.0220074" lon="2.8624778999999876">
<ele>193.72857154540358</ele>
<time>2026-08-14T06:17:33.948Z</time>
</trkpt>
<trkpt lat="42.0220098" lon="2.862536900000009">
<ele>194.26773729578386</ele>
<time>2026-08-14T06:17:35.885Z</time>
</trkpt>
<trkpt lat="42.0220133" lon="2.8625834000000054">
<ele>194.60489253923714</ele>
<time>2026-08-14T06:17:37.909Z</time>
</trkpt>
<trkpt lat="42.0220129" lon="2.8626304999999945">
<ele>194.8660535196387</ele>
<time>2026-08-14T06:17:39.885Z</time>
</trkpt>
<trkpt lat="42.0220154" lon="2.862665899999996">
<ele>194.89667377133398</ele>
<time>2026-08-14T06:17:41.765Z</time>
</trkpt>
<trkpt lat="42.0220136" lon="2.862707300000011">
<ele>195.1817892121998</ele>
<time>2026-08-14T06:17:43.906Z</time>
</trkpt>
<trkpt lat="42.0220042" lon="2.862741900000003">
<ele>195.82515364552393</ele>
<time>2026-08-14T06:17:45.923Z</time>
</trkpt>
<trkpt lat="42.0219937" lon="2.8627687000000037">
<ele>196.48121313466675</ele>
<time>2026-08-14T06:17:47.940Z</time>
</trkpt>
<trkpt lat="42.0219771" lon="2.862774999999999">
<ele>197.35519379759893</ele>
<time>2026-08-14T06:17:49.885Z</time>
</trkpt>
<trkpt lat="42.0219712" lon="2.8627558999999962">
<ele>197.57261730608013</ele>
<time>2026-08-14T06:17:51.969Z</time>
</trkpt>
<trkpt lat="42.0219742" lon="2.8627323000000047">
<ele>197.33112276436538</ele>
<time>2026-08-14T06:17:53.885Z</time>
</trkpt>
<trkpt lat="42.0219727" lon="2.86270540000001">
<ele>197.29977682309297</ele>
<time>2026-08-14T06:17:55.843Z</time>
</trkpt>
<trkpt lat="42.021973" lon="2.862661800000012">
<ele>197.11231807417974</ele>
<time>2026-08-14T06:17:57.885Z</time>
</trkpt>
<trkpt lat="42.0219778" lon="2.8626194">
<ele>196.68923660286842</ele>
<time>2026-08-14T06:17:59.885Z</time>
</trkpt>
<trkpt lat="42.0219768" lon="2.8625788999999884">
<ele>196.51934660848158</ele>
<time>2026-08-14T06:18:01.885Z</time>
</trkpt>
<trkpt lat="42.0219759" lon="2.8625469000000123">
<ele>196.19986465314096</ele>
<time>2026-08-14T06:18:03.728Z</time>
</trkpt>
<trkpt lat="42.021965" lon="2.862534100000005">
<ele>196.64455995143481</ele>
<time>2026-08-14T06:18:05.885Z</time>
</trkpt>
<trkpt lat="42.0219524" lon="2.86251630000001">
<ele>197.12812833883544</ele>
<time>2026-08-14T06:18:07.886Z</time>
</trkpt>
<trkpt lat="42.0219379" lon="2.8625120000000095">
<ele>197.87042064100297</ele>
<time>2026-08-14T06:18:09.826Z</time>
</trkpt>
<trkpt lat="42.0219371" lon="2.862491199999994">
<ele>197.6812699024646</ele>
<time>2026-08-14T06:18:11.920Z</time>
</trkpt>
<trkpt lat="42.0219496" lon="2.862464100000011">
<ele>196.69118321922403</ele>
<time>2026-08-14T06:18:13.885Z</time>
</trkpt>
<trkpt lat="42.0219498" lon="2.8624346999999943">
<ele>196.34808230492735</ele>
<time>2026-08-14T06:18:15.724Z</time>
</trkpt>
<trkpt lat="42.0219535" lon="2.8624029000000064">
<ele>195.78370588594169</ele>
<time>2026-08-14T06:18:17.885Z</time>
</trkpt>
<trkpt lat="42.0219542" lon="2.8623699000000045">
<ele>195.37091910006168</ele>
<time>2026-08-14T06:18:19.885Z</time>
</trkpt>
<trkpt lat="42.0219546" lon="2.862335999999999">
<ele>194.96434681296486</ele>
<time>2026-08-14T06:18:21.804Z</time>
</trkpt>
<trkpt lat="42.0219505" lon="2.862300800000014">
<ele>194.77531938475332</ele>
<time>2026-08-14T06:18:23.949Z</time>
</trkpt>
<trkpt lat="42.0219447" lon="2.862267900000006">
<ele>194.6478795103115</ele>
<time>2026-08-14T06:18:25.920Z</time>
</trkpt>
<trkpt lat="42.0219378" lon="2.8622346999999877">
<ele>194.58635637510136</ele>
<time>2026-08-14T06:18:27.885Z</time>
</trkpt>
<trkpt lat="42.0219325" lon="2.862200599999994">
<ele>194.42770871153294</ele>
<time>2026-08-14T06:18:29.885Z</time>
</trkpt>
<trkpt lat="42.0219267" lon="2.8621611000000087">
<ele>194.23196305381333</ele>
<time>2026-08-14T06:18:31.885Z</time>
</trkpt>
<trkpt lat="42.0219226" lon="2.8621248000000037">
<ele>193.98605702187797</ele>
<time>2026-08-14T06:18:33.805Z</time>
</trkpt>
<trkpt lat="42.0219183" lon="2.8620838999999876">
<ele>193.69605653507978</ele>
<time>2026-08-14T06:18:35.965Z</time>
</trkpt>
<trkpt lat="42.0219146" lon="2.862047899999993">
<ele>193.44078261509523</ele>
<time>2026-08-14T06:18:37.905Z</time>
</trkpt>
<trkpt lat="42.0219113" lon="2.8620123999999976">
<ele>193.24992569546518</ele>
<time>2026-08-14T06:18:39.920Z</time>
</trkpt>
<trkpt lat="42.0219111" lon="2.8619798000000003">
<ele>192.97044726435743</ele>
<time>2026-08-14T06:18:41.764Z</time>
</trkpt>
<trkpt lat="42.0219107" lon="2.861940400000009">
<ele>192.6425985669262</ele>
<time>2026-08-14T06:18:43.804Z</time>
</trkpt>
<trkpt lat="42.0219042" lon="2.8618994999999927">
<ele>192.68080525651374</ele>
<time>2026-08-14T06:18:45.883Z</time>
</trkpt>
<trkpt lat="42.0219051" lon="2.8618655999999874">
<ele>192.32308371138998</ele>
<time>2026-08-14T06:18:47.885Z</time>
</trkpt>
<trkpt lat="42.021903" lon="2.861827500000004">
<ele>192.11566460285033</ele>
<time>2026-08-14T06:18:49.887Z</time>
</trkpt>
<trkpt lat="42.0219031" lon="2.861786499999994">
<ele>191.7450617723871</ele>
<time>2026-08-14T06:18:51.901Z</time>
</trkpt>
<trkpt lat="42.0218995" lon="2.861754600000012">
<ele>191.68949534199265</ele>
<time>2026-08-14T06:18:53.704Z</time>
</trkpt>
<trkpt lat="42.0218914" lon="2.861714500000005">
<ele>191.6743623709313</ele>
<time>2026-08-14T06:18:55.888Z</time>
</trkpt>
<trkpt lat="42.0218815" lon="2.8616812999999865">
<ele>191.84698623707317</ele>
<time>2026-08-14T06:18:57.724Z</time>
</trkpt>
<trkpt lat="42.0218726" lon="2.861649099999994">
<ele>191.96294066651137</ele>
<time>2026-08-14T06:18:59.728Z</time>
</trkpt>
<trkpt lat="42.021861" lon="2.8616135999999983">
<ele>192.1924433598596</ele>
<time>2026-08-14T06:19:01.905Z</time>
</trkpt>
<trkpt lat="42.0218534" lon="2.8615780000000086">
<ele>192.16566854249064</ele>
<time>2026-08-14T06:19:03.885Z</time>
</trkpt>
<trkpt lat="42.0218442" lon="2.8615402000000074">
<ele>192.19828223589406</ele>
<time>2026-08-14T06:19:05.902Z</time>
</trkpt>
<trkpt lat="42.0218333" lon="2.8615073999999936">
<ele>192.39511019074195</ele>
<time>2026-08-14T06:19:07.918Z</time>
</trkpt>
<trkpt lat="42.0218239" lon="2.8614722000000086">
<ele>192.44723162215465</ele>
<time>2026-08-14T06:19:09.934Z</time>
</trkpt>
<trkpt lat="42.0218097" lon="2.8614413999999897">
<ele>192.67917788158542</ele>
<time>2026-08-14T06:19:11.885Z</time>
</trkpt>
<trkpt lat="42.0217972" lon="2.86141090000001">
<ele>192.80954973192178</ele>
<time>2026-08-14T06:19:13.706Z</time>
</trkpt>
<trkpt lat="42.0217813" lon="2.8613821000000144">
<ele>193.16928239780793</ele>
<time>2026-08-14T06:19:15.866Z</time>
</trkpt>
<trkpt lat="42.0217667" lon="2.861355000000003">
<ele>193.48000721713237</ele>
<time>2026-08-14T06:19:17.886Z</time>
</trkpt>
<trkpt lat="42.0217646" lon="2.8613167000000033">
<ele>192.8229776049967</ele>
<time>2026-08-14T06:19:19.902Z</time>
</trkpt>
<trkpt lat="42.0217519" lon="2.861289599999992">
<ele>193.01187699441746</ele>
<time>2026-08-14T06:19:21.786Z</time>
</trkpt>
<trkpt lat="42.0217366" lon="2.861256200000014">
<ele>193.2168615663398</ele>
<time>2026-08-14T06:19:23.885Z</time>
</trkpt>
<trkpt lat="42.0217253" lon="2.861225399999995">
<ele>193.23630179470197</ele>
<time>2026-08-14T06:19:25.885Z</time>
</trkpt>
<trkpt lat="42.0217121" lon="2.861190899999997">
<ele>193.29620413160154</ele>
<time>2026-08-14T06:19:27.866Z</time>
</trkpt>
<trkpt lat="42.0217018" lon="2.861162500000006">
<ele>193.37497024464275</ele>
<time>2026-08-14T06:19:29.885Z</time>
</trkpt>
<trkpt lat="42.0216931" lon="2.861128100000002">
<ele>193.25617672530169</ele>
<time>2026-08-14T06:19:31.885Z</time>
</trkpt>
<trkpt lat="42.0216852" lon="2.8610946000000013">
<ele>193.1235910631695</ele>
<time>2026-08-14T06:19:33.922Z</time>
</trkpt>
<trkpt lat="42.0216786" lon="2.8610591000000056">
<ele>192.89947335397503</ele>
<time>2026-08-14T06:19:35.910Z</time>
</trkpt>
<trkpt lat="42.0216719" lon="2.8610253999999884">
<ele>192.7318820748748</ele>
<time>2026-08-14T06:19:37.906Z</time>
</trkpt>
<trkpt lat="42.0216694" lon="2.8609917999999936">
<ele>192.31758185115768</ele>
<time>2026-08-14T06:19:39.830Z</time>
</trkpt>
<trkpt lat="42.0216705" lon="2.860959799999989">
<ele>191.70338115356373</ele>
<time>2026-08-14T06:19:41.707Z</time>
</trkpt>
<trkpt lat="42.0216672" lon="2.8609275999999966">
<ele>191.37461319005607</ele>
<time>2026-08-14T06:19:43.587Z</time>
</trkpt>
<trkpt lat="42.0216561" lon="2.860885400000001">
<ele>191.69053415238093</ele>
<time>2026-08-14T06:19:45.787Z</time>
</trkpt>
<trkpt lat="42.0216478" lon="2.860855200000003">
<ele>191.99357261797505</ele>
<time>2026-08-14T06:19:47.894Z</time>
</trkpt>
<trkpt lat="42.0216395" lon="2.860820600000011">
<ele>192.25258884237158</ele>
<time>2026-08-14T06:19:49.885Z</time>
</trkpt>
<trkpt lat="42.0216271" lon="2.860789699999998">
<ele>192.79975648782596</ele>
<time>2026-08-14T06:19:51.788Z</time>
</trkpt>
<trkpt lat="42.0216169" lon="2.8607595999999944">
<ele>193.20079341538423</ele>
<time>2026-08-14T06:19:53.604Z</time>
</trkpt>
<trkpt lat="42.021602" lon="2.860723500000006">
<ele>193.83972649864626</ele>
<time>2026-08-14T06:19:55.828Z</time>
</trkpt>
<trkpt lat="42.0215902" lon="2.8606950999999867">
<ele>194.33596280010272</ele>
<time>2026-08-14T06:19:57.753Z</time>
</trkpt>
<trkpt lat="42.0215741" lon="2.860664899999989">
<ele>195.07607781354423</ele>
<time>2026-08-14T06:19:59.582Z</time>
</trkpt>
<trkpt lat="42.0215572" lon="2.8606345999999974">
<ele>195.80358420958268</ele>
<time>2026-08-14T06:20:01.766Z</time>
</trkpt>
<trkpt lat="42.0215426" lon="2.860607200000004">
<ele>196.18110125064615</ele>
<time>2026-08-14T06:20:03.686Z</time>
</trkpt>
<trkpt lat="42.0215221" lon="2.860574700000001">
<ele>196.76080825420306</ele>
<time>2026-08-14T06:20:05.885Z</time>
</trkpt>
<trkpt lat="42.0215066" lon="2.8605474999999956">
<ele>197.0953741986518</ele>
<time>2026-08-14T06:20:07.946Z</time>
</trkpt>
<trkpt lat="42.0214884" lon="2.860521900000009">
<ele>197.57163905892787</ele>
<time>2026-08-14T06:20:09.885Z</time>
</trkpt>
<trkpt lat="42.0214689" lon="2.8604951000000085">
<ele>198.0408551080678</ele>
<time>2026-08-14T06:20:11.886Z</time>
</trkpt>
<trkpt lat="42.0214464" lon="2.860468999999995">
<ele>198.63079347815392</ele>
<time>2026-08-14T06:20:13.702Z</time>
</trkpt>
<trkpt lat="42.0214075" lon="2.860428000000013">
<ele>199.64613956735013</ele>
<time>2026-08-14T06:20:15.949Z</time>
</trkpt>
<trkpt lat="42.0213691" lon="2.860387199999991">
<ele>200.7241129000015</ele>
<time>2026-08-14T06:20:17.913Z</time>
</trkpt>
<trkpt lat="42.0213368" lon="2.860350799999992">
<ele>201.5859432967057</ele>
<time>2026-08-14T06:20:19.929Z</time>
</trkpt>
<trkpt lat="42.0213159" lon="2.8603218000000084">
<ele>201.90054120416625</ele>
<time>2026-08-14T06:20:21.944Z</time>
</trkpt>
<trkpt lat="42.021295" lon="2.860292600000008">
<ele>202.21800775515544</ele>
<time>2026-08-14T06:20:23.844Z</time>
</trkpt>
<trkpt lat="42.0212667" lon="2.860265499999997">
<ele>203.02697092102247</ele>
<time>2026-08-14T06:20:25.885Z</time>
</trkpt>
<trkpt lat="42.021245" lon="2.8602453000000025">
<ele>203.67171977507124</ele>
<time>2026-08-14T06:20:27.725Z</time>
</trkpt>
<trkpt lat="42.0212166" lon="2.8602247999999975">
<ele>204.69718850968246</ele>
<time>2026-08-14T06:20:29.897Z</time>
</trkpt>
<trkpt lat="42.0211951" lon="2.860209700000013">
<ele>205.49120830964668</ele>
<time>2026-08-14T06:20:31.742Z</time>
</trkpt>
<trkpt lat="42.0211778" lon="2.86018949999999">
<ele>205.90250002446217</ele>
<time>2026-08-14T06:20:33.929Z</time>
</trkpt>
<trkpt lat="42.0211633" lon="2.8601690000000133">
<ele>206.14905598562802</ele>
<time>2026-08-14T06:20:35.889Z</time>
</trkpt>
<trkpt lat="42.0211482" lon="2.860144399999996">
<ele>206.31776177238135</ele>
<time>2026-08-14T06:20:37.906Z</time>
</trkpt>
<trkpt lat="42.0211322" lon="2.8601149000000134">
<ele>206.34949561860415</ele>
<time>2026-08-14T06:20:39.846Z</time>
</trkpt>
<trkpt lat="42.0211316" lon="2.8600913999999875">
<ele>205.71745793644615</ele>
<time>2026-08-14T06:20:41.938Z</time>
</trkpt>
<trkpt lat="42.0211215" lon="2.860067100000009">
<ele>205.55564930550835</ele>
<time>2026-08-14T06:20:43.807Z</time>
</trkpt>
<trkpt lat="42.0211116" lon="2.8600522000000126">
<ele>205.6495002798119</ele>
<time>2026-08-14T06:20:45.885Z</time>
</trkpt>
<trkpt lat="42.0211052" lon="2.860034200000001">
<ele>205.4736916629302</ele>
<time>2026-08-14T06:20:47.823Z</time>
</trkpt>
<trkpt lat="42.0210955" lon="2.8600183000000072">
<ele>205.530190947182</ele>
<time>2026-08-14T06:20:49.891Z</time>
</trkpt>
<trkpt lat="42.0210925" lon="2.8600158000000135">
<ele>205.61617352030143</ele>
<time>2026-08-14T06:20:51.862Z</time>
</trkpt>
<trkpt lat="42.0210813" lon="2.860002900000012">
<ele>205.83674210800433</ele>
<time>2026-08-14T06:20:53.923Z</time>
</trkpt>
<trkpt lat="42.0210728" lon="2.8599847000000125">
<ele>205.76721101455936</ele>
<time>2026-08-14T06:20:55.885Z</time>
</trkpt>
<trkpt lat="42.0210672" lon="2.8599604000000056">
<ele>205.37450645284144</ele>
<time>2026-08-14T06:20:57.885Z</time>
</trkpt>
<trkpt lat="42.0210518" lon="2.8599352999999894">
<ele>205.47366298412192</ele>
<time>2026-08-14T06:20:59.703Z</time>
</trkpt>
<trkpt lat="42.021029" lon="2.859919700000006">
<ele>206.2302436841983</ele>
<time>2026-08-14T06:21:01.885Z</time>
</trkpt>
<trkpt lat="42.0210107" lon="2.8599001000000044">
<ele>206.63998253202394</ele>
<time>2026-08-14T06:21:03.893Z</time>
</trkpt>
<trkpt lat="42.0209884" lon="2.8598824000000036">
<ele>207.31493220747961</ele>
<time>2026-08-14T06:21:05.885Z</time>
</trkpt>
<trkpt lat="42.0209658" lon="2.859861099999989">
<ele>207.90688131178362</ele>
<time>2026-08-14T06:21:07.885Z</time>
</trkpt>
<trkpt lat="42.0209431" lon="2.8598462999999867">
<ele>208.68786849529468</ele>
<time>2026-08-14T06:21:09.885Z</time>
</trkpt>
<trkpt lat="42.0209224" lon="2.85982580000001">
<ele>209.2063032760168</ele>
<time>2026-08-14T06:21:11.885Z</time>
</trkpt>
<trkpt lat="42.0209037" lon="2.85980330000001">
<ele>209.547608777294</ele>
<time>2026-08-14T06:21:13.885Z</time>
</trkpt>
<trkpt lat="42.0208838" lon="2.859781099999992">
<ele>209.76828344798767</ele>
<time>2026-08-14T06:21:15.885Z</time>
</trkpt>
<trkpt lat="42.0208645" lon="2.859755000000007">
<ele>209.79400086304355</ele>
<time>2026-08-14T06:21:17.896Z</time>
</trkpt>
<trkpt lat="42.020845" lon="2.8597302999999954">
<ele>209.9061309357836</ele>
<time>2026-08-14T06:21:19.912Z</time>
</trkpt>
<trkpt lat="42.0208234" lon="2.8597043999999983">
<ele>210.10846375662265</ele>
<time>2026-08-14T06:21:21.723Z</time>
</trkpt>
<trkpt lat="42.020806" lon="2.859683600000011">
<ele>210.28857244026426</ele>
<time>2026-08-14T06:21:23.827Z</time>
</trkpt>
<trkpt lat="42.020785" lon="2.859657300000009">
<ele>210.48000213673438</ele>
<time>2026-08-14T06:21:25.885Z</time>
</trkpt>
<trkpt lat="42.0207657" lon="2.8596316">
<ele>210.6186391730657</ele>
<time>2026-08-14T06:21:27.885Z</time>
</trkpt>
<trkpt lat="42.0207485" lon="2.8596048999999937">
<ele>210.62204329933</ele>
<time>2026-08-14T06:21:29.842Z</time>
</trkpt>
<trkpt lat="42.0207363" lon="2.859581399999996">
<ele>210.47297235168463</ele>
<time>2026-08-14T06:21:31.706Z</time>
</trkpt>
<trkpt lat="42.0207312" lon="2.8595486000000108">
<ele>209.60193899569862</ele>
<time>2026-08-14T06:21:33.945Z</time>
</trkpt>
<trkpt lat="42.0207174" lon="2.8595191">
<ele>209.4543054347375</ele>
<time>2026-08-14T06:21:35.885Z</time>
</trkpt>
<trkpt lat="42.0207136" lon="2.8594890999999905">
<ele>208.99603888987969</ele>
<time>2026-08-14T06:21:37.939Z</time>
</trkpt>
<trkpt lat="42.0207033" lon="2.8594627999999886">
<ele>209.0008992827621</ele>
<time>2026-08-14T06:21:39.885Z</time>
</trkpt>
<trkpt lat="42.0206998" lon="2.859429299999988">
<ele>208.45305451907785</ele>
<time>2026-08-14T06:21:41.885Z</time>
</trkpt>
<trkpt lat="42.0206957" lon="2.859394199999997">
<ele>207.90701246915532</ele>
<time>2026-08-14T06:21:43.709Z</time>
</trkpt>
<trkpt lat="42.0206925" lon="2.8593574999999873">
<ele>207.27490179856315</ele>
<time>2026-08-14T06:21:45.948Z</time>
</trkpt>
<trkpt lat="42.0206943" lon="2.8593217000000095">
<ele>206.36775348462976</ele>
<time>2026-08-14T06:21:47.911Z</time>
</trkpt>
<trkpt lat="42.0206923" lon="2.8592855999999927">
<ele>205.68006249901873</ele>
<time>2026-08-14T06:21:49.747Z</time>
</trkpt>
<trkpt lat="42.0206966" lon="2.85924829999999">
<ele>204.59664363823484</ele>
<time>2026-08-14T06:21:51.562Z</time>
</trkpt>
<trkpt lat="42.0206985" lon="2.8592074000000025">
<ele>204.13493135336097</ele>
<time>2026-08-14T06:21:53.809Z</time>
</trkpt>
<trkpt lat="42.0206993" lon="2.859166799999997">
<ele>203.7437579519907</ele>
<time>2026-08-14T06:21:55.885Z</time>
</trkpt>
<trkpt lat="42.0206928" lon="2.8591274999999996">
<ele>203.78107635227096</ele>
<time>2026-08-14T06:21:57.703Z</time>
</trkpt>
<trkpt lat="42.0206869" lon="2.859101900000013">
<ele>203.89170077898413</ele>
<time>2026-08-14T06:21:59.527Z</time>
</trkpt>
<trkpt lat="42.0206825" lon="2.8590613000000076">
<ele>203.77696954193704</ele>
<time>2026-08-14T06:22:01.767Z</time>
</trkpt>
<trkpt lat="42.0206729" lon="2.8590264000000047">
<ele>203.98611422158436</ele>
<time>2026-08-14T06:22:03.885Z</time>
</trkpt>
<trkpt lat="42.0206678" lon="2.858993599999991">
<ele>203.956975629468</ele>
<time>2026-08-14T06:22:05.703Z</time>
</trkpt>
<trkpt lat="42.0206617" lon="2.8589680000000044">
<ele>204.0440259046572</ele>
<time>2026-08-14T06:22:07.885Z</time>
</trkpt>
<trkpt lat="42.0206556" lon="2.858950600000014">
<ele>204.22386738171903</ele>
<time>2026-08-14T06:22:09.885Z</time>
</trkpt>
<trkpt lat="42.0206449" lon="2.8589330000000075">
<ele>204.63013889219673</ele>
<time>2026-08-14T06:22:11.885Z</time>
</trkpt>
<trkpt lat="42.0206411" lon="2.858932600000003">
<ele>204.82166431946024</ele>
<time>2026-08-14T06:22:13.899Z</time>
</trkpt>
<trkpt lat="42.020633" lon="2.8589272000000108">
<ele>205.1888046808313</ele>
<time>2026-08-14T06:22:15.885Z</time>
</trkpt>
<trkpt lat="42.0206295" lon="2.858923599999997">
<ele>205.3349217140849</ele>
<time>2026-08-14T06:22:17.885Z</time>
</trkpt>
<trkpt lat="42.020626" lon="2.858921500000008">
<ele>205.493924805448</ele>
<time>2026-08-14T06:22:19.885Z</time>
</trkpt>
<trkpt lat="42.0206231" lon="2.858920899999987">
<ele>205.63588705668343</ele>
<time>2026-08-14T06:22:21.885Z</time>
</trkpt>
<trkpt lat="42.0206202" lon="2.858915499999995">
<ele>205.73242675910373</ele>
<time>2026-08-14T06:22:23.885Z</time>
</trkpt>
<trkpt lat="42.0206185" lon="2.858911500000005">
<ele>205.7805472569503</ele>
<time>2026-08-14T06:22:25.807Z</time>
</trkpt>
<trkpt lat="42.0205999" lon="2.8588814999999954">
<ele>206.4141489011582</ele>
<time>2026-08-14T06:22:27.646Z</time>
</trkpt>
<trkpt lat="42.0205576" lon="2.8588708000000054">
<ele>208.75265009125008</ele>
<time>2026-08-14T06:22:29.922Z</time>
</trkpt>
<trkpt lat="42.0205365" lon="2.8588469999999973">
<ele>209.8528879730472</ele>
<time>2026-08-14T06:22:31.766Z</time>
</trkpt>
<trkpt lat="42.0205189" lon="2.858812999999998">
<ele>210.65509408807975</ele>
<time>2026-08-14T06:22:33.885Z</time>
</trkpt>
<trkpt lat="42.0204983" lon="2.8587936000000127">
<ele>211.80893914980973</ele>
<time>2026-08-14T06:22:35.888Z</time>
</trkpt>
<trkpt lat="42.0204923" lon="2.8587697000000105">
<ele>211.98820776701092</ele>
<time>2026-08-14T06:22:37.885Z</time>
</trkpt>
<trkpt lat="42.0204786" lon="2.8587478000000033">
<ele>212.69789600907896</ele>
<time>2026-08-14T06:22:39.894Z</time>
</trkpt>
<trkpt lat="42.0204805" lon="2.858727600000009">
<ele>212.40084313227345</ele>
<time>2026-08-14T06:22:41.885Z</time>
</trkpt>
<trkpt lat="42.020472" lon="2.8587095000000033">
<ele>212.81338444739518</ele>
<time>2026-08-14T06:22:43.885Z</time>
</trkpt>
<trkpt lat="42.0204651" lon="2.8587038999999947">
<ele>213.2275780970295</ele>
<time>2026-08-14T06:22:45.885Z</time>
</trkpt>
<trkpt lat="42.0204585" lon="2.8586989000000074">
<ele>213.62821093833386</ele>
<time>2026-08-14T06:22:47.885Z</time>
</trkpt>
<trkpt lat="42.0204468" lon="2.858684199999999">
<ele>214.30361958488652</ele>
<time>2026-08-14T06:22:49.885Z</time>
</trkpt>
<trkpt lat="42.0204339" lon="2.8586731999999984">
<ele>215.08818486538883</ele>
<time>2026-08-14T06:22:51.885Z</time>
</trkpt>
<trkpt lat="42.0204206" lon="2.8586672000000135">
<ele>215.93177041819757</ele>
<time>2026-08-14T06:22:53.689Z</time>
</trkpt>
<trkpt lat="42.020407" lon="2.858659799999998">
<ele>216.78233427530955</ele>
<time>2026-08-14T06:22:55.918Z</time>
</trkpt>
<trkpt lat="42.0204118" lon="2.858661600000005">
<ele>216.47641730410623</ele>
<time>2026-08-14T06:22:57.884Z</time>
</trkpt>
<trkpt lat="42.0204136" lon="2.858663199999995">
<ele>216.36851875337803</ele>
<time>2026-08-14T06:22:59.721Z</time>
</trkpt>
<trkpt lat="42.0204187" lon="2.858662900000013">
<ele>216.02671439009995</ele>
<time>2026-08-14T06:23:01.889Z</time>
</trkpt>
<trkpt lat="42.0204171" lon="2.85865849999999">
<ele>216.10071578171477</ele>
<time>2026-08-14T06:23:03.824Z</time>
</trkpt>
<trkpt lat="42.0203865" lon="2.8586381000000074">
<ele>217.97579227224756</ele>
<time>2026-08-14T06:23:05.703Z</time>
</trkpt>
<trkpt lat="42.0203675" lon="2.8586138999999946">
<ele>219.03656043902902</ele>
<time>2026-08-14T06:23:07.703Z</time>
</trkpt>
<trkpt lat="42.0203617" lon="2.858592399999992">
<ele>219.24138173782256</ele>
<time>2026-08-14T06:23:09.766Z</time>
</trkpt>
<trkpt lat="42.0203555" lon="2.858576499999998">
<ele>219.51513068814654</ele>
<time>2026-08-14T06:23:11.686Z</time>
</trkpt>
<trkpt lat="42.0203562" lon="2.858575099999996">
<ele>219.45779610633457</ele>
<time>2026-08-14T06:23:13.727Z</time>
</trkpt>
<trkpt lat="42.0203549" lon="2.8585424999999987">
<ele>219.270809794266</ele>
<time>2026-08-14T06:23:15.884Z</time>
</trkpt>
<trkpt lat="42.0203517" lon="2.8585138999999913">
<ele>219.23817445288273</ele>
<time>2026-08-14T06:23:17.884Z</time>
</trkpt>
<trkpt lat="42.0203491" lon="2.8584947999999883">
<ele>219.24447356149838</ele>
<time>2026-08-14T06:23:19.884Z</time>
</trkpt>
<trkpt lat="42.0203421" lon="2.8584716999999955">
<ele>219.4955921805496</ele>
<time>2026-08-14T06:23:21.904Z</time>
</trkpt>
<trkpt lat="42.0203398" lon="2.858458799999994">
<ele>219.53153991505903</ele>
<time>2026-08-14T06:23:23.785Z</time>
</trkpt>
<trkpt lat="42.0203352" lon="2.858442300000007">
<ele>219.6810551873314</ele>
<time>2026-08-14T06:23:25.909Z</time>
</trkpt>
<trkpt lat="42.0203254" lon="2.8584242000000017">
<ele>220.14171648247748</ele>
<time>2026-08-14T06:23:27.925Z</time>
</trkpt>
<trkpt lat="42.0203088" lon="2.858410099999986">
<ele>221.07904091358182</ele>
<time>2026-08-14T06:23:29.905Z</time>
</trkpt>
<trkpt lat="42.0203024" lon="2.8583921999999973">
<ele>221.32284704976985</ele>
<time>2026-08-14T06:23:31.865Z</time>
</trkpt>
<trkpt lat="42.0202948" lon="2.858370199999996">
<ele>221.53876014604714</ele>
<time>2026-08-14T06:23:33.666Z</time>
</trkpt>
<trkpt lat="42.0202937" lon="2.8583585000000085">
<ele>221.53044072026933</ele>
<time>2026-08-14T06:23:35.642Z</time>
</trkpt>
<trkpt lat="42.0202953" lon="2.858358399999986">
<ele>221.46312213805865</ele>
<time>2026-08-14T06:23:37.682Z</time>
</trkpt>
<trkpt lat="42.0202999" lon="2.858359500000006">
<ele>221.27600978530847</ele>
<time>2026-08-14T06:23:39.922Z</time>
</trkpt>
<trkpt lat="42.0202988" lon="2.858349299999986">
<ele>221.2747186322061</ele>
<time>2026-08-14T06:23:41.868Z</time>
</trkpt>
<trkpt lat="42.0202912" lon="2.8583399000000043">
<ele>221.54849635754294</ele>
<time>2026-08-14T06:23:43.944Z</time>
</trkpt>
<trkpt lat="42.0202879" lon="2.858331200000009">
<ele>221.64582059752917</ele>
<time>2026-08-14T06:23:45.844Z</time>
</trkpt>
<trkpt lat="42.0202887" lon="2.858306199999987">
<ele>221.4961906872526</ele>
<time>2026-08-14T06:23:47.884Z</time>
</trkpt>
<trkpt lat="42.0202837" lon="2.8582852000000116">
<ele>221.60686743973343</ele>
<time>2026-08-14T06:23:49.884Z</time>
</trkpt>
<trkpt lat="42.0202786" lon="2.858259099999998">
<ele>221.6975635368189</ele>
<time>2026-08-14T06:23:51.898Z</time>
</trkpt>
<trkpt lat="42.0202657" lon="2.8582354000000123">
<ele>222.12337470300028</ele>
<time>2026-08-14T06:23:53.903Z</time>
</trkpt>
<trkpt lat="42.0202573" lon="2.8582130000000063">
<ele>222.3673496082716</ele>
<time>2026-08-14T06:23:55.864Z</time>
</trkpt>
<trkpt lat="42.020249" lon="2.858191799999986">
<ele>222.61221165845816</ele>
<time>2026-08-14T06:23:57.761Z</time>
</trkpt>
<trkpt lat="42.0202415" lon="2.858168400000011">
<ele>222.81291410231455</ele>
<time>2026-08-14T06:23:59.683Z</time>
</trkpt>
<trkpt lat="42.0202363" lon="2.858142100000009">
<ele>222.9040095984654</ele>
<time>2026-08-14T06:24:01.548Z</time>
</trkpt>
<trkpt lat="42.0202342" lon="2.858123400000011">
<ele>222.986857206677</ele>
<time>2026-08-14T06:24:03.429Z</time>
</trkpt>
<trkpt lat="42.0202333" lon="2.858097799999996">
<ele>223.07124293061335</ele>
<time>2026-08-14T06:24:05.327Z</time>
</trkpt>
<trkpt lat="42.020229" lon="2.8580742999999984">
<ele>223.29850422696785</ele>
<time>2026-08-14T06:24:07.263Z</time>
</trkpt>
<trkpt lat="42.0202236" lon="2.8580479999999966">
<ele>223.58392496660858</ele>
<time>2026-08-14T06:24:09.264Z</time>
</trkpt>
<trkpt lat="42.0202169" lon="2.8580341999999916">
<ele>223.90559046622388</ele>
<time>2026-08-14T06:24:11.209Z</time>
</trkpt>
<trkpt lat="42.0202118" lon="2.858024300000011">
<ele>224.15190008437477</ele>
<time>2026-08-14T06:24:13.026Z</time>
</trkpt>
<trkpt lat="42.0202043" lon="2.8580114000000094">
<ele>224.5142144475634</ele>
<time>2026-08-14T06:24:15.028Z</time>
</trkpt>
<trkpt lat="42.0201944" lon="2.85799990000001">
<ele>224.98423348674336</ele>
<time>2026-08-14T06:24:16.925Z</time>
</trkpt>
<trkpt lat="42.0201828" lon="2.857991499999997">
<ele>225.5264505709056</ele>
<time>2026-08-14T06:24:18.806Z</time>
</trkpt>
<trkpt lat="42.0201712" lon="2.8579823000000033">
<ele>226.07578670289303</ele>
<time>2026-08-14T06:24:20.782Z</time>
</trkpt>
<trkpt lat="42.0201583" lon="2.8579752999999926">
<ele>226.6809671510698</ele>
<time>2026-08-14T06:24:22.821Z</time>
</trkpt>
<trkpt lat="42.0201441" lon="2.857970999999992">
<ele>227.33870820391482</ele>
<time>2026-08-14T06:24:24.807Z</time>
</trkpt>
<trkpt lat="42.020134" lon="2.8579633999999885">
<ele>227.82699497772236</ele>
<time>2026-08-14T06:24:26.703Z</time>
</trkpt>
<trkpt lat="42.0201234" lon="2.857957199999987">
<ele>228.335508288004</ele>
<time>2026-08-14T06:24:28.528Z</time>
</trkpt>
<trkpt lat="42.0201173" lon="2.8579493999999954">
<ele>228.6486168609382</ele>
<time>2026-08-14T06:24:30.333Z</time>
</trkpt>
<trkpt lat="42.0201112" lon="2.8579415000000097">
<ele>228.96439125762748</ele>
<time>2026-08-14T06:24:32.402Z</time>
</trkpt>
<trkpt lat="42.0201038" lon="2.8579401000000075">
<ele>229.31097331848574</ele>
<time>2026-08-14T06:24:34.226Z</time>
</trkpt>
<trkpt lat="42.0200958" lon="2.857937700000008">
<ele>229.69063629585725</ele>
<time>2026-08-14T06:24:36.187Z</time>
</trkpt>
<trkpt lat="42.0200827" lon="2.8579333000000133">
<ele>230.31674870544578</ele>
<time>2026-08-14T06:24:38.163Z</time>
</trkpt>
<trkpt lat="42.020071" lon="2.8579249999999945">
<ele>230.902600067598</ele>
<time>2026-08-14T06:24:40.187Z</time>
</trkpt>
<trkpt lat="42.0200578" lon="2.8579129999999964">
<ele>231.584472620365</ele>
<time>2026-08-14T06:24:42.347Z</time>
</trkpt>
<trkpt lat="42.0200435" lon="2.857900900000004">
<ele>232.32583796881775</ele>
<time>2026-08-14T06:24:44.163Z</time>
</trkpt>
<trkpt lat="42.0200261" lon="2.8578880000000026">
<ele>233.24405021089638</ele>
<time>2026-08-14T06:24:45.987Z</time>
</trkpt>
<trkpt lat="42.0200141" lon="2.857875500000006">
<ele>234.00711890056914</ele>
<time>2026-08-14T06:24:47.908Z</time>
</trkpt>
<trkpt lat="42.020003" lon="2.8578588000000025">
<ele>234.73104587774657</ele>
<time>2026-08-14T06:24:49.885Z</time>
</trkpt>
<trkpt lat="42.0199898" lon="2.8578481000000124">
<ele>235.59075133887544</ele>
<time>2026-08-14T06:24:51.886Z</time>
</trkpt>
<trkpt lat="42.0199761" lon="2.857839299999995">
<ele>236.4499318519875</ele>
<time>2026-08-14T06:24:53.884Z</time>
</trkpt>
<trkpt lat="42.0199681" lon="2.8578230999999903">
<ele>237.06419421587077</ele>
<time>2026-08-14T06:24:55.884Z</time>
</trkpt>
<trkpt lat="42.0199623" lon="2.857799599999993">
<ele>237.62452478434565</ele>
<time>2026-08-14T06:24:57.894Z</time>
</trkpt>
<trkpt lat="42.0199493" lon="2.8577929999999867">
<ele>238.3873165283983</ele>
<time>2026-08-14T06:24:59.912Z</time>
</trkpt>
<trkpt lat="42.0199387" lon="2.8577740000000063">
<ele>239.13173222873525</ele>
<time>2026-08-14T06:25:01.930Z</time>
</trkpt>
<trkpt lat="42.019934" lon="2.8577511999999956">
<ele>239.58847791232677</ele>
<time>2026-08-14T06:25:03.948Z</time>
</trkpt>
<trkpt lat="42.0199383" lon="2.8577287999999896">
<ele>239.5758664280338</ele>
<time>2026-08-14T06:25:05.884Z</time>
</trkpt>
<trkpt lat="42.0199335" lon="2.8577041000000065">
<ele>240.04584445758297</ele>
<time>2026-08-14T06:25:07.964Z</time>
</trkpt>
<trkpt lat="42.0199259" lon="2.857688599999989">
<ele>240.5610541037261</ele>
<time>2026-08-14T06:25:09.889Z</time>
</trkpt>
<trkpt lat="42.0199218" lon="2.8576716999999974">
<ele>240.90904834495666</ele>
<time>2026-08-14T06:25:11.807Z</time>
</trkpt>
<trkpt lat="42.0199167" lon="2.8576558999999975">
<ele>241.2897091510962</ele>
<time>2026-08-14T06:25:13.848Z</time>
</trkpt>
<trkpt lat="42.019906" lon="2.8576453999999956">
<ele>241.88494072663022</ele>
<time>2026-08-14T06:25:15.941Z</time>
</trkpt>
<trkpt lat="42.0198979" lon="2.8576312000000144">
<ele>242.3774357731416</ele>
<time>2026-08-14T06:25:17.958Z</time>
</trkpt>
<trkpt lat="42.0198966" lon="2.857616699999994">
<ele>242.5489199646876</ele>
<time>2026-08-14T06:25:19.884Z</time>
</trkpt>
<trkpt lat="42.0198898" lon="2.857595500000002">
<ele>243.01856772017328</ele>
<time>2026-08-14T06:25:21.947Z</time>
</trkpt>
<trkpt lat="42.0198852" lon="2.857585400000005">
<ele>243.2991233319428</ele>
<time>2026-08-14T06:25:23.844Z</time>
</trkpt>
<trkpt lat="42.0198833" lon="2.8575692999999944">
<ele>243.38183066261695</ele>
<time>2026-08-14T06:25:25.805Z</time>
</trkpt>
<trkpt lat="42.0198878" lon="2.8575509000000068">
<ele>243.1135764181504</ele>
<time>2026-08-14T06:25:27.846Z</time>
</trkpt>
<trkpt lat="42.0198844" lon="2.857538500000004">
<ele>243.21564681984512</ele>
<time>2026-08-14T06:25:29.767Z</time>
</trkpt>
<trkpt lat="42.0198754" lon="2.857526100000001">
<ele>243.5583364485349</ele>
<time>2026-08-14T06:25:31.865Z</time>
</trkpt>
<trkpt lat="42.0198644" lon="2.8575203999999985">
<ele>244.01049146240675</ele>
<time>2026-08-14T06:25:33.694Z</time>
</trkpt>
<trkpt lat="42.0198576" lon="2.8575079999999957">
<ele>244.24898814089306</ele>
<time>2026-08-14T06:25:35.508Z</time>
</trkpt>
<trkpt lat="42.0198518" lon="2.8574891000000093">
<ele>244.41101488331773</ele>
<time>2026-08-14T06:25:37.469Z</time>
</trkpt>
<trkpt lat="42.0198421" lon="2.857475899999997">
<ele>244.7590545456866</ele>
<time>2026-08-14T06:25:39.503Z</time>
</trkpt>
<trkpt lat="42.0198263" lon="2.8574734999999976">
<ele>245.41218825627755</ele>
<time>2026-08-14T06:25:41.888Z</time>
</trkpt>
<trkpt lat="42.0198187" lon="2.8574524999999937">
<ele>245.6188978447326</ele>
<time>2026-08-14T06:25:43.945Z</time>
</trkpt>
<trkpt lat="42.0198091" lon="2.8574383000000125">
<ele>245.93826654687805</ele>
<time>2026-08-14T06:25:45.910Z</time>
</trkpt>
<trkpt lat="42.0198086" lon="2.8574237999999923">
<ele>245.87733947770136</ele>
<time>2026-08-14T06:25:47.927Z</time>
</trkpt>
<trkpt lat="42.0197938" lon="2.8574245000000076">
<ele>246.4865753212255</ele>
<time>2026-08-14T06:25:49.884Z</time>
</trkpt>
<trkpt lat="42.0197755" lon="2.8574079999999924">
<ele>247.1291737351771</ele>
<time>2026-08-14T06:25:51.884Z</time>
</trkpt>
<trkpt lat="42.0197638" lon="2.8573992999999973">
<ele>247.544828482175</ele>
<time>2026-08-14T06:25:53.884Z</time>
</trkpt>
<trkpt lat="42.0197622" lon="2.8573982000000058">
<ele>247.60189607229427</ele>
<time>2026-08-14T06:25:55.886Z</time>
</trkpt>
<trkpt lat="42.0197577" lon="2.8573992999999973">
<ele>247.79063475665842</ele>
<time>2026-08-14T06:25:57.905Z</time>
</trkpt>
<trkpt lat="42.0197521" lon="2.8574006999999995">
<ele>248.026057098433</ele>
<time>2026-08-14T06:25:59.923Z</time>
</trkpt>
<trkpt lat="42.0197445" lon="2.8573682999999903">
<ele>247.8758344315435</ele>
<time>2026-08-14T06:26:01.941Z</time>
</trkpt>
<trkpt lat="42.0197489" lon="2.857338900000002">
<ele>247.68567523658425</ele>
<time>2026-08-14T06:26:03.958Z</time>
</trkpt>
<trkpt lat="42.0197603" lon="2.857313099999999">
<ele>247.10157340820604</ele>
<time>2026-08-14T06:26:05.844Z</time>
</trkpt>
<trkpt lat="42.0197794" lon="2.8573068000000035">
<ele>246.33145467171843</ele>
<time>2026-08-14T06:26:07.725Z</time>
</trkpt>
<trkpt lat="42.0197982" lon="2.857307899999995">
<ele>245.62192415107904</ele>
<time>2026-08-14T06:26:09.607Z</time>
</trkpt>
<trkpt lat="42.0198005" lon="2.857311199999998">
<ele>245.55346590945015</ele>
<time>2026-08-14T06:26:11.408Z</time>
</trkpt>
<trkpt lat="42.0198156" lon="2.8573028000000136">
<ele>244.93096848815995</ele>
<time>2026-08-14T06:26:13.935Z</time>
</trkpt>
<trkpt lat="42.0198179" lon="2.8573041999999873">
<ele>244.85115560206833</ele>
<time>2026-08-14T06:26:15.884Z</time>
</trkpt>
<trkpt lat="42.0198181" lon="2.8573062000000107">
<ele>244.85434393958192</ele>
<time>2026-08-14T06:26:17.884Z</time>
</trkpt>
<trkpt lat="42.0198193" lon="2.8573028000000136">
<ele>244.79040942291692</ele>
<time>2026-08-14T06:26:19.884Z</time>
</trkpt>
<trkpt lat="42.0198201" lon="2.8573020000000042">
<ele>244.7557393998062</ele>
<time>2026-08-14T06:26:21.897Z</time>
</trkpt>
<trkpt lat="42.0198167" lon="2.857298600000007">
<ele>244.82645819212354</ele>
<time>2026-08-14T06:26:23.916Z</time>
</trkpt>
<trkpt lat="42.0198155" lon="2.8572950999999875">
<ele>244.80946342124525</ele>
<time>2026-08-14T06:26:25.934Z</time>
</trkpt>
<trkpt lat="42.0198131" lon="2.857293999999996">
<ele>244.88092248605912</ele>
<time>2026-08-14T06:26:27.953Z</time>
</trkpt>
<trkpt lat="42.0198074" lon="2.857295399999998">
<ele>245.1223495386121</ele>
<time>2026-08-14T06:26:29.884Z</time>
</trkpt>
<trkpt lat="42.0197895" lon="2.8572910999999976">
<ele>245.7251021854682</ele>
<time>2026-08-14T06:26:31.884Z</time>
</trkpt>
<trkpt lat="42.0197763" lon="2.857283300000006">
<ele>246.0868907344767</ele>
<time>2026-08-14T06:26:33.896Z</time>
</trkpt>
<trkpt lat="42.0197585" lon="2.857283999999993">
<ele>246.77521639472096</ele>
<time>2026-08-14T06:26:35.913Z</time>
</trkpt>
<trkpt lat="42.0197504" lon="2.8572896000000014">
<ele>247.18279437078118</ele>
<time>2026-08-14T06:26:37.931Z</time>
</trkpt>
<trkpt lat="42.01975" lon="2.8572904000000108">
<ele>247.2122728143956</ele>
<time>2026-08-14T06:26:39.950Z</time>
</trkpt>
<trkpt lat="42.0197513" lon="2.8572915000000023">
<ele>247.1825676516527</ele>
<time>2026-08-14T06:26:41.968Z</time>
</trkpt>
<trkpt lat="42.0197518" lon="2.857323600000001">
<ele>247.4998787922809</ele>
<time>2026-08-14T06:26:43.884Z</time>
</trkpt>
<trkpt lat="42.01975" lon="2.8573677999999916">
<ele>247.87964050124947</ele>
<time>2026-08-14T06:26:45.891Z</time>
</trkpt>
<trkpt lat="42.019746" lon="2.857405">
<ele>248.14848318272743</ele>
<time>2026-08-14T06:26:47.761Z</time>
</trkpt>
<trkpt lat="42.0197312" lon="2.8574078999999983">
<ele>248.1457724506059</ele>
<time>2026-08-14T06:26:49.928Z</time>
</trkpt>
<trkpt lat="42.0197451" lon="2.857375100000013">
<ele>247.92805350123</ele>
<time>2026-08-14T06:26:51.884Z</time>
</trkpt>
<trkpt lat="42.0197618" lon="2.8573446999999987">
<ele>247.2572823653587</ele>
<time>2026-08-14T06:26:53.728Z</time>
</trkpt>
<trkpt lat="42.0197655" lon="2.8573068000000035">
<ele>246.86083020443965</ele>
<time>2026-08-14T06:26:55.947Z</time>
</trkpt>
<trkpt lat="42.0197485" lon="2.8572699999999998">
<ele>246.8509416653926</ele>
<time>2026-08-14T06:26:57.888Z</time>
</trkpt>
<trkpt lat="42.0197239" lon="2.8572561000000007">
<ele>246.38154388947328</ele>
<time>2026-08-14T06:26:59.906Z</time>
</trkpt>
<trkpt lat="42.0197049" lon="2.8572473000000116">
<ele>246.0476024958099</ele>
<time>2026-08-14T06:27:01.941Z</time>
</trkpt>
<trkpt lat="42.0196952" lon="2.8572360000000003">
<ele>245.74767216197728</ele>
<time>2026-08-14T06:27:03.944Z</time>
</trkpt>
<trkpt lat="42.019698" lon="2.8572428999999886">
<ele>245.9025433423649</ele>
<time>2026-08-14T06:27:05.902Z</time>
</trkpt>
<trkpt lat="42.0196923" lon="2.857228499999991">
<ele>245.57999686765478</ele>
<time>2026-08-14T06:27:07.864Z</time>
</trkpt>
<trkpt lat="42.0196879" lon="2.8571996999999953">
<ele>244.99620959361962</ele>
<time>2026-08-14T06:27:09.918Z</time>
</trkpt>
<trkpt lat="42.0196877" lon="2.8571761000000038">
<ele>244.5497084253136</ele>
<time>2026-08-14T06:27:11.748Z</time>
</trkpt>
<trkpt lat="42.0196845" lon="2.85714999999999">
<ele>244.02404099251228</ele>
<time>2026-08-14T06:27:13.782Z</time>
</trkpt>
<trkpt lat="42.0196879" lon="2.8571369999999945">
<ele>243.81539065674315</ele>
<time>2026-08-14T06:27:15.884Z</time>
</trkpt>
<trkpt lat="42.0196976" lon="2.8571301000000062">
<ele>243.79167998714001</ele>
<time>2026-08-14T06:27:17.689Z</time>
</trkpt>
<trkpt lat="42.019707" lon="2.857130000000012">
<ele>243.8927769134808</ele>
<time>2026-08-14T06:27:19.626Z</time>
</trkpt>
<trkpt lat="42.0197063" lon="2.857139100000012">
<ele>244.05386300888944</ele>
<time>2026-08-14T06:27:21.725Z</time>
</trkpt>
<trkpt lat="42.0197104" lon="2.857129299999997">
<ele>243.91708351585308</ele>
<time>2026-08-14T06:27:23.782Z</time>
</trkpt>
<trkpt lat="42.0197029" lon="2.8571086999999977">
<ele>243.45173631756384</ele>
<time>2026-08-14T06:27:25.957Z</time>
</trkpt>
<trkpt lat="42.0196946" lon="2.8570934999999906">
<ele>243.07338620936844</ele>
<time>2026-08-14T06:27:27.917Z</time>
</trkpt>
<trkpt lat="42.0197015" lon="2.857073899999989">
<ele>242.78797090769504</ele>
<time>2026-08-14T06:27:29.935Z</time>
</trkpt>
<trkpt lat="42.0196957" lon="2.857066599999996">
<ele>242.58275099341418</ele>
<time>2026-08-14T06:27:31.949Z</time>
</trkpt>
<trkpt lat="42.0196971" lon="2.8570603000000006">
<ele>242.48173960280633</ele>
<time>2026-08-14T06:27:33.926Z</time>
</trkpt>
<trkpt lat="42.0196979" lon="2.857047399999999">
<ele>242.25045563853863</ele>
<time>2026-08-14T06:27:35.824Z</time>
</trkpt>
<trkpt lat="42.0197023" lon="2.8570317999999872">
<ele>242.01407966512903</ele>
<time>2026-08-14T06:27:37.934Z</time>
</trkpt>
<trkpt lat="42.0197077" lon="2.857019699999995">
<ele>241.80158894130275</ele>
<time>2026-08-14T06:27:39.843Z</time>
</trkpt>
<trkpt lat="42.0197115" lon="2.857000999999997">
<ele>241.23625499348776</ele>
<time>2026-08-14T06:27:41.884Z</time>
</trkpt>
<trkpt lat="42.0197057" lon="2.856985299999991">
<ele>240.6541408541906</ele>
<time>2026-08-14T06:27:43.862Z</time>
</trkpt>
<trkpt lat="42.0197047" lon="2.856958700000007">
<ele>239.7752685210412</ele>
<time>2026-08-14T06:27:45.915Z</time>
</trkpt>
<trkpt lat="42.0197094" lon="2.8569347000000107">
<ele>239.0414627028723</ele>
<time>2026-08-14T06:27:47.931Z</time>
</trkpt>
<trkpt lat="42.0197175" lon="2.856911800000006">
<ele>238.37124151624445</ele>
<time>2026-08-14T06:27:49.948Z</time>
</trkpt>
<trkpt lat="42.019719" lon="2.8568961999999942">
<ele>237.87160335166806</ele>
<time>2026-08-14T06:27:51.884Z</time>
</trkpt>
<trkpt lat="42.0197222" lon="2.856884000000008">
<ele>237.49839128896284</ele>
<time>2026-08-14T06:27:53.884Z</time>
</trkpt>
<trkpt lat="42.0197219" lon="2.8568653000000097">
<ele>236.87780076217823</ele>
<time>2026-08-14T06:27:55.827Z</time>
</trkpt>
<trkpt lat="42.0197175" lon="2.8568534000000056">
<ele>236.44818252882402</ele>
<time>2026-08-14T06:27:57.904Z</time>
</trkpt>
<trkpt lat="42.0197135" lon="2.856848299999996">
<ele>236.24764951675107</ele>
<time>2026-08-14T06:27:59.788Z</time>
</trkpt>
<trkpt lat="42.0197109" lon="2.8568387999999914">
<ele>235.91523591738448</ele>
<time>2026-08-14T06:28:01.724Z</time>
</trkpt>
<trkpt lat="42.0197187" lon="2.856802799999997">
<ele>234.79035616673437</ele>
<time>2026-08-14T06:28:03.766Z</time>
</trkpt>
<trkpt lat="42.0197163" lon="2.856759799999992">
<ele>233.35894995387406</ele>
<time>2026-08-14T06:28:05.784Z</time>
</trkpt>
<trkpt lat="42.0197219" lon="2.8567318999999998">
<ele>232.16967429125756</ele>
<time>2026-08-14T06:28:07.884Z</time>
</trkpt>
<trkpt lat="42.0197235" lon="2.856721300000004">
<ele>231.59443948645952</ele>
<time>2026-08-14T06:28:09.893Z</time>
</trkpt>
<trkpt lat="42.0197245" lon="2.8567308000000082">
<ele>232.12400886530216</ele>
<time>2026-08-14T06:28:11.910Z</time>
</trkpt>
<trkpt lat="42.019725" lon="2.8567337000000066">
<ele>232.2867177392494</ele>
<time>2026-08-14T06:28:13.926Z</time>
</trkpt>
<trkpt lat="42.0197252" lon="2.8567358999999897">
<ele>232.40909930717868</ele>
<time>2026-08-14T06:28:15.944Z</time>
</trkpt>
<trkpt lat="42.0197261" lon="2.8567381999999952">
<ele>232.54093092391346</ele>
<time>2026-08-14T06:28:17.961Z</time>
</trkpt>
<trkpt lat="42.0197248" lon="2.8567408000000114">
<ele>232.67688381997525</ele>
<time>2026-08-14T06:28:19.897Z</time>
</trkpt>
<trkpt lat="42.0197235" lon="2.856740099999996">
<ele>232.63100152724508</ele>
<time>2026-08-14T06:28:21.914Z</time>
</trkpt>
<trkpt lat="42.0197234" lon="2.8567391999999927">
<ele>232.58081563495372</ele>
<time>2026-08-14T06:28:23.823Z</time>
</trkpt>
<trkpt lat="42.0197246" lon="2.8567409000000055">
<ele>232.68127452305194</ele>
<time>2026-08-14T06:28:25.947Z</time>
</trkpt>
<trkpt lat="42.019718" lon="2.8567449999999894">
<ele>232.8707314820905</ele>
<time>2026-08-14T06:28:27.784Z</time>
</trkpt>
<trkpt lat="42.0197034" lon="2.856750799999986">
<ele>232.98982741403643</ele>
<time>2026-08-14T06:28:29.824Z</time>
</trkpt>
<trkpt lat="42.0196938" lon="2.8567739000000074">
<ele>233.68217257195047</ele>
<time>2026-08-14T06:28:31.885Z</time>
</trkpt>
<trkpt lat="42.0196828" lon="2.856781899999987">
<ele>233.8697642757817</ele>
<time>2026-08-14T06:28:33.901Z</time>
</trkpt>
<trkpt lat="42.0196836" lon="2.856784900000008">
<ele>233.9711214743414</ele>
<time>2026-08-14T06:28:35.918Z</time>
</trkpt>
<trkpt lat="42.019685" lon="2.856783000000007">
<ele>233.91927537734463</ele>
<time>2026-08-14T06:28:37.936Z</time>
</trkpt>
<trkpt lat="42.019691" lon="2.8567945000000066">
<ele>234.32908494225117</ele>
<time>2026-08-14T06:28:39.884Z</time>
</trkpt>
<trkpt lat="42.0197027" lon="2.856814500000013">
<ele>235.05940032934066</ele>
<time>2026-08-14T06:28:41.884Z</time>
</trkpt>
<trkpt lat="42.0197248" lon="2.8568342000000087">
<ele>235.87280373456684</ele>
<time>2026-08-14T06:28:43.883Z</time>
</trkpt>
<trkpt lat="42.0197411" lon="2.856831800000009">
<ele>235.91929006378965</ele>
<time>2026-08-14T06:28:45.822Z</time>
</trkpt>
<trkpt lat="42.0197438" lon="2.8568367000000023">
<ele>236.10479475613718</ele>
<time>2026-08-14T06:28:47.807Z</time>
</trkpt>
<trkpt lat="42.0197639" lon="2.856846499999989">
<ele>236.0097408175233</ele>
<time>2026-08-14T06:28:49.944Z</time>
</trkpt>
<trkpt lat="42.0197771" lon="2.8568574999999896">
<ele>235.93558988826658</ele>
<time>2026-08-14T06:28:51.939Z</time>
</trkpt>
<trkpt lat="42.0197918" lon="2.8568588999999918">
<ele>235.49002107887083</ele>
<time>2026-08-14T06:28:53.884Z</time>
</trkpt>
<trkpt lat="42.0198071" lon="2.8568640999999957">
<ele>235.14544621391107</ele>
<time>2026-08-14T06:28:55.888Z</time>
</trkpt>
<trkpt lat="42.0198245" lon="2.856866800000006">
<ele>234.6464171842804</ele>
<time>2026-08-14T06:28:57.884Z</time>
</trkpt>
<trkpt lat="42.0198388" lon="2.856870399999991">
<ele>234.27756726582857</ele>
<time>2026-08-14T06:28:59.893Z</time>
</trkpt>
<trkpt lat="42.0198551" lon="2.856878800000004">
<ele>233.98617023197366</ele>
<time>2026-08-14T06:29:01.884Z</time>
</trkpt>
<trkpt lat="42.0198772" lon="2.856882600000006">
<ele>233.3496035499046</ele>
<time>2026-08-14T06:29:03.883Z</time>
</trkpt>
<trkpt lat="42.0199003" lon="2.856856599999986">
<ele>231.79231785927237</ele>
<time>2026-08-14T06:29:05.827Z</time>
</trkpt>
<trkpt lat="42.0199162" lon="2.8568296999999916">
<ele>230.47717179347552</ele>
<time>2026-08-14T06:29:07.787Z</time>
</trkpt>
<trkpt lat="42.019929" lon="2.8568043999999873">
<ele>229.33061352671845</ele>
<time>2026-08-14T06:29:09.788Z</time>
</trkpt>
<trkpt lat="42.0199367" lon="2.8567792999999995">
<ele>228.3670233219</ele>
<time>2026-08-14T06:29:11.883Z</time>
</trkpt>
<trkpt lat="42.0199444" lon="2.856771000000009">
<ele>227.89082113915057</ele>
<time>2026-08-14T06:29:13.845Z</time>
</trkpt>
<trkpt lat="42.0199452" lon="2.8567826999999966">
<ele>228.1977448305072</ele>
<time>2026-08-14T06:29:15.923Z</time>
</trkpt>
<trkpt lat="42.0199473" lon="2.856788999999992">
<ele>228.3101759068294</ele>
<time>2026-08-14T06:29:17.744Z</time>
</trkpt>
<trkpt lat="42.019956" lon="2.8567844000000093">
<ele>227.9068535838672</ele>
<time>2026-08-14T06:29:19.626Z</time>
</trkpt>
<trkpt lat="42.0199638" lon="2.8567700000000116">
<ele>227.26103912292072</ele>
<time>2026-08-14T06:29:21.707Z</time>
</trkpt>
<trkpt lat="42.0199688" lon="2.8567468999999903">
<ele>226.4660920886542</ele>
<time>2026-08-14T06:29:23.668Z</time>
</trkpt>
<trkpt lat="42.019973" lon="2.8567243999999903">
<ele>225.6314483180574</ele>
<time>2026-08-14T06:29:25.548Z</time>
</trkpt>
<trkpt lat="42.0199839" lon="2.856702100000007">
<ele>224.6430228469426</ele>
<time>2026-08-14T06:29:27.509Z</time>
</trkpt>
<trkpt lat="42.0199936" lon="2.8566868999999997">
<ele>223.94285032371567</ele>
<time>2026-08-14T06:29:29.445Z</time>
</trkpt>
<trkpt lat="42.0200029" lon="2.8566668999999933">
<ele>223.14483282099525</ele>
<time>2026-08-14T06:29:31.469Z</time>
</trkpt>
<trkpt lat="42.0200077" lon="2.856647900000013">
<ele>222.5040078472745</ele>
<time>2026-08-14T06:29:33.309Z</time>
</trkpt>
<trkpt lat="42.0200193" lon="2.8566372999999885">
<ele>221.98353186387519</ele>
<time>2026-08-14T06:29:35.246Z</time>
</trkpt>
<trkpt lat="42.0200327" lon="2.85661970000001">
<ele>221.21607476805156</ele>
<time>2026-08-14T06:29:37.549Z</time>
</trkpt>
<trkpt lat="42.0200416" lon="2.8565981000000136">
<ele>220.3963919214491</ele>
<time>2026-08-14T06:29:39.646Z</time>
</trkpt>
<trkpt lat="42.0200582" lon="2.8565823000000137">
<ele>219.5132889427582</ele>
<time>2026-08-14T06:29:41.726Z</time>
</trkpt>
<trkpt lat="42.02007" lon="2.8565632000000107">
<ele>218.69924167994807</ele>
<time>2026-08-14T06:29:43.931Z</time>
</trkpt>
<trkpt lat="42.0200793" lon="2.856540999999993">
<ele>217.8911553349068</ele>
<time>2026-08-14T06:29:45.808Z</time>
</trkpt>
<trkpt lat="42.0200917" lon="2.8565256999999917">
<ele>217.178324014182</ele>
<time>2026-08-14T06:29:47.745Z</time>
</trkpt>
<trkpt lat="42.0201024" lon="2.856495999999993">
<ele>216.17750006847209</ele>
<time>2026-08-14T06:29:49.884Z</time>
</trkpt>
<trkpt lat="42.020115" lon="2.8564842000000112">
<ele>215.56795339351768</ele>
<time>2026-08-14T06:29:51.787Z</time>
</trkpt>
<trkpt lat="42.020127" lon="2.856482199999988">
<ele>215.20970811611548</ele>
<time>2026-08-14T06:29:53.904Z</time>
</trkpt>
<trkpt lat="42.0201411" lon="2.8564703000000122">
<ele>214.5727556478663</ele>
<time>2026-08-14T06:29:55.749Z</time>
</trkpt>
<trkpt lat="42.0201547" lon="2.8564499999999953">
<ele>213.63332388675917</ele>
<time>2026-08-14T06:29:57.702Z</time>
</trkpt>
<trkpt lat="42.0201727" lon="2.856432699999999">
<ele>212.72251009771105</ele>
<time>2026-08-14T06:29:59.847Z</time>
</trkpt>
<trkpt lat="42.0201965" lon="2.856434699999994">
<ele>212.2620115596532</ele>
<time>2026-08-14T06:30:01.809Z</time>
</trkpt>
<trkpt lat="42.0202204" lon="2.856431299999997">
<ele>211.6658641667251</ele>
<time>2026-08-14T06:30:03.884Z</time>
</trkpt>
<trkpt lat="42.0202335" lon="2.856417599999986">
<ele>211.09679705605225</ele>
<time>2026-08-14T06:30:05.896Z</time>
</trkpt>
<trkpt lat="42.0202475" lon="2.8564063000000033">
<ele>210.59990947657516</ele>
<time>2026-08-14T06:30:07.884Z</time>
</trkpt>
<trkpt lat="42.0202568" lon="2.856401599999998">
<ele>210.34189168883668</ele>
<time>2026-08-14T06:30:09.932Z</time>
</trkpt>
<trkpt lat="42.020269" lon="2.8563924000000043">
<ele>209.96713105056202</ele>
<time>2026-08-14T06:30:11.884Z</time>
</trkpt>
<trkpt lat="42.020283" lon="2.8563794000000087">
<ele>209.5315535419103</ele>
<time>2026-08-14T06:30:13.949Z</time>
</trkpt>
<trkpt lat="42.0203142" lon="2.856356699999992">
<ele>208.57960546187235</ele>
<time>2026-08-14T06:30:15.884Z</time>
</trkpt>
<trkpt lat="42.0203375" lon="2.856361800000002">
<ele>207.76023760855847</ele>
<time>2026-08-14T06:30:17.892Z</time>
</trkpt>
<trkpt lat="42.0203442" lon="2.8563521000000094">
<ele>207.38748802727562</ele>
<time>2026-08-14T06:30:19.910Z</time>
</trkpt>
<trkpt lat="42.0203671" lon="2.8563402000000053">
<ele>206.37993792388852</ele>
<time>2026-08-14T06:30:21.788Z</time>
</trkpt>
<trkpt lat="42.0203881" lon="2.856330200000002">
<ele>205.472972564948</ele>
<time>2026-08-14T06:30:23.822Z</time>
</trkpt>
<trkpt lat="42.0203977" lon="2.8563186000000087">
<ele>204.97925796570055</ele>
<time>2026-08-14T06:30:25.886Z</time>
</trkpt>
<trkpt lat="42.0204062" lon="2.8563101000000017">
<ele>204.56478044338104</ele>
<time>2026-08-14T06:30:27.848Z</time>
</trkpt>
<trkpt lat="42.0204221" lon="2.8563086999999996">
<ele>203.95693616967154</ele>
<time>2026-08-14T06:30:29.886Z</time>
</trkpt>
<trkpt lat="42.0204427" lon="2.856320000000011">
<ele>203.3135116166814</ele>
<time>2026-08-14T06:30:31.843Z</time>
</trkpt>
<trkpt lat="42.0204605" lon="2.8563205000000096">
<ele>202.65358009065213</ele>
<time>2026-08-14T06:30:33.920Z</time>
</trkpt>
<trkpt lat="42.0204684" lon="2.856307799999996">
<ele>202.22390025655702</ele>
<time>2026-08-14T06:30:35.942Z</time>
</trkpt>
<trkpt lat="42.0204779" lon="2.856280599999991">
<ele>201.58603282877345</ele>
<time>2026-08-14T06:30:37.956Z</time>
</trkpt>
<trkpt lat="42.0204935" lon="2.8562662999999873">
<ele>200.86461543093148</ele>
<time>2026-08-14T06:30:39.884Z</time>
</trkpt>
<trkpt lat="42.0204998" lon="2.8562459000000047">
<ele>200.4263176464049</ele>
<time>2026-08-14T06:30:41.884Z</time>
</trkpt>
<trkpt lat="42.0205095" lon="2.856217700000002">
<ele>199.79035537140857</ele>
<time>2026-08-14T06:30:43.895Z</time>
</trkpt>
<trkpt lat="42.0205121" lon="2.8561903000000086">
<ele>199.42271722813848</ele>
<time>2026-08-14T06:30:45.912Z</time>
</trkpt>
<trkpt lat="42.0205191" lon="2.8561769000000083">
<ele>198.88533068509443</ele>
<time>2026-08-14T06:30:47.929Z</time>
</trkpt>
<trkpt lat="42.0205306" lon="2.8561700999999857">
<ele>198.34692150620538</ele>
<time>2026-08-14T06:30:49.946Z</time>
</trkpt>
<trkpt lat="42.020534" lon="2.8561505000000125">
<ele>197.82399193168345</ele>
<time>2026-08-14T06:30:51.943Z</time>
</trkpt>
<trkpt lat="42.0205364" lon="2.8561197999999877">
<ele>197.11654500027373</ele>
<time>2026-08-14T06:30:53.847Z</time>
</trkpt>
<trkpt lat="42.0205409" lon="2.856096699999995">
<ele>196.5274998348879</ele>
<time>2026-08-14T06:30:55.885Z</time>
</trkpt>
<trkpt lat="42.0205401" lon="2.856093499999986">
<ele>196.4830400356005</ele>
<time>2026-08-14T06:30:57.902Z</time>
</trkpt>
<trkpt lat="42.0205335" lon="2.8560900999999888">
<ele>196.57546513024405</ele>
<time>2026-08-14T06:30:59.884Z</time>
</trkpt>
<trkpt lat="42.0205304" lon="2.8560878000000116">
<ele>196.6021579806143</ele>
<time>2026-08-14T06:31:01.884Z</time>
</trkpt>
<trkpt lat="42.0205297" lon="2.8560883000000103">
<ele>196.62973573921198</ele>
<time>2026-08-14T06:31:03.884Z</time>
</trkpt>
<trkpt lat="42.0205289" lon="2.8560878000000116">
<ele>196.63836659251984</ele>
<time>2026-08-14T06:31:05.884Z</time>
</trkpt>
<trkpt lat="42.0205284" lon="2.8560870000000023">
<ele>196.63322948758258</ele>
<time>2026-08-14T06:31:07.884Z</time>
</trkpt>
<trkpt lat="42.0205283" lon="2.8560865000000035">
<ele>196.6248744946567</ele>
<time>2026-08-14T06:31:09.896Z</time>
</trkpt>
<trkpt lat="42.0205283" lon="2.856086099999999">
<ele>196.61626663538192</ele>
<time>2026-08-14T06:31:11.913Z</time>
</trkpt>
<trkpt lat="42.0205282" lon="2.856086099999999">
<ele>196.61866125569819</ele>
<time>2026-08-14T06:31:13.884Z</time>
</trkpt>
<trkpt lat="42.0205284" lon="2.856085400000012">
<ele>196.59881620310313</ele>
<time>2026-08-14T06:31:15.884Z</time>
</trkpt>
<trkpt lat="42.0205284" lon="2.8560837999999933">
<ele>196.5644029186237</ele>
<time>2026-08-14T06:31:17.884Z</time>
</trkpt>
<trkpt lat="42.0205356" lon="2.8560693999999955">
<ele>196.09591240562293</ele>
<time>2026-08-14T06:31:19.827Z</time>
</trkpt>
<trkpt lat="42.0205353" lon="2.856049899999988">
<ele>195.69838119210098</ele>
<time>2026-08-14T06:31:21.889Z</time>
</trkpt>
<trkpt lat="42.0205358" lon="2.8560453999999993">
<ele>195.5954522632846</ele>
<time>2026-08-14T06:31:23.907Z</time>
</trkpt>
<trkpt lat="42.0205357" lon="2.856043999999997">
<ele>195.56843300158263</ele>
<time>2026-08-14T06:31:25.888Z</time>
</trkpt>
<trkpt lat="42.0205441" lon="2.8559928999999897">
<ele>194.39935322834208</ele>
<time>2026-08-14T06:31:29.884Z</time>
</trkpt>
<trkpt lat="42.0205497" lon="2.8559740999999974">
<ele>193.96554382376823</ele>
<time>2026-08-14T06:31:31.885Z</time>
</trkpt>
<trkpt lat="42.0205556" lon="2.855948799999993">
<ele>193.4331460630222</ele>
<time>2026-08-14T06:31:33.901Z</time>
</trkpt>
<trkpt lat="42.0205499" lon="2.855913700000002">
<ele>192.81152581756518</ele>
<time>2026-08-14T06:31:35.918Z</time>
</trkpt>
<trkpt lat="42.0205556" lon="2.855902299999997">
<ele>192.4115020743798</ele>
<time>2026-08-14T06:31:37.934Z</time>
</trkpt>
<trkpt lat="42.0205553" lon="2.8558923999999877">
<ele>192.04170068885</ele>
<time>2026-08-14T06:31:39.963Z</time>
</trkpt>
<trkpt lat="42.0205574" lon="2.855879299999998">
<ele>191.54983247872013</ele>
<time>2026-08-14T06:31:41.884Z</time>
</trkpt>
<trkpt lat="42.0205624" lon="2.8558787999999993">
<ele>191.52841822889724</ele>
<time>2026-08-14T06:31:43.884Z</time>
</trkpt>
<trkpt lat="42.0205633" lon="2.8558818999999858">
<ele>191.64129314777543</ele>
<time>2026-08-14T06:31:45.887Z</time>
</trkpt>
<trkpt lat="42.0205878" lon="2.8558577000000014">
<ele>190.6207024408472</ele>
<time>2026-08-14T06:31:47.904Z</time>
</trkpt>
<trkpt lat="42.0206103" lon="2.8558486000000016">
<ele>189.2686156032379</ele>
<time>2026-08-14T06:31:49.724Z</time>
</trkpt>
<trkpt lat="42.020634" lon="2.8558413000000087">
<ele>187.94761671479816</ele>
<time>2026-08-14T06:31:51.937Z</time>
</trkpt>
<trkpt lat="42.0206484" lon="2.855820200000011">
<ele>186.66702279577012</ele>
<time>2026-08-14T06:31:53.954Z</time>
</trkpt>
<trkpt lat="42.0206445" lon="2.855820300000005">
<ele>186.8423389567657</ele>
<time>2026-08-14T06:31:55.807Z</time>
</trkpt>
<trkpt lat="42.0206345" lon="2.8558295999999928">
<ele>187.56792651919355</ele>
<time>2026-08-14T06:31:57.884Z</time>
</trkpt>
<trkpt lat="42.0206377" lon="2.8558179999999993">
<ele>187.0732996267535</ele>
<time>2026-08-14T06:31:59.892Z</time>
</trkpt>
<trkpt lat="42.0206408" lon="2.8558189000000027">
<ele>186.96384263460584</ele>
<time>2026-08-14T06:32:01.744Z</time>
</trkpt>
<trkpt lat="42.0206502" lon="2.8558128999999894">
<ele>186.3735115651096</ele>
<time>2026-08-14T06:32:03.842Z</time>
</trkpt>
<trkpt lat="42.0206655" lon="2.855811200000005">
<ele>185.65796396004217</ele>
<time>2026-08-14T06:32:05.707Z</time>
</trkpt>
<trkpt lat="42.0206795" lon="2.8558055999999965">
<ele>184.8970514245855</ele>
<time>2026-08-14T06:32:07.564Z</time>
</trkpt>
<trkpt lat="42.020692" lon="2.855790899999988">
<ele>183.97394925327742</ele>
<time>2026-08-14T06:32:09.909Z</time>
</trkpt>
<trkpt lat="42.0206963" lon="2.855772900000005">
<ele>183.32846827611633</ele>
<time>2026-08-14T06:32:11.882Z</time>
</trkpt>
<trkpt lat="42.0207095" lon="2.855762999999996">
<ele>182.5464038168475</ele>
<time>2026-08-14T06:32:13.743Z</time>
</trkpt>
<trkpt lat="42.0207229" lon="2.855760299999986">
<ele>181.9477731452994</ele>
<time>2026-08-14T06:32:15.848Z</time>
</trkpt>
<trkpt lat="42.0207298" lon="2.8557500000000005">
<ele>181.43402527273025</ele>
<time>2026-08-14T06:32:17.768Z</time>
</trkpt>
<trkpt lat="42.0207389" lon="2.855737199999993">
<ele>180.79060914706488</ele>
<time>2026-08-14T06:32:19.947Z</time>
</trkpt>
<trkpt lat="42.0207525" lon="2.855731800000001">
<ele>180.1582211239515</ele>
<time>2026-08-14T06:32:21.904Z</time>
</trkpt>
<trkpt lat="42.0207703" lon="2.855712699999998">
<ele>179.1036645958651</ele>
<time>2026-08-14T06:32:23.884Z</time>
</trkpt>
<trkpt lat="42.0207834" lon="2.855688100000009">
<ele>178.15729095679927</ele>
<time>2026-08-14T06:32:25.885Z</time>
</trkpt>
<trkpt lat="42.0207885" lon="2.8556556000000057">
<ele>177.36937221009708</ele>
<time>2026-08-14T06:32:27.901Z</time>
</trkpt>
<trkpt lat="42.0207944" lon="2.8556308">
<ele>176.69425709870663</ele>
<time>2026-08-14T06:32:29.785Z</time>
</trkpt>
<trkpt lat="42.0208249" lon="2.8556290999999874">
<ele>175.7282956717211</ele>
<time>2026-08-14T06:32:31.784Z</time>
</trkpt>
<trkpt lat="42.020833" lon="2.8556106999999997">
<ele>174.91676448144082</ele>
<time>2026-08-14T06:32:33.725Z</time>
</trkpt>
<trkpt lat="42.0208356" lon="2.855577399999987">
<ele>173.8164585154835</ele>
<time>2026-08-14T06:32:35.809Z</time>
</trkpt>
<trkpt lat="42.0208421" lon="2.8555522999999994">
<ele>172.88293067352774</ele>
<time>2026-08-14T06:32:37.883Z</time>
</trkpt>
<trkpt lat="42.0208428" lon="2.855524900000006">
<ele>172.03469138320574</ele>
<time>2026-08-14T06:32:39.885Z</time>
</trkpt>
<trkpt lat="42.0208432" lon="2.855501099999998">
<ele>171.30440134555764</ele>
<time>2026-08-14T06:32:41.809Z</time>
</trkpt>
<trkpt lat="42.0208432" lon="2.855476600000003">
<ele>170.56201876565285</ele>
<time>2026-08-14T06:32:43.665Z</time>
</trkpt>
<trkpt lat="42.0208415" lon="2.8554504999999892">
<ele>169.80140663583038</ele>
<time>2026-08-14T06:32:45.809Z</time>
</trkpt>
<trkpt lat="42.0208474" lon="2.8554308999999876">
<ele>169.10803896275144</ele>
<time>2026-08-14T06:32:47.934Z</time>
</trkpt>
<trkpt lat="42.0208594" lon="2.855422699999991">
<ele>168.67075599026077</ele>
<time>2026-08-14T06:32:49.950Z</time>
</trkpt>
<trkpt lat="42.0208529" lon="2.8554049999999904">
<ele>168.2494885221749</ele>
<time>2026-08-14T06:32:51.966Z</time>
</trkpt>
<trkpt lat="42.0208445" lon="2.8553850000000125">
<ele>167.76900546483202</ele>
<time>2026-08-14T06:32:53.884Z</time>
</trkpt>
<trkpt lat="42.0208427" lon="2.8553595999999857">
<ele>167.02260635547185</ele>
<time>2026-08-14T06:32:55.887Z</time>
</trkpt>
<trkpt lat="42.0208494" lon="2.855350399999992">
<ele>166.62612245723238</ele>
<time>2026-08-14T06:32:57.923Z</time>
</trkpt>
<trkpt lat="42.0208465" lon="2.8553455999999926">
<ele>166.46547414683957</ele>
<time>2026-08-14T06:32:59.884Z</time>
</trkpt>
<trkpt lat="42.0208421" lon="2.8553388999999925">
<ele>166.24247261516538</ele>
<time>2026-08-14T06:33:01.936Z</time>
</trkpt>
<trkpt lat="42.0208393" lon="2.855322199999989">
<ele>165.59434940155356</ele>
<time>2026-08-14T06:33:03.908Z</time>
</trkpt>
<trkpt lat="42.0208315" lon="2.8552965000000086">
<ele>164.616134911042</ele>
<time>2026-08-14T06:33:05.884Z</time>
</trkpt>
<trkpt lat="42.0208215" lon="2.8552846999999986">
<ele>164.2089598472517</ele>
<time>2026-08-14T06:33:07.846Z</time>
</trkpt>
<trkpt lat="42.0208125" lon="2.855264699999992">
<ele>163.43790862199532</ele>
<time>2026-08-14T06:33:09.903Z</time>
</trkpt>
<trkpt lat="42.0208101" lon="2.8552501000000063">
<ele>162.8387529805233</ele>
<time>2026-08-14T06:33:11.967Z</time>
</trkpt>
<trkpt lat="42.02082" lon="2.8552324999999996">
<ele>162.04910696140513</ele>
<time>2026-08-14T06:33:13.884Z</time>
</trkpt>
<trkpt lat="42.0208252" lon="2.8552124999999933">
<ele>161.19731403195664</ele>
<time>2026-08-14T06:33:15.939Z</time>
</trkpt>
<trkpt lat="42.0208229" lon="2.8551927999999975">
<ele>160.38968367167766</ele>
<time>2026-08-14T06:33:17.884Z</time>
</trkpt>
<trkpt lat="42.0208164" lon="2.8551806000000113">
<ele>159.89793179769603</ele>
<time>2026-08-14T06:33:19.784Z</time>
</trkpt>
<trkpt lat="42.02082" lon="2.8551563999999985">
<ele>158.88363374905825</ele>
<time>2026-08-14T06:33:21.884Z</time>
</trkpt>
<trkpt lat="42.0208313" lon="2.8551426999999876">
<ele>158.3123878237674</ele>
<time>2026-08-14T06:33:23.891Z</time>
</trkpt>
<trkpt lat="42.0208395" lon="2.8551333999999997">
<ele>157.93415353179222</ele>
<time>2026-08-14T06:33:25.906Z</time>
</trkpt>
<trkpt lat="42.0208383" lon="2.8551152999999942">
<ele>157.1983695387573</ele>
<time>2026-08-14T06:33:27.922Z</time>
</trkpt>
<trkpt lat="42.0208356" lon="2.855089300000003">
<ele>156.13477024910085</ele>
<time>2026-08-14T06:33:29.884Z</time>
</trkpt>
<trkpt lat="42.0208442" lon="2.8550665999999865">
<ele>155.29565162464044</ele>
<time>2026-08-14T06:33:31.840Z</time>
</trkpt>
<trkpt lat="42.0208573" lon="2.85505169999999">
<ele>154.82725935705628</ele>
<time>2026-08-14T06:33:33.867Z</time>
</trkpt>
<trkpt lat="42.0208678" lon="2.8550420999999915">
<ele>154.2666528288175</ele>
<time>2026-08-14T06:33:35.723Z</time>
</trkpt>
<trkpt lat="42.0208707" lon="2.855025000000012">
<ele>153.54503093002498</ele>
<time>2026-08-14T06:33:37.586Z</time>
</trkpt>
<trkpt lat="42.0208709" lon="2.854984900000005">
<ele>152.15277748127207</ele>
<time>2026-08-14T06:33:39.826Z</time>
</trkpt>
<trkpt lat="42.0208723" lon="2.854967600000009">
<ele>151.4926353471848</ele>
<time>2026-08-14T06:33:41.985Z</time>
</trkpt>
<trkpt lat="42.0208738" lon="2.8549533999999994">
<ele>150.93497420624425</ele>
<time>2026-08-14T06:33:43.849Z</time>
</trkpt>
<trkpt lat="42.0208775" lon="2.8549389000000076">
<ele>150.2675304685094</ele>
<time>2026-08-14T06:33:45.785Z</time>
</trkpt>
<trkpt lat="42.0208915" lon="2.8549317000000087">
<ele>149.38615326859048</ele>
<time>2026-08-14T06:33:47.802Z</time>
</trkpt>
<trkpt lat="42.0208936" lon="2.8549217999999996">
<ele>148.9501509232672</ele>
<time>2026-08-14T06:33:49.706Z</time>
</trkpt>
<trkpt lat="42.0208915" lon="2.8549113999999918">
<ele>148.68677632002604</ele>
<time>2026-08-14T06:33:51.546Z</time>
</trkpt>
<trkpt lat="42.0208975" lon="2.854904299999987">
<ele>148.17115591931451</ele>
<time>2026-08-14T06:33:53.567Z</time>
</trkpt>
<trkpt lat="42.0209035" lon="2.8548892999999964">
<ele>147.38372239264874</ele>
<time>2026-08-14T06:33:55.682Z</time>
</trkpt>
<trkpt lat="42.0209099" lon="2.854862099999991">
<ele>146.15873506726905</ele>
<time>2026-08-14T06:33:57.786Z</time>
</trkpt>
<trkpt lat="42.0209172" lon="2.8548361">
<ele>144.9351943725287</ele>
<time>2026-08-14T06:33:59.985Z</time>
</trkpt>
<trkpt lat="42.0209365" lon="2.8548153000000127">
<ele>143.35132219925913</ele>
<time>2026-08-14T06:34:01.825Z</time>
</trkpt>
<trkpt lat="42.0209574" lon="2.8547967000000085">
<ele>141.76997479219227</ele>
<time>2026-08-14T06:34:03.626Z</time>
</trkpt>
<trkpt lat="42.0209699" lon="2.8547723000000076">
<ele>140.34114721005608</ele>
<time>2026-08-14T06:34:05.842Z</time>
</trkpt>
<trkpt lat="42.0209746" lon="2.8547518999999966">
<ele>139.41149728258708</ele>
<time>2026-08-14T06:34:07.722Z</time>
</trkpt>
<trkpt lat="42.0209735" lon="2.8547245999999973">
<ele>138.49184070689645</ele>
<time>2026-08-14T06:34:09.762Z</time>
</trkpt>
<trkpt lat="42.0209703" lon="2.8546977999999967">
<ele>137.6757044006258</ele>
<time>2026-08-14T06:34:11.925Z</time>
</trkpt>
<trkpt lat="42.020977" lon="2.854672700000009">
<ele>136.50919428011937</ele>
<time>2026-08-14T06:34:13.945Z</time>
</trkpt>
<trkpt lat="42.0209925" lon="2.854668900000007">
<ele>135.74193493240182</ele>
<time>2026-08-14T06:34:15.842Z</time>
</trkpt>
<trkpt lat="42.0210013" lon="2.8546756000000073">
<ele>135.61406154538037</ele>
<time>2026-08-14T06:34:17.842Z</time>
</trkpt>
<trkpt lat="42.0209985" lon="2.854656900000009">
<ele>135.08117377448664</ele>
<time>2026-08-14T06:34:19.649Z</time>
</trkpt>
<trkpt lat="42.0210046" lon="2.8546394999999904">
<ele>134.2349589729841</ele>
<time>2026-08-14T06:34:21.489Z</time>
</trkpt>
<trkpt lat="42.0210099" lon="2.854609299999993">
<ele>132.98818283035388</ele>
<time>2026-08-14T06:34:23.506Z</time>
</trkpt>
<trkpt lat="42.0210124" lon="2.8545885000000055">
<ele>132.1794356905143</ele>
<time>2026-08-14T06:34:25.761Z</time>
</trkpt>
<trkpt lat="42.0210144" lon="2.8545764000000133">
<ele>131.6898057016543</ele>
<time>2026-08-14T06:34:27.884Z</time>
</trkpt>
<trkpt lat="42.0210152" lon="2.8545642999999927">
<ele>131.24672963658656</ele>
<time>2026-08-14T06:34:29.884Z</time>
</trkpt>
<trkpt lat="42.021016" lon="2.8545546999999942">
<ele>130.88948662217976</ele>
<time>2026-08-14T06:34:31.884Z</time>
</trkpt>
<trkpt lat="42.0210168" lon="2.8545488999999975">
<ele>130.66216556631124</ele>
<time>2026-08-14T06:34:33.884Z</time>
</trkpt>
<trkpt lat="42.0210169" lon="2.8545456999999885">
<ele>130.54947713726887</ele>
<time>2026-08-14T06:34:35.883Z</time>
</trkpt>
<trkpt lat="42.0210163" lon="2.8545435999999995">
<ele>130.50006677573538</ele>
<time>2026-08-14T06:34:37.884Z</time>
</trkpt>
<trkpt lat="42.0210162" lon="2.8545430000000067">
<ele>130.48330380171555</ele>
<time>2026-08-14T06:34:39.884Z</time>
</trkpt>
<trkpt lat="42.0210145" lon="2.854535400000003">
<ele>130.28649896779</ele>
<time>2026-08-14T06:34:41.884Z</time>
</trkpt>
<trkpt lat="42.0210058" lon="2.854508199999998">
<ele>129.73093229620113</ele>
<time>2026-08-14T06:34:43.884Z</time>
</trkpt>
<trkpt lat="42.0209874" lon="2.8544723999999917">
<ele>129.2773327141585</ele>
<time>2026-08-14T06:34:45.965Z</time>
</trkpt>
<trkpt lat="42.0209817" lon="2.854440799999992">
<ele>128.47526495248223</ele>
<time>2026-08-14T06:34:47.829Z</time>
</trkpt>
<trkpt lat="42.0209813" lon="2.854422900000003">
<ele>127.92820115272312</ele>
<time>2026-08-14T06:34:49.905Z</time>
</trkpt>
<trkpt lat="42.0209929" lon="2.854436800000002">
<ele>128.0223060630913</ele>
<time>2026-08-14T06:34:51.884Z</time>
</trkpt>
<trkpt lat="42.0209936" lon="2.8544393999999897">
<ele>128.08036699645677</ele>
<time>2026-08-14T06:34:53.884Z</time>
</trkpt>
<trkpt lat="42.0209938" lon="2.8544405000000097">
<ele>128.1076884197173</ele>
<time>2026-08-14T06:34:55.884Z</time>
</trkpt>
<trkpt lat="42.020994" lon="2.8544421">
<ele>128.15006778528235</ele>
<time>2026-08-14T06:34:57.884Z</time>
</trkpt>
<trkpt lat="42.0209947" lon="2.8544430000000034">
<ele>128.15637047120669</ele>
<time>2026-08-14T06:34:59.884Z</time>
</trkpt>
<trkpt lat="42.0209948" lon="2.854442199999994">
<ele>128.12929164607482</ele>
<time>2026-08-14T06:35:01.894Z</time>
</trkpt>
<trkpt lat="42.0209954" lon="2.8544429000000093">
<ele>128.1324968713325</ele>
<time>2026-08-14T06:35:03.884Z</time>
</trkpt>
<trkpt lat="42.0209961" lon="2.8544430999999975">
<ele>128.11763958970926</ele>
<time>2026-08-14T06:35:05.884Z</time>
</trkpt>
<trkpt lat="42.0209959" lon="2.8544436999999903">
<ele>128.14162258663112</ele>
<time>2026-08-14T06:35:07.884Z</time>
</trkpt>
<trkpt lat="42.0209961" lon="2.854443900000007">
<ele>128.1416526328271</ele>
<time>2026-08-14T06:35:09.884Z</time>
</trkpt>
<trkpt lat="42.0209962" lon="2.8544438000000127">
<ele>128.13566357879466</ele>
<time>2026-08-14T06:35:11.884Z</time>
</trkpt>
<trkpt lat="42.0209964" lon="2.854442799999987">
<ele>128.09969691469723</ele>
<time>2026-08-14T06:35:13.885Z</time>
</trkpt>
<trkpt lat="42.0209966" lon="2.854442699999993">
<ele>128.09074084312365</ele>
<time>2026-08-14T06:35:15.902Z</time>
</trkpt>
<trkpt lat="42.0209967" lon="2.8544424000000106">
<ele>128.078772199146</ele>
<time>2026-08-14T06:35:17.919Z</time>
</trkpt>
<trkpt lat="42.020995" lon="2.854440699999998">
<ele>128.0781837836701</ele>
<time>2026-08-14T06:35:19.884Z</time>
</trkpt>
<trkpt lat="42.020994" lon="2.8544397000000004">
<ele>128.0776172733278</ele>
<time>2026-08-14T06:35:21.884Z</time>
</trkpt>
<trkpt lat="42.0209928" lon="2.854438200000004">
<ele>128.06763627642323</ele>
<time>2026-08-14T06:35:23.884Z</time>
</trkpt>
<trkpt lat="42.0209878" lon="2.8544271000000094">
<ele>127.87402104831372</ele>
<time>2026-08-14T06:35:25.884Z</time>
</trkpt>
<trkpt lat="42.0209819" lon="2.854420900000008">
<ele>127.84894945412059</ele>
<time>2026-08-14T06:35:27.890Z</time>
</trkpt>
<trkpt lat="42.0209647" lon="2.854405100000008">
<ele>127.81588376829826</ele>
<time>2026-08-14T06:35:29.970Z</time>
</trkpt>
<trkpt lat="42.0209548" lon="2.8543789999999944">
<ele>127.20895629533302</ele>
<time>2026-08-14T06:35:31.897Z</time>
</trkpt>
<trkpt lat="42.0209552" lon="2.8543722999999943">
<ele>126.97564575017573</ele>
<time>2026-08-14T06:35:33.708Z</time>
</trkpt>
<trkpt lat="42.0209589" lon="2.854379399999999">
<ele>127.12137874747967</ele>
<time>2026-08-14T06:35:35.627Z</time>
</trkpt>
<trkpt lat="42.020949" lon="2.8543698999999947">
<ele>127.04341644823982</ele>
<time>2026-08-14T06:35:37.706Z</time>
</trkpt>
<trkpt lat="42.0209454" lon="2.854356999999993">
<ele>126.68865401443585</ele>
<time>2026-08-14T06:35:39.769Z</time>
</trkpt>
<trkpt lat="42.020934" lon="2.8543445999999904">
<ele>126.51339663461441</ele>
<time>2026-08-14T06:35:41.885Z</time>
</trkpt>
<trkpt lat="42.0209232" lon="2.8543387999999936">
<ele>126.53998357166384</ele>
<time>2026-08-14T06:35:43.908Z</time>
</trkpt>
<trkpt lat="42.0209149" lon="2.854329299999989">
<ele>126.36868554260965</ele>
<time>2026-08-14T06:35:45.884Z</time>
</trkpt>
<trkpt lat="42.0209029" lon="2.8543201999999894">
<ele>126.27265072611041</ele>
<time>2026-08-14T06:35:47.687Z</time>
</trkpt>
<trkpt lat="42.0208895" lon="2.8543095999999935">
<ele>126.12737318225058</ele>
<time>2026-08-14T06:35:49.542Z</time>
</trkpt>
<trkpt lat="42.0208706" lon="2.8543043999999895">
<ele>126.27561565120237</ele>
<time>2026-08-14T06:35:51.606Z</time>
</trkpt>
<trkpt lat="42.0208571" lon="2.854292600000008">
<ele>125.8855731963868</ele>
<time>2026-08-14T06:35:53.485Z</time>
</trkpt>
<trkpt lat="42.0208505" lon="2.854270899999989">
<ele>124.92111035119648</ele>
<time>2026-08-14T06:35:55.846Z</time>
</trkpt>
<trkpt lat="42.0208421" lon="2.8542502999999897">
<ele>123.98126000026832</ele>
<time>2026-08-14T06:35:57.886Z</time>
</trkpt>
<trkpt lat="42.02083" lon="2.854246399999994">
<ele>123.6822408586317</ele>
<time>2026-08-14T06:35:59.914Z</time>
</trkpt>
<trkpt lat="42.0208249" lon="2.854247799999996">
<ele>123.68070291582441</ele>
<time>2026-08-14T06:36:01.742Z</time>
</trkpt>
<trkpt lat="42.0208271" lon="2.8542396999999937">
<ele>123.40273907849632</ele>
<time>2026-08-14T06:36:03.883Z</time>
</trkpt>
<trkpt lat="42.0208266" lon="2.8542315999999914">
<ele>123.16395009265197</ele>
<time>2026-08-14T06:36:05.882Z</time>
</trkpt>
<trkpt lat="42.0208159" lon="2.854227900000012">
<ele>122.93584641722168</ele>
<time>2026-08-14T06:36:07.725Z</time>
</trkpt>
<trkpt lat="42.0208065" lon="2.8542222000000095">
<ele>122.66620933572932</ele>
<time>2026-08-14T06:36:09.587Z</time>
</trkpt>
<trkpt lat="42.0207979" lon="2.854214799999994">
<ele>122.35833087861008</ele>
<time>2026-08-14T06:36:11.510Z</time>
</trkpt>
<trkpt lat="42.0207867" lon="2.85418709999999">
<ele>121.44746215616826</ele>
<time>2026-08-14T06:36:13.965Z</time>
</trkpt>
<trkpt lat="42.0207873" lon="2.8541773000000035">
<ele>121.17619651562508</ele>
<time>2026-08-14T06:36:15.883Z</time>
</trkpt>
<trkpt lat="42.0207927" lon="2.8541722999999877">
<ele>121.09262755040022</ele>
<time>2026-08-14T06:36:17.903Z</time>
</trkpt>
<trkpt lat="42.0207845" lon="2.854162699999989">
<ele>120.73241521614904</ele>
<time>2026-08-14T06:36:19.899Z</time>
</trkpt>
<trkpt lat="42.020778" lon="2.854162500000001">
<ele>120.65740402756121</ele>
<time>2026-08-14T06:36:21.703Z</time>
</trkpt>
<trkpt lat="42.0207708" lon="2.8541807000000006">
<ele>121.09333235819247</ele>
<time>2026-08-14T06:36:23.882Z</time>
</trkpt>
<trkpt lat="42.0207697" lon="2.854183400000011">
<ele>121.1574167652426</ele>
<time>2026-08-14T06:36:25.688Z</time>
</trkpt>
<trkpt lat="42.0207645" lon="2.8541800000000137">
<ele>121.0052168456071</ele>
<time>2026-08-14T06:36:27.883Z</time>
</trkpt>
<trkpt lat="42.0207637" lon="2.854178999999988">
<ele>120.96843514166882</ele>
<time>2026-08-14T06:36:29.883Z</time>
</trkpt>
<trkpt lat="42.020762" lon="2.8541792000000044">
<ele>120.95561336091768</ele>
<time>2026-08-14T06:36:31.885Z</time>
</trkpt>
<trkpt lat="42.0207595" lon="2.8541746999999873">
<ele>120.80226150158195</ele>
<time>2026-08-14T06:36:33.744Z</time>
</trkpt>
<trkpt lat="42.020728" lon="2.854177800000002">
<ele>120.54799111726693</ele>
<time>2026-08-14T06:36:35.808Z</time>
</trkpt>
<trkpt lat="42.0207227" lon="2.8541826999999955">
<ele>120.62609925094844</ele>
<time>2026-08-14T06:36:37.932Z</time>
</trkpt>
<trkpt lat="42.0207381" lon="2.8541753000000085">
<ele>120.58784548509755</ele>
<time>2026-08-14T06:36:39.883Z</time>
</trkpt>
<trkpt lat="42.0207445" lon="2.8541874999999948">
<ele>120.99727358283027</ele>
<time>2026-08-14T06:36:41.883Z</time>
</trkpt>
<trkpt lat="42.0207492" lon="2.854200899999995">
<ele>121.42308972883443</ele>
<time>2026-08-14T06:36:43.728Z</time>
</trkpt>
<trkpt lat="42.020753" lon="2.8542065999999977">
<ele>121.62469209918058</ele>
<time>2026-08-14T06:36:45.884Z</time>
</trkpt>
<trkpt lat="42.0207654" lon="2.8542103999999995">
<ele>121.86968007500118</ele>
<time>2026-08-14T06:36:47.788Z</time>
</trkpt>
<trkpt lat="42.0207737" lon="2.8542242999999985">
<ele>122.35452311662368</ele>
<time>2026-08-14T06:36:49.915Z</time>
</trkpt>
<trkpt lat="42.0207762" lon="2.8542257999999947">
<ele>122.42519613393426</ele>
<time>2026-08-14T06:36:51.930Z</time>
</trkpt>
<trkpt lat="42.0207856" lon="2.8542183000000136">
<ele>122.31937261003614</ele>
<time>2026-08-14T06:36:53.883Z</time>
</trkpt>
<trkpt lat="42.0207947" lon="2.854221899999999">
<ele>122.52424205865282</ele>
<time>2026-08-14T06:36:55.749Z</time>
</trkpt>
<trkpt lat="42.0208088" lon="2.8542343999999957">
<ele>123.04089233090555</ele>
<time>2026-08-14T06:36:57.883Z</time>
</trkpt>
<trkpt lat="42.0208127" lon="2.854237100000006">
<ele>123.16278295347594</ele>
<time>2026-08-14T06:36:59.883Z</time>
</trkpt>
<trkpt lat="42.0208144" lon="2.8542394000000115">
<ele>123.24815007537282</ele>
<time>2026-08-14T06:37:01.894Z</time>
</trkpt>
<trkpt lat="42.0208165" lon="2.854242499999998">
<ele>123.36721192108033</ele>
<time>2026-08-14T06:37:03.917Z</time>
</trkpt>
<trkpt lat="42.0208309" lon="2.8542592999999954">
<ele>124.22018502481026</ele>
<time>2026-08-14T06:37:05.883Z</time>
</trkpt>
<trkpt lat="42.0208355" lon="2.85427150000001">
<ele>124.7722943684992</ele>
<time>2026-08-14T06:37:07.883Z</time>
</trkpt>
<trkpt lat="42.020837" lon="2.8542731999999944">
<ele>124.85916925828576</ele>
<time>2026-08-14T06:37:09.883Z</time>
</trkpt>
<trkpt lat="42.0208445" lon="2.85427949999999">
<ele>125.2036295303936</ele>
<time>2026-08-14T06:37:11.883Z</time>
</trkpt>
<trkpt lat="42.0208577" lon="2.8542930000000126">
<ele>125.9088964149382</ele>
<time>2026-08-14T06:37:13.883Z</time>
</trkpt>
<trkpt lat="42.0208726" lon="2.854307900000009">
<ele>126.37896265537346</ele>
<time>2026-08-14T06:37:15.787Z</time>
</trkpt>
<trkpt lat="42.0208758" lon="2.8543213000000094">
<ele>126.85265878008916</ele>
<time>2026-08-14T06:37:17.867Z</time>
</trkpt>
<trkpt lat="42.0208723" lon="2.854323099999988">
<ele>126.99444085157344</ele>
<time>2026-08-14T06:37:19.926Z</time>
</trkpt>
<trkpt lat="42.020879" lon="2.8543386999999996">
<ele>127.47765254867214</ele>
<time>2026-08-14T06:37:21.883Z</time>
</trkpt>
<trkpt lat="42.0208821" lon="2.854346899999996">
<ele>127.73407154972426</ele>
<time>2026-08-14T06:37:23.883Z</time>
</trkpt>
<trkpt lat="42.0208857" lon="2.85435480000001">
<ele>127.96331543353455</ele>
<time>2026-08-14T06:37:25.883Z</time>
</trkpt>
<trkpt lat="42.0208911" lon="2.854367599999989">
<ele>128.3351335455806</ele>
<time>2026-08-14T06:37:27.883Z</time>
</trkpt>
<trkpt lat="42.0208963" lon="2.8543782000000135">
<ele>128.61665075018425</ele>
<time>2026-08-14T06:37:29.889Z</time>
</trkpt>
<trkpt lat="42.0209157" lon="2.8543890999999917">
<ele>128.53967725444608</ele>
<time>2026-08-14T06:37:31.903Z</time>
</trkpt>
<trkpt lat="42.0209226" lon="2.8544047000000035">
<ele>128.92619607847405</ele>
<time>2026-08-14T06:37:33.929Z</time>
</trkpt>
<trkpt lat="42.0209229" lon="2.8544115999999917">
<ele>129.1665301620659</ele>
<time>2026-08-14T06:37:35.931Z</time>
</trkpt>
<trkpt lat="42.0209252" lon="2.8544022000000098">
<ele>128.76731238229945</ele>
<time>2026-08-14T06:37:37.883Z</time>
</trkpt>
<trkpt lat="42.0209255" lon="2.854401899999999">
<ele>128.74863509569852</ele>
<time>2026-08-14T06:37:39.843Z</time>
</trkpt>
<trkpt lat="42.0209297" lon="2.8544061000000056">
<ele>128.7863590604685</ele>
<time>2026-08-14T06:37:41.883Z</time>
</trkpt>
<trkpt lat="42.0209389" lon="2.8544153999999935">
<ele>128.8623984756418</ele>
<time>2026-08-14T06:37:43.705Z</time>
</trkpt>
<trkpt lat="42.0209472" lon="2.8544225999999924">
<ele>128.87853801689369</ele>
<time>2026-08-14T06:37:45.892Z</time>
</trkpt>
<trkpt lat="42.0209498" lon="2.8544263">
<ele>128.93040734422172</ele>
<time>2026-08-14T06:37:47.823Z</time>
</trkpt>
<trkpt lat="42.0209582" lon="2.8544344999999964">
<ele>128.96296307410168</ele>
<time>2026-08-14T06:37:49.921Z</time>
</trkpt>
<trkpt lat="42.0209545" lon="2.8544320000000027">
<ele>128.98715947451197</ele>
<time>2026-08-14T06:37:51.828Z</time>
</trkpt>
<trkpt lat="42.0209542" lon="2.8544320000000027">
<ele>128.9958327981095</ele>
<time>2026-08-14T06:37:53.829Z</time>
</trkpt>
<trkpt lat="42.0209574" lon="2.854433">
<ele>128.93649248201706</ele>
<time>2026-08-14T06:37:55.969Z</time>
</trkpt>
<trkpt lat="42.0209692" lon="2.8544425999999987">
<ele>128.90361357837213</ele>
<time>2026-08-14T06:37:57.883Z</time>
</trkpt>
<trkpt lat="42.0209717" lon="2.85444480000001">
<ele>128.89959027892777</ele>
<time>2026-08-14T06:37:59.888Z</time>
</trkpt>
<trkpt lat="42.020988" lon="2.854455900000005">
<ele>128.75182951340574</ele>
<time>2026-08-14T06:38:01.904Z</time>
</trkpt>
<trkpt lat="42.0210029" lon="2.8544567000000143">
<ele>128.31555650163355</ele>
<time>2026-08-14T06:38:03.883Z</time>
</trkpt>
<trkpt lat="42.0210068" lon="2.854457499999995">
<ele>128.21825484693105</ele>
<time>2026-08-14T06:38:05.883Z</time>
</trkpt>
<trkpt lat="42.0210073" lon="2.8544584999999927">
<ele>128.23186072810415</ele>
<time>2026-08-14T06:38:07.685Z</time>
</trkpt>
<trkpt lat="42.0210123" lon="2.854455400000006">
<ele>127.98753881015877</ele>
<time>2026-08-14T06:38:09.789Z</time>
</trkpt>
<trkpt lat="42.0210327" lon="2.8544510000000116">
<ele>127.23986191970258</ele>
<time>2026-08-14T06:38:11.708Z</time>
</trkpt>
<trkpt lat="42.0210437" lon="2.8544344999999964">
<ele>126.47361884771891</ele>
<time>2026-08-14T06:38:13.884Z</time>
</trkpt>
<trkpt lat="42.02103" lon="2.8544272999999976">
<ele>126.67630151024068</ele>
<time>2026-08-14T06:38:15.923Z</time>
</trkpt>
<trkpt lat="42.0210589" lon="2.854388599999993">
<ele>124.88860187773804</ele>
<time>2026-08-14T06:38:17.919Z</time>
</trkpt>
<trkpt lat="42.0210707" lon="2.8543625000000077">
<ele>123.96475257929612</ele>
<time>2026-08-14T06:38:19.864Z</time>
</trkpt>
<trkpt lat="42.0210682" lon="2.854346399999997">
<ele>123.63433510591446</ele>
<time>2026-08-14T06:38:21.883Z</time>
</trkpt>
<trkpt lat="42.0210678" lon="2.854348899999991">
<ele>123.7035144892404</ele>
<time>2026-08-14T06:38:23.962Z</time>
</trkpt>
<trkpt lat="42.0210614" lon="2.854350899999986">
<ele>123.89450730565031</ele>
<time>2026-08-14T06:38:25.977Z</time>
</trkpt>
<trkpt lat="42.0210564" lon="2.8543472000000065">
<ele>123.91311505686383</ele>
<time>2026-08-14T06:38:27.868Z</time>
</trkpt>
<trkpt lat="42.0210553" lon="2.8543363">
<ele>123.6627957202039</ele>
<time>2026-08-14T06:38:29.895Z</time>
</trkpt>
<trkpt lat="42.0210589" lon="2.854330400000009">
<ele>123.43998373561384</ele>
<time>2026-08-14T06:38:31.910Z</time>
</trkpt>
<trkpt lat="42.0210821" lon="2.8542879000000028">
<ele>121.98428427237339</ele>
<time>2026-08-14T06:38:33.904Z</time>
</trkpt>
<trkpt lat="42.0210889" lon="2.8542482000000007">
<ele>120.97673709343789</ele>
<time>2026-08-14T06:38:35.902Z</time>
</trkpt>
<trkpt lat="42.0210998" lon="2.854228599999999">
<ele>120.40878030526304</ele>
<time>2026-08-14T06:38:37.925Z</time>
</trkpt>
<trkpt lat="42.021106" lon="2.8542314000000033">
<ele>120.38699019447125</ele>
<time>2026-08-14T06:38:39.968Z</time>
</trkpt>
<trkpt lat="42.0211137" lon="2.854231900000002">
<ele>120.29687094731158</ele>
<time>2026-08-14T06:38:41.882Z</time>
</trkpt>
<trkpt lat="42.0211186" lon="2.8542070999999964">
<ele>119.72542248796097</ele>
<time>2026-08-14T06:38:43.865Z</time>
</trkpt>
<trkpt lat="42.0211254" lon="2.854175099999992">
<ele>118.99493239303386</ele>
<time>2026-08-14T06:38:45.900Z</time>
</trkpt>
<trkpt lat="42.0211417" lon="2.854163199999988">
<ele>118.50200820292008</ele>
<time>2026-08-14T06:38:47.914Z</time>
</trkpt>
<trkpt lat="42.0211412" lon="2.8541617999999858">
<ele>118.51133692805575</ele>
<time>2026-08-14T06:38:49.928Z</time>
</trkpt>
<trkpt lat="42.0211374" lon="2.8541634999999985">
<ele>118.63136185616561</ele>
<time>2026-08-14T06:38:51.803Z</time>
</trkpt>
<trkpt lat="42.0211476" lon="2.854143399999998">
<ele>117.68912915107495</ele>
<time>2026-08-14T06:38:53.786Z</time>
</trkpt>
<trkpt lat="42.0211589" lon="2.854112399999991">
<ele>116.31479261987337</ele>
<time>2026-08-14T06:38:55.849Z</time>
</trkpt>
<trkpt lat="42.0211669" lon="2.854094800000013">
<ele>115.45461327832041</ele>
<time>2026-08-14T06:38:57.883Z</time>
</trkpt>
<trkpt lat="42.0211826" lon="2.854075999999992">
<ele>114.09054838450756</ele>
<time>2026-08-14T06:38:59.703Z</time>
</trkpt>
<trkpt lat="42.0211937" lon="2.85405879999999">
<ele>113.09857319475388</ele>
<time>2026-08-14T06:39:01.543Z</time>
</trkpt>
<trkpt lat="42.0212094" lon="2.8540264000000093">
<ele>111.64233314493943</ele>
<time>2026-08-14T06:39:03.566Z</time>
</trkpt>
<trkpt lat="42.0212151" lon="2.8540029000000118">
<ele>110.98110308237543</ele>
<time>2026-08-14T06:39:05.806Z</time>
</trkpt>
<trkpt lat="42.0212113" lon="2.854004400000008">
<ele>111.22796695089836</ele>
<time>2026-08-14T06:39:07.922Z</time>
</trkpt>
<trkpt lat="42.0212092" lon="2.8540053000000114">
<ele>111.36579354607458</ele>
<time>2026-08-14T06:39:09.725Z</time>
</trkpt>
<trkpt lat="42.0212072" lon="2.853994499999999">
<ele>111.33572297345734</ele>
<time>2026-08-14T06:39:11.669Z</time>
</trkpt>
<trkpt lat="42.021214" lon="2.8539806">
<ele>110.75078159867093</ele>
<time>2026-08-14T06:39:13.969Z</time>
</trkpt>
<trkpt lat="42.0212217" lon="2.8539696999999933">
<ele>110.16939579619486</ele>
<time>2026-08-14T06:39:15.788Z</time>
</trkpt>
<trkpt lat="42.0212341" lon="2.853950700000013">
<ele>109.12763171616099</ele>
<time>2026-08-14T06:39:17.988Z</time>
</trkpt>
<trkpt lat="42.0212444" lon="2.8539332">
<ele>108.22012222179268</ele>
<time>2026-08-14T06:39:19.942Z</time>
</trkpt>
<trkpt lat="42.0212525" lon="2.853905900000001">
<ele>107.27872905980674</ele>
<time>2026-08-14T06:39:22.247Z</time>
</trkpt>
<trkpt lat="42.0212625" lon="2.8538852000000077">
<ele>106.40940607176002</ele>
<time>2026-08-14T06:39:24.183Z</time>
</trkpt>
<trkpt lat="42.0212795" lon="2.853867400000013">
<ele>105.30670359170703</ele>
<time>2026-08-14T06:39:26.486Z</time>
</trkpt>
<trkpt lat="42.0212927" lon="2.8538529999999867">
<ele>104.4848241560574</ele>
<time>2026-08-14T06:39:28.366Z</time>
</trkpt>
<trkpt lat="42.0212978" lon="2.8538255999999933">
<ele>103.86995467001444</ele>
<time>2026-08-14T06:39:30.342Z</time>
</trkpt>
<trkpt lat="42.0213053" lon="2.8537958000000003">
<ele>103.15762701821708</ele>
<time>2026-08-14T06:39:32.383Z</time>
</trkpt>
<trkpt lat="42.021312" lon="2.8537713999999994">
<ele>102.58811443588539</ele>
<time>2026-08-14T06:39:34.366Z</time>
</trkpt>
<trkpt lat="42.0213247" lon="2.8537343000000135">
<ele>101.70432269911092</ele>
<time>2026-08-14T06:39:36.262Z</time>
</trkpt>
<trkpt lat="42.021341" lon="2.8536953999999923">
<ele>100.79583594699074</ele>
<time>2026-08-14T06:39:38.301Z</time>
</trkpt>
<trkpt lat="42.0213511" lon="2.8536650000000066">
<ele>100.06131323995422</ele>
<time>2026-08-14T06:39:40.269Z</time>
</trkpt>
<trkpt lat="42.0213684" lon="2.8536379999999895">
<ele>99.15719605921514</ele>
<time>2026-08-14T06:39:42.205Z</time>
</trkpt>
<trkpt lat="42.0213933" lon="2.853612499999997">
<ele>98.14937312985174</ele>
<time>2026-08-14T06:39:44.244Z</time>
</trkpt>
<trkpt lat="42.0213987" lon="2.853583299999997">
<ele>97.59005136409588</ele>
<time>2026-08-14T06:39:46.427Z</time>
</trkpt>
<trkpt lat="42.0213957" lon="2.8535809999999913">
<ele>97.62150611240355</ele>
<time>2026-08-14T06:39:48.468Z</time>
</trkpt>
<trkpt lat="42.0213907" lon="2.8535441999999875">
<ele>97.16979250646078</ele>
<time>2026-08-14T06:39:50.667Z</time>
</trkpt>
<trkpt lat="42.0213792" lon="2.853510599999993">
<ele>96.86339965276103</ele>
<time>2026-08-14T06:39:52.667Z</time>
</trkpt>
<trkpt lat="42.0213718" lon="2.8534837999999922">
<ele>96.55895936070523</ele>
<time>2026-08-14T06:39:54.627Z</time>
</trkpt>
<trkpt lat="42.0213651" lon="2.853454400000004">
<ele>96.17854780410694</ele>
<time>2026-08-14T06:39:56.787Z</time>
</trkpt>
<trkpt lat="42.0213515" lon="2.8534415999999965">
<ele>96.15584528998497</ele>
<time>2026-08-14T06:39:58.708Z</time>
</trkpt>
<trkpt lat="42.0213489" lon="2.853418799999986">
<ele>95.79148179255853</ele>
<time>2026-08-14T06:40:00.668Z</time>
</trkpt>
<trkpt lat="42.0213419" lon="2.8533927000000006">
<ele>95.41538214719156</ele>
<time>2026-08-14T06:40:02.709Z</time>
</trkpt>
<trkpt lat="42.0213403" lon="2.8533663000000047">
<ele>94.96545789192714</ele>
<time>2026-08-14T06:40:04.966Z</time>
</trkpt>
<trkpt lat="42.0213421" lon="2.853345200000007">
<ele>94.57156566842747</ele>
<time>2026-08-14T06:40:06.966Z</time>
</trkpt>
<trkpt lat="42.0213409" lon="2.85332249999999">
<ele>94.18163470854432</ele>
<time>2026-08-14T06:40:08.901Z</time>
</trkpt>
<trkpt lat="42.0213481" lon="2.853306900000007">
<ele>93.83423314029463</ele>
<time>2026-08-14T06:40:10.965Z</time>
</trkpt>
<trkpt lat="42.0213475" lon="2.85329999999999">
<ele>93.71873901792817</ele>
<time>2026-08-14T06:40:12.883Z</time>
</trkpt>
<trkpt lat="42.0213496" lon="2.853277399999996">
<ele>93.30200207903756</ele>
<time>2026-08-14T06:40:14.787Z</time>
</trkpt>
<trkpt lat="42.0213522" lon="2.853247500000009">
<ele>92.75550595671521</ele>
<time>2026-08-14T06:40:16.722Z</time>
</trkpt>
<trkpt lat="42.0213566" lon="2.8532367999999906">
<ele>92.53234987398793</ele>
<time>2026-08-14T06:40:18.666Z</time>
</trkpt>
<trkpt lat="42.0213593" lon="2.853221700000006">
<ele>92.2486664802429</ele>
<time>2026-08-14T06:40:20.545Z</time>
</trkpt>
<trkpt lat="42.0213558" lon="2.8532246000000043">
<ele>92.32662014604877</ele>
<time>2026-08-14T06:40:22.705Z</time>
</trkpt>
<trkpt lat="42.0213555" lon="2.8532247999999925">
<ele>92.33247802828542</ele>
<time>2026-08-14T06:40:24.545Z</time>
</trkpt>
<trkpt lat="42.021362" lon="2.8532122000000015">
<ele>92.06350138685164</ele>
<time>2026-08-14T06:40:26.627Z</time>
</trkpt>
<trkpt lat="42.0213745" lon="2.8531977000000097">
<ele>91.72194609926079</ele>
<time>2026-08-14T06:40:28.708Z</time>
</trkpt>
<trkpt lat="42.021387" lon="2.853182299999986">
<ele>91.3736855457564</ele>
<time>2026-08-14T06:40:30.709Z</time>
</trkpt>
<trkpt lat="42.0213994" lon="2.853168000000011">
<ele>91.05295364171917</ele>
<time>2026-08-14T06:40:32.869Z</time>
</trkpt>
<trkpt lat="42.0214079" lon="2.853153800000001">
<ele>90.76652615192086</ele>
<time>2026-08-14T06:40:34.921Z</time>
</trkpt>
<trkpt lat="42.0214219" lon="2.8531409999999937">
<ele>90.24204027261771</ele>
<time>2026-08-14T06:40:36.936Z</time>
</trkpt>
<trkpt lat="42.0214364" lon="2.853126500000002">
<ele>88.87332078947784</ele>
<time>2026-08-14T06:40:38.883Z</time>
</trkpt>
<trkpt lat="42.0214469" lon="2.8531135000000063">
<ele>87.76062833259653</ele>
<time>2026-08-14T06:40:40.946Z</time>
</trkpt>
<trkpt lat="42.0214544" lon="2.8530983999999933">
<ele>86.84887703420398</ele>
<time>2026-08-14T06:40:42.883Z</time>
</trkpt>
<trkpt lat="42.021458" lon="2.8530787999999916">
<ele>86.13952751208238</ele>
<time>2026-08-14T06:40:44.802Z</time>
</trkpt>
<trkpt lat="42.0214571" lon="2.853053700000004">
<ele>85.63318552461867</ele>
<time>2026-08-14T06:40:46.910Z</time>
</trkpt>
<trkpt lat="42.0214631" lon="2.853036199999991">
<ele>84.83057379047158</ele>
<time>2026-08-14T06:40:48.825Z</time>
</trkpt>
<trkpt lat="42.0214751" lon="2.853018999999989">
<ele>83.66143326331344</ele>
<time>2026-08-14T06:40:50.888Z</time>
</trkpt>
<trkpt lat="42.0214861" lon="2.8530044999999973">
<ele>82.65140006299671</ele>
<time>2026-08-14T06:40:52.907Z</time>
</trkpt>
<trkpt lat="42.0214913" lon="2.852985700000005">
<ele>81.9546347746223</ele>
<time>2026-08-14T06:40:54.923Z</time>
</trkpt>
<trkpt lat="42.0215032" lon="2.852973800000001">
<ele>80.99749743813052</ele>
<time>2026-08-14T06:40:56.937Z</time>
</trkpt>
<trkpt lat="42.0215094" lon="2.8529555000000073">
<ele>80.29875076861245</ele>
<time>2026-08-14T06:40:58.898Z</time>
</trkpt>
<trkpt lat="42.0215103" lon="2.852926700000012">
<ele>79.74486493480127</ele>
<time>2026-08-14T06:41:00.766Z</time>
</trkpt>
<trkpt lat="42.0215159" lon="2.8529106999999954">
<ele>79.16007179001754</ele>
<time>2026-08-14T06:41:02.930Z</time>
</trkpt>
<trkpt lat="42.0215287" lon="2.8528963999999917">
<ele>78.23700113180136</ele>
<time>2026-08-14T06:41:04.945Z</time>
</trkpt>
<trkpt lat="42.0215407" lon="2.852881400000001">
<ele>77.3823425001889</ele>
<time>2026-08-14T06:41:06.883Z</time>
</trkpt>
<trkpt lat="42.0215416" lon="2.8528566999999896">
<ele>76.98441037002027</ele>
<time>2026-08-14T06:41:08.902Z</time>
</trkpt>
<trkpt lat="42.0215456" lon="2.85283960000001">
<ele>76.55166645663365</ele>
<time>2026-08-14T06:41:10.885Z</time>
</trkpt>
<trkpt lat="42.0215518" lon="2.8528211">
<ele>76.01011422825462</ele>
<time>2026-08-14T06:41:12.727Z</time>
</trkpt>
<trkpt lat="42.0215459" lon="2.852805399999994">
<ele>76.0680923392763</ele>
<time>2026-08-14T06:41:14.803Z</time>
</trkpt>
<trkpt lat="42.0215404" lon="2.8527917000000116">
<ele>76.12189552459593</ele>
<time>2026-08-14T06:41:16.807Z</time>
</trkpt>
<trkpt lat="42.0215421" lon="2.8527732000000015">
<ele>75.78766039852924</ele>
<time>2026-08-14T06:41:18.846Z</time>
</trkpt>
<trkpt lat="42.0215512" lon="2.8527558000000113">
<ele>75.16999571902593</ele>
<time>2026-08-14T06:41:20.883Z</time>
</trkpt>
<trkpt lat="42.0215542" lon="2.8527335999999934">
<ele>74.75715619874165</ele>
<time>2026-08-14T06:41:22.863Z</time>
</trkpt>
<trkpt lat="42.0215513" lon="2.852704799999998">
<ele>74.4884480184961</ele>
<time>2026-08-14T06:41:24.884Z</time>
</trkpt>
<trkpt lat="42.0215517" lon="2.8526787000000127">
<ele>74.12783026731677</ele>
<time>2026-08-14T06:41:26.900Z</time>
</trkpt>
<trkpt lat="42.0215534" lon="2.8526488999999913">
<ele>73.67786540268264</ele>
<time>2026-08-14T06:41:28.728Z</time>
</trkpt>
<trkpt lat="42.0215516" lon="2.8526185999999996">
<ele>73.33445114667191</ele>
<time>2026-08-14T06:41:30.889Z</time>
</trkpt>
<trkpt lat="42.0215426" lon="2.852589999999992">
<ele>73.20401861939874</ele>
<time>2026-08-14T06:41:32.948Z</time>
</trkpt>
<trkpt lat="42.0215295" lon="2.8525612999999908">
<ele>73.17336947683975</ele>
<time>2026-08-14T06:41:34.883Z</time>
</trkpt>
<trkpt lat="42.0215155" lon="2.852544800000004">
<ele>73.34791854662865</ele>
<time>2026-08-14T06:41:36.883Z</time>
</trkpt>
<trkpt lat="42.0215067" lon="2.852531599999992">
<ele>73.42453476685657</ele>
<time>2026-08-14T06:41:38.886Z</time>
</trkpt>
<trkpt lat="42.0214944" lon="2.8525265000000104">
<ele>73.68795799391764</ele>
<time>2026-08-14T06:41:40.883Z</time>
</trkpt>
<trkpt lat="42.0214803" lon="2.8525140000000135">
<ele>73.91205018117157</ele>
<time>2026-08-14T06:41:42.883Z</time>
</trkpt>
<trkpt lat="42.0214633" lon="2.852499300000005">
<ele>74.18661288780905</ele>
<time>2026-08-14T06:41:44.883Z</time>
</trkpt>
<trkpt lat="42.0214541" lon="2.852497800000009">
<ele>74.41077435552666</ele>
<time>2026-08-14T06:41:46.824Z</time>
</trkpt>
<trkpt lat="42.021425" lon="2.8524990999999886">
<ele>75.19055717228723</ele>
<time>2026-08-14T06:41:48.883Z</time>
</trkpt>
<trkpt lat="42.0214147" lon="2.8525007000000073">
<ele>75.43932752363496</ele>
<time>2026-08-14T06:41:50.883Z</time>
</trkpt>
<trkpt lat="42.021407" lon="2.852507099999997">
<ele>75.636119004698</ele>
<time>2026-08-14T06:41:52.882Z</time>
</trkpt>
<trkpt lat="42.0214007" lon="2.8525069000000087">
<ele>75.73385841198876</ele>
<time>2026-08-14T06:41:54.895Z</time>
</trkpt>
<trkpt lat="42.021402" lon="2.852517799999987">
<ele>75.83819113108092</ele>
<time>2026-08-14T06:41:56.911Z</time>
</trkpt>
<trkpt lat="42.021394" lon="2.852517199999994">
<ele>75.95718645565186</ele>
<time>2026-08-14T06:41:58.748Z</time>
</trkpt>
<trkpt lat="42.0213804" lon="2.852520499999997">
<ele>76.20799981999645</ele>
<time>2026-08-14T06:42:00.883Z</time>
</trkpt>
<trkpt lat="42.0213737" lon="2.852516400000013">
<ele>76.26774224162766</ele>
<time>2026-08-14T06:42:02.748Z</time>
</trkpt>
<trkpt lat="42.0213618" lon="2.852511700000008">
<ele>76.40390650408081</ele>
<time>2026-08-14T06:42:04.889Z</time>
</trkpt>
<trkpt lat="42.021361" lon="2.8525194999999997">
<ele>76.5014539293284</ele>
<time>2026-08-14T06:42:06.905Z</time>
</trkpt>
<trkpt lat="42.0213564" lon="2.8525325999999893">
<ele>76.71541154266153</ele>
<time>2026-08-14T06:42:08.883Z</time>
</trkpt>
<trkpt lat="42.0213478" lon="2.8525338999999974">
<ele>76.86275476255247</ele>
<time>2026-08-14T06:42:10.768Z</time>
</trkpt>
<trkpt lat="42.0213263" lon="2.8525496999999973">
<ele>77.36014679693125</ele>
<time>2026-08-14T06:42:12.958Z</time>
</trkpt>
<trkpt lat="42.0213167" lon="2.8525749000000076">
<ele>77.79075856460562</ele>
<time>2026-08-14T06:42:14.882Z</time>
</trkpt>
<trkpt lat="42.0213067" lon="2.8525902000000087">
<ele>78.3043915344757</ele>
<time>2026-08-14T06:42:16.883Z</time>
</trkpt>
<trkpt lat="42.0212961" lon="2.852588200000014">
<ele>78.41487136904972</ele>
<time>2026-08-14T06:42:18.898Z</time>
</trkpt>
<trkpt lat="42.0212941" lon="2.852585099999999">
<ele>78.37097239975655</ele>
<time>2026-08-14T06:42:20.915Z</time>
</trkpt>
<trkpt lat="42.0212885" lon="2.852581399999991">
<ele>78.36656633764612</ele>
<time>2026-08-14T06:42:22.883Z</time>
</trkpt>
<trkpt lat="42.0212872" lon="2.852579899999995">
<ele>78.35031603778927</ele>
<time>2026-08-14T06:42:24.883Z</time>
</trkpt>
<trkpt lat="42.0212878" lon="2.852576599999992">
<ele>78.26291229680663</ele>
<time>2026-08-14T06:42:26.926Z</time>
</trkpt>
<trkpt lat="42.0212871" lon="2.852572500000008">
<ele>78.18312879435355</ele>
<time>2026-08-14T06:42:28.868Z</time>
</trkpt>
<trkpt lat="42.0212856" lon="2.852564000000001">
<ele>78.12212722178343</ele>
<time>2026-08-14T06:42:30.883Z</time>
</trkpt>
<trkpt lat="42.0212837" lon="2.852558799999997">
<ele>78.09986400093867</ele>
<time>2026-08-14T06:42:32.883Z</time>
</trkpt>
<trkpt lat="42.0212828" lon="2.852555499999994">
<ele>78.08123579843912</ele>
<time>2026-08-14T06:42:34.727Z</time>
</trkpt>
<trkpt lat="42.021285" lon="2.852540900000008">
<ele>77.90464206045515</ele>
<time>2026-08-14T06:42:36.883Z</time>
</trkpt>
<trkpt lat="42.0212835" lon="2.852531199999987">
<ele>77.83282380038575</ele>
<time>2026-08-14T06:42:38.883Z</time>
</trkpt>
<trkpt lat="42.0212874" lon="2.852526399999988">
<ele>77.72500018687715</ele>
<time>2026-08-14T06:42:40.883Z</time>
</trkpt>
<trkpt lat="42.0212881" lon="2.852515699999998">
<ele>77.60867869977729</ele>
<time>2026-08-14T06:42:42.883Z</time>
</trkpt>
<trkpt lat="42.0212823" lon="2.852501999999987">
<ele>77.56623847571645</ele>
<time>2026-08-14T06:42:44.883Z</time>
</trkpt>
<trkpt lat="42.0212771" lon="2.8524848000000134">
<ele>77.4824354936483</ele>
<time>2026-08-14T06:42:46.897Z</time>
</trkpt>
<trkpt lat="42.0212611" lon="2.8524968000000115">
<ele>77.85514654064124</ele>
<time>2026-08-14T06:42:48.914Z</time>
</trkpt>
<trkpt lat="42.021243" lon="2.8525059000000113">
<ele>78.2289925919552</ele>
<time>2026-08-14T06:42:50.930Z</time>
</trkpt>
<trkpt lat="42.0212385" lon="2.8525022000000035">
<ele>78.26667495277147</ele>
<time>2026-08-14T06:42:52.883Z</time>
</trkpt>
<trkpt lat="42.0212313" lon="2.852498099999991">
<ele>78.3444105600762</ele>
<time>2026-08-14T06:42:54.883Z</time>
</trkpt>
<trkpt lat="42.0212268" lon="2.8524975999999924">
<ele>78.411943710132</ele>
<time>2026-08-14T06:42:56.883Z</time>
</trkpt>
<trkpt lat="42.0212233" lon="2.8524969999999996">
<ele>78.46262812417794</ele>
<time>2026-08-14T06:42:58.883Z</time>
</trkpt>
<trkpt lat="42.0212191" lon="2.8524928999999872">
<ele>78.49354163581944</ele>
<time>2026-08-14T06:43:00.883Z</time>
</trkpt>
<trkpt lat="42.0212145" lon="2.8524865999999918">
<ele>78.51202422007634</ele>
<time>2026-08-14T06:43:02.883Z</time>
</trkpt>
<trkpt lat="42.0212151" lon="2.852484099999998">
<ele>78.48028573695993</ele>
<time>2026-08-14T06:43:04.883Z</time>
</trkpt>
<trkpt lat="42.021213" lon="2.8524832999999887">
<ele>78.50728557676786</ele>
<time>2026-08-14T06:43:06.825Z</time>
</trkpt>
<trkpt lat="42.0212104" lon="2.8524721">
<ele>78.45146371276832</ele>
<time>2026-08-14T06:43:08.849Z</time>
</trkpt>
<trkpt lat="42.021205" lon="2.8524526999999864">
<ele>78.37165161228748</ele>
<time>2026-08-14T06:43:10.885Z</time>
</trkpt>
<trkpt lat="42.0211898" lon="2.8524338">
<ele>78.46489748127802</ele>
<time>2026-08-14T06:43:12.902Z</time>
</trkpt>
<trkpt lat="42.0211599" lon="2.8524208999999985">
<ele>78.8671084933059</ele>
<time>2026-08-14T06:43:14.883Z</time>
</trkpt>
<trkpt lat="42.0211377" lon="2.8524149000000136">
<ele>79.21958622479869</ele>
<time>2026-08-14T06:43:16.883Z</time>
</trkpt>
<trkpt lat="42.021114" lon="2.852411499999988">
<ele>79.76319318184332</ele>
<time>2026-08-14T06:43:18.883Z</time>
</trkpt>
<trkpt lat="42.0211005" lon="2.8524032999999918">
<ele>80.02050631279002</ele>
<time>2026-08-14T06:43:20.883Z</time>
</trkpt>
<trkpt lat="42.0210961" lon="2.8523998000000006">
<ele>80.09696875891147</ele>
<time>2026-08-14T06:43:22.883Z</time>
</trkpt>
<trkpt lat="42.0210958" lon="2.8523997000000065">
<ele>80.10331651407297</ele>
<time>2026-08-14T06:43:24.896Z</time>
</trkpt>
<trkpt lat="42.0210821" lon="2.8523931000000005">
<ele>80.37529875769967</ele>
<time>2026-08-14T06:43:26.883Z</time>
</trkpt>
<trkpt lat="42.0210736" lon="2.8523879999999906">
<ele>80.53440913996026</ele>
<time>2026-08-14T06:43:28.706Z</time>
</trkpt>
<trkpt lat="42.0210692" lon="2.8523786000000086">
<ele>80.55832997388441</ele>
<time>2026-08-14T06:43:30.883Z</time>
</trkpt>
<trkpt lat="42.0210746" lon="2.852378899999991">
<ele>80.43306249883173</ele>
<time>2026-08-14T06:43:32.883Z</time>
</trkpt>
<trkpt lat="42.0210694" lon="2.8523807999999917">
<ele>80.57248117093586</ele>
<time>2026-08-14T06:43:34.883Z</time>
</trkpt>
<trkpt lat="42.0210656" lon="2.852379600000006">
<ele>80.65217491788775</ele>
<time>2026-08-14T06:43:36.889Z</time>
</trkpt>
<trkpt lat="42.0210592" lon="2.852384999999998">
<ele>80.85074192988483</ele>
<time>2026-08-14T06:43:38.883Z</time>
</trkpt>
<trkpt lat="42.0210601" lon="2.8523878000000025">
<ele>80.85371003685067</ele>
<time>2026-08-14T06:43:40.883Z</time>
</trkpt>
<trkpt lat="42.0210613" lon="2.8523892000000046">
<ele>80.83732607355537</ele>
<time>2026-08-14T06:43:42.883Z</time>
</trkpt>
<trkpt lat="42.0210617" lon="2.852390100000008">
<ele>80.83561477642805</ele>
<time>2026-08-14T06:43:44.883Z</time>
</trkpt>
<trkpt lat="42.021055" lon="2.8523944000000085">
<ele>81.03274291624206</ele>
<time>2026-08-14T06:43:46.883Z</time>
</trkpt>
<trkpt lat="42.0210342" lon="2.852400899999992">
<ele>81.58739439780355</ele>
<time>2026-08-14T06:43:48.885Z</time>
</trkpt>
<trkpt lat="42.0209923" lon="2.8524194999999963">
<ele>82.76647014557639</ele>
<time>2026-08-14T06:43:50.883Z</time>
</trkpt>
<trkpt lat="42.0209865" lon="2.852425399999987">
<ele>82.96286970153648</ele>
<time>2026-08-14T06:43:52.883Z</time>
</trkpt>
<trkpt lat="42.0209834" lon="2.8524313000000063">
<ele>83.09449687132832</ele>
<time>2026-08-14T06:43:54.883Z</time>
</trkpt>
<trkpt lat="42.0209658" lon="2.852432300000004">
<ele>83.53170352426022</ele>
<time>2026-08-14T06:43:56.883Z</time>
</trkpt>
<trkpt lat="42.0209357" lon="2.852438500000005">
<ele>84.3259090256067</ele>
<time>2026-08-14T06:43:58.785Z</time>
</trkpt>
<trkpt lat="42.0209167" lon="2.8524381000000005">
<ele>84.78477195131057</ele>
<time>2026-08-14T06:44:00.602Z</time>
</trkpt>
<trkpt lat="42.0208981" lon="2.852442400000001">
<ele>85.28343687064499</ele>
<time>2026-08-14T06:44:02.587Z</time>
</trkpt>
<trkpt lat="42.020882" lon="2.852446399999991">
<ele>85.71957384527575</ele>
<time>2026-08-14T06:44:04.404Z</time>
</trkpt>
<trkpt lat="42.0208549" lon="2.852441199999987">
<ele>86.21001060396118</ele>
<time>2026-08-14T06:44:06.844Z</time>
</trkpt>
<trkpt lat="42.0208401" lon="2.8524484000000143">
<ele>86.41960404684379</ele>
<time>2026-08-14T06:44:08.883Z</time>
</trkpt>
<trkpt lat="42.0208263" lon="2.852453099999991">
<ele>86.59190252953628</ele>
<time>2026-08-14T06:44:10.883Z</time>
</trkpt>
<trkpt lat="42.0208062" lon="2.8524519000000055">
<ele>86.7562092258879</ele>
<time>2026-08-14T06:44:12.806Z</time>
</trkpt>
<trkpt lat="42.020795" lon="2.8524461000000088">
<ele>86.79437986465277</ele>
<time>2026-08-14T06:44:14.709Z</time>
</trkpt>
<trkpt lat="42.020777" lon="2.852433100000013">
<ele>86.82014132786612</ele>
<time>2026-08-14T06:44:16.922Z</time>
</trkpt>
<trkpt lat="42.0207572" lon="2.8524194999999963">
<ele>86.86005378582595</ele>
<time>2026-08-14T06:44:18.862Z</time>
</trkpt>
<trkpt lat="42.0207406" lon="2.852400799999998">
<ele>86.82408785684753</ele>
<time>2026-08-14T06:44:20.954Z</time>
</trkpt>
<trkpt lat="42.0207236" lon="2.852394099999998">
<ele>86.91516670256999</ele>
<time>2026-08-14T06:44:22.883Z</time>
</trkpt>
<trkpt lat="42.0206985" lon="2.8523912999999936">
<ele>87.12144169381344</ele>
<time>2026-08-14T06:44:24.883Z</time>
</trkpt>
<trkpt lat="42.0206757" lon="2.8523932999999886">
<ele>87.35274665938162</ele>
<time>2026-08-14T06:44:26.749Z</time>
</trkpt>
<trkpt lat="42.0206501" lon="2.852413200000001">
<ele>87.77457639331503</ele>
<time>2026-08-14T06:44:28.726Z</time>
</trkpt>
<trkpt lat="42.0206364" lon="2.8524208000000044">
<ele>87.96903255687343</ele>
<time>2026-08-14T06:44:30.686Z</time>
</trkpt>
<trkpt lat="42.0206412" lon="2.8524135000000115">
<ele>87.85862106290107</ele>
<time>2026-08-14T06:44:32.883Z</time>
</trkpt>
<trkpt lat="42.020626" lon="2.8524084000000016">
<ele>87.95135385114789</ele>
<time>2026-08-14T06:44:34.926Z</time>
</trkpt>
<trkpt lat="42.0206228" lon="2.8524194000000023">
<ele>88.0797925425967</ele>
<time>2026-08-14T06:44:36.883Z</time>
</trkpt>
<trkpt lat="42.0206089" lon="2.8524281999999914">
<ele>88.284294827052</ele>
<time>2026-08-14T06:44:38.883Z</time>
</trkpt>
<trkpt lat="42.0205918" lon="2.852430300000009">
<ele>88.45673893519107</ele>
<time>2026-08-14T06:44:40.883Z</time>
</trkpt>
<trkpt lat="42.0205685" lon="2.852435899999989">
<ele>88.85743552261273</ele>
<time>2026-08-14T06:44:42.928Z</time>
</trkpt>
<trkpt lat="42.0205472" lon="2.8524361000000056">
<ele>89.2448924232396</ele>
<time>2026-08-14T06:44:44.908Z</time>
</trkpt>
<trkpt lat="42.0205294" lon="2.8524183000000107">
<ele>89.39552529189586</ele>
<time>2026-08-14T06:44:46.883Z</time>
</trkpt>
<trkpt lat="42.0205019" lon="2.852414799999991">
<ele>89.84945180717754</ele>
<time>2026-08-14T06:44:48.928Z</time>
</trkpt>
<trkpt lat="42.0204879" lon="2.8524090999999885">
<ele>90.03861838217202</ele>
<time>2026-08-14T06:44:50.883Z</time>
</trkpt>
<trkpt lat="42.020468" lon="2.852412700000002">
<ele>90.42812100389925</ele>
<time>2026-08-14T06:44:52.687Z</time>
</trkpt>
<trkpt lat="42.020446" lon="2.852410099999986">
<ele>90.78859061386892</ele>
<time>2026-08-14T06:44:54.883Z</time>
</trkpt>
<trkpt lat="42.0204217" lon="2.8524154000000124">
<ele>91.27862005840291</ele>
<time>2026-08-14T06:44:56.886Z</time>
</trkpt>
<trkpt lat="42.0204024" lon="2.8524181999999882">
<ele>91.65430701925476</ele>
<time>2026-08-14T06:44:58.702Z</time>
</trkpt>
<trkpt lat="42.0203799" lon="2.852420099999989">
<ele>92.07794679697898</ele>
<time>2026-08-14T06:45:00.883Z</time>
</trkpt>
<trkpt lat="42.0203626" lon="2.8524138999999877">
<ele>92.30846705760833</ele>
<time>2026-08-14T06:45:02.883Z</time>
</trkpt>
<trkpt lat="42.0203409" lon="2.852418">
<ele>92.7460054145037</ele>
<time>2026-08-14T06:45:04.883Z</time>
</trkpt>
<trkpt lat="42.0203186" lon="2.8524261000000024">
<ele>93.25069485687713</ele>
<time>2026-08-14T06:45:06.883Z</time>
</trkpt>
<trkpt lat="42.0203142" lon="2.8524289000000067">
<ele>93.36713417974944</ele>
<time>2026-08-14T06:45:08.883Z</time>
</trkpt>
<trkpt lat="42.0203141" lon="2.8524301999999864">
<ele>93.38636423572639</ele>
<time>2026-08-14T06:45:10.883Z</time>
</trkpt>
<trkpt lat="42.0203105" lon="2.852429900000004">
<ele>93.44713390427589</ele>
<time>2026-08-14T06:45:12.883Z</time>
</trkpt>
<trkpt lat="42.0203021" lon="2.8524277999999867">
<ele>93.55182900316154</ele>
<time>2026-08-14T06:45:14.883Z</time>
</trkpt>
<trkpt lat="42.020208" lon="2.8524544999999932">
<ele>95.08308016983477</ele>
<time>2026-08-14T06:45:16.883Z</time>
</trkpt>
<trkpt lat="42.0201512" lon="2.8524779999999907">
<ele>95.98858614868776</ele>
<time>2026-08-14T06:45:18.688Z</time>
</trkpt>
<trkpt lat="42.0201346" lon="2.852496699999989">
<ele>96.32939740365939</ele>
<time>2026-08-14T06:45:20.562Z</time>
</trkpt>
<trkpt lat="42.0201079" lon="2.8525147000000004">
<ele>96.750135246172</ele>
<time>2026-08-14T06:45:22.888Z</time>
</trkpt>
<trkpt lat="42.0200834" lon="2.8525113000000033">
<ele>96.98556092471884</ele>
<time>2026-08-14T06:45:24.883Z</time>
</trkpt>
<trkpt lat="42.0200645" lon="2.8525093000000084">
<ele>97.1743996561125</ele>
<time>2026-08-14T06:45:26.767Z</time>
</trkpt>
<trkpt lat="42.0200467" lon="2.852517299999988">
<ele>97.40329413857751</ele>
<time>2026-08-14T06:45:28.704Z</time>
</trkpt>
<trkpt lat="42.0200276" lon="2.852527600000002">
<ele>97.64608582501509</ele>
<time>2026-08-14T06:45:30.707Z</time>
</trkpt>
<trkpt lat="42.0200048" lon="2.8525457000000074">
<ele>97.98374436291483</ele>
<time>2026-08-14T06:45:32.883Z</time>
</trkpt>
<trkpt lat="42.0199876" lon="2.852554099999992">
<ele>98.21221877446582</ele>
<time>2026-08-14T06:45:34.883Z</time>
</trkpt>
<trkpt lat="42.0199684" lon="2.8525611999999967">
<ele>98.45522444551624</ele>
<time>2026-08-14T06:45:36.848Z</time>
</trkpt>
<trkpt lat="42.019947" lon="2.852565499999997">
<ele>98.71020253934394</ele>
<time>2026-08-14T06:45:38.883Z</time>
</trkpt>
<trkpt lat="42.0199238" lon="2.8525788000000034">
<ele>99.13251452345655</ele>
<time>2026-08-14T06:45:40.883Z</time>
</trkpt>
<trkpt lat="42.0199022" lon="2.8525836000000027">
<ele>99.48726149306907</ele>
<time>2026-08-14T06:45:42.787Z</time>
</trkpt>
<trkpt lat="42.0198782" lon="2.852597000000003">
<ele>100.07432593597765</ele>
<time>2026-08-14T06:45:44.908Z</time>
</trkpt>
<trkpt lat="42.0198613" lon="2.852600200000012">
<ele>100.3377358160884</ele>
<time>2026-08-14T06:45:46.781Z</time>
</trkpt>
<trkpt lat="42.019868" lon="2.852600200000012">
<ele>100.2637148073086</ele>
<time>2026-08-14T06:45:48.623Z</time>
</trkpt>
<trkpt lat="42.0198645" lon="2.8526084000000083">
<ele>100.49872011273725</ele>
<time>2026-08-14T06:45:50.607Z</time>
</trkpt>
<trkpt lat="42.0198508" lon="2.8526166999999987">
<ele>100.84839280988172</ele>
<time>2026-08-14T06:45:52.768Z</time>
</trkpt>
<trkpt lat="42.0198374" lon="2.8526204000000064">
<ele>101.08443524266912</ele>
<time>2026-08-14T06:45:54.883Z</time>
</trkpt>
<trkpt lat="42.0198231" lon="2.8526244999999903">
<ele>101.33974589688388</ele>
<time>2026-08-14T06:45:56.883Z</time>
</trkpt>
<trkpt lat="42.0198083" lon="2.852633400000002">
<ele>101.71477206371326</ele>
<time>2026-08-14T06:45:58.865Z</time>
</trkpt>
<trkpt lat="42.0197994" lon="2.8526415999999983">
<ele>102.00791114447513</ele>
<time>2026-08-14T06:46:00.883Z</time>
</trkpt>
<trkpt lat="42.0197819" lon="2.852657999999991">
<ele>102.59010162752443</ele>
<time>2026-08-14T06:46:02.892Z</time>
</trkpt>
<trkpt lat="42.0197611" lon="2.8526621999999975">
<ele>102.91745206560704</ele>
<time>2026-08-14T06:46:04.908Z</time>
</trkpt>
<trkpt lat="42.0197406" lon="2.852666599999992">
<ele>103.1695181617303</ele>
<time>2026-08-14T06:46:06.783Z</time>
</trkpt>
<trkpt lat="42.0197149" lon="2.852674900000011">
<ele>103.41715806123648</ele>
<time>2026-08-14T06:46:08.743Z</time>
</trkpt>
<trkpt lat="42.0196992" lon="2.8526735000000087">
<ele>103.42019289854346</ele>
<time>2026-08-14T06:46:10.549Z</time>
</trkpt>
<trkpt lat="42.0196741" lon="2.8526821000000098">
<ele>103.64909920396312</ele>
<time>2026-08-14T06:46:12.909Z</time>
</trkpt>
<trkpt lat="42.0196531" lon="2.852684399999987">
<ele>103.73086363811187</ele>
<time>2026-08-14T06:46:14.883Z</time>
</trkpt>
<trkpt lat="42.0196312" lon="2.8526928">
<ele>103.9214665531583</ele>
<time>2026-08-14T06:46:16.804Z</time>
</trkpt>
<trkpt lat="42.0196121" lon="2.8526932000000045">
<ele>103.9530632374839</ele>
<time>2026-08-14T06:46:18.904Z</time>
</trkpt>
<trkpt lat="42.0195942" lon="2.8527033000000017">
<ele>104.14393222477214</ele>
<time>2026-08-14T06:46:20.883Z</time>
</trkpt>
<trkpt lat="42.0195774" lon="2.852720799999986">
<ele>104.43545248254729</ele>
<time>2026-08-14T06:46:22.883Z</time>
</trkpt>
<trkpt lat="42.0195593" lon="2.8527378">
<ele>104.69162134918867</ele>
<time>2026-08-14T06:46:24.787Z</time>
</trkpt>
<trkpt lat="42.0195442" lon="2.852758200000011">
<ele>104.97320058048203</ele>
<time>2026-08-14T06:46:26.883Z</time>
</trkpt>
<trkpt lat="42.019528" lon="2.852776299999988">
<ele>105.1924660999766</ele>
<time>2026-08-14T06:46:28.722Z</time>
</trkpt>
<trkpt lat="42.0195055" lon="2.852796500000011">
<ele>105.39040889624731</ele>
<time>2026-08-14T06:46:30.885Z</time>
</trkpt>
<trkpt lat="42.0194919" lon="2.8528167999999994">
<ele>105.58691153309236</ele>
<time>2026-08-14T06:46:32.823Z</time>
</trkpt>
<trkpt lat="42.0194741" lon="2.852833099999998">
<ele>105.69134335613973</ele>
<time>2026-08-14T06:46:34.726Z</time>
</trkpt>
<trkpt lat="42.0194545" lon="2.852852100000007">
<ele>106.06685767265007</ele>
<time>2026-08-14T06:46:36.883Z</time>
</trkpt>
<trkpt lat="42.0194353" lon="2.8528684000000055">
<ele>106.60597496447838</ele>
<time>2026-08-14T06:46:38.868Z</time>
</trkpt>
<trkpt lat="42.0194177" lon="2.8528825999999867">
<ele>107.05752384462699</ele>
<time>2026-08-14T06:46:40.883Z</time>
</trkpt>
<trkpt lat="42.0194024" lon="2.852895999999987">
<ele>107.45075330664973</ele>
<time>2026-08-14T06:46:42.762Z</time>
</trkpt>
<trkpt lat="42.0193851" lon="2.852911299999988">
<ele>107.87359831156216</ele>
<time>2026-08-14T06:46:44.765Z</time>
</trkpt>
<trkpt lat="42.0193677" lon="2.8529226999999935">
<ele>108.20016844161943</ele>
<time>2026-08-14T06:46:46.893Z</time>
</trkpt>
<trkpt lat="42.0193521" lon="2.8529318999999873">
<ele>108.45849349310197</ele>
<time>2026-08-14T06:46:48.909Z</time>
</trkpt>
<trkpt lat="42.0193377" lon="2.852935599999995">
<ele>108.60475576298512</ele>
<time>2026-08-14T06:46:50.883Z</time>
</trkpt>
<trkpt lat="42.0193162" lon="2.8529452999999876">
<ele>108.878060376189</ele>
<time>2026-08-14T06:46:52.888Z</time>
</trkpt>
<trkpt lat="42.0193022" lon="2.8529517999999996">
<ele>109.04758262838959</ele>
<time>2026-08-14T06:46:54.703Z</time>
</trkpt>
<trkpt lat="42.0192854" lon="2.852957400000008">
<ele>109.20827748644554</ele>
<time>2026-08-14T06:46:56.646Z</time>
</trkpt>
<trkpt lat="42.01927" lon="2.852963100000011">
<ele>109.35483986337287</ele>
<time>2026-08-14T06:46:58.605Z</time>
</trkpt>
<trkpt lat="42.0192529" lon="2.852967199999995">
<ele>109.47976884843008</ele>
<time>2026-08-14T06:47:00.548Z</time>
</trkpt>
<trkpt lat="42.0192384" lon="2.8529536000000064">
<ele>109.38137912463655</ele>
<time>2026-08-14T06:47:02.644Z</time>
</trkpt>
<trkpt lat="42.0192228" lon="2.8529628000000002">
<ele>109.55645771512498</ele>
<time>2026-08-14T06:47:04.467Z</time>
</trkpt>
<trkpt lat="42.0192022" lon="2.852977299999992">
<ele>109.78889102431854</ele>
<time>2026-08-14T06:47:06.442Z</time>
</trkpt>
<trkpt lat="42.0191842" lon="2.8529900000000055">
<ele>109.87021726437712</ele>
<time>2026-08-14T06:47:08.289Z</time>
</trkpt>
<trkpt lat="42.0191617" lon="2.852996499999989">
<ele>109.76326083340881</ele>
<time>2026-08-14T06:47:10.408Z</time>
</trkpt>
<trkpt lat="42.019141" lon="2.853002900000007">
<ele>109.67605355198127</ele>
<time>2026-08-14T06:47:12.263Z</time>
</trkpt>
<trkpt lat="42.0191199" lon="2.8530065999999863">
<ele>109.56230812468291</ele>
<time>2026-08-14T06:47:14.222Z</time>
</trkpt>
<trkpt lat="42.0191092" lon="2.853010399999988">
<ele>109.52843396116982</ele>
<time>2026-08-14T06:47:16.086Z</time>
</trkpt>
<trkpt lat="42.0190923" lon="2.853015400000004">
<ele>109.46717969542402</ele>
<time>2026-08-14T06:47:18.062Z</time>
</trkpt>
<trkpt lat="42.0190774" lon="2.853024099999999">
<ele>109.46999754848908</ele>
<time>2026-08-14T06:47:20.189Z</time>
</trkpt>
<trkpt lat="42.0190576" lon="2.8530237999999883">
<ele>109.33101090614186</ele>
<time>2026-08-14T06:47:22.365Z</time>
</trkpt>
<trkpt lat="42.0190418" lon="2.8530229000000134">
<ele>109.2110854359806</ele>
<time>2026-08-14T06:47:24.404Z</time>
</trkpt>
<trkpt lat="42.0190269" lon="2.8530229000000134">
<ele>109.1089463843984</ele>
<time>2026-08-14T06:47:26.467Z</time>
</trkpt>
<trkpt lat="42.0190171" lon="2.8530248000000142">
<ele>109.06828111456629</ele>
<time>2026-08-14T06:47:28.318Z</time>
</trkpt>
<trkpt lat="42.0190014" lon="2.853023500000006">
<ele>108.94276077538774</ele>
<time>2026-08-14T06:47:30.649Z</time>
</trkpt>
<trkpt lat="42.0189949" lon="2.8530216999999993">
<ele>108.87215350925959</ele>
<time>2026-08-14T06:47:32.883Z</time>
</trkpt>
<trkpt lat="42.0189926" lon="2.853023500000006">
<ele>108.88257350175256</ele>
<time>2026-08-14T06:47:34.883Z</time>
</trkpt>
<trkpt lat="42.0189839" lon="2.853029200000009">
<ele>108.90750138677224</ele>
<time>2026-08-14T06:47:36.883Z</time>
</trkpt>
<trkpt lat="42.0189758" lon="2.8530352999999877">
<ele>108.94492821131013</ele>
<time>2026-08-14T06:47:38.883Z</time>
</trkpt>
<trkpt lat="42.0189742" lon="2.8530363000000136">
<ele>108.94953621396232</ele>
<time>2026-08-14T06:47:40.907Z</time>
</trkpt>
<trkpt lat="42.0189669" lon="2.853037900000004">
<ele>108.92642606413018</ele>
<time>2026-08-14T06:47:42.879Z</time>
</trkpt>
<trkpt lat="42.0189588" lon="2.8530384000000026">
<ele>108.88177157592263</ele>
<time>2026-08-14T06:47:44.896Z</time>
</trkpt>
<trkpt lat="42.0189558" lon="2.853034600000001">
<ele>108.80336125513729</ele>
<time>2026-08-14T06:47:46.913Z</time>
</trkpt>
<trkpt lat="42.018951" lon="2.8530245000000036">
<ele>108.61371463837487</ele>
<time>2026-08-14T06:47:48.883Z</time>
</trkpt>
<trkpt lat="42.0189491" lon="2.853022100000004">
<ele>108.56306020635343</ele>
<time>2026-08-14T06:47:50.825Z</time>
</trkpt>
<trkpt lat="42.0189291" lon="2.853021500000011">
<ele>108.41581000892495</ele>
<time>2026-08-14T06:47:52.786Z</time>
</trkpt>
<trkpt lat="42.0188956" lon="2.853008799999998">
<ele>108.27651219176892</ele>
<time>2026-08-14T06:47:54.883Z</time>
</trkpt>
<trkpt lat="42.0188732" lon="2.852997799999997">
<ele>108.29733361945296</ele>
<time>2026-08-14T06:47:56.707Z</time>
</trkpt>
<trkpt lat="42.0188538" lon="2.852966400000014">
<ele>107.99603004217177</ele>
<time>2026-08-14T06:47:58.604Z</time>
</trkpt>
<trkpt lat="42.0188306" lon="2.852959499999997">
<ele>108.11936190403834</ele>
<time>2026-08-14T06:48:00.828Z</time>
</trkpt>
<trkpt lat="42.0188162" lon="2.852965100000006">
<ele>108.33942923535761</ele>
<time>2026-08-14T06:48:02.644Z</time>
</trkpt>
<trkpt lat="42.0187954" lon="2.8529690000000016">
<ele>108.59323914717021</ele>
<time>2026-08-14T06:48:04.616Z</time>
</trkpt>
<trkpt lat="42.0187693" lon="2.852968500000003">
<ele>108.83617836300161</ele>
<time>2026-08-14T06:48:06.467Z</time>
</trkpt>
<trkpt lat="42.0187538" lon="2.8529688000000135">
<ele>108.9882554522283</ele>
<time>2026-08-14T06:48:08.283Z</time>
</trkpt>
<trkpt lat="42.0187382" lon="2.852964600000007">
<ele>109.08631754113966</ele>
<time>2026-08-14T06:48:10.722Z</time>
</trkpt>
<trkpt lat="42.018734" lon="2.8529637999999977">
<ele>109.11726746784448</ele>
<time>2026-08-14T06:48:12.787Z</time>
</trkpt>
<trkpt lat="42.0187403" lon="2.852963899999992">
<ele>109.05746748174755</ele>
<time>2026-08-14T06:48:14.887Z</time>
</trkpt>
<trkpt lat="42.018744" lon="2.8529652">
<ele>109.03764031830649</ele>
<time>2026-08-14T06:48:16.722Z</time>
</trkpt>
<trkpt lat="42.0187393" lon="2.8529703000000097">
<ele>109.14517629349845</ele>
<time>2026-08-14T06:48:18.918Z</time>
</trkpt>
<trkpt lat="42.0187356" lon="2.8529729999999915">
<ele>109.21308011798219</ele>
<time>2026-08-14T06:48:20.934Z</time>
</trkpt>
<trkpt lat="42.0187288" lon="2.852970599999992">
<ele>109.24875099697937</ele>
<time>2026-08-14T06:48:22.883Z</time>
</trkpt>
<trkpt lat="42.0187108" lon="2.8529801999999904">
<ele>109.53023400126719</ele>
<time>2026-08-14T06:48:24.883Z</time>
</trkpt>
<trkpt lat="42.0187111" lon="2.853012100000001">
<ele>109.89386355099829</ele>
<time>2026-08-14T06:48:26.883Z</time>
</trkpt>
<trkpt lat="42.0186984" lon="2.8530213999999887">
<ele>110.10540514493053</ele>
<time>2026-08-14T06:48:28.883Z</time>
</trkpt>
<trkpt lat="42.018694" lon="2.8530290999999863">
<ele>110.2268375721348</ele>
<time>2026-08-14T06:48:30.899Z</time>
</trkpt>
<trkpt lat="42.0186877" lon="2.8530316000000084">
<ele>110.30482465564754</ele>
<time>2026-08-14T06:48:32.914Z</time>
</trkpt>
<trkpt lat="42.0186736" lon="2.8530336000000034">
<ele>110.43858836306444</ele>
<time>2026-08-14T06:48:34.806Z</time>
</trkpt>
<trkpt lat="42.0186596" lon="2.8530417000000057">
<ele>110.6323632089865</ele>
<time>2026-08-14T06:48:36.886Z</time>
</trkpt>
<trkpt lat="42.0186372" lon="2.8530508999999995">
<ele>110.89436631540636</ele>
<time>2026-08-14T06:48:38.687Z</time>
</trkpt>
<trkpt lat="42.0186127" lon="2.8530647000000044">
<ele>111.43258606309449</ele>
<time>2026-08-14T06:48:40.823Z</time>
</trkpt>
<trkpt lat="42.018599" lon="2.8530771000000072">
<ele>111.79706475668385</ele>
<time>2026-08-14T06:48:42.687Z</time>
</trkpt>
<trkpt lat="42.0185838" lon="2.8530791999999963">
<ele>112.08094937421048</ele>
<time>2026-08-14T06:48:44.862Z</time>
</trkpt>
<trkpt lat="42.0185652" lon="2.8530759999999873">
<ele>112.3606905060595</ele>
<time>2026-08-14T06:48:46.686Z</time>
</trkpt>
<trkpt lat="42.0185439" lon="2.8530958000000055">
<ele>112.98217898489511</ele>
<time>2026-08-14T06:48:48.925Z</time>
</trkpt>
<trkpt lat="42.0185283" lon="2.8530972000000077">
<ele>113.27839002943246</ele>
<time>2026-08-14T06:48:50.883Z</time>
</trkpt>
<trkpt lat="42.0185156" lon="2.853100299999994">
<ele>113.54837640826617</ele>
<time>2026-08-14T06:48:52.883Z</time>
</trkpt>
<trkpt lat="42.0185095" lon="2.853102299999989">
<ele>113.68640978677065</ele>
<time>2026-08-14T06:48:54.883Z</time>
</trkpt>
<trkpt lat="42.0185088" lon="2.8531030000000044">
<ele>113.70906191567452</ele>
<time>2026-08-14T06:48:56.883Z</time>
</trkpt>
<trkpt lat="42.0185186" lon="2.8531202000000064">
<ele>113.77310052778924</ele>
<time>2026-08-14T06:48:58.883Z</time>
</trkpt>
<trkpt lat="42.0185237" lon="2.8531294999999943">
<ele>113.80877559404482</ele>
<time>2026-08-14T06:49:00.883Z</time>
</trkpt>
<trkpt lat="42.0185209" lon="2.8531308000000024">
<ele>113.90064839803946</ele>
<time>2026-08-14T06:49:02.846Z</time>
</trkpt>
<trkpt lat="42.0185247" lon="2.853128499999997">
<ele>113.77355461909184</ele>
<time>2026-08-14T06:49:04.883Z</time>
</trkpt>
<trkpt lat="42.0185277" lon="2.853129700000011">
<ele>113.7387023082284</ele>
<time>2026-08-14T06:49:06.883Z</time>
</trkpt>
<trkpt lat="42.0185281" lon="2.853133200000002">
<ele>113.83492341349155</ele>
<time>2026-08-14T06:49:08.883Z</time>
</trkpt>
<trkpt lat="42.018527" lon="2.8531400999999903">
<ele>114.06063545654735</ele>
<time>2026-08-14T06:49:10.883Z</time>
</trkpt>
<trkpt lat="42.0185249" lon="2.8531415999999865">
<ele>114.14533880809404</ele>
<time>2026-08-14T06:49:12.906Z</time>
</trkpt>
<trkpt lat="42.0185224" lon="2.8531493000000125">
<ele>114.42208674242262</ele>
<time>2026-08-14T06:49:14.883Z</time>
</trkpt>
<trkpt lat="42.0185172" lon="2.853147799999988">
<ele>114.47737419133126</ele>
<time>2026-08-14T06:49:16.883Z</time>
</trkpt>
<trkpt lat="42.0185228" lon="2.8531374000000085">
<ele>114.06069062220956</ele>
<time>2026-08-14T06:49:18.883Z</time>
</trkpt>
<trkpt lat="42.0185235" lon="2.853131999999988">
<ele>113.8868643224831</ele>
<time>2026-08-14T06:49:20.883Z</time>
</trkpt>
<trkpt lat="42.0185194" lon="2.8531295999999884">
<ele>113.8934591689562</ele>
<time>2026-08-14T06:49:22.883Z</time>
</trkpt>
<trkpt lat="42.0185085" lon="2.8531271999999888">
<ele>114.06217130663438</ele>
<time>2026-08-14T06:49:24.783Z</time>
</trkpt>
<trkpt lat="42.018506" lon="2.853136699999993">
<ele>114.3604735530309</ele>
<time>2026-08-14T06:49:26.883Z</time>
</trkpt>
<trkpt lat="42.0184984" lon="2.8531466999999964">
<ele>114.8054779529299</ele>
<time>2026-08-14T06:49:28.883Z</time>
</trkpt>
<trkpt lat="42.0184851" lon="2.853153099999986">
<ele>115.25371503928555</ele>
<time>2026-08-14T06:49:30.686Z</time>
</trkpt>
<trkpt lat="42.0184684" lon="2.853182099999998">
<ele>116.45518885264536</ele>
<time>2026-08-14T06:49:32.767Z</time>
</trkpt>
<trkpt lat="42.0184451" lon="2.853200799999996">
<ele>117.48387319196881</ele>
<time>2026-08-14T06:49:34.883Z</time>
</trkpt>
<trkpt lat="42.0184284" lon="2.8532160000000033">
<ele>118.2825190971147</ele>
<time>2026-08-14T06:49:36.785Z</time>
</trkpt>
<trkpt lat="42.0184089" lon="2.8532142999999905">
<ele>118.61931303174416</ele>
<time>2026-08-14T06:49:38.883Z</time>
</trkpt>
<trkpt lat="42.0183877" lon="2.8532010000000128">
<ele>118.62684123211356</ele>
<time>2026-08-14T06:49:40.883Z</time>
</trkpt>
<trkpt lat="42.0183668" lon="2.8531943000000126">
<ele>118.8298823065789</ele>
<time>2026-08-14T06:49:42.883Z</time>
</trkpt>
<trkpt lat="42.0183504" lon="2.8531865999999866">
<ele>118.77674671170456</ele>
<time>2026-08-14T06:49:44.875Z</time>
</trkpt>
<trkpt lat="42.0183405" lon="2.8531826999999907">
<ele>118.69203819163953</ele>
<time>2026-08-14T06:49:46.883Z</time>
</trkpt>
<trkpt lat="42.0183338" lon="2.853176300000001">
<ele>118.51598620515979</ele>
<time>2026-08-14T06:49:48.883Z</time>
</trkpt>
<trkpt lat="42.0183272" lon="2.8531724000000054">
<ele>118.41846328148735</ele>
<time>2026-08-14T06:49:50.883Z</time>
</trkpt>
<trkpt lat="42.0183272" lon="2.853168299999993">
<ele>118.28902640825704</ele>
<time>2026-08-14T06:49:52.882Z</time>
</trkpt>
<trkpt lat="42.0183281" lon="2.8531620999999916">
<ele>118.0898028953044</ele>
<time>2026-08-14T06:49:54.878Z</time>
</trkpt>
<trkpt lat="42.018331" lon="2.8531613000000107">
<ele>118.05330260116811</ele>
<time>2026-08-14T06:49:56.878Z</time>
</trkpt>
<trkpt lat="42.0183302" lon="2.8531633999999997">
<ele>118.12270084518018</ele>
<time>2026-08-14T06:49:58.876Z</time>
</trkpt>
<trkpt lat="42.0183305" lon="2.853164399999997">
<ele>118.15310723336302</ele>
<time>2026-08-14T06:50:00.782Z</time>
</trkpt>
<trkpt lat="42.0183275" lon="2.853164499999991">
<ele>118.16789722336055</ele>
<time>2026-08-14T06:50:02.878Z</time>
</trkpt>
<trkpt lat="42.018323" lon="2.8531654999999887">
<ele>118.21691712229378</ele>
<time>2026-08-14T06:50:04.883Z</time>
</trkpt>
<trkpt lat="42.0183185" lon="2.853169400000013">
<ele>118.35749314138788</ele>
<time>2026-08-14T06:50:06.883Z</time>
</trkpt>
<trkpt lat="42.018315" lon="2.853175099999987">
<ele>118.55102195551203</ele>
<time>2026-08-14T06:50:08.883Z</time>
</trkpt>
<trkpt lat="42.0183137" lon="2.853180699999996">
<ele>118.7328631406871</ele>
<time>2026-08-14T06:50:10.883Z</time>
</trkpt>
<trkpt lat="42.0183157" lon="2.8531831999999895">
<ele>118.80403237177744</ele>
<time>2026-08-14T06:50:12.883Z</time>
</trkpt>
<trkpt lat="42.0183159" lon="2.8531825000000026">
<ele>118.78115676606659</ele>
<time>2026-08-14T06:50:14.887Z</time>
</trkpt>
<trkpt lat="42.0183152" lon="2.853178200000002">
<ele>118.64811661419819</ele>
<time>2026-08-14T06:50:16.882Z</time>
</trkpt>
<trkpt lat="42.0183147" lon="2.853176100000013">
<ele>118.58375669734234</ele>
<time>2026-08-14T06:50:18.883Z</time>
</trkpt>
<trkpt lat="42.0183144" lon="2.853176200000007">
<ele>118.58807744298377</ele>
<time>2026-08-14T06:50:20.808Z</time>
</trkpt>
<trkpt lat="42.0183159" lon="2.853172900000004">
<ele>118.4780748906205</ele>
<time>2026-08-14T06:50:22.736Z</time>
</trkpt>
<trkpt lat="42.0183092" lon="2.8531633999999997">
<ele>118.20412984727388</ele>
<time>2026-08-14T06:50:24.882Z</time>
</trkpt>
<trkpt lat="42.0183084" lon="2.8531591999999932">
<ele>118.07463063017437</ele>
<time>2026-08-14T06:50:26.875Z</time>
</trkpt>
<trkpt lat="42.0183213" lon="2.853123299999993">
<ele>116.97244706786338</ele>
<time>2026-08-14T06:50:28.883Z</time>
</trkpt>
<trkpt lat="42.0183304" lon="2.853140599999989">
<ele>117.4021368773498</ele>
<time>2026-08-14T06:50:30.883Z</time>
</trkpt>
<trkpt lat="42.0183286" lon="2.8531428000000005">
<ele>117.4785663009276</ele>
<time>2026-08-14T06:50:32.804Z</time>
</trkpt>
<trkpt lat="42.0183304" lon="2.8531361999999945">
<ele>117.26323033367785</ele>
<time>2026-08-14T06:50:34.709Z</time>
</trkpt>
<trkpt lat="42.018329" lon="2.853111299999995">
<ele>116.71849474590282</ele>
<time>2026-08-14T06:50:36.883Z</time>
</trkpt>
<trkpt lat="42.0183368" lon="2.85308839999999">
<ele>116.2498676645427</ele>
<time>2026-08-14T06:50:38.768Z</time>
</trkpt>
<trkpt lat="42.0183448" lon="2.853070900000006">
<ele>115.86711775757371</ele>
<time>2026-08-14T06:50:40.901Z</time>
</trkpt>
<trkpt lat="42.018379" lon="2.85309860000001">
<ele>115.96504347174196</ele>
<time>2026-08-14T06:50:42.883Z</time>
</trkpt>
<trkpt lat="42.0184077" lon="2.8531091000000117">
<ele>115.64211727198014</ele>
<time>2026-08-14T06:50:44.826Z</time>
</trkpt>
<trkpt lat="42.0184294" lon="2.853147000000007">
<ele>116.13917445193803</ele>
<time>2026-08-14T06:50:46.883Z</time>
</trkpt>
<trkpt lat="42.0184491" lon="2.8531666000000087">
<ele>116.3597822272487</ele>
<time>2026-08-14T06:50:48.883Z</time>
</trkpt>
<trkpt lat="42.0184605" lon="2.85316610000001">
<ele>116.12319480109547</ele>
<time>2026-08-14T06:50:50.883Z</time>
</trkpt>
<trkpt lat="42.0184657" lon="2.8531691999999964">
<ele>116.11637814542156</ele>
<time>2026-08-14T06:50:52.897Z</time>
</trkpt>
<trkpt lat="42.0184796" lon="2.8531844000000035">
<ele>116.30522570129455</ele>
<time>2026-08-14T06:50:54.883Z</time>
</trkpt>
<trkpt lat="42.0184868" lon="2.85318749999999">
<ele>116.25736535354102</ele>
<time>2026-08-14T06:50:56.883Z</time>
</trkpt>
<trkpt lat="42.0184921" lon="2.853188799999998">
<ele>116.19228853644869</ele>
<time>2026-08-14T06:50:58.806Z</time>
</trkpt>
<trkpt lat="42.0184936" lon="2.853181599999999">
<ele>115.94641441931063</ele>
<time>2026-08-14T06:51:00.883Z</time>
</trkpt>
<trkpt lat="42.0184933" lon="2.8531690000000083">
<ele>115.57359839989509</ele>
<time>2026-08-14T06:51:02.883Z</time>
</trkpt>
<trkpt lat="42.0184965" lon="2.8531604000000073">
<ele>115.25320847548646</ele>
<time>2026-08-14T06:51:04.883Z</time>
</trkpt>
<trkpt lat="42.0185004" lon="2.8531586999999945">
<ele>115.12678895458939</ele>
<time>2026-08-14T06:51:06.883Z</time>
</trkpt>
<trkpt lat="42.0185031" lon="2.8531599000000085">
<ele>115.11053145025167</ele>
<time>2026-08-14T06:51:08.914Z</time>
</trkpt>
<trkpt lat="42.0185152" lon="2.853154499999988">
<ele>114.71550738893409</ele>
<time>2026-08-14T06:51:10.883Z</time>
</trkpt>
<trkpt lat="42.0185201" lon="2.8531513000000075">
<ele>114.52580997141824</ele>
<time>2026-08-14T06:51:12.788Z</time>
</trkpt>
<trkpt lat="42.0185286" lon="2.8531657999999993">
<ele>114.79225271098821</ele>
<time>2026-08-14T06:51:14.883Z</time>
</trkpt>
<trkpt lat="42.0185304" lon="2.8531771000000106">
<ele>115.09222160985341</ele>
<time>2026-08-14T06:51:16.883Z</time>
</trkpt>
<trkpt lat="42.018533" lon="2.8531740999999897">
<ele>114.9525998858218</ele>
<time>2026-08-14T06:51:18.883Z</time>
</trkpt>
<trkpt lat="42.0185392" lon="2.8531599000000085">
<ele>114.41222866683951</ele>
<time>2026-08-14T06:51:20.882Z</time>
</trkpt>
<trkpt lat="42.0185541" lon="2.8531548999999927">
<ele>113.97715318979948</ele>
<time>2026-08-14T06:51:22.682Z</time>
</trkpt>
<trkpt lat="42.0185709" lon="2.8531342999999936">
<ele>113.05196934005268</ele>
<time>2026-08-14T06:51:24.522Z</time>
</trkpt>
<trkpt lat="42.0185838" lon="2.8531236000000035">
<ele>112.59569056675086</ele>
<time>2026-08-14T06:51:26.345Z</time>
</trkpt>
<trkpt lat="42.0185976" lon="2.8531098999999926">
<ele>112.18455080538757</ele>
<time>2026-08-14T06:51:28.368Z</time>
</trkpt>
<trkpt lat="42.0186103" lon="2.8530877999999973">
<ele>111.7177184160514</ele>
<time>2026-08-14T06:51:30.767Z</time>
</trkpt>
<trkpt lat="42.01862" lon="2.8530593000000124">
<ele>111.25587353789557</ele>
<time>2026-08-14T06:51:32.806Z</time>
</trkpt>
<trkpt lat="42.0186367" lon="2.8530385999999908">
<ele>110.78204241278749</ele>
<time>2026-08-14T06:51:34.887Z</time>
</trkpt>
<trkpt lat="42.0186314" lon="2.8530180999999857">
<ele>110.66331354877981</ele>
<time>2026-08-14T06:51:36.882Z</time>
</trkpt>
<trkpt lat="42.0186293" lon="2.853018200000008">
<ele>110.69559729971901</ele>
<time>2026-08-14T06:51:38.882Z</time>
</trkpt>
<trkpt lat="42.0186265" lon="2.8530229000000134">
<ele>110.78442407422978</ele>
<time>2026-08-14T06:51:40.882Z</time>
</trkpt>
<trkpt lat="42.0186258" lon="2.8530230000000074">
<ele>110.79598314189201</ele>
<time>2026-08-14T06:51:42.886Z</time>
</trkpt>
<trkpt lat="42.0186242" lon="2.853024000000005">
<ele>110.83021827809696</ele>
<time>2026-08-14T06:51:44.969Z</time>
</trkpt>
<trkpt lat="42.0186246" lon="2.853026">
<ele>110.8443508102675</ele>
<time>2026-08-14T06:51:46.900Z</time>
</trkpt>
<trkpt lat="42.0186257" lon="2.853023400000012">
<ele>110.8015110599284</ele>
<time>2026-08-14T06:51:48.882Z</time>
</trkpt>
<trkpt lat="42.0186262" lon="2.8530213999999887">
<ele>110.77390094687739</ele>
<time>2026-08-14T06:51:50.882Z</time>
</trkpt>
<trkpt lat="42.0186257" lon="2.853020700000002">
<ele>110.77437764916056</ele>
<time>2026-08-14T06:51:52.943Z</time>
</trkpt>
<trkpt lat="42.0186307" lon="2.8530139000000077">
<ele>110.63231048400247</ele>
<time>2026-08-14T06:51:54.882Z</time>
</trkpt>
<trkpt lat="42.0186317" lon="2.8530110000000093">
<ele>110.58906208255767</ele>
<time>2026-08-14T06:51:56.882Z</time>
</trkpt>
<trkpt lat="42.0186333" lon="2.853008799999998">
<ele>110.54414644020352</ele>
<time>2026-08-14T06:51:58.882Z</time>
</trkpt>
<trkpt lat="42.0186359" lon="2.853006399999998">
<ele>110.48307822387315</ele>
<time>2026-08-14T06:52:00.882Z</time>
</trkpt>
<trkpt lat="42.0186382" lon="2.853001599999999">
<ele>110.4104570036564</ele>
<time>2026-08-14T06:52:02.882Z</time>
</trkpt>
<trkpt lat="42.018638" lon="2.8530004000000133">
<ele>110.40061517447509</ele>
<time>2026-08-14T06:52:04.835Z</time>
</trkpt>
<trkpt lat="42.0186463" lon="2.852987000000013">
<ele>110.19561542903848</ele>
<time>2026-08-14T06:52:06.882Z</time>
</trkpt>
<trkpt lat="42.0186558" lon="2.8529867000000024">
<ele>110.10607905934184</ele>
<time>2026-08-14T06:52:08.882Z</time>
</trkpt>
<trkpt lat="42.0186643" lon="2.852986499999986">
<ele>110.02655258061195</ele>
<time>2026-08-14T06:52:10.882Z</time>
</trkpt>
<trkpt lat="42.018666" lon="2.8529862999999978">
<ele>110.00897972355132</ele>
<time>2026-08-14T06:52:12.896Z</time>
</trkpt>
<trkpt lat="42.018672" lon="2.85299040000001">
<ele>109.99732471664996</ele>
<time>2026-08-14T06:52:14.882Z</time>
</trkpt>
<trkpt lat="42.0186727" lon="2.8529944">
<ele>110.03311429145343</ele>
<time>2026-08-14T06:52:16.882Z</time>
</trkpt>
<trkpt lat="42.0186699" lon="2.8529934000000026">
<ele>110.04763645406916</ele>
<time>2026-08-14T06:52:18.882Z</time>
</trkpt>
<trkpt lat="42.0186675" lon="2.852991099999997">
<ele>110.04519553442435</ele>
<time>2026-08-14T06:52:20.882Z</time>
</trkpt>
<trkpt lat="42.018667" lon="2.8529886999999974">
<ele>110.02477678886022</ele>
<time>2026-08-14T06:52:22.882Z</time>
</trkpt>
<trkpt lat="42.0186685" lon="2.852985899999993">
<ele>109.98200299580047</ele>
<time>2026-08-14T06:52:24.882Z</time>
</trkpt>
<trkpt lat="42.0186675" lon="2.8529840999999863">
<ele>109.97242352610061</ele>
<time>2026-08-14T06:52:26.892Z</time>
</trkpt>
<trkpt lat="42.0186668" lon="2.852980699999989">
<ele>109.9435614780116</ele>
<time>2026-08-14T06:52:28.902Z</time>
</trkpt>
<trkpt lat="42.0186633" lon="2.8529775000000086">
<ele>109.94305213965954</ele>
<time>2026-08-14T06:52:30.882Z</time>
</trkpt>
<trkpt lat="42.0186611" lon="2.8529779000000133">
<ele>109.96770197308747</ele>
<time>2026-08-14T06:52:32.882Z</time>
</trkpt>
<trkpt lat="42.0186591" lon="2.8529767999999933">
<ele>109.97516419773976</ele>
<time>2026-08-14T06:52:34.882Z</time>
</trkpt>
<trkpt lat="42.0186575" lon="2.8529748999999924">
<ele>109.97086434148561</ele>
<time>2026-08-14T06:52:36.882Z</time>
</trkpt>
<trkpt lat="42.018654" lon="2.852972099999988">
<ele>109.97563018856798</ele>
<time>2026-08-14T06:52:38.882Z</time>
</trkpt>
<trkpt lat="42.0186543" lon="2.852970400000004">
<ele>109.95567460350945</ele>
<time>2026-08-14T06:52:40.882Z</time>
</trkpt>
<trkpt lat="42.0186572" lon="2.852967199999995">
<ele>109.8956209090888</ele>
<time>2026-08-14T06:52:42.881Z</time>
</trkpt>
<trkpt lat="42.018667" lon="2.8529782999999895">
<ele>109.91678840966786</ele>
<time>2026-08-14T06:52:44.882Z</time>
</trkpt>
<trkpt lat="42.0186719" lon="2.852983099999989">
<ele>109.92153278345666</ele>
<time>2026-08-14T06:52:46.882Z</time>
</trkpt>
<trkpt lat="42.0186721" lon="2.852985100000012">
<ele>109.94071417443931</ele>
<time>2026-08-14T06:52:48.706Z</time>
</trkpt>
<trkpt lat="42.0186757" lon="2.85299169999999">
<ele>109.97772911228593</ele>
<time>2026-08-14T06:52:50.885Z</time>
</trkpt>
<trkpt lat="42.0186838" lon="2.8529981000000078">
<ele>109.97406699214346</ele>
<time>2026-08-14T06:52:52.882Z</time>
</trkpt>
<trkpt lat="42.0186864" lon="2.852997600000009">
<ele>109.94567921918595</ele>
<time>2026-08-14T06:52:54.882Z</time>
</trkpt>
<trkpt lat="42.0186889" lon="2.852997600000009">
<ele>109.92357732460736</ele>
<time>2026-08-14T06:52:56.882Z</time>
</trkpt>
<trkpt lat="42.0186913" lon="2.852996399999995">
<ele>109.88917012220284</ele>
<time>2026-08-14T06:52:58.882Z</time>
</trkpt>
<trkpt lat="42.018691" lon="2.852994599999988">
<ele>109.87206077990281</ele>
<time>2026-08-14T06:53:00.882Z</time>
</trkpt>
<trkpt lat="42.0186906" lon="2.8529915999999957">
<ele>109.8427061450237</ele>
<time>2026-08-14T06:53:02.882Z</time>
</trkpt>
<trkpt lat="42.0186923" lon="2.852987100000007">
<ele>109.77784907439116</ele>
<time>2026-08-14T06:53:04.882Z</time>
</trkpt>
<trkpt lat="42.0186918" lon="2.8529886000000033">
<ele>109.79890622109184</ele>
<time>2026-08-14T06:53:06.862Z</time>
</trkpt>
<trkpt lat="42.0186906" lon="2.8529861000000096">
<ele>109.78235107800565</ele>
<time>2026-08-14T06:53:08.749Z</time>
</trkpt>
<trkpt lat="42.0186827" lon="2.8529796999999917">
<ele>109.78549786622662</ele>
<time>2026-08-14T06:53:10.882Z</time>
</trkpt>
<trkpt lat="42.0186815" lon="2.8529775000000086">
<ele>109.77300251355011</ele>
<time>2026-08-14T06:53:12.918Z</time>
</trkpt>
<trkpt lat="42.0186842" lon="2.8529741000000115">
<ele>109.71100910493023</ele>
<time>2026-08-14T06:53:14.884Z</time>
</trkpt>
<trkpt lat="42.0186895" lon="2.8529714000000013">
<ele>109.63148396179619</ele>
<time>2026-08-14T06:53:16.807Z</time>
</trkpt>
<trkpt lat="42.0186923" lon="2.8529680999999982">
<ele>109.56854204593083</ele>
<time>2026-08-14T06:53:19.005Z</time>
</trkpt>
<trkpt lat="42.0186945" lon="2.852963299999999">
<ele>109.49432783220593</ele>
<time>2026-08-14T06:53:20.913Z</time>
</trkpt>
<trkpt lat="42.0187101" lon="2.8529437999999914">
<ele>109.11953677435676</ele>
<time>2026-08-14T06:53:22.882Z</time>
</trkpt>
<trkpt lat="42.0187186" lon="2.852926400000001">
<ele>108.82983032294086</ele>
<time>2026-08-14T06:53:24.750Z</time>
</trkpt>
<trkpt lat="42.0187409" lon="2.8528785000000028">
<ele>108.00708990951696</ele>
<time>2026-08-14T06:53:26.901Z</time>
</trkpt>
<trkpt lat="42.018759" lon="2.852890500000001">
<ele>107.94537470969638</ele>
<time>2026-08-14T06:53:28.882Z</time>
</trkpt>
<trkpt lat="42.0187767" lon="2.8528795999999943">
<ele>107.59840844740589</ele>
<time>2026-08-14T06:53:30.882Z</time>
</trkpt>
<trkpt lat="42.0187932" lon="2.8528597000000104">
<ele>107.13441639221753</ele>
<time>2026-08-14T06:53:32.882Z</time>
</trkpt>
<trkpt lat="42.0188316" lon="2.852958699999988">
<ele>108.09796876477692</ele>
<time>2026-08-14T06:53:34.882Z</time>
</trkpt>
<trkpt lat="42.018857" lon="2.8530350000000055">
<ele>109.00348408929128</ele>
<time>2026-08-14T06:53:36.789Z</time>
</trkpt>
<trkpt lat="42.0188774" lon="2.853047199999992">
<ele>109.03307854679912</ele>
<time>2026-08-14T06:53:38.701Z</time>
</trkpt>
<trkpt lat="42.0188843" lon="2.8530699000000084">
<ele>109.33969012222151</ele>
<time>2026-08-14T06:53:40.905Z</time>
</trkpt>
<trkpt lat="42.0188843" lon="2.8530719999999974">
<ele>109.37290662903453</ele>
<time>2026-08-14T06:53:42.920Z</time>
</trkpt>
<trkpt lat="42.0188846" lon="2.853067100000004">
<ele>109.29327060215822</ele>
<time>2026-08-14T06:53:44.882Z</time>
</trkpt>
<trkpt lat="42.0188749" lon="2.8530807999999865">
<ele>109.57564574453521</ele>
<time>2026-08-14T06:53:46.882Z</time>
</trkpt>
<trkpt lat="42.01887" lon="2.853084899999999">
<ele>109.67215600842361</ele>
<time>2026-08-14T06:53:48.882Z</time>
</trkpt>
<trkpt lat="42.0188665" lon="2.8530890000000113">
<ele>109.75848427130924</ele>
<time>2026-08-14T06:53:50.688Z</time>
</trkpt>
<trkpt lat="42.0188558" lon="2.853096999999991">
<ele>109.94946226049915</ele>
<time>2026-08-14T06:53:52.903Z</time>
</trkpt>
<trkpt lat="42.0188537" lon="2.8530910000000063">
<ele>109.87249488636806</ele>
<time>2026-08-14T06:53:54.882Z</time>
</trkpt>
<trkpt lat="42.0188499" lon="2.8530904000000135">
<ele>109.88824020317954</ele>
<time>2026-08-14T06:53:56.882Z</time>
</trkpt>
<trkpt lat="42.0188435" lon="2.8530976000000123">
<ele>110.03650855679439</ele>
<time>2026-08-14T06:53:58.903Z</time>
</trkpt>
<trkpt lat="42.0188418" lon="2.853091799999987">
<ele>109.96171000481404</ele>
<time>2026-08-14T06:54:00.882Z</time>
</trkpt>
<trkpt lat="42.0188382" lon="2.8530837000000133">
<ele>109.86627338974982</ele>
<time>2026-08-14T06:54:02.687Z</time>
</trkpt>
<trkpt lat="42.0188299" lon="2.853086399999995">
<ele>109.96081537131045</ele>
<time>2026-08-14T06:54:04.892Z</time>
</trkpt>
<trkpt lat="42.0188195" lon="2.853096899999997">
<ele>110.17873355509201</ele>
<time>2026-08-14T06:54:06.905Z</time>
</trkpt>
<trkpt lat="42.0188105" lon="2.853107300000005">
<ele>110.38126007394926</ele>
<time>2026-08-14T06:54:08.882Z</time>
</trkpt>
<trkpt lat="42.018811" lon="2.853119499999991">
<ele>110.54882117748105</ele>
<time>2026-08-14T06:54:10.882Z</time>
</trkpt>
<trkpt lat="42.0188111" lon="2.8531360000000063">
<ele>110.91735899320685</ele>
<time>2026-08-14T06:54:12.882Z</time>
</trkpt>
<trkpt lat="42.0188155" lon="2.85314919999999">
<ele>111.35519650108972</ele>
<time>2026-08-14T06:54:14.882Z</time>
</trkpt>
<trkpt lat="42.0188263" lon="2.8531671000000074">
<ele>111.93552215348566</ele>
<time>2026-08-14T06:54:16.847Z</time>
</trkpt>
<trkpt lat="42.0188313" lon="2.853174899999999">
<ele>112.1916620896958</ele>
<time>2026-08-14T06:54:18.891Z</time>
</trkpt>
<trkpt lat="42.0188394" lon="2.8531843000000094">
<ele>112.49676154998366</ele>
<time>2026-08-14T06:54:20.767Z</time>
</trkpt>
<trkpt lat="42.0188719" lon="2.8531776000000093">
<ele>112.1336887701103</ele>
<time>2026-08-14T06:54:22.862Z</time>
</trkpt>
<trkpt lat="42.0188927" lon="2.853175399999998">
<ele>111.97181962569672</ele>
<time>2026-08-14T06:54:24.925Z</time>
</trkpt>
<trkpt lat="42.0189074" lon="2.8531809000000123">
<ele>112.12549234425396</ele>
<time>2026-08-14T06:54:26.882Z</time>
</trkpt>
<trkpt lat="42.0189256" lon="2.8531879999999887">
<ele>112.41649204577442</ele>
<time>2026-08-14T06:54:28.746Z</time>
</trkpt>
<trkpt lat="42.0189478" lon="2.8531912999999918">
<ele>112.64134332366314</ele>
<time>2026-08-14T06:54:30.809Z</time>
</trkpt>
<trkpt lat="42.0189599" lon="2.853195999999997">
<ele>112.87666984302699</ele>
<time>2026-08-14T06:54:32.688Z</time>
</trkpt>
<trkpt lat="42.0189795" lon="2.8532050999999967">
<ele>113.31674706668015</ele>
<time>2026-08-14T06:54:34.847Z</time>
</trkpt>
<trkpt lat="42.0189943" lon="2.8532155999999986">
<ele>113.79139433062824</ele>
<time>2026-08-14T06:54:36.846Z</time>
</trkpt>
<trkpt lat="42.0190076" lon="2.8532213999999954">
<ele>114.07739213411176</ele>
<time>2026-08-14T06:54:38.686Z</time>
</trkpt>
<trkpt lat="42.019021" lon="2.853226400000011">
<ele>114.3333126913313</ele>
<time>2026-08-14T06:54:40.726Z</time>
</trkpt>
<trkpt lat="42.0190364" lon="2.853235000000012">
<ele>114.73983678009246</ele>
<time>2026-08-14T06:54:42.749Z</time>
</trkpt>
<trkpt lat="42.0190527" lon="2.8532401999999877">
<ele>115.01847203984167</ele>
<time>2026-08-14T06:54:44.748Z</time>
</trkpt>
<trkpt lat="42.0190677" lon="2.853247699999997">
<ele>115.38217120974495</ele>
<time>2026-08-14T06:54:46.682Z</time>
</trkpt>
<trkpt lat="42.0190846" lon="2.853254200000009">
<ele>115.71645634205974</ele>
<time>2026-08-14T06:54:48.689Z</time>
</trkpt>
<trkpt lat="42.0191047" lon="2.853262099999995">
<ele>116.12202647183852</ele>
<time>2026-08-14T06:54:50.908Z</time>
</trkpt>
<trkpt lat="42.0191206" lon="2.8532744999999977">
<ele>116.68689878293712</ele>
<time>2026-08-14T06:54:52.882Z</time>
</trkpt>
<trkpt lat="42.0191366" lon="2.853285999999997">
<ele>117.2184410795131</ele>
<time>2026-08-14T06:54:54.882Z</time>
</trkpt>
<trkpt lat="42.0191543" lon="2.8532960999999943">
<ele>117.70443437504035</ele>
<time>2026-08-14T06:54:56.882Z</time>
</trkpt>
<trkpt lat="42.0191708" lon="2.8533094000000006">
<ele>118.31334019407416</ele>
<time>2026-08-14T06:54:58.882Z</time>
</trkpt>
<trkpt lat="42.0191865" lon="2.8533232000000055">
<ele>118.9401753457622</ele>
<time>2026-08-14T06:55:00.882Z</time>
</trkpt>
<trkpt lat="42.019203" lon="2.8533355000000142">
<ele>119.54445492253977</ele>
<time>2026-08-14T06:55:02.884Z</time>
</trkpt>
<trkpt lat="42.0192146" lon="2.853341699999987">
<ele>119.89031082381476</ele>
<time>2026-08-14T06:55:04.899Z</time>
</trkpt>
<trkpt lat="42.0192162" lon="2.8533464999999865">
<ele>120.09733060785854</ele>
<time>2026-08-14T06:55:06.882Z</time>
</trkpt>
<trkpt lat="42.0192279" lon="2.8533528000000103">
<ele>120.45251841400315</ele>
<time>2026-08-14T06:55:08.882Z</time>
</trkpt>
<trkpt lat="42.0192364" lon="2.8533568000000002">
<ele>120.6889975583187</ele>
<time>2026-08-14T06:55:10.882Z</time>
</trkpt>
<trkpt lat="42.0192519" lon="2.853353300000009">
<ele>120.68051580593703</ele>
<time>2026-08-14T06:55:12.882Z</time>
</trkpt>
<trkpt lat="42.0192785" lon="2.853338100000002">
<ele>120.27783749537106</ele>
<time>2026-08-14T06:55:14.882Z</time>
</trkpt>
<trkpt lat="42.0193048" lon="2.8533180000000016">
<ele>119.64898795028647</ele>
<time>2026-08-14T06:55:16.882Z</time>
</trkpt>
<trkpt lat="42.0193265" lon="2.8533041000000026">
<ele>119.22784950158518</ele>
<time>2026-08-14T06:55:18.889Z</time>
</trkpt>
<trkpt lat="42.0193515" lon="2.853295800000012">
<ele>119.05996194637679</ele>
<time>2026-08-14T06:55:20.767Z</time>
</trkpt>
<trkpt lat="42.0193758" lon="2.8532947999999863">
<ele>119.19715905915609</ele>
<time>2026-08-14T06:55:22.663Z</time>
</trkpt>
<trkpt lat="42.0194029" lon="2.853310300000004">
<ele>120.08430275244424</ele>
<time>2026-08-14T06:55:24.882Z</time>
</trkpt>
<trkpt lat="42.019423" lon="2.8533200999999906">
<ele>120.67792974178276</ele>
<time>2026-08-14T06:55:26.882Z</time>
</trkpt>
<trkpt lat="42.0194436" lon="2.8533237000000042">
<ele>121.00422474057453</ele>
<time>2026-08-14T06:55:28.708Z</time>
</trkpt>
<trkpt lat="42.0194595" lon="2.853320400000001">
<ele>120.98194014275217</ele>
<time>2026-08-14T06:55:30.546Z</time>
</trkpt>
<trkpt lat="42.0194802" lon="2.8533126000000095">
<ele>120.79355707813399</ele>
<time>2026-08-14T06:55:32.768Z</time>
</trkpt>
<trkpt lat="42.0194958" lon="2.8533181999999897">
<ele>121.17819759524147</ele>
<time>2026-08-14T06:55:34.727Z</time>
</trkpt>
<trkpt lat="42.0195122" lon="2.8533423000000084">
<ele>122.40558220228614</ele>
<time>2026-08-14T06:55:36.942Z</time>
</trkpt>
<trkpt lat="42.0195223" lon="2.853357299999999">
<ele>123.16465897914802</ele>
<time>2026-08-14T06:55:38.882Z</time>
</trkpt>
<trkpt lat="42.019536" lon="2.853365700000012">
<ele>123.65119761553636</ele>
<time>2026-08-14T06:55:40.882Z</time>
</trkpt>
<trkpt lat="42.0195509" lon="2.8533702000000005">
<ele>123.96956349227585</ele>
<time>2026-08-14T06:55:42.846Z</time>
</trkpt>
<trkpt lat="42.0195765" lon="2.8533721000000014">
<ele>124.25304823889381</ele>
<time>2026-08-14T06:55:44.882Z</time>
</trkpt>
<trkpt lat="42.0195888" lon="2.853365800000006">
<ele>124.0677619597056</ele>
<time>2026-08-14T06:55:46.882Z</time>
</trkpt>
<trkpt lat="42.019595" lon="2.853367999999989">
<ele>124.21396279664881</ele>
<time>2026-08-14T06:55:48.891Z</time>
</trkpt>
<trkpt lat="42.0195908" lon="2.8533716000000027">
<ele>124.3414911053682</ele>
<time>2026-08-14T06:55:50.905Z</time>
</trkpt>
<trkpt lat="42.0195935" lon="2.853373299999987">
<ele>124.43801507378498</ele>
<time>2026-08-14T06:55:52.882Z</time>
</trkpt>
<trkpt lat="42.0196085" lon="2.8533753000000104">
<ele>124.64259933296829</ele>
<time>2026-08-14T06:55:54.882Z</time>
</trkpt>
<trkpt lat="42.0196249" lon="2.853373000000005">
<ele>124.66745216430753</ele>
<time>2026-08-14T06:55:56.882Z</time>
</trkpt>
<trkpt lat="42.0196403" lon="2.853372400000012">
<ele>124.76011870246217</ele>
<time>2026-08-14T06:55:58.882Z</time>
</trkpt>
<trkpt lat="42.0196545" lon="2.8533701000000065">
<ele>124.76910940962827</ele>
<time>2026-08-14T06:56:00.882Z</time>
</trkpt>
<trkpt lat="42.0196689" lon="2.8533722999999895">
<ele>124.97704993905622</ele>
<time>2026-08-14T06:56:02.689Z</time>
</trkpt>
<trkpt lat="42.01968" lon="2.8533688999999924">
<ele>124.91468463364518</ele>
<time>2026-08-14T06:56:04.564Z</time>
</trkpt>
<trkpt lat="42.0197004" lon="2.853371199999998">
<ele>125.17308122015547</ele>
<time>2026-08-14T06:56:06.743Z</time>
</trkpt>
<trkpt lat="42.0197134" lon="2.853365800000006">
<ele>125.040158665851</ele>
<time>2026-08-14T06:56:08.622Z</time>
</trkpt>
<trkpt lat="42.0197293" lon="2.8533729000000108">
<ele>125.47034583807869</ele>
<time>2026-08-14T06:56:10.629Z</time>
</trkpt>
<trkpt lat="42.0197473" lon="2.853375800000009">
<ele>125.73404028169581</ele>
<time>2026-08-14T06:56:12.788Z</time>
</trkpt>
<trkpt lat="42.0197574" lon="2.853378499999991">
<ele>125.86467057726297</ele>
<time>2026-08-14T06:56:14.882Z</time>
</trkpt>
<trkpt lat="42.0197721" lon="2.8533807999999965">
<ele>125.95649799824616</ele>
<time>2026-08-14T06:56:16.868Z</time>
</trkpt>
<trkpt lat="42.0197857" lon="2.8533807000000024">
<ele>125.94605984582533</ele>
<time>2026-08-14T06:56:18.923Z</time>
</trkpt>
<trkpt lat="42.0198017" lon="2.853381600000006">
<ele>125.9769495697342</ele>
<time>2026-08-14T06:56:20.910Z</time>
</trkpt>
<trkpt lat="42.0198176" lon="2.8533805000000143">
<ele>125.92314250710798</ele>
<time>2026-08-14T06:56:22.802Z</time>
</trkpt>
<trkpt lat="42.0198338" lon="2.8533840000000055">
<ele>126.06305452213908</ele>
<time>2026-08-14T06:56:24.625Z</time>
</trkpt>
<trkpt lat="42.0198548" lon="2.8533847999999864">
<ele>126.08631729271136</ele>
<time>2026-08-14T06:56:26.647Z</time>
</trkpt>
<trkpt lat="42.0198725" lon="2.853390399999995">
<ele>126.31095522072418</ele>
<time>2026-08-14T06:56:28.905Z</time>
</trkpt>
<trkpt lat="42.0198922" lon="2.8533959000000095">
<ele>126.52824500625313</ele>
<time>2026-08-14T06:56:30.920Z</time>
</trkpt>
<trkpt lat="42.0199096" lon="2.8533999999999935">
<ele>126.68705575726331</ele>
<time>2026-08-14T06:56:32.934Z</time>
</trkpt>
<trkpt lat="42.0199298" lon="2.8534072999999864">
<ele>126.97404161304658</ele>
<time>2026-08-14T06:56:34.922Z</time>
</trkpt>
<trkpt lat="42.0199495" lon="2.8534139999999866">
<ele>127.1874404278037</ele>
<time>2026-08-14T06:56:36.905Z</time>
</trkpt>
<trkpt lat="42.0199741" lon="2.853421400000002">
<ele>127.39981149909285</ele>
<time>2026-08-14T06:56:38.882Z</time>
</trkpt>
<trkpt lat="42.0199927" lon="2.8534315999999933">
<ele>127.6905429585618</ele>
<time>2026-08-14T06:56:40.884Z</time>
</trkpt>
<trkpt lat="42.0200157" lon="2.8534349999999904">
<ele>127.7440547262814</ele>
<time>2026-08-14T06:56:42.898Z</time>
</trkpt>
<trkpt lat="42.0200365" lon="2.8534430999999927">
<ele>127.70804351767498</ele>
<time>2026-08-14T06:56:44.869Z</time>
</trkpt>
<trkpt lat="42.020066" lon="2.853447700000004">
<ele>126.99632744900688</ele>
<time>2026-08-14T06:56:46.882Z</time>
</trkpt>
<trkpt lat="42.0201018" lon="2.8534540999999933">
<ele>126.12430145212853</ele>
<time>2026-08-14T06:56:48.746Z</time>
</trkpt>
<trkpt lat="42.020137" lon="2.853459600000008">
<ele>125.2163696964107</ele>
<time>2026-08-14T06:56:50.585Z</time>
</trkpt>
<trkpt lat="42.0201683" lon="2.8534811000000104">
<ele>124.69335392363979</ele>
<time>2026-08-14T06:56:52.648Z</time>
</trkpt>
<trkpt lat="42.0201859" lon="2.853508599999998">
<ele>124.62053347871267</ele>
<time>2026-08-14T06:56:54.463Z</time>
</trkpt>
<trkpt lat="42.020208" lon="2.853535999999991">
<ele>124.31391468279035</ele>
<time>2026-08-14T06:56:56.502Z</time>
</trkpt>
<trkpt lat="42.0202231" lon="2.8535617">
<ele>124.15240579332068</ele>
<time>2026-08-14T06:56:58.925Z</time>
</trkpt>
<trkpt lat="42.0202297" lon="2.853568999999993">
<ele>124.00847126328202</ele>
<time>2026-08-14T06:57:00.828Z</time>
</trkpt>
<trkpt lat="42.0202457" lon="2.8535888000000114">
<ele>123.65597696138451</ele>
<time>2026-08-14T06:57:02.759Z</time>
</trkpt>
<trkpt lat="42.020261" lon="2.8536109000000067">
<ele>123.31058925879422</ele>
<time>2026-08-14T06:57:04.706Z</time>
</trkpt>
<trkpt lat="42.0202656" lon="2.8536379999999895">
<ele>123.42628433040244</ele>
<time>2026-08-14T06:57:06.865Z</time>
</trkpt>
<trkpt lat="42.0202673" lon="2.8536564999999996">
<ele>123.55838327657548</ele>
<time>2026-08-14T06:57:08.744Z</time>
</trkpt>
<trkpt lat="42.020259" lon="2.8536676999999884">
<ele>124.0584072744646</ele>
<time>2026-08-14T06:57:10.932Z</time>
</trkpt>
<trkpt lat="42.0202642" lon="2.853668599999992">
<ele>123.83317876492384</ele>
<time>2026-08-14T06:57:12.881Z</time>
</trkpt>
<trkpt lat="42.0202612" lon="2.8536876000000007">
<ele>124.16710150854843</ele>
<time>2026-08-14T06:57:14.847Z</time>
</trkpt>
<trkpt lat="42.0202506" lon="2.8537068999999917">
<ele>124.67081116911645</ele>
<time>2026-08-14T06:57:16.882Z</time>
</trkpt>
<trkpt lat="42.0202329" lon="2.8537138000000084">
<ele>125.50747811462026</ele>
<time>2026-08-14T06:57:18.824Z</time>
</trkpt>
<trkpt lat="42.0202182" lon="2.8537100000000066">
<ele>126.19591152726338</ele>
<time>2026-08-14T06:57:20.901Z</time>
</trkpt>
<trkpt lat="42.020205" lon="2.8536941000000127">
<ele>126.79763180504537</ele>
<time>2026-08-14T06:57:22.785Z</time>
</trkpt>
<trkpt lat="42.0202104" lon="2.853675100000004">
<ele>126.37275470431507</ele>
<time>2026-08-14T06:57:24.882Z</time>
</trkpt>
<trkpt lat="42.0202094" lon="2.8536665000000028">
<ele>126.28541223424911</ele>
<time>2026-08-14T06:57:26.769Z</time>
</trkpt>
<trkpt lat="42.0202003" lon="2.8536445999999955">
<ele>126.3423209721086</ele>
<time>2026-08-14T06:57:28.882Z</time>
</trkpt>
<trkpt lat="42.0201927" lon="2.853624300000007">
<ele>126.33300875586664</ele>
<time>2026-08-14T06:57:30.882Z</time>
</trkpt>
<trkpt lat="42.0201824" lon="2.853610500000002">
<ele>126.52345417908633</ele>
<time>2026-08-14T06:57:32.784Z</time>
</trkpt>
<trkpt lat="42.0201635" lon="2.8536009000000035">
<ele>127.11503793726298</ele>
<time>2026-08-14T06:57:34.808Z</time>
</trkpt>
<trkpt lat="42.0201391" lon="2.853598699999992">
<ele>128.05028393031236</ele>
<time>2026-08-14T06:57:36.767Z</time>
</trkpt>
<trkpt lat="42.0201221" lon="2.853593200000006">
<ele>128.60936925401793</ele>
<time>2026-08-14T06:57:38.882Z</time>
</trkpt>
<trkpt lat="42.0201066" lon="2.8535937999999987">
<ele>129.23749191372474</ele>
<time>2026-08-14T06:57:40.948Z</time>
</trkpt>
<trkpt lat="42.020095" lon="2.8535944999999856">
<ele>129.71455816070323</ele>
<time>2026-08-14T06:57:42.808Z</time>
</trkpt>
<trkpt lat="42.0200859" lon="2.853594600000008">
<ele>130.07850783445036</ele>
<time>2026-08-14T06:57:44.882Z</time>
</trkpt>
<trkpt lat="42.0200742" lon="2.8536062999999956">
<ele>130.84451082958114</ele>
<time>2026-08-14T06:57:46.864Z</time>
</trkpt>
<trkpt lat="42.0200501" lon="2.853612499999997">
<ele>131.99429805976862</ele>
<time>2026-08-14T06:57:48.900Z</time>
</trkpt>
<trkpt lat="42.0200361" lon="2.853614300000004">
<ele>132.6210491449478</ele>
<time>2026-08-14T06:57:50.916Z</time>
</trkpt>
<trkpt lat="42.0200208" lon="2.8536188999999865">
<ele>133.18709546160255</ele>
<time>2026-08-14T06:57:52.933Z</time>
</trkpt>
<trkpt lat="42.0200047" lon="2.8536188999999865">
<ele>133.39355240417734</ele>
<time>2026-08-14T06:57:54.889Z</time>
</trkpt>
<trkpt lat="42.0199899" lon="2.853621699999991">
<ele>133.6713440063028</ele>
<time>2026-08-14T06:57:56.864Z</time>
</trkpt>
<trkpt lat="42.0199769" lon="2.853624599999989">
<ele>133.93343840710557</ele>
<time>2026-08-14T06:57:58.848Z</time>
</trkpt>
<trkpt lat="42.0199678" lon="2.853628200000003">
<ele>134.17080466568936</ele>
<time>2026-08-14T06:58:00.904Z</time>
</trkpt>
<trkpt lat="42.0199664" lon="2.8536258999999973">
<ele>134.11411875437054</ele>
<time>2026-08-14T06:58:02.898Z</time>
</trkpt>
<trkpt lat="42.0199595" lon="2.8536233000000095">
<ele>134.1191215525691</ele>
<time>2026-08-14T06:58:04.702Z</time>
</trkpt>
<trkpt lat="42.0199542" lon="2.8536281000000088">
<ele>134.34909609997632</ele>
<time>2026-08-14T06:58:06.748Z</time>
</trkpt>
<trkpt lat="42.0199505" lon="2.853630399999986">
<ele>134.4759688688162</ele>
<time>2026-08-14T06:58:08.942Z</time>
</trkpt>
<trkpt lat="42.0199279" lon="2.8536479999999926">
<ele>135.39629747238718</ele>
<time>2026-08-14T06:58:10.882Z</time>
</trkpt>
<trkpt lat="42.0199163" lon="2.8536569000000043">
<ele>135.88160156884962</ele>
<time>2026-08-14T06:58:12.882Z</time>
</trkpt>
<trkpt lat="42.0199023" lon="2.853658899999999">
<ele>136.16447424800035</ele>
<time>2026-08-14T06:58:14.882Z</time>
</trkpt>
<trkpt lat="42.0198875" lon="2.853664600000002">
<ele>136.60071654500197</ele>
<time>2026-08-14T06:58:16.745Z</time>
</trkpt>
<trkpt lat="42.0198817" lon="2.8536728999999923">
<ele>137.00254814110622</ele>
<time>2026-08-14T06:58:18.809Z</time>
</trkpt>
<trkpt lat="42.0198886" lon="2.853667900000005">
<ele>136.70658999080342</ele>
<time>2026-08-14T06:58:20.905Z</time>
</trkpt>
<trkpt lat="42.019897" lon="2.8536608">
<ele>136.3143965838432</ele>
<time>2026-08-14T06:58:22.718Z</time>
</trkpt>
<trkpt lat="42.0198927" lon="2.8536565999999937">
<ele>136.22447359994612</ele>
<time>2026-08-14T06:58:24.562Z</time>
</trkpt>
<trkpt lat="42.0198784" lon="2.8536598000000026">
<ele>136.55971259813592</ele>
<time>2026-08-14T06:58:26.706Z</time>
</trkpt>
<trkpt lat="42.0198641" lon="2.8536623999999904">
<ele>136.87701158176495</ele>
<time>2026-08-14T06:58:28.546Z</time>
</trkpt>
<trkpt lat="42.0198439" lon="2.853671100000014">
<ele>137.53250408764197</ele>
<time>2026-08-14T06:58:30.546Z</time>
</trkpt>
<trkpt lat="42.0198306" lon="2.8536750000000097">
<ele>137.90094236482597</ele>
<time>2026-08-14T06:58:32.482Z</time>
</trkpt>
<trkpt lat="42.019813" lon="2.853679900000003">
<ele>138.38678650178127</ele>
<time>2026-08-14T06:58:34.506Z</time>
</trkpt>
<trkpt lat="42.0197967" lon="2.8536876000000007">
<ele>138.94699138450545</ele>
<time>2026-08-14T06:58:36.387Z</time>
</trkpt>
<trkpt lat="42.0197771" lon="2.8536860000000104">
<ele>139.23320586049536</ele>
<time>2026-08-14T06:58:38.226Z</time>
</trkpt>
<trkpt lat="42.0197594" lon="2.853685399999989">
<ele>139.50673209665757</ele>
<time>2026-08-14T06:58:40.386Z</time>
</trkpt>
<trkpt lat="42.0197433" lon="2.8536946000000114">
<ele>139.92493306042456</ele>
<time>2026-08-14T06:58:42.186Z</time>
</trkpt>
<trkpt lat="42.0197223" lon="2.853702900000002">
<ele>140.10876040445797</ele>
<time>2026-08-14T06:58:44.545Z</time>
</trkpt>
<trkpt lat="42.0197" lon="2.8537120999999956">
<ele>140.33145569386735</ele>
<time>2026-08-14T06:58:46.888Z</time>
</trkpt>
<trkpt lat="42.0196883" lon="2.853720900000013">
<ele>140.5827676405653</ele>
<time>2026-08-14T06:58:48.704Z</time>
</trkpt>
<trkpt lat="42.0196753" lon="2.8537220000000048">
<ele>140.58774472688683</ele>
<time>2026-08-14T06:58:50.608Z</time>
</trkpt>
<trkpt lat="42.0196531" lon="2.853722199999993">
<ele>140.54248413839468</ele>
<time>2026-08-14T06:58:52.882Z</time>
</trkpt>
<trkpt lat="42.0196358" lon="2.8537284999999883">
<ele>140.7181569618555</ele>
<time>2026-08-14T06:58:54.882Z</time>
</trkpt>
<trkpt lat="42.0196173" lon="2.8537293999999918">
<ele>140.71116755451703</ele>
<time>2026-08-14T06:58:56.702Z</time>
</trkpt>
<trkpt lat="42.0195966" lon="2.8537358000000097">
<ele>140.8982999755775</ele>
<time>2026-08-14T06:58:58.925Z</time>
</trkpt>
<trkpt lat="42.01958" lon="2.8537455000000023">
<ele>141.22281893833286</ele>
<time>2026-08-14T06:59:00.905Z</time>
</trkpt>
<trkpt lat="42.0195634" lon="2.853742699999998">
<ele>141.09541140599887</ele>
<time>2026-08-14T06:59:02.724Z</time>
</trkpt>
<trkpt lat="42.0195481" lon="2.8537475999999913">
<ele>141.25741651870766</ele>
<time>2026-08-14T06:59:04.882Z</time>
</trkpt>
<trkpt lat="42.019532" lon="2.85375590000001">
<ele>141.55519024292116</ele>
<time>2026-08-14T06:59:06.882Z</time>
</trkpt>
<trkpt lat="42.0195166" lon="2.8537594999999953">
<ele>141.68055397089338</ele>
<time>2026-08-14T06:59:08.882Z</time>
</trkpt>
<trkpt lat="42.0195003" lon="2.85376389999999">
<ele>141.8414742628222</ele>
<time>2026-08-14T06:59:10.882Z</time>
</trkpt>
<trkpt lat="42.0194923" lon="2.85377969999999">
<ele>142.46845120116885</ele>
<time>2026-08-14T06:59:12.884Z</time>
</trkpt>
<trkpt lat="42.0194796" lon="2.8537924999999973">
<ele>142.98672128341562</ele>
<time>2026-08-14T06:59:14.687Z</time>
</trkpt>
<trkpt lat="42.0194608" lon="2.853810699999997">
<ele>143.59595566747655</ele>
<time>2026-08-14T06:59:16.882Z</time>
</trkpt>
<trkpt lat="42.0194482" lon="2.853822000000008">
<ele>143.8983514745376</ele>
<time>2026-08-14T06:59:18.882Z</time>
</trkpt>
<trkpt lat="42.0194467" lon="2.853822699999995">
<ele>143.90803239060298</ele>
<time>2026-08-14T06:59:20.835Z</time>
</trkpt>
<trkpt lat="42.0194308" lon="2.853827800000005">
<ele>143.91634597775</ele>
<time>2026-08-14T06:59:22.882Z</time>
</trkpt>
<trkpt lat="42.0194257" lon="2.8538342999999884">
<ele>144.12121232678868</ele>
<time>2026-08-14T06:59:24.882Z</time>
</trkpt>
<trkpt lat="42.0194212" lon="2.853839800000003">
<ele>144.29295173676545</ele>
<time>2026-08-14T06:59:26.886Z</time>
</trkpt>
<trkpt lat="42.0194111" lon="2.8538370999999927">
<ele>144.0539308248779</ele>
<time>2026-08-14T06:59:28.902Z</time>
</trkpt>
<trkpt lat="42.0193927" lon="2.8538369000000046">
<ele>143.81440320725997</ele>
<time>2026-08-14T06:59:30.705Z</time>
</trkpt>
<trkpt lat="42.0193853" lon="2.8538428999999894">
<ele>143.9735563741474</ele>
<time>2026-08-14T06:59:32.665Z</time>
</trkpt>
<trkpt lat="42.0193809" lon="2.853851600000013">
<ele>144.28474247853532</ele>
<time>2026-08-14T06:59:34.929Z</time>
</trkpt>
<trkpt lat="42.0193666" lon="2.853837700000014">
<ele>143.5202815179166</ele>
<time>2026-08-14T06:59:36.882Z</time>
</trkpt>
<trkpt lat="42.0193536" lon="2.8538384000000008">
<ele>143.38679662066713</ele>
<time>2026-08-14T06:59:38.769Z</time>
</trkpt>
<trkpt lat="42.0193314" lon="2.8538414999999873">
<ele>143.2408474261553</ele>
<time>2026-08-14T06:59:40.885Z</time>
</trkpt>
<trkpt lat="42.0193195" lon="2.8538421000000085">
<ele>143.11781872455052</ele>
<time>2026-08-14T06:59:42.866Z</time>
</trkpt>
<trkpt lat="42.0193065" lon="2.853848499999998">
<ele>143.23118558064223</ele>
<time>2026-08-14T06:59:44.918Z</time>
</trkpt>
<trkpt lat="42.0192938" lon="2.8538508999999976">
<ele>143.17744881001826</ele>
<time>2026-08-14T06:59:46.769Z</time>
</trkpt>
<trkpt lat="42.0192762" lon="2.853869599999996">
<ele>143.77317902040733</ele>
<time>2026-08-14T06:59:48.882Z</time>
</trkpt>
<trkpt lat="42.0192606" lon="2.8538837000000115">
<ele>144.20048998914442</ele>
<time>2026-08-14T06:59:50.882Z</time>
</trkpt>
<trkpt lat="42.0192522" lon="2.8538923000000125">
<ele>144.47722254895297</ele>
<time>2026-08-14T06:59:52.706Z</time>
</trkpt>
<trkpt lat="42.0192496" lon="2.853889400000014">
<ele>144.3193009724336</ele>
<time>2026-08-14T06:59:54.546Z</time>
</trkpt>
<trkpt lat="42.0192344" lon="2.8539011000000016">
<ele>144.65479333330558</ele>
<time>2026-08-14T06:59:56.763Z</time>
</trkpt>
<trkpt lat="42.0192192" lon="2.8539088999999933">
<ele>144.82243167603391</ele>
<time>2026-08-14T06:59:58.919Z</time>
</trkpt>
<trkpt lat="42.0192103" lon="2.853917800000005">
<ele>145.11445984113135</ele>
<time>2026-08-14T07:00:00.843Z</time>
</trkpt>
<trkpt lat="42.0192114" lon="2.853921000000014">
<ele>145.2691017343308</ele>
<time>2026-08-14T07:00:02.764Z</time>
</trkpt>
<trkpt lat="42.0192172" lon="2.853912600000001">
<ele>144.96318766208586</ele>
<time>2026-08-14T07:00:04.882Z</time>
</trkpt>
<trkpt lat="42.019215" lon="2.85391580000001">
<ele>145.07967976129848</ele>
<time>2026-08-14T07:00:06.882Z</time>
</trkpt>
<trkpt lat="42.0192139" lon="2.8539155999999934">
<ele>145.05816719538853</ele>
<time>2026-08-14T07:00:08.888Z</time>
</trkpt>
<trkpt lat="42.0192059" lon="2.853923000000009">
<ele>145.29519522535298</ele>
<time>2026-08-14T07:00:10.903Z</time>
</trkpt>
<trkpt lat="42.0191972" lon="2.8539312999999993">
<ele>145.56604427107925</ele>
<time>2026-08-14T07:00:12.826Z</time>
</trkpt>
<trkpt lat="42.0191928" lon="2.8539381999999875">
<ele>145.83043225516883</ele>
<time>2026-08-14T07:00:14.941Z</time>
</trkpt>
<trkpt lat="42.0191893" lon="2.853948800000012">
<ele>146.30564439713856</ele>
<time>2026-08-14T07:00:16.882Z</time>
</trkpt>
<trkpt lat="42.0191888" lon="2.8539501999999857">
<ele>146.3685577219427</ele>
<time>2026-08-14T07:00:18.861Z</time>
</trkpt>
<trkpt lat="42.0191866" lon="2.8539586999999926">
<ele>146.75054823218207</ele>
<time>2026-08-14T07:00:20.882Z</time>
</trkpt>
<trkpt lat="42.0191865" lon="2.8539587999999867">
<ele>146.75510681588167</ele>
<time>2026-08-14T07:00:22.893Z</time>
</trkpt>
<trkpt lat="42.0191847" lon="2.8539617000000135">
<ele>146.88654842412237</ele>
<time>2026-08-14T07:00:24.910Z</time>
</trkpt>
<trkpt lat="42.019185" lon="2.8539624000000003">
<ele>146.91766145061285</ele>
<time>2026-08-14T07:00:26.926Z</time>
</trkpt>
<trkpt lat="42.0191854" lon="2.853962999999993">
<ele>146.94419376109587</ele>
<time>2026-08-14T07:00:28.882Z</time>
</trkpt>
<trkpt lat="42.0191853" lon="2.853964200000007">
<ele>147.00234182318076</ele>
<time>2026-08-14T07:00:30.882Z</time>
</trkpt>
<trkpt lat="42.0191731" lon="2.853970199999992">
<ele>147.35291079325654</ele>
<time>2026-08-14T07:00:32.828Z</time>
</trkpt>
<trkpt lat="42.019165" lon="2.853994099999994">
<ele>148.71035511741246</ele>
<time>2026-08-14T07:00:34.882Z</time>
</trkpt>
<trkpt lat="42.0191537" lon="2.854006300000009">
<ele>149.4062176519104</ele>
<time>2026-08-14T07:00:36.896Z</time>
</trkpt>
<trkpt lat="42.0191318" lon="2.854009999999988">
<ele>149.62694022659232</ele>
<time>2026-08-14T07:00:38.882Z</time>
</trkpt>
<trkpt lat="42.0191256" lon="2.8540155000000027">
<ele>149.9393666562586</ele>
<time>2026-08-14T07:00:40.704Z</time>
</trkpt>
<trkpt lat="42.0191086" lon="2.8540135000000078">
<ele>149.83582732904065</ele>
<time>2026-08-14T07:00:42.882Z</time>
</trkpt>
<trkpt lat="42.0191021" lon="2.8540141000000006">
<ele>149.8728049183288</ele>
<time>2026-08-14T07:00:44.882Z</time>
</trkpt>
<trkpt lat="42.0191001" lon="2.854013600000002">
<ele>149.84584327474568</ele>
<time>2026-08-14T07:00:46.882Z</time>
</trkpt>
<trkpt lat="42.0190962" lon="2.8540155999999968">
<ele>149.9597704532555</ele>
<time>2026-08-14T07:00:48.883Z</time>
</trkpt>
<trkpt lat="42.0190981" lon="2.8540212000000054">
<ele>150.2722296985142</ele>
<time>2026-08-14T07:00:50.899Z</time>
</trkpt>
<trkpt lat="42.0191004" lon="2.854046199999999">
<ele>151.67081005630868</ele>
<time>2026-08-14T07:00:52.914Z</time>
</trkpt>
<trkpt lat="42.0191028" lon="2.854063800000006">
<ele>152.65587240517556</ele>
<time>2026-08-14T07:00:54.886Z</time>
</trkpt>
<trkpt lat="42.0191071" lon="2.8540734999999984">
<ele>153.1989497961041</ele>
<time>2026-08-14T07:00:56.882Z</time>
</trkpt>
<trkpt lat="42.0191122" lon="2.8540763000000027">
<ele>153.3557753952169</ele>
<time>2026-08-14T07:00:58.948Z</time>
</trkpt>
<trkpt lat="42.0191277" lon="2.854088399999995">
<ele>154.03559105839378</ele>
<time>2026-08-14T07:01:00.882Z</time>
</trkpt>
<trkpt lat="42.0191428" lon="2.854101600000007">
<ele>154.7802995934487</ele>
<time>2026-08-14T07:01:02.882Z</time>
</trkpt>
<trkpt lat="42.019158" lon="2.854108700000012">
<ele>155.18390561940714</ele>
<time>2026-08-14T07:01:04.723Z</time>
</trkpt>
<trkpt lat="42.0191749" lon="2.854126699999995">
<ele>156.20650016429283</ele>
<time>2026-08-14T07:01:06.947Z</time>
</trkpt>
<trkpt lat="42.0191846" lon="2.8541371000000026">
<ele>156.79952470166754</ele>
<time>2026-08-14T07:01:08.866Z</time>
</trkpt>
<trkpt lat="42.0192019" lon="2.854129499999999">
<ele>156.3625151655206</ele>
<time>2026-08-14T07:01:10.882Z</time>
</trkpt>
<trkpt lat="42.0192181" lon="2.854131599999988">
<ele>156.45904757574553</ele>
<time>2026-08-14T07:01:12.843Z</time>
</trkpt>
<trkpt lat="42.0192353" lon="2.854130800000007">
<ele>156.39348619955862</ele>
<time>2026-08-14T07:01:14.882Z</time>
</trkpt>
<trkpt lat="42.0192518" lon="2.8541427000000112">
<ele>156.997420958703</ele>
<time>2026-08-14T07:01:16.906Z</time>
</trkpt>
<trkpt lat="42.0192636" lon="2.8541457999999977">
<ele>157.1324972356459</ele>
<time>2026-08-14T07:01:18.894Z</time>
</trkpt>
<trkpt lat="42.019269" lon="2.854132800000002">
<ele>156.45363277173328</ele>
<time>2026-08-14T07:01:20.922Z</time>
</trkpt>
<trkpt lat="42.0192823" lon="2.8541256999999973">
<ele>156.0779816231684</ele>
<time>2026-08-14T07:01:22.882Z</time>
</trkpt>
<trkpt lat="42.0192857" lon="2.8541305999999906">
<ele>156.32014641460646</ele>
<time>2026-08-14T07:01:24.882Z</time>
</trkpt>
<trkpt lat="42.0192869" lon="2.8541411999999866">
<ele>156.8481254359583</ele>
<time>2026-08-14T07:01:26.684Z</time>
</trkpt>
<trkpt lat="42.0192837" lon="2.8541461000000083">
<ele>157.1004487705151</ele>
<time>2026-08-14T07:01:28.948Z</time>
</trkpt>
<trkpt lat="42.0192861" lon="2.8541404000000057">
<ele>156.8097272075039</ele>
<time>2026-08-14T07:01:30.908Z</time>
</trkpt>
<trkpt lat="42.0192906" lon="2.854140699999988">
<ele>156.81584699625094</ele>
<time>2026-08-14T07:01:32.905Z</time>
</trkpt>
<trkpt lat="42.0192979" lon="2.854143899999997">
<ele>156.95872688140423</ele>
<time>2026-08-14T07:01:34.905Z</time>
</trkpt>
<trkpt lat="42.0193081" lon="2.8541463999999905">
<ele>157.05726278816894</ele>
<time>2026-08-14T07:01:36.923Z</time>
</trkpt>
<trkpt lat="42.0193215" lon="2.854144700000006">
<ele>156.94462516327906</ele>
<time>2026-08-14T07:01:38.828Z</time>
</trkpt>
<trkpt lat="42.0193382" lon="2.8541476000000046">
<ele>157.04089645745952</ele>
<time>2026-08-14T07:01:40.882Z</time>
</trkpt>
<trkpt lat="42.0193512" lon="2.8541534000000013">
<ele>157.27142441746776</ele>
<time>2026-08-14T07:01:42.923Z</time>
</trkpt>
<trkpt lat="42.019367" lon="2.854146600000007">
<ele>156.9255032231712</ele>
<time>2026-08-14T07:01:44.915Z</time>
</trkpt>
<trkpt lat="42.0193826" lon="2.85414209999999">
<ele>156.69446972587016</ele>
<time>2026-08-14T07:01:46.743Z</time>
</trkpt>
<trkpt lat="42.0193944" lon="2.8541371000000026">
<ele>156.45917587844158</ele>
<time>2026-08-14T07:01:48.921Z</time>
</trkpt>
<trkpt lat="42.0194031" lon="2.854134600000009">
<ele>156.34044572954411</ele>
<time>2026-08-14T07:01:50.782Z</time>
</trkpt>
<trkpt lat="42.0194162" lon="2.854132600000014">
<ele>156.2392146506575</ele>
<time>2026-08-14T07:01:52.882Z</time>
</trkpt>
<trkpt lat="42.0194243" lon="2.8541342999999983">
<ele>156.29597050779503</ele>
<time>2026-08-14T07:01:54.725Z</time>
</trkpt>
<trkpt lat="42.0194357" lon="2.8541342000000043">
<ele>156.27483747961372</ele>
<time>2026-08-14T07:01:56.905Z</time>
</trkpt>
<trkpt lat="42.0194515" lon="2.8541374000000133">
<ele>156.37276685297903</ele>
<time>2026-08-14T07:01:58.806Z</time>
</trkpt>
<trkpt lat="42.0194763" lon="2.8541425999999888">
<ele>156.38398337548946</ele>
<time>2026-08-14T07:02:00.807Z</time>
</trkpt>
<trkpt lat="42.0194903" lon="2.854146600000007">
<ele>156.100898067934</ele>
<time>2026-08-14T07:02:02.983Z</time>
</trkpt>
<trkpt lat="42.0195049" lon="2.85414209999999">
<ele>155.5101379212918</ele>
<time>2026-08-14T07:02:04.888Z</time>
</trkpt>
<trkpt lat="42.0195183" lon="2.8541381">
<ele>154.98659015316133</ele>
<time>2026-08-14T07:02:06.882Z</time>
</trkpt>
<trkpt lat="42.0195312" lon="2.8541456000000096">
<ele>154.82460617378112</ele>
<time>2026-08-14T07:02:08.883Z</time>
</trkpt>
<trkpt lat="42.0195448" lon="2.854154499999993">
<ele>154.65433772200106</ele>
<time>2026-08-14T07:02:10.915Z</time>
</trkpt>
<trkpt lat="42.0195553" lon="2.8541561000000115">
<ele>154.36511607535903</ele>
<time>2026-08-14T07:02:12.902Z</time>
</trkpt>
<trkpt lat="42.0195662" lon="2.854153300000007">
<ele>153.95080198272524</ele>
<time>2026-08-14T07:02:14.882Z</time>
</trkpt>
<trkpt lat="42.0195827" lon="2.854155899999995">
<ele>153.49200927918713</ele>
<time>2026-08-14T07:02:16.882Z</time>
</trkpt>
<trkpt lat="42.019595" lon="2.8541588999999874">
<ele>153.16511946578373</ele>
<time>2026-08-14T07:02:18.882Z</time>
</trkpt>
<trkpt lat="42.0195971" lon="2.8541599000000133">
<ele>153.11844231646768</ele>
<time>2026-08-14T07:02:20.889Z</time>
</trkpt>
<trkpt lat="42.0196136" lon="2.8541738000000123">
<ele>152.8452389544761</ele>
<time>2026-08-14T07:02:22.906Z</time>
</trkpt>
<trkpt lat="42.019618" lon="2.854172500000004">
<ele>152.6724872582158</ele>
<time>2026-08-14T07:02:24.922Z</time>
</trkpt>
<trkpt lat="42.0196173" lon="2.854174900000004">
<ele>152.73952365548985</ele>
<time>2026-08-14T07:02:26.938Z</time>
</trkpt>
<trkpt lat="42.0196228" lon="2.8541596000000027">
<ele>152.28611840501947</ele>
<time>2026-08-14T07:02:28.882Z</time>
</trkpt>
<trkpt lat="42.0196206" lon="2.854148600000002">
<ele>152.16257503638238</ele>
<time>2026-08-14T07:02:30.702Z</time>
</trkpt>
<trkpt lat="42.0196259" lon="2.8541409000000044">
<ele>151.8687938915754</ele>
<time>2026-08-14T07:02:32.886Z</time>
</trkpt>
<trkpt lat="42.0196291" lon="2.8541277999999863">
<ele>151.55629581098404</ele>
<time>2026-08-14T07:02:34.891Z</time>
</trkpt>
<trkpt lat="42.0196438" lon="2.8541165999999976">
<ele>150.97822640491557</ele>
<time>2026-08-14T07:02:36.907Z</time>
</trkpt>
<trkpt lat="42.0196547" lon="2.854127500000004">
<ele>150.83264650725025</ele>
<time>2026-08-14T07:02:38.923Z</time>
</trkpt>
<trkpt lat="42.0196491" lon="2.854125900000014">
<ele>150.96738466459328</ele>
<time>2026-08-14T07:02:40.882Z</time>
</trkpt>
<trkpt lat="42.0196496" lon="2.854121099999986">
<ele>150.88633817701984</ele>
<time>2026-08-14T07:02:42.862Z</time>
</trkpt>
<trkpt lat="42.0196466" lon="2.854113600000005">
<ele>150.86040662850323</ele>
<time>2026-08-14T07:02:44.882Z</time>
</trkpt>
<trkpt lat="42.0196458" lon="2.8541131000000064">
<ele>150.8742228274623</ele>
<time>2026-08-14T07:02:46.882Z</time>
</trkpt>
<trkpt lat="42.0196459" lon="2.8541138999999873">
<ele>150.88315888106771</ele>
<time>2026-08-14T07:02:48.890Z</time>
</trkpt>
<trkpt lat="42.0196488" lon="2.8541171999999904">
<ele>150.8532235215675</ele>
<time>2026-08-14T07:02:50.906Z</time>
</trkpt>
<trkpt lat="42.0196468" lon="2.854122899999993">
<ele>150.9884761203878</ele>
<time>2026-08-14T07:02:52.922Z</time>
</trkpt>
<trkpt lat="42.0196467" lon="2.8541257999999914">
<ele>151.03283836382997</ele>
<time>2026-08-14T07:02:54.938Z</time>
</trkpt>
<trkpt lat="42.0196471" lon="2.854124600000006">
<ele>151.0045369353241</ele>
<time>2026-08-14T07:02:56.882Z</time>
</trkpt>
<trkpt lat="42.0196455" lon="2.854132899999996">
<ele>151.16922901571337</ele>
<time>2026-08-14T07:02:58.766Z</time>
</trkpt>
<trkpt lat="42.0196387" lon="2.854114199999998">
<ele>151.07747401207604</ele>
<time>2026-08-14T07:03:00.882Z</time>
</trkpt>
<trkpt lat="42.0196459" lon="2.8541028999999867">
<ele>150.7241991309411</ele>
<time>2026-08-14T07:03:02.888Z</time>
</trkpt>
<trkpt lat="42.0196501" lon="2.854080600000003">
<ele>150.30902420050742</ele>
<time>2026-08-14T07:03:04.904Z</time>
</trkpt>
<trkpt lat="42.0196463" lon="2.8540539999999908">
<ele>150.01005095831746</ele>
<time>2026-08-14T07:03:06.919Z</time>
</trkpt>
<trkpt lat="42.0196425" lon="2.854041599999988">
<ele>149.8967602410218</ele>
<time>2026-08-14T07:03:08.934Z</time>
</trkpt>
<trkpt lat="42.0196365" lon="2.854043499999989">
<ele>150.02954211941795</ele>
<time>2026-08-14T07:03:10.950Z</time>
</trkpt>
<trkpt lat="42.0196259" lon="2.8540639">
<ele>150.56072280271627</ele>
<time>2026-08-14T07:03:12.882Z</time>
</trkpt>
<trkpt lat="42.0196166" lon="2.854087600000014">
<ele>151.1773467807573</ele>
<time>2026-08-14T07:03:14.882Z</time>
</trkpt>
<trkpt lat="42.0196116" lon="2.8541065999999944">
<ele>151.64964247152506</ele>
<time>2026-08-14T07:03:16.886Z</time>
</trkpt>
<trkpt lat="42.0196055" lon="2.8541197000000125">
<ele>152.06115877799178</ele>
<time>2026-08-14T07:03:18.902Z</time>
</trkpt>
<trkpt lat="42.0196161" lon="2.854125900000014">
<ele>151.88710346038448</ele>
<time>2026-08-14T07:03:20.881Z</time>
</trkpt>
<trkpt lat="42.01961" lon="2.854130099999992">
<ele>152.13693262781536</ele>
<time>2026-08-14T07:03:22.934Z</time>
</trkpt>
<trkpt lat="42.0196163" lon="2.8541272999999876">
<ele>151.90701741521193</ele>
<time>2026-08-14T07:03:24.950Z</time>
</trkpt>
<trkpt lat="42.0196282" lon="2.854129499999999">
<ele>151.60997946705203</ele>
<time>2026-08-14T07:03:26.882Z</time>
</trkpt>
<trkpt lat="42.0196481" lon="2.8541370000000086">
<ele>151.15256203216364</ele>
<time>2026-08-14T07:03:28.881Z</time>
</trkpt>
<trkpt lat="42.0196595" lon="2.8541472">
<ele>150.9485911424149</ele>
<time>2026-08-14T07:03:30.884Z</time>
</trkpt>
<trkpt lat="42.019663" lon="2.85417240000001">
<ele>151.15108741699567</ele>
<time>2026-08-14T07:03:32.783Z</time>
</trkpt>
<trkpt lat="42.0196613" lon="2.8542038999999875">
<ele>151.60216133639807</ele>
<time>2026-08-14T07:03:34.914Z</time>
</trkpt>
<trkpt lat="42.0196602" lon="2.8542241000000104">
<ele>151.89896786752297</ele>
<time>2026-08-14T07:03:36.766Z</time>
</trkpt>
<trkpt lat="42.0196614" lon="2.854233899999997">
<ele>151.972925042915</ele>
<time>2026-08-14T07:03:38.882Z</time>
</trkpt>
<trkpt lat="42.0196587" lon="2.854240699999991">
<ele>152.17238973555624</ele>
<time>2026-08-14T07:03:40.881Z</time>
</trkpt>
<trkpt lat="42.0196573" lon="2.8542552000000114">
<ele>152.32465440440785</ele>
<time>2026-08-14T07:03:42.727Z</time>
</trkpt>
<trkpt lat="42.0196617" lon="2.8542674999999917">
<ele>152.2001281791261</ele>
<time>2026-08-14T07:03:44.582Z</time>
</trkpt>
<trkpt lat="42.0196621" lon="2.854274199999992">
<ele>152.21866661964475</ele>
<time>2026-08-14T07:03:46.726Z</time>
</trkpt>
<trkpt lat="42.0196553" lon="2.8542951000000016">
<ele>152.6468029464433</ele>
<time>2026-08-14T07:03:48.914Z</time>
</trkpt>
<trkpt lat="42.0196532" lon="2.8543090999999947">
<ele>152.82861060343572</ele>
<time>2026-08-14T07:03:50.882Z</time>
</trkpt>
<trkpt lat="42.0196526" lon="2.8543189000000098">
<ele>152.9165826448111</ele>
<time>2026-08-14T07:03:52.945Z</time>
</trkpt>
<trkpt lat="42.0196444" lon="2.854337799999996">
<ele>153.43578365635702</ele>
<time>2026-08-14T07:03:54.882Z</time>
</trkpt>
<trkpt lat="42.0196343" lon="2.854342300000013">
<ele>153.9668470807507</ele>
<time>2026-08-14T07:03:56.753Z</time>
</trkpt>
<trkpt lat="42.019622" lon="2.8543487000000027">
<ele>154.62973907411296</ele>
<time>2026-08-14T07:03:58.882Z</time>
</trkpt>
<trkpt lat="42.0196034" lon="2.8543579999999906">
<ele>155.64948378007648</ele>
<time>2026-08-14T07:04:00.898Z</time>
</trkpt>
<trkpt lat="42.0195919" lon="2.8543618999999865">
<ele>156.27297319166254</ele>
<time>2026-08-14T07:04:02.914Z</time>
</trkpt>
<trkpt lat="42.0195952" lon="2.854355300000009">
<ele>156.03807513344148</ele>
<time>2026-08-14T07:04:04.887Z</time>
</trkpt>
<trkpt lat="42.0196068" lon="2.8543474999999887">
<ele>155.37955723039983</ele>
<time>2026-08-14T07:04:06.882Z</time>
</trkpt>
<trkpt lat="42.019603" lon="2.8543497">
<ele>155.59049175963875</ele>
<time>2026-08-14T07:04:08.882Z</time>
</trkpt>
<trkpt lat="42.0195944" lon="2.8543545999999935">
<ele>156.07138787431248</ele>
<time>2026-08-14T07:04:10.882Z</time>
</trkpt>
<trkpt lat="42.0195823" lon="2.8543646999999908">
<ele>156.79324539942968</ele>
<time>2026-08-14T07:04:13.009Z</time>
</trkpt>
<trkpt lat="42.019574" lon="2.854371399999991">
<ele>157.29565068675552</ele>
<time>2026-08-14T07:04:14.918Z</time>
</trkpt>
<trkpt lat="42.0195658" lon="2.854383200000001">
<ele>157.86261182348326</ele>
<time>2026-08-14T07:04:16.934Z</time>
</trkpt>
<trkpt lat="42.0195569" lon="2.854395100000005">
<ele>158.48170199936817</ele>
<time>2026-08-14T07:04:18.746Z</time>
</trkpt>
<trkpt lat="42.0195479" lon="2.8544007000000136">
<ele>159.03656493729645</ele>
<time>2026-08-14T07:04:20.909Z</time>
</trkpt>
<trkpt lat="42.0195386" lon="2.8544068999999865">
<ele>159.62314259891852</ele>
<time>2026-08-14T07:04:22.893Z</time>
</trkpt>
<trkpt lat="42.0195269" lon="2.854415700000004">
<ele>160.3874311577912</ele>
<time>2026-08-14T07:04:24.905Z</time>
</trkpt>
<trkpt lat="42.0195176" lon="2.8544232000000136">
<ele>161.0130627029807</ele>
<time>2026-08-14T07:04:26.923Z</time>
</trkpt>
<trkpt lat="42.0195062" lon="2.8544363000000033">
<ele>161.85704985084558</ele>
<time>2026-08-14T07:04:28.862Z</time>
</trkpt>
<trkpt lat="42.0195038" lon="2.85444609999999">
<ele>162.15353254293152</ele>
<time>2026-08-14T07:04:30.889Z</time>
</trkpt>
<trkpt lat="42.0195" lon="2.854454599999997">
<ele>162.51210993312498</ele>
<time>2026-08-14T07:04:32.904Z</time>
</trkpt>
<trkpt lat="42.0194948" lon="2.85445949999999">
<ele>162.89486301207438</ele>
<time>2026-08-14T07:04:34.804Z</time>
</trkpt>
<trkpt lat="42.0194871" lon="2.854473100000007">
<ele>163.58022235273745</ele>
<time>2026-08-14T07:04:36.935Z</time>
</trkpt>
<trkpt lat="42.0194777" lon="2.854485600000004">
<ele>164.36160635273993</ele>
<time>2026-08-14T07:04:38.934Z</time>
</trkpt>
<trkpt lat="42.0194628" lon="2.854497400000014">
<ele>165.23712731003786</ele>
<time>2026-08-14T07:04:40.745Z</time>
</trkpt>
<trkpt lat="42.0194551" lon="2.854507699999999">
<ele>165.69719371722533</ele>
<time>2026-08-14T07:04:42.944Z</time>
</trkpt>
<trkpt lat="42.0194513" lon="2.8545187">
<ele>166.05145971074379</ele>
<time>2026-08-14T07:04:44.906Z</time>
</trkpt>
<trkpt lat="42.0194449" lon="2.8545281000000102">
<ele>166.4486157451996</ele>
<time>2026-08-14T07:04:46.921Z</time>
</trkpt>
<trkpt lat="42.0194364" lon="2.8545330000000035">
<ele>166.84150937026115</ele>
<time>2026-08-14T07:04:48.764Z</time>
</trkpt>
<trkpt lat="42.0194232" lon="2.8545467000000144">
<ele>167.5852292529418</ele>
<time>2026-08-14T07:04:50.951Z</time>
</trkpt>
<trkpt lat="42.0194175" lon="2.854557900000003">
<ele>168.02217118096755</ele>
<time>2026-08-14T07:04:52.962Z</time>
</trkpt>
<trkpt lat="42.019416" lon="2.8545633999999893">
<ele>168.19089311229052</ele>
<time>2026-08-14T07:04:54.769Z</time>
</trkpt>
<trkpt lat="42.0194107" lon="2.8545659000000114">
<ele>168.444472916673</ele>
<time>2026-08-14T07:04:56.885Z</time>
</trkpt>
<trkpt lat="42.0194103" lon="2.8545752999999934">
<ele>168.6557792191044</ele>
<time>2026-08-14T07:04:58.789Z</time>
</trkpt>
<trkpt lat="42.0194067" lon="2.8545872999999915">
<ele>169.04943325088843</ele>
<time>2026-08-14T07:05:00.688Z</time>
</trkpt>
<trkpt lat="42.0194003" lon="2.8546024999999986">
<ele>169.63290028964624</ele>
<time>2026-08-14T07:05:02.932Z</time>
</trkpt>
<trkpt lat="42.0193979" lon="2.8546177000000057">
<ele>170.06255637996645</ele>
<time>2026-08-14T07:05:04.947Z</time>
</trkpt>
<trkpt lat="42.0193935" lon="2.8546303999999907">
<ele>170.52902666318178</ele>
<time>2026-08-14T07:05:06.882Z</time>
</trkpt>
<trkpt lat="42.0193875" lon="2.854641200000003">
<ele>171.03158748929255</ele>
<time>2026-08-14T07:05:08.882Z</time>
</trkpt>
<trkpt lat="42.0193842" lon="2.8546479000000033">
<ele>171.32954346423887</ele>
<time>2026-08-14T07:05:10.804Z</time>
</trkpt>
<trkpt lat="42.0193799" lon="2.8546527000000026">
<ele>171.6317962364882</ele>
<time>2026-08-14T07:05:12.947Z</time>
</trkpt>
<trkpt lat="42.0193728" lon="2.8546605999999883">
<ele>172.13711688007461</ele>
<time>2026-08-14T07:05:14.949Z</time>
</trkpt>
<trkpt lat="42.0193642" lon="2.854667500000005">
<ele>172.6956016978239</ele>
<time>2026-08-14T07:05:16.767Z</time>
</trkpt>
<trkpt lat="42.0193576" lon="2.8546751000000086">
<ele>173.18759508550554</ele>
<time>2026-08-14T07:05:18.882Z</time>
</trkpt>
<trkpt lat="42.0193527" lon="2.854679599999997">
<ele>173.5289700587557</ele>
<time>2026-08-14T07:05:20.683Z</time>
</trkpt>
<trkpt lat="42.0193508" lon="2.8546830999999884">
<ele>173.7067672467196</ele>
<time>2026-08-14T07:05:22.689Z</time>
</trkpt>
<trkpt lat="42.019348" lon="2.85468800000001">
<ele>173.96402676086456</ele>
<time>2026-08-14T07:05:24.727Z</time>
</trkpt>
<trkpt lat="42.0193308" lon="2.8547082000000046">
<ele>175.32384066600216</ele>
<time>2026-08-14T07:05:26.921Z</time>
</trkpt>
<trkpt lat="42.0193258" lon="2.8547148000000107">
<ele>175.74887899166688</ele>
<time>2026-08-14T07:05:28.803Z</time>
</trkpt>
<trkpt lat="42.0193155" lon="2.854723000000007">
<ele>176.48889378817617</ele>
<time>2026-08-14T07:05:30.785Z</time>
</trkpt>
<trkpt lat="42.0193041" lon="2.8547398999999984">
<ele>177.54912541601962</ele>
<time>2026-08-14T07:05:32.881Z</time>
</trkpt>
<trkpt lat="42.019302" lon="2.8547450000000083">
<ele>177.80538715626224</ele>
<time>2026-08-14T07:05:34.882Z</time>
</trkpt>
<trkpt lat="42.0193024" lon="2.85474769999999">
<ele>177.8630821297256</ele>
<time>2026-08-14T07:05:36.882Z</time>
</trkpt>
<trkpt lat="42.0193011" lon="2.8547499000000016">
<ele>177.99481226282023</ele>
<time>2026-08-14T07:05:38.935Z</time>
</trkpt>
<trkpt lat="42.0192771" lon="2.8547744999999907">
<ele>180.00884965769615</ele>
<time>2026-08-14T07:05:40.882Z</time>
</trkpt>
<trkpt lat="42.0192657" lon="2.8547916999999927">
<ele>181.17245668271593</ele>
<time>2026-08-14T07:05:42.745Z</time>
</trkpt>
<trkpt lat="42.0192618" lon="2.8547914000000105">
<ele>181.3786950628155</ele>
<time>2026-08-14T07:05:44.545Z</time>
</trkpt>
<trkpt lat="42.019252" lon="2.8547981000000107">
<ele>182.14115541494928</ele>
<time>2026-08-14T07:05:46.688Z</time>
</trkpt>
<trkpt lat="42.0192513" lon="2.8547936999999877">
<ele>182.0353828274604</ele>
<time>2026-08-14T07:05:48.527Z</time>
</trkpt>
<trkpt lat="42.0192484" lon="2.8547906999999952">
<ele>182.09691798593303</ele>
<time>2026-08-14T07:05:50.367Z</time>
</trkpt>
<trkpt lat="42.0192366" lon="2.8547953000000064">
<ele>182.90576280307948</ele>
<time>2026-08-14T07:05:52.819Z</time>
</trkpt>
<trkpt lat="42.0192154" lon="2.8548045999999943">
<ele>184.2740323845828</ele>
<time>2026-08-14T07:05:54.946Z</time>
</trkpt>
<trkpt lat="42.0192159" lon="2.8547973999999954">
<ele>184.1320037127062</ele>
<time>2026-08-14T07:05:56.882Z</time>
</trkpt>
<trkpt lat="42.0192155" lon="2.8547952000000123">
<ele>184.0759096031087</ele>
<time>2026-08-14T07:05:58.882Z</time>
</trkpt>
<trkpt lat="42.0192212" lon="2.8547929000000067">
<ele>183.6779068948616</ele>
<time>2026-08-14T07:06:00.882Z</time>
</trkpt>
<trkpt lat="42.0192225" lon="2.854794499999997">
<ele>183.66200385213492</ele>
<time>2026-08-14T07:06:02.895Z</time>
</trkpt>
<trkpt lat="42.0192238" lon="2.8547929000000067">
<ele>183.53375268620178</ele>
<time>2026-08-14T07:06:04.747Z</time>
</trkpt>
<trkpt lat="42.0192211" lon="2.8547959999999932">
<ele>183.7926179711198</ele>
<time>2026-08-14T07:06:06.586Z</time>
</trkpt>
<trkpt lat="42.0192165" lon="2.8548027999999874">
<ele>184.18914334530777</ele>
<time>2026-08-14T07:06:08.569Z</time>
</trkpt>
<trkpt lat="42.0192095" lon="2.854814800000014">
<ele>184.7393419911798</ele>
<time>2026-08-14T07:06:10.882Z</time>
</trkpt>
<trkpt lat="42.0192051" lon="2.8548244000000125">
<ele>185.11621329238005</ele>
<time>2026-08-14T07:06:12.881Z</time>
</trkpt>
<trkpt lat="42.0191993" lon="2.8548337000000004">
<ele>185.57281368456913</ele>
<time>2026-08-14T07:06:14.882Z</time>
</trkpt>
<trkpt lat="42.0191985" lon="2.854841599999986">
<ele>185.72625395472818</ele>
<time>2026-08-14T07:06:16.890Z</time>
</trkpt>
<trkpt lat="42.0191948" lon="2.854850199999987">
<ele>186.058032582436</ele>
<time>2026-08-14T07:06:18.905Z</time>
</trkpt>
<trkpt lat="42.0191906" lon="2.8548597999999856">
<ele>186.34072058095538</ele>
<time>2026-08-14T07:06:20.882Z</time>
</trkpt>
<trkpt lat="42.0191894" lon="2.8548647000000074">
<ele>186.43871221654942</ele>
<time>2026-08-14T07:06:22.936Z</time>
</trkpt>
<trkpt lat="42.0191838" lon="2.854869100000002">
<ele>186.63854002898432</ele>
<time>2026-08-14T07:06:24.948Z</time>
</trkpt>
<trkpt lat="42.0191799" lon="2.85487710000001">
<ele>186.85541992720374</ele>
<time>2026-08-14T07:06:26.882Z</time>
</trkpt>
<trkpt lat="42.0191785" lon="2.854886599999986">
<ele>187.03619280823654</ele>
<time>2026-08-14T07:06:28.882Z</time>
</trkpt>
<trkpt lat="42.019178" lon="2.85489290000001">
<ele>187.14601598217416</ele>
<time>2026-08-14T07:06:30.903Z</time>
</trkpt>
<trkpt lat="42.0191807" lon="2.8548984999999902">
<ele>187.1579415302884</ele>
<time>2026-08-14T07:06:32.843Z</time>
</trkpt>
<trkpt lat="42.0191794" lon="2.854905699999989">
<ele>187.3031060347214</ele>
<time>2026-08-14T07:06:34.935Z</time>
</trkpt>
<trkpt lat="42.019178" lon="2.854913500000009">
<ele>187.462217429598</ele>
<time>2026-08-14T07:06:36.950Z</time>
</trkpt>
<trkpt lat="42.0191789" lon="2.8549170000000004">
<ele>187.4896157720049</ele>
<time>2026-08-14T07:06:38.882Z</time>
</trkpt>
<trkpt lat="42.0191769" lon="2.8549218999999937">
<ele>187.62386263317256</ele>
<time>2026-08-14T07:06:40.882Z</time>
</trkpt>
<trkpt lat="42.0191733" lon="2.8549261">
<ele>187.79733115680614</ele>
<time>2026-08-14T07:06:42.907Z</time>
</trkpt>
<trkpt lat="42.0191696" lon="2.854929400000003">
<ele>187.9622863152097</ele>
<time>2026-08-14T07:06:44.847Z</time>
</trkpt>
<trkpt lat="42.0191639" lon="2.854941700000012">
<ele>188.3419717510845</ele>
<time>2026-08-14T07:06:46.882Z</time>
</trkpt>
<trkpt lat="42.0191598" lon="2.854948500000006">
<ele>188.58854578466585</ele>
<time>2026-08-14T07:06:48.686Z</time>
</trkpt>
<trkpt lat="42.01915" lon="2.854957899999988">
<ele>189.07608430420572</ele>
<time>2026-08-14T07:06:50.882Z</time>
</trkpt>
<trkpt lat="42.0191468" lon="2.8549687999999946">
<ele>189.3836058023103</ele>
<time>2026-08-14T07:06:52.804Z</time>
</trkpt>
<trkpt lat="42.0191439" lon="2.8549753000000067">
<ele>189.6050072509173</ele>
<time>2026-08-14T07:06:54.764Z</time>
</trkpt>
<trkpt lat="42.0191386" lon="2.854974300000009">
<ele>189.77136484043882</ele>
<time>2026-08-14T07:06:56.805Z</time>
</trkpt>
<trkpt lat="42.0191323" lon="2.854980000000012">
<ele>190.10464096924133</ele>
<time>2026-08-14T07:06:58.749Z</time>
</trkpt>
<trkpt lat="42.0191235" lon="2.854996">
<ele>190.74880527198516</ele>
<time>2026-08-14T07:07:00.882Z</time>
</trkpt>
<trkpt lat="42.0191168" lon="2.855008599999991">
<ele>191.26688743307673</ele>
<time>2026-08-14T07:07:02.887Z</time>
</trkpt>
<trkpt lat="42.0191106" lon="2.855026500000008">
<ele>191.89860448306337</ele>
<time>2026-08-14T07:07:04.902Z</time>
</trkpt>
<trkpt lat="42.0191001" lon="2.8550386999999944">
<ele>192.60084392827702</ele>
<time>2026-08-14T07:07:06.865Z</time>
</trkpt>
<trkpt lat="42.019102" lon="2.855049500000007">
<ele>192.76939298684823</ele>
<time>2026-08-14T07:07:08.881Z</time>
</trkpt>
<trkpt lat="42.0191011" lon="2.855054200000012">
<ele>192.91543351221932</ele>
<time>2026-08-14T07:07:10.946Z</time>
</trkpt>
<trkpt lat="42.0190999" lon="2.855058200000002">
<ele>193.05914415043398</ele>
<time>2026-08-14T07:07:12.960Z</time>
</trkpt>
<trkpt lat="42.0190939" lon="2.8550640999999928">
<ele>193.45816161899907</ele>
<time>2026-08-14T07:07:14.881Z</time>
</trkpt>
<trkpt lat="42.0190904" lon="2.8550684999999874">
<ele>193.71717611367185</ele>
<time>2026-08-14T07:07:16.849Z</time>
</trkpt>
<trkpt lat="42.0190829" lon="2.855073599999997">
<ele>194.17528968653735</ele>
<time>2026-08-14T07:07:18.881Z</time>
</trkpt>
<trkpt lat="42.019081" lon="2.855077499999993">
<ele>194.34717796375173</ele>
<time>2026-08-14T07:07:20.891Z</time>
</trkpt>
<trkpt lat="42.019076" lon="2.855084099999999">
<ele>194.67211747950546</ele>
<time>2026-08-14T07:07:22.906Z</time>
</trkpt>
<trkpt lat="42.0190598" lon="2.855103899999989">
<ele>195.74215068110075</ele>
<time>2026-08-14T07:07:24.881Z</time>
</trkpt>
<trkpt lat="42.0190561" lon="2.8551113000000043">
<ele>196.04396686177043</ele>
<time>2026-08-14T07:07:26.937Z</time>
</trkpt>
<trkpt lat="42.0190374" lon="2.855138399999987">
<ele>197.45668031124424</ele>
<time>2026-08-14T07:07:28.881Z</time>
</trkpt>
<trkpt lat="42.0190238" lon="2.8551667000000123">
<ele>198.7175005493939</ele>
<time>2026-08-14T07:07:30.881Z</time>
</trkpt>
<trkpt lat="42.0190203" lon="2.8551806000000113">
<ele>199.18884874451794</ele>
<time>2026-08-14T07:07:32.881Z</time>
</trkpt>
<trkpt lat="42.0190144" lon="2.8551913000000013">
<ele>199.73775064542406</ele>
<time>2026-08-14T07:07:34.788Z</time>
</trkpt>
<trkpt lat="42.0190084" lon="2.855209500000001">
<ele>200.4659720757224</ele>
<time>2026-08-14T07:07:36.903Z</time>
</trkpt>
<trkpt lat="42.0190064" lon="2.855226899999991">
<ele>200.95957760556632</ele>
<time>2026-08-14T07:07:38.919Z</time>
</trkpt>
<trkpt lat="42.0190135" lon="2.8552292999999906">
<ele>200.58781498596323</ele>
<time>2026-08-14T07:07:40.881Z</time>
</trkpt>
<trkpt lat="42.0190164" lon="2.8552297999999894">
<ele>200.42505462547243</ele>
<time>2026-08-14T07:07:42.881Z</time>
</trkpt>
<trkpt lat="42.019008" lon="2.8552339000000018">
<ele>201.0154125883355</ele>
<time>2026-08-14T07:07:44.881Z</time>
</trkpt>
<trkpt lat="42.0189981" lon="2.855242599999997">
<ele>201.80678797247398</ele>
<time>2026-08-14T07:07:46.809Z</time>
</trkpt>
<trkpt lat="42.0189758" lon="2.855249200000003">
<ele>203.32943203330373</ele>
<time>2026-08-14T07:07:48.885Z</time>
</trkpt>
<trkpt lat="42.018973" lon="2.8552483999999936">
<ele>203.48200871193143</ele>
<time>2026-08-14T07:07:50.900Z</time>
</trkpt>
<trkpt lat="42.0189695" lon="2.855251199999998">
<ele>203.76813706623773</ele>
<time>2026-08-14T07:07:52.916Z</time>
</trkpt>
<trkpt lat="42.018971" lon="2.8552536999999916">
<ele>203.7382330973806</ele>
<time>2026-08-14T07:07:54.931Z</time>
</trkpt>
<trkpt lat="42.0189754" lon="2.8552583000000027">
<ele>203.57884791722253</ele>
<time>2026-08-14T07:07:56.945Z</time>
</trkpt>
<trkpt lat="42.0189748" lon="2.855262900000014">
<ele>203.7302258230669</ele>
<time>2026-08-14T07:07:58.881Z</time>
</trkpt>
<trkpt lat="42.0189721" lon="2.855267099999992">
<ele>204.00520688803545</ele>
<time>2026-08-14T07:08:00.904Z</time>
</trkpt>
<trkpt lat="42.0189773" lon="2.8552602000000036">
<ele>203.50670373626284</ele>
<time>2026-08-14T07:08:02.881Z</time>
</trkpt>
<trkpt lat="42.0189741" lon="2.8552626999999973">
<ele>203.76931173707825</ele>
<time>2026-08-14T07:08:04.881Z</time>
</trkpt>
<trkpt lat="42.0189711" lon="2.855263799999989">
<ele>203.9856676742404</ele>
<time>2026-08-14T07:08:06.893Z</time>
</trkpt>
<trkpt lat="42.0189674" lon="2.8552709999999877">
<ele>204.4021972126072</ele>
<time>2026-08-14T07:08:08.907Z</time>
</trkpt>
<trkpt lat="42.0189636" lon="2.8552779999999984">
<ele>204.82511484823246</ele>
<time>2026-08-14T07:08:10.923Z</time>
</trkpt>
<trkpt lat="42.0189582" lon="2.8552846999999986">
<ele>205.34931646113225</ele>
<time>2026-08-14T07:08:12.782Z</time>
</trkpt>
<trkpt lat="42.018953" lon="2.8552904999999953">
<ele>205.84316603248755</ele>
<time>2026-08-14T07:08:14.725Z</time>
</trkpt>
<trkpt lat="42.0189474" lon="2.85529600000001">
<ele>206.36104430647453</ele>
<time>2026-08-14T07:08:16.708Z</time>
</trkpt>
<trkpt lat="42.0189425" lon="2.8553017000000125">
<ele>206.843763000765</ele>
<time>2026-08-14T07:08:18.786Z</time>
</trkpt>
<trkpt lat="42.0189339" lon="2.8553111999999885">
<ele>207.6894895937128</ele>
<time>2026-08-14T07:08:20.881Z</time>
</trkpt>
<trkpt lat="42.0189314" lon="2.8553161000000102">
<ele>208.00013321868266</ele>
<time>2026-08-14T07:08:22.771Z</time>
</trkpt>
<trkpt lat="42.0189237" lon="2.8553268000000003">
<ele>208.84141299956832</ele>
<time>2026-08-14T07:08:24.898Z</time>
</trkpt>
<trkpt lat="42.0189151" lon="2.8553335000000004">
<ele>209.6370207368084</ele>
<time>2026-08-14T07:08:26.922Z</time>
</trkpt>
<trkpt lat="42.0189079" lon="2.8553401000000065">
<ele>210.02877175080366</ele>
<time>2026-08-14T07:08:28.936Z</time>
</trkpt>
<trkpt lat="42.0189" lon="2.8553487000000075">
<ele>210.5084851308192</ele>
<time>2026-08-14T07:08:30.881Z</time>
</trkpt>
<trkpt lat="42.0188935" lon="2.8553579000000013">
<ele>210.91959727610606</ele>
<time>2026-08-14T07:08:32.881Z</time>
</trkpt>
<trkpt lat="42.0188899" lon="2.855365799999987">
<ele>211.13209411330203</ele>
<time>2026-08-14T07:08:34.881Z</time>
</trkpt>
<trkpt lat="42.0188884" lon="2.855372799999998">
<ele>211.27539327104282</ele>
<time>2026-08-14T07:08:36.881Z</time>
</trkpt>
<trkpt lat="42.0188846" lon="2.855379400000004">
<ele>211.4820918729372</ele>
<time>2026-08-14T07:08:38.944Z</time>
</trkpt>
<trkpt lat="42.0188808" lon="2.8553836000000103">
<ele>211.6567349194356</ele>
<time>2026-08-14T07:08:40.881Z</time>
</trkpt>
<trkpt lat="42.0188793" lon="2.855387400000012">
<ele>211.75877390586663</ele>
<time>2026-08-14T07:08:42.881Z</time>
</trkpt>
<trkpt lat="42.0188762" lon="2.8553929999999923">
<ele>211.93787050943646</ele>
<time>2026-08-14T07:08:44.881Z</time>
</trkpt>
<trkpt lat="42.0188727" lon="2.855396000000013">
<ele>212.09137799748018</ele>
<time>2026-08-14T07:08:46.745Z</time>
</trkpt>
<trkpt lat="42.0188708" lon="2.8554034">
<ele>212.26659688140916</ele>
<time>2026-08-14T07:08:48.900Z</time>
</trkpt>
<trkpt lat="42.0188718" lon="2.855410799999987">
<ele>212.35166689900078</ele>
<time>2026-08-14T07:08:50.915Z</time>
</trkpt>
<trkpt lat="42.0188728" lon="2.8554169999999885">
<ele>212.4167957539704</ele>
<time>2026-08-14T07:08:52.862Z</time>
</trkpt>
<trkpt lat="42.0188738" lon="2.8554249000000027">
<ele>212.5074011581194</ele>
<time>2026-08-14T07:08:54.945Z</time>
</trkpt>
<trkpt lat="42.0188738" lon="2.8554334000000097">
<ele>212.63968749987058</ele>
<time>2026-08-14T07:08:56.827Z</time>
</trkpt>
<trkpt lat="42.0188722" lon="2.8554413999999895">
<ele>212.8190288999782</ele>
<time>2026-08-14T07:08:58.910Z</time>
</trkpt>
<trkpt lat="42.0188697" lon="2.8554518999999914">
<ele>213.0715284738187</ele>
<time>2026-08-14T07:09:00.825Z</time>
</trkpt>
<trkpt lat="42.0188619" lon="2.855464600000005">
<ele>213.5549386922245</ele>
<time>2026-08-14T07:09:02.893Z</time>
</trkpt>
<trkpt lat="42.0188613" lon="2.8554733">
<ele>213.72060338104438</ele>
<time>2026-08-14T07:09:04.767Z</time>
</trkpt>
<trkpt lat="42.0188599" lon="2.8554824999999937">
<ele>213.92541215317127</ele>
<time>2026-08-14T07:09:06.970Z</time>
</trkpt>
<trkpt lat="42.0188543" lon="2.8554958">
<ele>214.3630449592164</ele>
<time>2026-08-14T07:09:08.881Z</time>
</trkpt>
<trkpt lat="42.0188534" lon="2.855509000000012">
<ele>214.62449313540063</ele>
<time>2026-08-14T07:09:10.881Z</time>
</trkpt>
<trkpt lat="42.0188529" lon="2.855516399999999">
<ele>214.77170185414022</ele>
<time>2026-08-14T07:09:12.762Z</time>
</trkpt>
<trkpt lat="42.0188533" lon="2.8555225000000064">
<ele>214.86044513313476</ele>
<time>2026-08-14T07:09:14.826Z</time>
</trkpt>
<trkpt lat="42.0188522" lon="2.8555191000000093">
<ele>214.8464780175012</ele>
<time>2026-08-14T07:09:16.644Z</time>
</trkpt>
<trkpt lat="42.0188422" lon="2.855538999999993">
<ele>215.6101007049773</ele>
<time>2026-08-14T07:09:18.883Z</time>
</trkpt>
<trkpt lat="42.0188346" lon="2.855553200000003">
<ele>216.19426136167624</ele>
<time>2026-08-14T07:09:20.862Z</time>
</trkpt>
<trkpt lat="42.0188259" lon="2.855568000000005">
<ele>216.85576584222113</ele>
<time>2026-08-14T07:09:22.889Z</time>
</trkpt>
<trkpt lat="42.0188197" lon="2.8555749999999875">
<ele>217.26923037192483</ele>
<time>2026-08-14T07:09:24.789Z</time>
</trkpt>
<trkpt lat="42.0188178" lon="2.8555791">
<ele>217.43639293380616</ele>
<time>2026-08-14T07:09:26.895Z</time>
</trkpt>
<trkpt lat="42.0188162" lon="2.8555814000000055">
<ele>217.55492770477704</ele>
<time>2026-08-14T07:09:28.887Z</time>
</trkpt>
<trkpt lat="42.0187993" lon="2.8555809000000067">
<ele>218.3105392138227</ele>
<time>2026-08-14T07:09:30.902Z</time>
</trkpt>
<trkpt lat="42.0187884" lon="2.8555829000000017">
<ele>218.84900907419785</ele>
<time>2026-08-14T07:09:32.902Z</time>
</trkpt>
<trkpt lat="42.018784" lon="2.8555867000000035">
<ele>219.1351798558005</ele>
<time>2026-08-14T07:09:34.881Z</time>
</trkpt>
<trkpt lat="42.0187818" lon="2.855587100000008">
<ele>219.24499793676918</ele>
<time>2026-08-14T07:09:36.906Z</time>
</trkpt>
<trkpt lat="42.0187741" lon="2.855589000000009">
<ele>219.64218160897764</ele>
<time>2026-08-14T07:09:38.886Z</time>
</trkpt>
<trkpt lat="42.0187712" lon="2.8555902999999887">
<ele>219.8062078299517</ele>
<time>2026-08-14T07:09:40.945Z</time>
</trkpt>
<trkpt lat="42.0187556" lon="2.8555987999999957">
<ele>220.7363270242586</ele>
<time>2026-08-14T07:09:42.888Z</time>
</trkpt>
<trkpt lat="42.0187295" lon="2.8556144000000074">
<ele>222.3765857491644</ele>
<time>2026-08-14T07:09:44.882Z</time>
</trkpt>
<trkpt lat="42.0187174" lon="2.8556236000000013">
<ele>223.2138290592622</ele>
<time>2026-08-14T07:09:46.905Z</time>
</trkpt>
<trkpt lat="42.018712" lon="2.8556322999999963">
<ele>223.72344903714068</ele>
<time>2026-08-14T07:09:48.944Z</time>
</trkpt>
<trkpt lat="42.0187134" lon="2.8556460000000072">
<ele>223.7723919124281</ele>
<time>2026-08-14T07:09:50.881Z</time>
</trkpt>
<trkpt lat="42.0187145" lon="2.855652499999991">
<ele>223.7678820355042</ele>
<time>2026-08-14T07:09:52.881Z</time>
</trkpt>
<trkpt lat="42.0187145" lon="2.855653200000006">
<ele>223.77332937601625</ele>
<time>2026-08-14T07:09:54.924Z</time>
</trkpt>
<trkpt lat="42.0187076" lon="2.855667000000011">
<ele>224.23368139624117</ele>
<time>2026-08-14T07:09:56.881Z</time>
</trkpt>
<trkpt lat="42.0187041" lon="2.855681400000009">
<ele>224.53240953784072</ele>
<time>2026-08-14T07:09:58.954Z</time>
</trkpt>
<trkpt lat="42.0187009" lon="2.8556787999999926">
<ele>224.6764150617792</ele>
<time>2026-08-14T07:10:00.969Z</time>
</trkpt>
<trkpt lat="42.0186992" lon="2.855678399999988">
<ele>224.76097407233198</ele>
<time>2026-08-14T07:10:02.881Z</time>
</trkpt>
<trkpt lat="42.0186983" lon="2.855683599999992">
<ele>224.8522931507453</ele>
<time>2026-08-14T07:10:04.888Z</time>
</trkpt>
<trkpt lat="42.0187019" lon="2.8556778999999892">
<ele>224.6170785312311</ele>
<time>2026-08-14T07:10:06.904Z</time>
</trkpt>
<trkpt lat="42.0187012" lon="2.8556805999999995">
<ele>224.67611570576278</ele>
<time>2026-08-14T07:10:08.918Z</time>
</trkpt>
<trkpt lat="42.0186976" lon="2.855688299999997">
<ele>224.92931472736328</ele>
<time>2026-08-14T07:10:10.933Z</time>
</trkpt>
<trkpt lat="42.0186915" lon="2.855698700000005">
<ele>225.34109184428286</ele>
<time>2026-08-14T07:10:12.881Z</time>
</trkpt>
<trkpt lat="42.0186867" lon="2.855706199999986">
<ele>225.6633698619215</ele>
<time>2026-08-14T07:10:14.848Z</time>
</trkpt>
<trkpt lat="42.0186787" lon="2.8557175999999913">
<ele>226.198085216291</ele>
<time>2026-08-14T07:10:16.778Z</time>
</trkpt>
<trkpt lat="42.0186678" lon="2.8557262999999864">
<ele>226.87216507265248</ele>
<time>2026-08-14T07:10:18.905Z</time>
</trkpt>
<trkpt lat="42.0186614" lon="2.8557361000000014">
<ele>227.3216612348316</ele>
<time>2026-08-14T07:10:20.923Z</time>
</trkpt>
<trkpt lat="42.0186549" lon="2.8557486999999924">
<ele>227.81335745131494</ele>
<time>2026-08-14T07:10:22.933Z</time>
</trkpt>
<trkpt lat="42.0186449" lon="2.8557658000000004">
<ele>228.56022891761654</ele>
<time>2026-08-14T07:10:24.947Z</time>
</trkpt>
<trkpt lat="42.0186318" lon="2.8557710000000043">
<ele>229.2208640901472</ele>
<time>2026-08-14T07:10:26.989Z</time>
</trkpt>
<trkpt lat="42.0186284" lon="2.8557812999999896">
<ele>229.45124868061376</ele>
<time>2026-08-14T07:10:28.881Z</time>
</trkpt>
<trkpt lat="42.0186218" lon="2.8557878999999957">
<ele>229.7410278647887</ele>
<time>2026-08-14T07:10:30.923Z</time>
</trkpt>
<trkpt lat="42.0186206" lon="2.8557934000000103">
<ele>229.85118482085844</ele>
<time>2026-08-14T07:10:32.910Z</time>
</trkpt>
<trkpt lat="42.0186181" lon="2.855801000000014">
<ele>230.0327327214946</ele>
<time>2026-08-14T07:10:34.784Z</time>
</trkpt>
<trkpt lat="42.0186169" lon="2.8558068000000105">
<ele>230.15011365234432</ele>
<time>2026-08-14T07:10:36.713Z</time>
</trkpt>
<trkpt lat="42.0186156" lon="2.855811299999999">
<ele>230.2543812330079</ele>
<time>2026-08-14T07:10:38.709Z</time>
</trkpt>
<trkpt lat="42.01861" lon="2.855816699999991">
<ele>230.51803274955887</ele>
<time>2026-08-14T07:10:40.882Z</time>
</trkpt>
<trkpt lat="42.0186052" lon="2.855818499999998">
<ele>230.7071603226799</ele>
<time>2026-08-14T07:10:42.881Z</time>
</trkpt>
<trkpt lat="42.0185991" lon="2.8558208000000036">
<ele>230.94989248949332</ele>
<time>2026-08-14T07:10:44.744Z</time>
</trkpt>
<trkpt lat="42.018594" lon="2.855826400000012">
<ele>231.2117749260802</ele>
<time>2026-08-14T07:10:46.686Z</time>
</trkpt>
<trkpt lat="42.018588" lon="2.8558347999999967">
<ele>231.5553724869265</ele>
<time>2026-08-14T07:10:48.913Z</time>
</trkpt>
<trkpt lat="42.0185801" lon="2.8558367999999916">
<ele>231.86966215837978</ele>
<time>2026-08-14T07:10:50.928Z</time>
</trkpt>
<trkpt lat="42.0185723" lon="2.855836399999987">
<ele>232.14132523052652</ele>
<time>2026-08-14T07:10:52.866Z</time>
</trkpt>
<trkpt lat="42.0185611" lon="2.855839099999997">
<ele>232.59072497617362</ele>
<time>2026-08-14T07:10:54.881Z</time>
</trkpt>
<trkpt lat="42.0185533" lon="2.8558453999999927">
<ele>232.99124160673946</ele>
<time>2026-08-14T07:10:56.880Z</time>
</trkpt>
<trkpt lat="42.0185452" lon="2.855852900000002">
<ele>233.43528775278267</ele>
<time>2026-08-14T07:10:58.881Z</time>
</trkpt>
<trkpt lat="42.0185416" lon="2.8558559999999886">
<ele>233.6313776847217</ele>
<time>2026-08-14T07:11:00.889Z</time>
</trkpt>
<trkpt lat="42.0185347" lon="2.8558610000000044">
<ele>233.99318347130352</ele>
<time>2026-08-14T07:11:02.788Z</time>
</trkpt>
<trkpt lat="42.0185241" lon="2.8558636999999862">
<ele>234.45290990112005</ele>
<time>2026-08-14T07:11:04.878Z</time>
</trkpt>
<trkpt lat="42.0185068" lon="2.855860199999995">
<ele>235.0306978846923</ele>
<time>2026-08-14T07:11:06.892Z</time>
</trkpt>
<trkpt lat="42.0185031" lon="2.855863599999992">
<ele>235.25043583591716</ele>
<time>2026-08-14T07:11:08.847Z</time>
</trkpt>
<trkpt lat="42.0185003" lon="2.855872099999999">
<ele>235.55902298984714</ele>
<time>2026-08-14T07:11:10.921Z</time>
</trkpt>
<trkpt lat="42.0184923" lon="2.855884599999996">
<ele>236.17545429772537</ele>
<time>2026-08-14T07:11:12.935Z</time>
</trkpt>
<trkpt lat="42.0184883" lon="2.855896699999988">
<ele>236.6354448833559</ele>
<time>2026-08-14T07:11:14.950Z</time>
</trkpt>
<trkpt lat="42.0184803" lon="2.8558960999999954">
<ele>236.94808048073168</ele>
<time>2026-08-14T07:11:16.881Z</time>
</trkpt>
<trkpt lat="42.0184695" lon="2.8558960999999954">
<ele>237.39023965939057</ele>
<time>2026-08-14T07:11:18.881Z</time>
</trkpt>
<trkpt lat="42.0184632" lon="2.855898400000001">
<ele>237.7103234707869</ele>
<time>2026-08-14T07:11:20.883Z</time>
</trkpt>
<trkpt lat="42.0184519" lon="2.8559055000000058">
<ele>238.37417844948573</ele>
<time>2026-08-14T07:11:22.967Z</time>
</trkpt>
<trkpt lat="42.0184425" lon="2.855910999999992">
<ele>238.92518523371936</ele>
<time>2026-08-14T07:11:24.881Z</time>
</trkpt>
<trkpt lat="42.0184395" lon="2.855910999999992">
<ele>239.05193858070098</ele>
<time>2026-08-14T07:11:26.688Z</time>
</trkpt>
<trkpt lat="42.0184341" lon="2.8559127999999987">
<ele>239.29384337424582</ele>
<time>2026-08-14T07:11:28.768Z</time>
</trkpt>
<trkpt lat="42.0184245" lon="2.855918900000006">
<ele>239.74799101444145</ele>
<time>2026-08-14T07:11:30.881Z</time>
</trkpt>
<trkpt lat="42.0184173" lon="2.8559166000000005">
<ele>240.0350986910422</ele>
<time>2026-08-14T07:11:32.727Z</time>
</trkpt>
<trkpt lat="42.01841" lon="2.8559200999999916">
<ele>240.37347536328812</ele>
<time>2026-08-14T07:11:34.882Z</time>
</trkpt>
<trkpt lat="42.0184064" lon="2.855926899999986">
<ele>240.58318677143075</ele>
<time>2026-08-14T07:11:36.898Z</time>
</trkpt>
<trkpt lat="42.0184024" lon="2.855928000000006">
<ele>240.7631171760124</ele>
<time>2026-08-14T07:11:38.913Z</time>
</trkpt>
<trkpt lat="42.0183973" lon="2.8559271999999964">
<ele>240.97395495152804</ele>
<time>2026-08-14T07:11:40.927Z</time>
</trkpt>
<trkpt lat="42.0183906" lon="2.8559310999999923">
<ele>241.293956803342</ele>
<time>2026-08-14T07:11:42.881Z</time>
</trkpt>
<trkpt lat="42.0183885" lon="2.855931499999997">
<ele>241.38728884147375</ele>
<time>2026-08-14T07:11:44.957Z</time>
</trkpt>
<trkpt lat="42.0183771" lon="2.855931300000009">
<ele>241.87312176183062</ele>
<time>2026-08-14T07:11:46.881Z</time>
</trkpt>
<trkpt lat="42.0183676" lon="2.8559325999999885">
<ele>242.29159585550426</ele>
<time>2026-08-14T07:11:48.881Z</time>
</trkpt>
<trkpt lat="42.0183638" lon="2.8559337000000085">
<ele>242.4646380092947</ele>
<time>2026-08-14T07:11:50.890Z</time>
</trkpt>
<trkpt lat="42.0183585" lon="2.8559337000000085">
<ele>242.67867139588816</ele>
<time>2026-08-14T07:11:52.905Z</time>
</trkpt>
<trkpt lat="42.0183557" lon="2.855933300000004">
<ele>242.68514585086393</ele>
<time>2026-08-14T07:11:54.919Z</time>
</trkpt>
<trkpt lat="42.0183519" lon="2.855931499999997">
<ele>242.68136425786656</ele>
<time>2026-08-14T07:11:56.881Z</time>
</trkpt>
<trkpt lat="42.0183511" lon="2.855931499999997">
<ele>242.6842458698584</ele>
<time>2026-08-14T07:11:58.881Z</time>
</trkpt>
<trkpt lat="42.0183508" lon="2.8559318000000076">
<ele>242.68830265508805</ele>
<time>2026-08-14T07:12:00.881Z</time>
</trkpt>
<trkpt lat="42.0183509" lon="2.8559320999999898">
<ele>242.69091599600415</ele>
<time>2026-08-14T07:12:02.881Z</time>
</trkpt>
<trkpt lat="42.0183511" lon="2.8559318000000076">
<ele>242.68721809311154</ele>
<time>2026-08-14T07:12:04.889Z</time>
</trkpt>
<trkpt lat="42.0183497" lon="2.8559338999999966">
<ele>242.71321422334208</ele>
<time>2026-08-14T07:12:06.905Z</time>
</trkpt>
<trkpt lat="42.0183463" lon="2.8559371000000056">
<ele>242.75819901449648</ele>
<time>2026-08-14T07:12:08.921Z</time>
</trkpt>
<trkpt lat="42.0183447" lon="2.855938199999997">
<ele>242.77556394515415</ele>
<time>2026-08-14T07:12:10.936Z</time>
</trkpt>
<trkpt lat="42.0183442" lon="2.8559385000000077">
<ele>242.7805755050692</ele>
<time>2026-08-14T07:12:12.952Z</time>
</trkpt>
<trkpt lat="42.0183444" lon="2.8559405000000027">
<ele>242.80019758985546</ele>
<time>2026-08-14T07:12:14.966Z</time>
</trkpt>
<trkpt lat="42.018344" lon="2.8559391000000005">
<ele>242.787489237079</ele>
<time>2026-08-14T07:12:16.894Z</time>
</trkpt>
<trkpt lat="42.0183433" lon="2.8559389000000124">
<ele>242.78819450076895</ele>
<time>2026-08-14T07:12:18.901Z</time>
</trkpt>
<trkpt lat="42.0183426" lon="2.8559391999999946">
<ele>242.79402803940852</ele>
<time>2026-08-14T07:12:20.917Z</time>
</trkpt>
<trkpt lat="42.0183425" lon="2.855940199999992">
<ele>242.80470767098953</ele>
<time>2026-08-14T07:12:22.941Z</time>
</trkpt>
<trkpt lat="42.0183417" lon="2.855941400000006">
<ele>242.82028022842798</ele>
<time>2026-08-14T07:12:24.918Z</time>
</trkpt>
<trkpt lat="42.0183417" lon="2.855940299999986">
<ele>242.80892740423096</ele>
<time>2026-08-14T07:12:26.934Z</time>
</trkpt>
<trkpt lat="42.0183419" lon="2.855940199999992">
<ele>242.80709841471952</ele>
<time>2026-08-14T07:12:28.949Z</time>
</trkpt>
<trkpt lat="42.0183419" lon="2.855940299999986">
<ele>242.80812961020138</ele>
<time>2026-08-14T07:12:30.933Z</time>
</trkpt>
<trkpt lat="42.0183418" lon="2.8559404000000086">
<ele>242.80956014242435</ele>
<time>2026-08-14T07:12:32.948Z</time>
</trkpt>
<trkpt lat="42.0183418" lon="2.8559405000000027">
<ele>242.8105917776279</ele>
<time>2026-08-14T07:12:34.881Z</time>
</trkpt>
<trkpt lat="42.0183418" lon="2.855940099999998">
<ele>242.80646523680892</ele>
<time>2026-08-14T07:12:36.882Z</time>
</trkpt>
<trkpt lat="42.0183419" lon="2.85593990000001">
<ele>242.8040048282693</ele>
<time>2026-08-14T07:12:38.897Z</time>
</trkpt>
<trkpt lat="42.0183419" lon="2.85593990000001">
<ele>242.8040048282693</ele>
<time>2026-08-14T07:12:40.881Z</time>
</trkpt>
<trkpt lat="42.018342" lon="2.8559395999999992">
<ele>242.80051542288456</ele>
<time>2026-08-14T07:12:42.967Z</time>
</trkpt>
<trkpt lat="42.018342" lon="2.8559395999999992">
<ele>242.80051542288456</ele>
<time>2026-08-14T07:12:44.881Z</time>
</trkpt>
<trkpt lat="42.0183421" lon="2.855939400000011">
<ele>242.7980589718406</ele>
<time>2026-08-14T07:12:46.886Z</time>
</trkpt>
<trkpt lat="42.0183422" lon="2.8559392999999886">
<ele>242.79663415600456</ele>
<time>2026-08-14T07:12:48.901Z</time>
</trkpt>
<trkpt lat="42.0183422" lon="2.8559391999999946">
<ele>242.79560427968332</ele>
<time>2026-08-14T07:12:50.917Z</time>
</trkpt>
<trkpt lat="42.0183422" lon="2.8559391999999946">
<ele>242.79560427968332</ele>
<time>2026-08-14T07:12:52.932Z</time>
</trkpt>
<trkpt lat="42.0183423" lon="2.8559390000000064">
<ele>242.79315134641314</ele>
<time>2026-08-14T07:12:54.947Z</time>
</trkpt>
<trkpt lat="42.0183424" lon="2.8559391000000005">
<ele>242.79378716265867</ele>
<time>2026-08-14T07:12:56.963Z</time>
</trkpt>
<trkpt lat="42.0183424" lon="2.8559391000000005">
<ele>242.79378716265867</ele>
<time>2026-08-14T07:12:58.979Z</time>
</trkpt>
<trkpt lat="42.0183423" lon="2.8559392999999886">
<ele>242.79623965620718</ele>
<time>2026-08-14T07:13:00.882Z</time>
</trkpt>
<trkpt lat="42.0183422" lon="2.855939400000011">
<ele>242.79766403232134</ele>
<time>2026-08-14T07:13:02.897Z</time>
</trkpt>
<trkpt lat="42.0183425" lon="2.8559305999999935">
<ele>242.70596618428536</ele>
<time>2026-08-14T07:13:04.789Z</time>
</trkpt>
<trkpt lat="42.0183448" lon="2.855920900000001">
<ele>242.59898354755154</ele>
<time>2026-08-14T07:13:06.927Z</time>
</trkpt>
<trkpt lat="42.018342" lon="2.8559234999999887">
<ele>242.63456374522266</ele>
<time>2026-08-14T07:13:08.849Z</time>
</trkpt>
<trkpt lat="42.0183386" lon="2.8559277999999892">
<ele>242.69057992396952</ele>
<time>2026-08-14T07:13:10.955Z</time>
</trkpt>
<trkpt lat="42.0183411" lon="2.8559285999999986">
<ele>242.690259335176</ele>
<time>2026-08-14T07:13:12.969Z</time>
</trkpt>
<trkpt lat="42.0183377" lon="2.8559270000000083">
<ele>242.68527799975746</ele>
<time>2026-08-14T07:13:14.881Z</time>
</trkpt>
<trkpt lat="42.0183365" lon="2.855926299999993">
<ele>242.68197838480307</ele>
<time>2026-08-14T07:13:16.885Z</time>
</trkpt>
<trkpt lat="42.0183353" lon="2.855926000000011">
<ele>242.68284576506673</ele>
<time>2026-08-14T07:13:18.900Z</time>
</trkpt>
<trkpt lat="42.0183338" lon="2.8559257999999943">
<ele>242.6857523912088</ele>
<time>2026-08-14T07:13:20.940Z</time>
</trkpt>
<trkpt lat="42.0183333" lon="2.855926100000005">
<ele>242.69063511265804</ele>
<time>2026-08-14T07:13:22.954Z</time>
</trkpt>
<trkpt lat="42.0183312" lon="2.855920300000008">
<ele>242.63516244859068</ele>
<time>2026-08-14T07:13:24.968Z</time>
</trkpt>
<trkpt lat="42.0183308" lon="2.855917500000004">
<ele>242.6061661305639</ele>
<time>2026-08-14T07:13:26.911Z</time>
</trkpt>
<trkpt lat="42.0183313" lon="2.855914399999989">
<ele>242.57126094269816</ele>
<time>2026-08-14T07:13:28.957Z</time>
</trkpt>
<trkpt lat="42.0183316" lon="2.8559113000000025">
<ele>242.53703482396784</ele>
<time>2026-08-14T07:13:30.972Z</time>
</trkpt>
<trkpt lat="42.0183321" lon="2.8559099000000003">
<ele>242.49199770675858</ele>
<time>2026-08-14T07:13:32.905Z</time>
</trkpt>
<trkpt lat="42.0183313" lon="2.855908900000003">
<ele>242.4570243063429</ele>
<time>2026-08-14T07:13:34.881Z</time>
</trkpt>
<trkpt lat="42.0183308" lon="2.8559078000000113">
<ele>242.4175068425409</ele>
<time>2026-08-14T07:13:36.881Z</time>
</trkpt>
<trkpt lat="42.018331" lon="2.8559081999999876">
<ele>242.43183352564114</ele>
<time>2026-08-14T07:13:38.908Z</time>
</trkpt>
<trkpt lat="42.0183317" lon="2.85590830000001">
<ele>242.43371617595298</ele>
<time>2026-08-14T07:13:40.881Z</time>
</trkpt>
<trkpt lat="42.0183315" lon="2.8559086999999863">
<ele>242.4490781524849</ele>
<time>2026-08-14T07:13:42.889Z</time>
</trkpt>
<trkpt lat="42.0183316" lon="2.8559079999999994">
<ele>242.42284882594527</ele>
<time>2026-08-14T07:13:44.903Z</time>
</trkpt>
<trkpt lat="42.0183317" lon="2.8559079000000054">
<ele>242.41887932670807</ele>
<time>2026-08-14T07:13:46.881Z</time>
</trkpt>
<trkpt lat="42.0183317" lon="2.855907699999989">
<ele>242.41146090207724</ele>
<time>2026-08-14T07:13:48.881Z</time>
</trkpt>
<trkpt lat="42.0183327" lon="2.8559080999999935">
<ele>242.4236916294481</ele>
<time>2026-08-14T07:13:50.881Z</time>
</trkpt>
<trkpt lat="42.0183327" lon="2.8559080999999935">
<ele>242.4236916294481</ele>
<time>2026-08-14T07:13:52.881Z</time>
</trkpt>
<trkpt lat="42.0183327" lon="2.8559080999999935">
<ele>242.4236916294481</ele>
<time>2026-08-14T07:13:54.881Z</time>
</trkpt>
<trkpt lat="42.0183327" lon="2.8559080999999935">
<ele>242.4236916294481</ele>
<time>2026-08-14T07:13:56.881Z</time>
</trkpt>
<trkpt lat="42.0183327" lon="2.8559080999999935">
<ele>242.4236916294481</ele>
<time>2026-08-14T07:13:58.881Z</time>
</trkpt>
<trkpt lat="42.0183327" lon="2.8559080999999935">
<ele>242.4236916294481</ele>
<time>2026-08-14T07:14:00.881Z</time>
</trkpt>
<trkpt lat="42.0183327" lon="2.8559080999999935">
<ele>242.4236916294481</ele>
<time>2026-08-14T07:14:02.881Z</time>
</trkpt>
<trkpt lat="42.0183327" lon="2.8559080999999935">
<ele>242.4236916294481</ele>
<time>2026-08-14T07:14:04.881Z</time>
</trkpt>
<trkpt lat="42.0183327" lon="2.8559080999999935">
<ele>242.4236916294481</ele>
<time>2026-08-14T07:14:06.881Z</time>
</trkpt>
<trkpt lat="42.0183327" lon="2.8559080999999935">
<ele>242.4236916294481</ele>
<time>2026-08-14T07:14:08.881Z</time>
</trkpt>
<trkpt lat="42.0183327" lon="2.8559080999999935">
<ele>242.4236916294481</ele>
<time>2026-08-14T07:14:10.881Z</time>
</trkpt>
<trkpt lat="42.0183327" lon="2.8559080999999935">
<ele>242.4236916294481</ele>
<time>2026-08-14T07:14:12.881Z</time>
</trkpt>
<trkpt lat="42.0183327" lon="2.8559080999999935">
<ele>242.4236916294481</ele>
<time>2026-08-14T07:14:14.881Z</time>
</trkpt>
<trkpt lat="42.0183327" lon="2.8559080999999935">
<ele>242.4236916294481</ele>
<time>2026-08-14T07:14:16.881Z</time>
</trkpt>
<trkpt lat="42.0183327" lon="2.8559080999999935">
<ele>242.4236916294481</ele>
<time>2026-08-14T07:14:18.881Z</time>
</trkpt>
<trkpt lat="42.0183327" lon="2.8559080999999935">
<ele>242.4236916294481</ele>
<time>2026-08-14T07:14:20.881Z</time>
</trkpt>
<trkpt lat="42.0183327" lon="2.8559080999999935">
<ele>242.4236916294481</ele>
<time>2026-08-14T07:14:22.881Z</time>
</trkpt>
<trkpt lat="42.0183327" lon="2.8559080999999935">
<ele>242.4236916294481</ele>
<time>2026-08-14T07:14:24.881Z</time>
</trkpt>
<trkpt lat="42.0183327" lon="2.8559080999999935">
<ele>242.4236916294481</ele>
<time>2026-08-14T07:14:26.881Z</time>
</trkpt>
<trkpt lat="42.0183327" lon="2.8559080999999935">
<ele>242.4236916294481</ele>
<time>2026-08-14T07:14:28.881Z</time>
</trkpt>
<trkpt lat="42.0183327" lon="2.8559080999999935">
<ele>242.4236916294481</ele>
<time>2026-08-14T07:14:30.881Z</time>
</trkpt>
<trkpt lat="42.0183327" lon="2.8559080999999935">
<ele>242.4236916294481</ele>
<time>2026-08-14T07:14:32.881Z</time>
</trkpt>
<trkpt lat="42.0183327" lon="2.8559080999999935">
<ele>242.4236916294481</ele>
<time>2026-08-14T07:14:34.881Z</time>
</trkpt>
<trkpt lat="42.0183327" lon="2.8559080999999935">
<ele>242.4236916294481</ele>
<time>2026-08-14T07:14:36.881Z</time>
</trkpt>
<trkpt lat="42.0183327" lon="2.8559080999999935">
<ele>242.4236916294481</ele>
<time>2026-08-14T07:14:38.881Z</time>
</trkpt>
<trkpt lat="42.0183327" lon="2.8559080999999935">
<ele>242.4236916294481</ele>
<time>2026-08-14T07:14:40.881Z</time>
</trkpt>
<trkpt lat="42.0183327" lon="2.8559080999999935">
<ele>242.4236916294481</ele>
<time>2026-08-14T07:14:42.881Z</time>
</trkpt>
<trkpt lat="42.0183327" lon="2.8559080999999935">
<ele>242.4236916294481</ele>
<time>2026-08-14T07:14:44.881Z</time>
</trkpt>
<trkpt lat="42.0183327" lon="2.8559080999999935">
<ele>242.4236916294481</ele>
<time>2026-08-14T07:14:46.881Z</time>
</trkpt>
<trkpt lat="42.0183327" lon="2.8559080999999935">
<ele>242.4236916294481</ele>
<time>2026-08-14T07:14:48.881Z</time>
</trkpt>
<trkpt lat="42.0183327" lon="2.8559080999999935">
<ele>242.4236916294481</ele>
<time>2026-08-14T07:14:50.881Z</time>
</trkpt>
<trkpt lat="42.0183327" lon="2.8559080999999935">
<ele>242.4236916294481</ele>
<time>2026-08-14T07:14:52.880Z</time>
</trkpt>
<trkpt lat="42.0183327" lon="2.8559080999999935">
<ele>242.4236916294481</ele>
<time>2026-08-14T07:14:54.881Z</time>
</trkpt>
<trkpt lat="42.0183327" lon="2.8559080999999935">
<ele>242.4236916294481</ele>
<time>2026-08-14T07:14:56.881Z</time>
</trkpt>
<trkpt lat="42.0183327" lon="2.8559080999999935">
<ele>242.4236916294481</ele>
<time>2026-08-14T07:14:58.881Z</time>
</trkpt>
<trkpt lat="42.0183327" lon="2.8559080999999935">
<ele>242.4236916294481</ele>
<time>2026-08-14T07:15:00.881Z</time>
</trkpt>
<trkpt lat="42.0183327" lon="2.8559080999999935">
<ele>242.4236916294481</ele>
<time>2026-08-14T07:15:02.881Z</time>
</trkpt>
<trkpt lat="42.0183327" lon="2.8559080999999935">
<ele>242.4236916294481</ele>
<time>2026-08-14T07:15:04.881Z</time>
</trkpt>
<trkpt lat="42.0183327" lon="2.8559080999999935">
<ele>242.4236916294481</ele>
<time>2026-08-14T07:15:06.881Z</time>
</trkpt>
<trkpt lat="42.0183327" lon="2.8559080999999935">
<ele>242.4236916294481</ele>
<time>2026-08-14T07:15:08.881Z</time>
</trkpt>
<trkpt lat="42.0183327" lon="2.8559080999999935">
<ele>242.4236916294481</ele>
<time>2026-08-14T07:15:10.881Z</time>
</trkpt>
<trkpt lat="42.0183327" lon="2.8559080999999935">
<ele>242.4236916294481</ele>
<time>2026-08-14T07:15:12.881Z</time>
</trkpt>
<trkpt lat="42.0183327" lon="2.8559080999999935">
<ele>242.4236916294481</ele>
<time>2026-08-14T07:15:14.881Z</time>
</trkpt>
<trkpt lat="42.0183327" lon="2.8559080999999935">
<ele>242.4236916294481</ele>
<time>2026-08-14T07:15:16.881Z</time>
</trkpt>
<trkpt lat="42.0183327" lon="2.8559080999999935">
<ele>242.4236916294481</ele>
<time>2026-08-14T07:15:18.881Z</time>
</trkpt>
<trkpt lat="42.0183327" lon="2.8559080999999935">
<ele>242.4236916294481</ele>
<time>2026-08-14T07:15:20.881Z</time>
</trkpt>
<trkpt lat="42.0183327" lon="2.8559080999999935">
<ele>242.4236916294481</ele>
<time>2026-08-14T07:15:22.881Z</time>
</trkpt>
<trkpt lat="42.0183327" lon="2.8559080999999935">
<ele>242.4236916294481</ele>
<time>2026-08-14T07:15:24.881Z</time>
</trkpt>
<trkpt lat="42.0183327" lon="2.8559080999999935">
<ele>242.4236916294481</ele>
<time>2026-08-14T07:15:26.881Z</time>
</trkpt>
<trkpt lat="42.0183327" lon="2.8559080999999935">
<ele>242.4236916294481</ele>
<time>2026-08-14T07:15:28.881Z</time>
</trkpt>
<trkpt lat="42.0183327" lon="2.8559080999999935">
<ele>242.4236916294481</ele>
<time>2026-08-14T07:15:30.881Z</time>
</trkpt>
<trkpt lat="42.0183327" lon="2.8559080999999935">
<ele>242.4236916294481</ele>
<time>2026-08-14T07:15:32.881Z</time>
</trkpt>
<trkpt lat="42.0183327" lon="2.8559080999999935">
<ele>242.4236916294481</ele>
<time>2026-08-14T07:15:34.881Z</time>
</trkpt>
<trkpt lat="42.0183327" lon="2.8559080999999935">
<ele>242.4236916294481</ele>
<time>2026-08-14T07:15:36.881Z</time>
</trkpt>
<trkpt lat="42.0183327" lon="2.8559080999999935">
<ele>242.4236916294481</ele>
<time>2026-08-14T07:15:38.881Z</time>
</trkpt>
<trkpt lat="42.018335" lon="2.8559080999999935">
<ele>242.41769754913122</ele>
<time>2026-08-14T07:15:40.881Z</time>
</trkpt>
<trkpt lat="42.0183352" lon="2.855908400000004">
<ele>242.42826981124878</ele>
<time>2026-08-14T07:15:42.881Z</time>
</trkpt>
<trkpt lat="42.0183353" lon="2.855908499999998">
<ele>242.43170572693532</ele>
<time>2026-08-14T07:15:44.881Z</time>
</trkpt>
<trkpt lat="42.0183353" lon="2.855908499999998">
<ele>242.43170572693532</ele>
<time>2026-08-14T07:15:46.881Z</time>
</trkpt>
<trkpt lat="42.0183353" lon="2.855908499999998">
<ele>242.43170572693532</ele>
<time>2026-08-14T07:15:48.881Z</time>
</trkpt>
<trkpt lat="42.0183353" lon="2.855908499999998">
<ele>242.43170572693532</ele>
<time>2026-08-14T07:15:50.881Z</time>
</trkpt>
<trkpt lat="42.0183353" lon="2.855908499999998">
<ele>242.43170572693532</ele>
<time>2026-08-14T07:15:52.881Z</time>
</trkpt>
<trkpt lat="42.0183353" lon="2.855908499999998">
<ele>242.43170572693532</ele>
<time>2026-08-14T07:15:54.881Z</time>
</trkpt>
<trkpt lat="42.0183353" lon="2.855908499999998">
<ele>242.43170572693532</ele>
<time>2026-08-14T07:15:56.881Z</time>
</trkpt>
<trkpt lat="42.0183353" lon="2.855908499999998">
<ele>242.43170572693532</ele>
<time>2026-08-14T07:15:58.881Z</time>
</trkpt>
<trkpt lat="42.0183353" lon="2.855908499999998">
<ele>242.43170572693532</ele>
<time>2026-08-14T07:16:00.881Z</time>
</trkpt>
<trkpt lat="42.0183353" lon="2.855908499999998">
<ele>242.43170572693532</ele>
<time>2026-08-14T07:16:02.881Z</time>
</trkpt>
<trkpt lat="42.0183353" lon="2.855908499999998">
<ele>242.43170572693532</ele>
<time>2026-08-14T07:16:04.881Z</time>
</trkpt>
<trkpt lat="42.0183353" lon="2.855908499999998">
<ele>242.43170572693532</ele>
<time>2026-08-14T07:16:06.881Z</time>
</trkpt>
<trkpt lat="42.0183353" lon="2.855908499999998">
<ele>242.43170572693532</ele>
<time>2026-08-14T07:16:08.881Z</time>
</trkpt>
<trkpt lat="42.0183353" lon="2.855908499999998">
<ele>242.43170572693532</ele>
<time>2026-08-14T07:16:10.881Z</time>
</trkpt>
<trkpt lat="42.0183353" lon="2.855908499999998">
<ele>242.43170572693532</ele>
<time>2026-08-14T07:16:12.881Z</time>
</trkpt>
<trkpt lat="42.0183353" lon="2.855908499999998">
<ele>242.43170572693532</ele>
<time>2026-08-14T07:16:14.881Z</time>
</trkpt>
<trkpt lat="42.0183353" lon="2.855908499999998">
<ele>242.43170572693532</ele>
<time>2026-08-14T07:16:16.881Z</time>
</trkpt>
<trkpt lat="42.0183353" lon="2.855908499999998">
<ele>242.43170572693532</ele>
<time>2026-08-14T07:16:18.881Z</time>
</trkpt>
<trkpt lat="42.0183353" lon="2.855908499999998">
<ele>242.43170572693532</ele>
<time>2026-08-14T07:16:20.881Z</time>
</trkpt>
<trkpt lat="42.0183353" lon="2.855908499999998">
<ele>242.43170572693532</ele>
<time>2026-08-14T07:16:22.881Z</time>
</trkpt>
<trkpt lat="42.0183353" lon="2.855908499999998">
<ele>242.43170572693532</ele>
<time>2026-08-14T07:16:24.881Z</time>
</trkpt>
<trkpt lat="42.0183353" lon="2.855908499999998">
<ele>242.43170572693532</ele>
<time>2026-08-14T07:16:26.881Z</time>
</trkpt>
<trkpt lat="42.0183353" lon="2.855908499999998">
<ele>242.43170572693532</ele>
<time>2026-08-14T07:16:28.881Z</time>
</trkpt>
<trkpt lat="42.0183353" lon="2.855908499999998">
<ele>242.43170572693532</ele>
<time>2026-08-14T07:16:30.880Z</time>
</trkpt>
<trkpt lat="42.0183353" lon="2.855908499999998">
<ele>242.43170572693532</ele>
<time>2026-08-14T07:16:32.881Z</time>
</trkpt>
<trkpt lat="42.0183353" lon="2.855908499999998">
<ele>242.43170572693532</ele>
<time>2026-08-14T07:16:34.881Z</time>
</trkpt>
<trkpt lat="42.0183353" lon="2.855908499999998">
<ele>242.43170572693532</ele>
<time>2026-08-14T07:16:36.881Z</time>
</trkpt>
<trkpt lat="42.0183353" lon="2.855908499999998">
<ele>242.43170572693532</ele>
<time>2026-08-14T07:16:38.881Z</time>
</trkpt>
<trkpt lat="42.0183353" lon="2.855908499999998">
<ele>242.43170572693532</ele>
<time>2026-08-14T07:16:40.881Z</time>
</trkpt>
<trkpt lat="42.0183353" lon="2.855908499999998">
<ele>242.43170572693532</ele>
<time>2026-08-14T07:16:42.881Z</time>
</trkpt>
<trkpt lat="42.0183353" lon="2.855908499999998">
<ele>242.43170572693532</ele>
<time>2026-08-14T07:16:44.881Z</time>
</trkpt>
<trkpt lat="42.0183353" lon="2.855908499999998">
<ele>242.43170572693532</ele>
<time>2026-08-14T07:16:46.881Z</time>
</trkpt>
<trkpt lat="42.0183353" lon="2.855908499999998">
<ele>242.43170572693532</ele>
<time>2026-08-14T07:16:48.881Z</time>
</trkpt>
<trkpt lat="42.0183353" lon="2.855908499999998">
<ele>242.43170572693532</ele>
<time>2026-08-14T07:16:50.881Z</time>
</trkpt>
<trkpt lat="42.0183353" lon="2.855908499999998">
<ele>242.43170572693532</ele>
<time>2026-08-14T07:16:52.881Z</time>
</trkpt>
<trkpt lat="42.0183353" lon="2.855908499999998">
<ele>242.43170572693532</ele>
<time>2026-08-14T07:16:54.881Z</time>
</trkpt>
<trkpt lat="42.0183353" lon="2.855908499999998">
<ele>242.43170572693532</ele>
<time>2026-08-14T07:16:56.881Z</time>
</trkpt>
<trkpt lat="42.0183353" lon="2.855908499999998">
<ele>242.43170572693532</ele>
<time>2026-08-14T07:16:58.881Z</time>
</trkpt>
<trkpt lat="42.0183353" lon="2.855908499999998">
<ele>242.43170572693532</ele>
<time>2026-08-14T07:17:00.881Z</time>
</trkpt>
<trkpt lat="42.0183353" lon="2.855908499999998">
<ele>242.43170572693532</ele>
<time>2026-08-14T07:17:02.881Z</time>
</trkpt>
<trkpt lat="42.0183353" lon="2.855908499999998">
<ele>242.43170572693532</ele>
<time>2026-08-14T07:17:04.881Z</time>
</trkpt>
<trkpt lat="42.0183353" lon="2.855908499999998">
<ele>242.43170572693532</ele>
<time>2026-08-14T07:17:06.881Z</time>
</trkpt>
<trkpt lat="42.0183353" lon="2.855908499999998">
<ele>242.43170572693532</ele>
<time>2026-08-14T07:17:08.881Z</time>
</trkpt>
<trkpt lat="42.0183353" lon="2.855908499999998">
<ele>242.43170572693532</ele>
<time>2026-08-14T07:17:10.881Z</time>
</trkpt>
<trkpt lat="42.0183353" lon="2.855908499999998">
<ele>242.43170572693532</ele>
<time>2026-08-14T07:17:12.881Z</time>
</trkpt>
<trkpt lat="42.0183353" lon="2.855908499999998">
<ele>242.43170572693532</ele>
<time>2026-08-14T07:17:14.881Z</time>
</trkpt>
<trkpt lat="42.0183353" lon="2.855908499999998">
<ele>242.43170572693532</ele>
<time>2026-08-14T07:17:16.881Z</time>
</trkpt>
<trkpt lat="42.0183353" lon="2.855908499999998">
<ele>242.43170572693532</ele>
<time>2026-08-14T07:17:18.881Z</time>
</trkpt>
<trkpt lat="42.0183353" lon="2.855908499999998">
<ele>242.43170572693532</ele>
<time>2026-08-14T07:17:20.881Z</time>
</trkpt>
<trkpt lat="42.0183353" lon="2.855908499999998">
<ele>242.43170572693532</ele>
<time>2026-08-14T07:17:22.881Z</time>
</trkpt>
<trkpt lat="42.0183353" lon="2.855908499999998">
<ele>242.43170572693532</ele>
<time>2026-08-14T07:17:24.881Z</time>
</trkpt>
<trkpt lat="42.0183353" lon="2.855908499999998">
<ele>242.43170572693532</ele>
<time>2026-08-14T07:17:26.881Z</time>
</trkpt>
<trkpt lat="42.0183353" lon="2.855908499999998">
<ele>242.43170572693532</ele>
<time>2026-08-14T07:17:28.881Z</time>
</trkpt>
<trkpt lat="42.0183353" lon="2.855908499999998">
<ele>242.43170572693532</ele>
<time>2026-08-14T07:17:30.881Z</time>
</trkpt>
<trkpt lat="42.0183353" lon="2.855908499999998">
<ele>242.43170572693532</ele>
<time>2026-08-14T07:17:32.881Z</time>
</trkpt>
<trkpt lat="42.0183353" lon="2.855908499999998">
<ele>242.43170572693532</ele>
<time>2026-08-14T07:17:34.881Z</time>
</trkpt>
<trkpt lat="42.0183353" lon="2.855908499999998">
<ele>242.43170572693532</ele>
<time>2026-08-14T07:17:36.881Z</time>
</trkpt>
<trkpt lat="42.0183353" lon="2.855908499999998">
<ele>242.43170572693532</ele>
<time>2026-08-14T07:17:38.881Z</time>
</trkpt>
<trkpt lat="42.0183353" lon="2.855908499999998">
<ele>242.43170572693532</ele>
<time>2026-08-14T07:17:40.881Z</time>
</trkpt>
<trkpt lat="42.0183353" lon="2.855908499999998">
<ele>242.43170572693532</ele>
<time>2026-08-14T07:17:42.881Z</time>
</trkpt>
<trkpt lat="42.0183353" lon="2.855908499999998">
<ele>242.43170572693532</ele>
<time>2026-08-14T07:17:44.881Z</time>
</trkpt>
<trkpt lat="42.0183358" lon="2.8559092000000135">
<ele>242.45626730280262</ele>
<time>2026-08-14T07:17:46.881Z</time>
</trkpt>
<trkpt lat="42.0183361" lon="2.8559094999999957">
<ele>242.46655943821168</ele>
<time>2026-08-14T07:17:48.881Z</time>
</trkpt>
<trkpt lat="42.0183361" lon="2.8559094999999957">
<ele>242.46655943821168</ele>
<time>2026-08-14T07:17:50.881Z</time>
</trkpt>
<trkpt lat="42.0183361" lon="2.8559094999999957">
<ele>242.46655943821168</ele>
<time>2026-08-14T07:17:52.881Z</time>
</trkpt>
<trkpt lat="42.0183361" lon="2.8559094999999957">
<ele>242.46655943821168</ele>
<time>2026-08-14T07:17:54.881Z</time>
</trkpt>
<trkpt lat="42.0183361" lon="2.8559094999999957">
<ele>242.46655943821168</ele>
<time>2026-08-14T07:17:56.881Z</time>
</trkpt>
<trkpt lat="42.0183361" lon="2.8559094999999957">
<ele>242.46655943821168</ele>
<time>2026-08-14T07:17:58.881Z</time>
</trkpt>
<trkpt lat="42.0183361" lon="2.8559094999999957">
<ele>242.46655943821168</ele>
<time>2026-08-14T07:18:00.881Z</time>
</trkpt>
<trkpt lat="42.0183361" lon="2.8559094999999957">
<ele>242.46655943821168</ele>
<time>2026-08-14T07:18:02.881Z</time>
</trkpt>
<trkpt lat="42.0183361" lon="2.8559094999999957">
<ele>242.46655943821168</ele>
<time>2026-08-14T07:18:04.881Z</time>
</trkpt>
<trkpt lat="42.0183361" lon="2.8559094999999957">
<ele>242.46655943821168</ele>
<time>2026-08-14T07:18:06.881Z</time>
</trkpt>
<trkpt lat="42.0183392" lon="2.8559118999999953">
<ele>242.52266852593837</ele>
<time>2026-08-14T07:18:08.881Z</time>
</trkpt>
<trkpt lat="42.0183392" lon="2.8559119999999893">
<ele>242.5237115939069</ele>
<time>2026-08-14T07:18:10.881Z</time>
</trkpt>
<trkpt lat="42.0183392" lon="2.855912100000012">
<ele>242.5247546618754</ele>
<time>2026-08-14T07:18:12.881Z</time>
</trkpt>
<trkpt lat="42.0183392" lon="2.855912100000012">
<ele>242.5247546618754</ele>
<time>2026-08-14T07:18:14.881Z</time>
</trkpt>
<trkpt lat="42.0183392" lon="2.855912100000012">
<ele>242.5247546618754</ele>
<time>2026-08-14T07:18:16.881Z</time>
</trkpt>
<trkpt lat="42.0183392" lon="2.855912100000012">
<ele>242.5247546618754</ele>
<time>2026-08-14T07:18:18.881Z</time>
</trkpt>
<trkpt lat="42.0183392" lon="2.855912100000012">
<ele>242.5247546618754</ele>
<time>2026-08-14T07:18:20.881Z</time>
</trkpt>
<trkpt lat="42.0183392" lon="2.855912100000012">
<ele>242.5247546618754</ele>
<time>2026-08-14T07:18:22.881Z</time>
</trkpt>
<trkpt lat="42.0183392" lon="2.855912100000012">
<ele>242.5247546618754</ele>
<time>2026-08-14T07:18:24.881Z</time>
</trkpt>
<trkpt lat="42.0183392" lon="2.855912100000012">
<ele>242.5247546618754</ele>
<time>2026-08-14T07:18:26.881Z</time>
</trkpt>
<trkpt lat="42.0183392" lon="2.855912100000012">
<ele>242.5247546618754</ele>
<time>2026-08-14T07:18:28.881Z</time>
</trkpt>
<trkpt lat="42.0183392" lon="2.855912100000012">
<ele>242.5247546618754</ele>
<time>2026-08-14T07:18:30.881Z</time>
</trkpt>
<trkpt lat="42.0183392" lon="2.855912100000012">
<ele>242.5247546618754</ele>
<time>2026-08-14T07:18:32.881Z</time>
</trkpt>
<trkpt lat="42.0183392" lon="2.855912100000012">
<ele>242.5247546618754</ele>
<time>2026-08-14T07:18:34.881Z</time>
</trkpt>
<trkpt lat="42.0183392" lon="2.855912100000012">
<ele>242.5247546618754</ele>
<time>2026-08-14T07:18:36.881Z</time>
</trkpt>
<trkpt lat="42.0183392" lon="2.855912100000012">
<ele>242.5247546618754</ele>
<time>2026-08-14T07:18:38.881Z</time>
</trkpt>
<trkpt lat="42.0183392" lon="2.855912100000012">
<ele>242.5247546618754</ele>
<time>2026-08-14T07:18:40.881Z</time>
</trkpt>
<trkpt lat="42.0183392" lon="2.855912100000012">
<ele>242.5247546618754</ele>
<time>2026-08-14T07:18:42.881Z</time>
</trkpt>
<trkpt lat="42.0183392" lon="2.855912100000012">
<ele>242.5247546618754</ele>
<time>2026-08-14T07:18:44.881Z</time>
</trkpt>
<trkpt lat="42.0183392" lon="2.855912100000012">
<ele>242.5247546618754</ele>
<time>2026-08-14T07:18:46.881Z</time>
</trkpt>
<trkpt lat="42.0183392" lon="2.855912100000012">
<ele>242.5247546618754</ele>
<time>2026-08-14T07:18:48.881Z</time>
</trkpt>
<trkpt lat="42.0183392" lon="2.855912100000012">
<ele>242.5247546618754</ele>
<time>2026-08-14T07:18:50.881Z</time>
</trkpt>
<trkpt lat="42.0183392" lon="2.855912100000012">
<ele>242.5247546618754</ele>
<time>2026-08-14T07:18:52.881Z</time>
</trkpt>
<trkpt lat="42.0183392" lon="2.855912100000012">
<ele>242.5247546618754</ele>
<time>2026-08-14T07:18:54.881Z</time>
</trkpt>
<trkpt lat="42.0183392" lon="2.855912100000012">
<ele>242.5247546618754</ele>
<time>2026-08-14T07:18:56.880Z</time>
</trkpt>
<trkpt lat="42.0183392" lon="2.855912100000012">
<ele>242.5247546618754</ele>
<time>2026-08-14T07:18:58.881Z</time>
</trkpt>
<trkpt lat="42.0183392" lon="2.855912100000012">
<ele>242.5247546618754</ele>
<time>2026-08-14T07:19:00.881Z</time>
</trkpt>
<trkpt lat="42.0183392" lon="2.855912100000012">
<ele>242.5247546618754</ele>
<time>2026-08-14T07:19:02.881Z</time>
</trkpt>
<trkpt lat="42.0183392" lon="2.855912100000012">
<ele>242.5247546618754</ele>
<time>2026-08-14T07:19:04.881Z</time>
</trkpt>
<trkpt lat="42.0183392" lon="2.855912100000012">
<ele>242.5247546618754</ele>
<time>2026-08-14T07:19:06.881Z</time>
</trkpt>
<trkpt lat="42.0183392" lon="2.855912100000012">
<ele>242.5247546618754</ele>
<time>2026-08-14T07:19:08.881Z</time>
</trkpt>
<trkpt lat="42.0183392" lon="2.855912100000012">
<ele>242.5247546618754</ele>
<time>2026-08-14T07:19:10.881Z</time>
</trkpt>
<trkpt lat="42.0183392" lon="2.855912100000012">
<ele>242.5247546618754</ele>
<time>2026-08-14T07:19:12.881Z</time>
</trkpt>
<trkpt lat="42.0183392" lon="2.855912100000012">
<ele>242.5247546618754</ele>
<time>2026-08-14T07:19:14.881Z</time>
</trkpt>
<trkpt lat="42.0183392" lon="2.855912100000012">
<ele>242.5247546618754</ele>
<time>2026-08-14T07:19:16.881Z</time>
</trkpt>
<trkpt lat="42.0183392" lon="2.855912100000012">
<ele>242.5247546618754</ele>
<time>2026-08-14T07:19:18.881Z</time>
</trkpt>
<trkpt lat="42.0183392" lon="2.855912100000012">
<ele>242.5247546618754</ele>
<time>2026-08-14T07:19:20.880Z</time>
</trkpt>
<trkpt lat="42.0183392" lon="2.855912100000012">
<ele>242.5247546618754</ele>
<time>2026-08-14T07:19:22.881Z</time>
</trkpt>
<trkpt lat="42.0183392" lon="2.855912100000012">
<ele>242.5247546618754</ele>
<time>2026-08-14T07:19:24.881Z</time>
</trkpt>
<trkpt lat="42.0183392" lon="2.855912100000012">
<ele>242.5247546618754</ele>
<time>2026-08-14T07:19:26.881Z</time>
</trkpt>
<trkpt lat="42.0183392" lon="2.855912100000012">
<ele>242.5247546618754</ele>
<time>2026-08-14T07:19:28.881Z</time>
</trkpt>
<trkpt lat="42.0183392" lon="2.855912100000012">
<ele>242.5247546618754</ele>
<time>2026-08-14T07:19:30.881Z</time>
</trkpt>
<trkpt lat="42.0183392" lon="2.855912100000012">
<ele>242.5247546618754</ele>
<time>2026-08-14T07:19:32.881Z</time>
</trkpt>
<trkpt lat="42.0183392" lon="2.855912100000012">
<ele>242.5247546618754</ele>
<time>2026-08-14T07:19:34.881Z</time>
</trkpt>
<trkpt lat="42.0183392" lon="2.855912100000012">
<ele>242.5247546618754</ele>
<time>2026-08-14T07:19:36.881Z</time>
</trkpt>
<trkpt lat="42.0183392" lon="2.855912100000012">
<ele>242.5247546618754</ele>
<time>2026-08-14T07:19:38.881Z</time>
</trkpt>
<trkpt lat="42.0183392" lon="2.855912100000012">
<ele>242.5247546618754</ele>
<time>2026-08-14T07:19:40.881Z</time>
</trkpt>
<trkpt lat="42.0183392" lon="2.855912100000012">
<ele>242.5247546618754</ele>
<time>2026-08-14T07:19:42.881Z</time>
</trkpt>
<trkpt lat="42.0183392" lon="2.855912100000012">
<ele>242.5247546618754</ele>
<time>2026-08-14T07:19:44.881Z</time>
</trkpt>
<trkpt lat="42.0183392" lon="2.855912100000012">
<ele>242.5247546618754</ele>
<time>2026-08-14T07:19:46.881Z</time>
</trkpt>
<trkpt lat="42.0183392" lon="2.855912100000012">
<ele>242.5247546618754</ele>
<time>2026-08-14T07:19:48.881Z</time>
</trkpt>
<trkpt lat="42.0183392" lon="2.855912100000012">
<ele>242.5247546618754</ele>
<time>2026-08-14T07:19:50.881Z</time>
</trkpt>
<trkpt lat="42.0183392" lon="2.855912100000012">
<ele>242.5247546618754</ele>
<time>2026-08-14T07:19:52.881Z</time>
</trkpt>
<trkpt lat="42.0183392" lon="2.855912100000012">
<ele>242.5247546618754</ele>
<time>2026-08-14T07:19:54.881Z</time>
</trkpt>
<trkpt lat="42.0183392" lon="2.855912100000012">
<ele>242.5247546618754</ele>
<time>2026-08-14T07:19:56.881Z</time>
</trkpt>
<trkpt lat="42.0183392" lon="2.855912100000012">
<ele>242.5247546618754</ele>
<time>2026-08-14T07:19:58.881Z</time>
</trkpt>
<trkpt lat="42.0183392" lon="2.855912100000012">
<ele>242.5247546618754</ele>
<time>2026-08-14T07:20:00.881Z</time>
</trkpt>
<trkpt lat="42.0183392" lon="2.855912100000012">
<ele>242.5247546618754</ele>
<time>2026-08-14T07:20:02.881Z</time>
</trkpt>
<trkpt lat="42.0183392" lon="2.855912100000012">
<ele>242.5247546618754</ele>
<time>2026-08-14T07:20:04.881Z</time>
</trkpt>
<trkpt lat="42.0183392" lon="2.855912100000012">
<ele>242.5247546618754</ele>
<time>2026-08-14T07:20:06.881Z</time>
</trkpt>
<trkpt lat="42.0183392" lon="2.855912100000012">
<ele>242.5247546618754</ele>
<time>2026-08-14T07:20:08.881Z</time>
</trkpt>
<trkpt lat="42.0183392" lon="2.855912100000012">
<ele>242.5247546618754</ele>
<time>2026-08-14T07:20:10.881Z</time>
</trkpt>
<trkpt lat="42.0183392" lon="2.855912100000012">
<ele>242.5247546618754</ele>
<time>2026-08-14T07:20:12.881Z</time>
</trkpt>
<trkpt lat="42.0183392" lon="2.855912100000012">
<ele>242.5247546618754</ele>
<time>2026-08-14T07:20:14.881Z</time>
</trkpt>
<trkpt lat="42.0183392" lon="2.855912100000012">
<ele>242.5247546618754</ele>
<time>2026-08-14T07:20:16.881Z</time>
</trkpt>
<trkpt lat="42.0183392" lon="2.855912100000012">
<ele>242.5247546618754</ele>
<time>2026-08-14T07:20:18.881Z</time>
</trkpt>
<trkpt lat="42.0183392" lon="2.855912100000012">
<ele>242.5247546618754</ele>
<time>2026-08-14T07:20:20.881Z</time>
</trkpt>
<trkpt lat="42.0183392" lon="2.855912100000012">
<ele>242.5247546618754</ele>
<time>2026-08-14T07:20:22.881Z</time>
</trkpt>
<trkpt lat="42.0183392" lon="2.855912100000012">
<ele>242.5247546618754</ele>
<time>2026-08-14T07:20:24.881Z</time>
</trkpt>
<trkpt lat="42.0183392" lon="2.855912100000012">
<ele>242.5247546618754</ele>
<time>2026-08-14T07:20:26.881Z</time>
</trkpt>
<trkpt lat="42.0183392" lon="2.855912100000012">
<ele>242.5247546618754</ele>
<time>2026-08-14T07:20:28.881Z</time>
</trkpt>
<trkpt lat="42.0183392" lon="2.855912100000012">
<ele>242.5247546618754</ele>
<time>2026-08-14T07:20:30.881Z</time>
</trkpt>
<trkpt lat="42.0183392" lon="2.855912100000012">
<ele>242.5247546618754</ele>
<time>2026-08-14T07:20:32.881Z</time>
</trkpt>
<trkpt lat="42.0183392" lon="2.855912100000012">
<ele>242.5247546618754</ele>
<time>2026-08-14T07:20:34.881Z</time>
</trkpt>
<trkpt lat="42.0183392" lon="2.855912100000012">
<ele>242.5247546618754</ele>
<time>2026-08-14T07:20:36.881Z</time>
</trkpt>
<trkpt lat="42.0183392" lon="2.855912100000012">
<ele>242.5247546618754</ele>
<time>2026-08-14T07:20:38.881Z</time>
</trkpt>
<trkpt lat="42.0183392" lon="2.855912100000012">
<ele>242.5247546618754</ele>
<time>2026-08-14T07:20:40.881Z</time>
</trkpt>
<trkpt lat="42.0183392" lon="2.855912100000012">
<ele>242.5247546618754</ele>
<time>2026-08-14T07:20:42.880Z</time>
</trkpt>
<trkpt lat="42.0183392" lon="2.855912100000012">
<ele>242.5247546618754</ele>
<time>2026-08-14T07:20:44.881Z</time>
</trkpt>
<trkpt lat="42.0183392" lon="2.855912100000012">
<ele>242.5247546618754</ele>
<time>2026-08-14T07:20:46.881Z</time>
</trkpt>
<trkpt lat="42.0183392" lon="2.855912100000012">
<ele>242.5247546618754</ele>
<time>2026-08-14T07:20:48.881Z</time>
</trkpt>
<trkpt lat="42.0183392" lon="2.855912100000012">
<ele>242.5247546618754</ele>
<time>2026-08-14T07:20:50.881Z</time>
</trkpt>
<trkpt lat="42.0183392" lon="2.855912100000012">
<ele>242.5247546618754</ele>
<time>2026-08-14T07:20:52.881Z</time>
</trkpt>
<trkpt lat="42.0183392" lon="2.855912100000012">
<ele>242.5247546618754</ele>
<time>2026-08-14T07:20:54.881Z</time>
</trkpt>
<trkpt lat="42.0183392" lon="2.855912100000012">
<ele>242.5247546618754</ele>
<time>2026-08-14T07:20:56.881Z</time>
</trkpt>
<trkpt lat="42.0183392" lon="2.855912100000012">
<ele>242.5247546618754</ele>
<time>2026-08-14T07:20:58.881Z</time>
</trkpt>
<trkpt lat="42.0183392" lon="2.855912100000012">
<ele>242.5247546618754</ele>
<time>2026-08-14T07:21:00.881Z</time>
</trkpt>
<trkpt lat="42.0183392" lon="2.855912100000012">
<ele>242.5247546618754</ele>
<time>2026-08-14T07:21:02.881Z</time>
</trkpt>
<trkpt lat="42.0183392" lon="2.855912100000012">
<ele>242.5247546618754</ele>
<time>2026-08-14T07:21:04.881Z</time>
</trkpt>
<trkpt lat="42.0183392" lon="2.855912100000012">
<ele>242.5247546618754</ele>
<time>2026-08-14T07:21:06.881Z</time>
</trkpt>
<trkpt lat="42.0183392" lon="2.855912100000012">
<ele>242.5247546618754</ele>
<time>2026-08-14T07:21:08.881Z</time>
</trkpt>
<trkpt lat="42.0183392" lon="2.855912100000012">
<ele>242.5247546618754</ele>
<time>2026-08-14T07:21:10.881Z</time>
</trkpt>
<trkpt lat="42.0183392" lon="2.855912100000012">
<ele>242.5247546618754</ele>
<time>2026-08-14T07:21:12.881Z</time>
</trkpt>
<trkpt lat="42.0183392" lon="2.855912100000012">
<ele>242.5247546618754</ele>
<time>2026-08-14T07:21:14.881Z</time>
</trkpt>
<trkpt lat="42.0183392" lon="2.855912100000012">
<ele>242.5247546618754</ele>
<time>2026-08-14T07:21:16.881Z</time>
</trkpt>
<trkpt lat="42.0183392" lon="2.855912100000012">
<ele>242.5247546618754</ele>
<time>2026-08-14T07:21:18.881Z</time>
</trkpt>
<trkpt lat="42.0183392" lon="2.855912100000012">
<ele>242.5247546618754</ele>
<time>2026-08-14T07:21:20.881Z</time>
</trkpt>
<trkpt lat="42.0183392" lon="2.855912100000012">
<ele>242.5247546618754</ele>
<time>2026-08-14T07:21:22.881Z</time>
</trkpt>
<trkpt lat="42.0183392" lon="2.855912100000012">
<ele>242.5247546618754</ele>
<time>2026-08-14T07:21:24.881Z</time>
</trkpt>
<trkpt lat="42.0183392" lon="2.855912100000012">
<ele>242.5247546618754</ele>
<time>2026-08-14T07:21:26.881Z</time>
</trkpt>
<trkpt lat="42.0183392" lon="2.855912100000012">
<ele>242.5247546618754</ele>
<time>2026-08-14T07:21:28.881Z</time>
</trkpt>
<trkpt lat="42.0183392" lon="2.855912100000012">
<ele>242.5247546618754</ele>
<time>2026-08-14T07:21:30.881Z</time>
</trkpt>
<trkpt lat="42.0183392" lon="2.855912100000012">
<ele>242.5247546618754</ele>
<time>2026-08-14T07:21:32.881Z</time>
</trkpt>
<trkpt lat="42.0183392" lon="2.855912100000012">
<ele>242.5247546618754</ele>
<time>2026-08-14T07:21:34.881Z</time>
</trkpt>
<trkpt lat="42.0183392" lon="2.855912100000012">
<ele>242.5247546618754</ele>
<time>2026-08-14T07:21:36.881Z</time>
</trkpt>
<trkpt lat="42.0183392" lon="2.855912100000012">
<ele>242.5247546618754</ele>
<time>2026-08-14T07:21:38.881Z</time>
</trkpt>
<trkpt lat="42.0183392" lon="2.855912100000012">
<ele>242.5247546618754</ele>
<time>2026-08-14T07:21:40.881Z</time>
</trkpt>
<trkpt lat="42.0183392" lon="2.855912100000012">
<ele>242.5247546618754</ele>
<time>2026-08-14T07:21:42.881Z</time>
</trkpt>
<trkpt lat="42.0183392" lon="2.855912100000012">
<ele>242.5247546618754</ele>
<time>2026-08-14T07:21:44.881Z</time>
</trkpt>
<trkpt lat="42.0183392" lon="2.855912100000012">
<ele>242.5247546618754</ele>
<time>2026-08-14T07:21:46.881Z</time>
</trkpt>
<trkpt lat="42.0183392" lon="2.855912100000012">
<ele>242.5247546618754</ele>
<time>2026-08-14T07:21:48.881Z</time>
</trkpt>
<trkpt lat="42.0183392" lon="2.855912100000012">
<ele>242.5247546618754</ele>
<time>2026-08-14T07:21:50.881Z</time>
</trkpt>
<trkpt lat="42.0183392" lon="2.855912100000012">
<ele>242.5247546618754</ele>
<time>2026-08-14T07:21:52.881Z</time>
</trkpt>
<trkpt lat="42.0183392" lon="2.855912100000012">
<ele>242.5247546618754</ele>
<time>2026-08-14T07:21:54.881Z</time>
</trkpt>
<trkpt lat="42.0183392" lon="2.855912100000012">
<ele>242.5247546618754</ele>
<time>2026-08-14T07:21:56.881Z</time>
</trkpt>
<trkpt lat="42.0183392" lon="2.855912100000012">
<ele>242.5247546618754</ele>
<time>2026-08-14T07:21:58.881Z</time>
</trkpt>
<trkpt lat="42.0183392" lon="2.855912100000012">
<ele>242.5247546618754</ele>
<time>2026-08-14T07:22:00.881Z</time>
</trkpt>
<trkpt lat="42.0183392" lon="2.855912100000012">
<ele>242.5247546618754</ele>
<time>2026-08-14T07:22:02.881Z</time>
</trkpt>
<trkpt lat="42.0183392" lon="2.855912100000012">
<ele>242.5247546618754</ele>
<time>2026-08-14T07:22:04.881Z</time>
</trkpt>
<trkpt lat="42.0183392" lon="2.855912100000012">
<ele>242.5247546618754</ele>
<time>2026-08-14T07:22:06.881Z</time>
</trkpt>
<trkpt lat="42.0183392" lon="2.855912100000012">
<ele>242.5247546618754</ele>
<time>2026-08-14T07:22:08.881Z</time>
</trkpt>
<trkpt lat="42.0183392" lon="2.855912100000012">
<ele>242.5247546618754</ele>
<time>2026-08-14T07:22:10.881Z</time>
</trkpt>
<trkpt lat="42.0183392" lon="2.855912100000012">
<ele>242.5247546618754</ele>
<time>2026-08-14T07:22:12.881Z</time>
</trkpt>
<trkpt lat="42.0183392" lon="2.855912100000012">
<ele>242.5247546618754</ele>
<time>2026-08-14T07:22:14.881Z</time>
</trkpt>
<trkpt lat="42.0183392" lon="2.855912100000012">
<ele>242.5247546618754</ele>
<time>2026-08-14T07:22:16.881Z</time>
</trkpt>
<trkpt lat="42.0183392" lon="2.855912100000012">
<ele>242.5247546618754</ele>
<time>2026-08-14T07:22:18.881Z</time>
</trkpt>
<trkpt lat="42.0183392" lon="2.855912100000012">
<ele>242.5247546618754</ele>
<time>2026-08-14T07:22:20.881Z</time>
</trkpt>
<trkpt lat="42.0183392" lon="2.855912100000012">
<ele>242.5247546618754</ele>
<time>2026-08-14T07:22:22.881Z</time>
</trkpt>
<trkpt lat="42.0183392" lon="2.855912100000012">
<ele>242.5247546618754</ele>
<time>2026-08-14T07:22:24.881Z</time>
</trkpt>
<trkpt lat="42.0183392" lon="2.855912100000012">
<ele>242.5247546618754</ele>
<time>2026-08-14T07:22:26.881Z</time>
</trkpt>
<trkpt lat="42.0183392" lon="2.855912100000012">
<ele>242.5247546618754</ele>
<time>2026-08-14T07:22:28.881Z</time>
</trkpt>
<trkpt lat="42.0183392" lon="2.855912100000012">
<ele>242.5247546618754</ele>
<time>2026-08-14T07:22:30.881Z</time>
</trkpt>
<trkpt lat="42.0183392" lon="2.855912100000012">
<ele>242.5247546618754</ele>
<time>2026-08-14T07:22:32.881Z</time>
</trkpt>
<trkpt lat="42.0183392" lon="2.855912100000012">
<ele>242.5247546618754</ele>
<time>2026-08-14T07:22:34.881Z</time>
</trkpt>
<trkpt lat="42.0183392" lon="2.855912100000012">
<ele>242.5247546618754</ele>
<time>2026-08-14T07:22:36.881Z</time>
</trkpt>
<trkpt lat="42.0183392" lon="2.855912100000012">
<ele>242.5247546618754</ele>
<time>2026-08-14T07:22:38.881Z</time>
</trkpt>
<trkpt lat="42.0183392" lon="2.855912100000012">
<ele>242.5247546618754</ele>
<time>2026-08-14T07:22:40.881Z</time>
</trkpt>
<trkpt lat="42.0183392" lon="2.855912100000012">
<ele>242.5247546618754</ele>
<time>2026-08-14T07:22:42.881Z</time>
</trkpt>
<trkpt lat="42.0183392" lon="2.855912100000012">
<ele>242.5247546618754</ele>
<time>2026-08-14T07:22:44.881Z</time>
</trkpt>
<trkpt lat="42.0183392" lon="2.855912100000012">
<ele>242.5247546618754</ele>
<time>2026-08-14T07:22:46.881Z</time>
</trkpt>
<trkpt lat="42.0183392" lon="2.855912100000012">
<ele>242.5247546618754</ele>
<time>2026-08-14T07:22:48.881Z</time>
</trkpt>
<trkpt lat="42.0183392" lon="2.855912100000012">
<ele>242.5247546618754</ele>
<time>2026-08-14T07:22:50.881Z</time>
</trkpt>
<trkpt lat="42.0183392" lon="2.855912100000012">
<ele>242.5247546618754</ele>
<time>2026-08-14T07:22:52.881Z</time>
</trkpt>
<trkpt lat="42.0183392" lon="2.855912100000012">
<ele>242.5247546618754</ele>
<time>2026-08-14T07:22:54.881Z</time>
</trkpt>
<trkpt lat="42.0183392" lon="2.855912100000012">
<ele>242.5247546618754</ele>
<time>2026-08-14T07:22:56.881Z</time>
</trkpt>
<trkpt lat="42.0183392" lon="2.855912100000012">
<ele>242.5247546618754</ele>
<time>2026-08-14T07:22:58.881Z</time>
</trkpt>
<trkpt lat="42.0183392" lon="2.855912100000012">
<ele>242.5247546618754</ele>
<time>2026-08-14T07:23:00.881Z</time>
</trkpt>
<trkpt lat="42.0183392" lon="2.855912100000012">
<ele>242.5247546618754</ele>
<time>2026-08-14T07:23:02.881Z</time>
</trkpt>
<trkpt lat="42.0183392" lon="2.855912100000012">
<ele>242.5247546618754</ele>
<time>2026-08-14T07:23:04.881Z</time>
</trkpt>
<trkpt lat="42.0183392" lon="2.855912100000012">
<ele>242.5247546618754</ele>
<time>2026-08-14T07:23:06.881Z</time>
</trkpt>
<trkpt lat="42.0183392" lon="2.855912100000012">
<ele>242.5247546618754</ele>
<time>2026-08-14T07:23:08.881Z</time>
</trkpt>
<trkpt lat="42.0183392" lon="2.855912100000012">
<ele>242.5247546618754</ele>
<time>2026-08-14T07:23:10.881Z</time>
</trkpt>
<trkpt lat="42.0183392" lon="2.855912100000012">
<ele>242.5247546618754</ele>
<time>2026-08-14T07:23:12.881Z</time>
</trkpt>
<trkpt lat="42.0183392" lon="2.855912100000012">
<ele>242.5247546618754</ele>
<time>2026-08-14T07:23:14.881Z</time>
</trkpt>
<trkpt lat="42.0183392" lon="2.855912100000012">
<ele>242.5247546618754</ele>
<time>2026-08-14T07:23:16.881Z</time>
</trkpt>
<trkpt lat="42.0183392" lon="2.855912100000012">
<ele>242.5247546618754</ele>
<time>2026-08-14T07:23:18.881Z</time>
</trkpt>
<trkpt lat="42.0183392" lon="2.855912100000012">
<ele>242.5247546618754</ele>
<time>2026-08-14T07:23:20.881Z</time>
</trkpt>
<trkpt lat="42.0183392" lon="2.855912100000012">
<ele>242.5247546618754</ele>
<time>2026-08-14T07:23:22.881Z</time>
</trkpt>
<trkpt lat="42.0183392" lon="2.855912100000012">
<ele>242.5247546618754</ele>
<time>2026-08-14T07:23:24.881Z</time>
</trkpt>
<trkpt lat="42.0183392" lon="2.855912100000012">
<ele>242.5247546618754</ele>
<time>2026-08-14T07:23:26.881Z</time>
</trkpt>
<trkpt lat="42.0183392" lon="2.855912100000012">
<ele>242.5247546618754</ele>
<time>2026-08-14T07:23:28.881Z</time>
</trkpt>
<trkpt lat="42.0183392" lon="2.855912100000012">
<ele>242.5247546618754</ele>
<time>2026-08-14T07:23:30.881Z</time>
</trkpt>
<trkpt lat="42.0183392" lon="2.855912100000012">
<ele>242.5247546618754</ele>
<time>2026-08-14T07:23:32.881Z</time>
</trkpt>
<trkpt lat="42.0183392" lon="2.855912100000012">
<ele>242.5247546618754</ele>
<time>2026-08-14T07:23:34.881Z</time>
</trkpt>
<trkpt lat="42.0183392" lon="2.855912100000012">
<ele>242.5247546618754</ele>
<time>2026-08-14T07:23:36.881Z</time>
</trkpt>
<trkpt lat="42.0183392" lon="2.855912100000012">
<ele>242.5247546618754</ele>
<time>2026-08-14T07:23:38.881Z</time>
</trkpt>
<trkpt lat="42.0183392" lon="2.855912100000012">
<ele>242.5247546618754</ele>
<time>2026-08-14T07:23:40.881Z</time>
</trkpt>
<trkpt lat="42.0183392" lon="2.855912100000012">
<ele>242.5247546618754</ele>
<time>2026-08-14T07:23:42.881Z</time>
</trkpt>
<trkpt lat="42.0183392" lon="2.855912100000012">
<ele>242.5247546618754</ele>
<time>2026-08-14T07:23:44.881Z</time>
</trkpt>
<trkpt lat="42.0183392" lon="2.855912100000012">
<ele>242.5247546618754</ele>
<time>2026-08-14T07:23:46.881Z</time>
</trkpt>
<trkpt lat="42.0183392" lon="2.855912100000012">
<ele>242.5247546618754</ele>
<time>2026-08-14T07:23:48.881Z</time>
</trkpt>
<trkpt lat="42.0183392" lon="2.855912100000012">
<ele>242.5247546618754</ele>
<time>2026-08-14T07:23:50.881Z</time>
</trkpt>
<trkpt lat="42.0183392" lon="2.855912100000012">
<ele>242.5247546618754</ele>
<time>2026-08-14T07:23:52.881Z</time>
</trkpt>
<trkpt lat="42.0183392" lon="2.855912100000012">
<ele>242.5247546618754</ele>
<time>2026-08-14T07:23:54.881Z</time>
</trkpt>
<trkpt lat="42.0183392" lon="2.855912100000012">
<ele>242.5247546618754</ele>
<time>2026-08-14T07:23:56.881Z</time>
</trkpt>
<trkpt lat="42.0183392" lon="2.855912100000012">
<ele>242.5247546618754</ele>
<time>2026-08-14T07:23:58.881Z</time>
</trkpt>
<trkpt lat="42.0183392" lon="2.855912100000012">
<ele>242.5247546618754</ele>
<time>2026-08-14T07:24:00.881Z</time>
</trkpt>
<trkpt lat="42.0183392" lon="2.855912100000012">
<ele>242.5247546618754</ele>
<time>2026-08-14T07:24:02.881Z</time>
</trkpt>
<trkpt lat="42.0183392" lon="2.855912100000012">
<ele>242.5247546618754</ele>
<time>2026-08-14T07:24:04.881Z</time>
</trkpt>
<trkpt lat="42.0183392" lon="2.855912100000012">
<ele>242.5247546618754</ele>
<time>2026-08-14T07:24:06.881Z</time>
</trkpt>
<trkpt lat="42.0183392" lon="2.855912100000012">
<ele>242.5247546618754</ele>
<time>2026-08-14T07:24:08.881Z</time>
</trkpt>
<trkpt lat="42.0183392" lon="2.855912100000012">
<ele>242.5247546618754</ele>
<time>2026-08-14T07:24:10.881Z</time>
</trkpt>
<trkpt lat="42.0183392" lon="2.855912100000012">
<ele>242.5247546618754</ele>
<time>2026-08-14T07:24:12.881Z</time>
</trkpt>
<trkpt lat="42.0183392" lon="2.855912100000012">
<ele>242.5247546618754</ele>
<time>2026-08-14T07:24:14.881Z</time>
</trkpt>
<trkpt lat="42.0183392" lon="2.855912100000012">
<ele>242.5247546618754</ele>
<time>2026-08-14T07:24:16.881Z</time>
</trkpt>
<trkpt lat="42.0183392" lon="2.855912100000012">
<ele>242.5247546618754</ele>
<time>2026-08-14T07:24:18.881Z</time>
</trkpt>
<trkpt lat="42.0183392" lon="2.855912100000012">
<ele>242.5247546618754</ele>
<time>2026-08-14T07:24:20.881Z</time>
</trkpt>
<trkpt lat="42.0183392" lon="2.855912100000012">
<ele>242.5247546618754</ele>
<time>2026-08-14T07:24:22.881Z</time>
</trkpt>
<trkpt lat="42.0183392" lon="2.855912100000012">
<ele>242.5247546618754</ele>
<time>2026-08-14T07:24:24.881Z</time>
</trkpt>
<trkpt lat="42.0183392" lon="2.855912100000012">
<ele>242.5247546618754</ele>
<time>2026-08-14T07:24:26.881Z</time>
</trkpt>
<trkpt lat="42.0183392" lon="2.855912100000012">
<ele>242.5247546618754</ele>
<time>2026-08-14T07:24:28.881Z</time>
</trkpt>
<trkpt lat="42.0183392" lon="2.855912100000012">
<ele>242.5247546618754</ele>
<time>2026-08-14T07:24:30.881Z</time>
</trkpt>
<trkpt lat="42.0183392" lon="2.855912100000012">
<ele>242.5247546618754</ele>
<time>2026-08-14T07:24:32.880Z</time>
</trkpt>
<trkpt lat="42.0183392" lon="2.855912100000012">
<ele>242.5247546618754</ele>
<time>2026-08-14T07:24:34.881Z</time>
</trkpt>
<trkpt lat="42.0183392" lon="2.855912100000012">
<ele>242.5247546618754</ele>
<time>2026-08-14T07:24:36.881Z</time>
</trkpt>
<trkpt lat="42.0183392" lon="2.855912100000012">
<ele>242.5247546618754</ele>
<time>2026-08-14T07:24:38.881Z</time>
</trkpt>
<trkpt lat="42.0183392" lon="2.855912100000012">
<ele>242.5247546618754</ele>
<time>2026-08-14T07:24:40.881Z</time>
</trkpt>
<trkpt lat="42.0183392" lon="2.855912100000012">
<ele>242.5247546618754</ele>
<time>2026-08-14T07:24:42.881Z</time>
</trkpt>
<trkpt lat="42.0183392" lon="2.855912100000012">
<ele>242.5247546618754</ele>
<time>2026-08-14T07:24:44.881Z</time>
</trkpt>
<trkpt lat="42.0183392" lon="2.855912100000012">
<ele>242.5247546618754</ele>
<time>2026-08-14T07:24:46.881Z</time>
</trkpt>
<trkpt lat="42.0183392" lon="2.855912100000012">
<ele>242.5247546618754</ele>
<time>2026-08-14T07:24:48.881Z</time>
</trkpt>
<trkpt lat="42.0183392" lon="2.855912100000012">
<ele>242.5247546618754</ele>
<time>2026-08-14T07:24:50.881Z</time>
</trkpt>
<trkpt lat="42.0183392" lon="2.855912100000012">
<ele>242.5247546618754</ele>
<time>2026-08-14T07:24:52.881Z</time>
</trkpt>
<trkpt lat="42.0183392" lon="2.855912100000012">
<ele>242.5247546618754</ele>
<time>2026-08-14T07:24:54.881Z</time>
</trkpt>
<trkpt lat="42.0183392" lon="2.855912100000012">
<ele>242.5247546618754</ele>
<time>2026-08-14T07:24:56.881Z</time>
</trkpt>
<trkpt lat="42.0183392" lon="2.855912100000012">
<ele>242.5247546618754</ele>
<time>2026-08-14T07:24:58.881Z</time>
</trkpt>
<trkpt lat="42.0183392" lon="2.855912100000012">
<ele>242.5247546618754</ele>
<time>2026-08-14T07:25:00.881Z</time>
</trkpt>
<trkpt lat="42.0183392" lon="2.855912100000012">
<ele>242.5247546618754</ele>
<time>2026-08-14T07:25:02.881Z</time>
</trkpt>
<trkpt lat="42.0183392" lon="2.855912100000012">
<ele>242.5247546618754</ele>
<time>2026-08-14T07:25:04.881Z</time>
</trkpt>
<trkpt lat="42.0183392" lon="2.855912100000012">
<ele>242.5247546618754</ele>
<time>2026-08-14T07:25:06.881Z</time>
</trkpt>
<trkpt lat="42.0183392" lon="2.855912100000012">
<ele>242.5247546618754</ele>
<time>2026-08-14T07:25:08.881Z</time>
</trkpt>
<trkpt lat="42.0183392" lon="2.855912100000012">
<ele>242.5247546618754</ele>
<time>2026-08-14T07:25:10.881Z</time>
</trkpt>
<trkpt lat="42.0183392" lon="2.855912100000012">
<ele>242.5247546618754</ele>
<time>2026-08-14T07:25:12.881Z</time>
</trkpt>
<trkpt lat="42.0183392" lon="2.855912100000012">
<ele>242.5247546618754</ele>
<time>2026-08-14T07:25:14.881Z</time>
</trkpt>
<trkpt lat="42.0183392" lon="2.855912100000012">
<ele>242.5247546618754</ele>
<time>2026-08-14T07:25:16.880Z</time>
</trkpt>
<trkpt lat="42.0183392" lon="2.855912100000012">
<ele>242.5247546618754</ele>
<time>2026-08-14T07:25:18.881Z</time>
</trkpt>
<trkpt lat="42.0183392" lon="2.855912100000012">
<ele>242.5247546618754</ele>
<time>2026-08-14T07:25:20.881Z</time>
</trkpt>
<trkpt lat="42.0183392" lon="2.855912100000012">
<ele>242.5247546618754</ele>
<time>2026-08-14T07:25:22.881Z</time>
</trkpt>
<trkpt lat="42.0183392" lon="2.855912100000012">
<ele>242.5247546618754</ele>
<time>2026-08-14T07:25:24.881Z</time>
</trkpt>
<trkpt lat="42.0183392" lon="2.855912100000012">
<ele>242.5247546618754</ele>
<time>2026-08-14T07:25:26.881Z</time>
</trkpt>
<trkpt lat="42.0183392" lon="2.855912100000012">
<ele>242.5247546618754</ele>
<time>2026-08-14T07:25:28.881Z</time>
</trkpt>
<trkpt lat="42.0183392" lon="2.855912100000012">
<ele>242.5247546618754</ele>
<time>2026-08-14T07:25:30.881Z</time>
</trkpt>
<trkpt lat="42.0183392" lon="2.855912100000012">
<ele>242.5247546618754</ele>
<time>2026-08-14T07:25:32.881Z</time>
</trkpt>
<trkpt lat="42.0183392" lon="2.855912100000012">
<ele>242.5247546618754</ele>
<time>2026-08-14T07:25:34.881Z</time>
</trkpt>
<trkpt lat="42.0183392" lon="2.855912100000012">
<ele>242.5247546618754</ele>
<time>2026-08-14T07:25:36.881Z</time>
</trkpt>
<trkpt lat="42.0183392" lon="2.855912100000012">
<ele>242.5247546618754</ele>
<time>2026-08-14T07:25:38.881Z</time>
</trkpt>
<trkpt lat="42.0183392" lon="2.855912100000012">
<ele>242.5247546618754</ele>
<time>2026-08-14T07:25:40.881Z</time>
</trkpt>
<trkpt lat="42.0183392" lon="2.855912100000012">
<ele>242.5247546618754</ele>
<time>2026-08-14T07:25:42.881Z</time>
</trkpt>
<trkpt lat="42.0183392" lon="2.855912100000012">
<ele>242.5247546618754</ele>
<time>2026-08-14T07:25:44.881Z</time>
</trkpt>
<trkpt lat="42.0183392" lon="2.855912100000012">
<ele>242.5247546618754</ele>
<time>2026-08-14T07:25:46.881Z</time>
</trkpt>
<trkpt lat="42.0183392" lon="2.855912100000012">
<ele>242.5247546618754</ele>
<time>2026-08-14T07:25:48.881Z</time>
</trkpt>
<trkpt lat="42.0183392" lon="2.855912100000012">
<ele>242.5247546618754</ele>
<time>2026-08-14T07:25:50.880Z</time>
</trkpt>
<trkpt lat="42.0183392" lon="2.855912100000012">
<ele>242.5247546618754</ele>
<time>2026-08-14T07:25:52.881Z</time>
</trkpt>
<trkpt lat="42.0183392" lon="2.855912100000012">
<ele>242.5247546618754</ele>
<time>2026-08-14T07:25:54.881Z</time>
</trkpt>
<trkpt lat="42.0183392" lon="2.855912100000012">
<ele>242.5247546618754</ele>
<time>2026-08-14T07:25:56.881Z</time>
</trkpt>
<trkpt lat="42.0183392" lon="2.855912100000012">
<ele>242.5247546618754</ele>
<time>2026-08-14T07:25:58.881Z</time>
</trkpt>
<trkpt lat="42.0183392" lon="2.855912100000012">
<ele>242.5247546618754</ele>
<time>2026-08-14T07:26:00.880Z</time>
</trkpt>
<trkpt lat="42.0183392" lon="2.855912100000012">
<ele>242.5247546618754</ele>
<time>2026-08-14T07:26:02.881Z</time>
</trkpt>
<trkpt lat="42.0183392" lon="2.855912100000012">
<ele>242.5247546618754</ele>
<time>2026-08-14T07:26:04.881Z</time>
</trkpt>
<trkpt lat="42.0183392" lon="2.855912100000012">
<ele>242.5247546618754</ele>
<time>2026-08-14T07:26:06.881Z</time>
</trkpt>
<trkpt lat="42.0183392" lon="2.855912100000012">
<ele>242.5247546618754</ele>
<time>2026-08-14T07:26:08.881Z</time>
</trkpt>
<trkpt lat="42.0183392" lon="2.855912100000012">
<ele>242.5247546618754</ele>
<time>2026-08-14T07:26:10.881Z</time>
</trkpt>
<trkpt lat="42.0183392" lon="2.855912100000012">
<ele>242.5247546618754</ele>
<time>2026-08-14T07:26:12.881Z</time>
</trkpt>
<trkpt lat="42.0183392" lon="2.855912100000012">
<ele>242.5247546618754</ele>
<time>2026-08-14T07:26:14.881Z</time>
</trkpt>
<trkpt lat="42.0183392" lon="2.855912100000012">
<ele>242.5247546618754</ele>
<time>2026-08-14T07:26:16.881Z</time>
</trkpt>
<trkpt lat="42.0183392" lon="2.855912100000012">
<ele>242.5247546618754</ele>
<time>2026-08-14T07:26:18.881Z</time>
</trkpt>
<trkpt lat="42.0183392" lon="2.855912100000012">
<ele>242.5247546618754</ele>
<time>2026-08-14T07:26:20.881Z</time>
</trkpt>
<trkpt lat="42.0183392" lon="2.855912100000012">
<ele>242.5247546618754</ele>
<time>2026-08-14T07:26:22.881Z</time>
</trkpt>
<trkpt lat="42.0183392" lon="2.855912100000012">
<ele>242.5247546618754</ele>
<time>2026-08-14T07:26:24.881Z</time>
</trkpt>
<trkpt lat="42.0183392" lon="2.855912100000012">
<ele>242.5247546618754</ele>
<time>2026-08-14T07:26:26.881Z</time>
</trkpt>
<trkpt lat="42.0183392" lon="2.855912100000012">
<ele>242.5247546618754</ele>
<time>2026-08-14T07:26:28.881Z</time>
</trkpt>
<trkpt lat="42.0183392" lon="2.855912100000012">
<ele>242.5247546618754</ele>
<time>2026-08-14T07:26:30.881Z</time>
</trkpt>
<trkpt lat="42.0183392" lon="2.855912100000012">
<ele>242.5247546618754</ele>
<time>2026-08-14T07:26:32.881Z</time>
</trkpt>
<trkpt lat="42.0183392" lon="2.855912100000012">
<ele>242.5247546618754</ele>
<time>2026-08-14T07:26:34.881Z</time>
</trkpt>
<trkpt lat="42.0183392" lon="2.855912100000012">
<ele>242.5247546618754</ele>
<time>2026-08-14T07:26:36.881Z</time>
</trkpt>
<trkpt lat="42.0183392" lon="2.855912100000012">
<ele>242.5247546618754</ele>
<time>2026-08-14T07:26:38.881Z</time>
</trkpt>
<trkpt lat="42.0183392" lon="2.855912100000012">
<ele>242.5247546618754</ele>
<time>2026-08-14T07:26:40.881Z</time>
</trkpt>
<trkpt lat="42.0183392" lon="2.855912100000012">
<ele>242.5247546618754</ele>
<time>2026-08-14T07:26:42.881Z</time>
</trkpt>
<trkpt lat="42.0183392" lon="2.855912100000012">
<ele>242.5247546618754</ele>
<time>2026-08-14T07:26:44.881Z</time>
</trkpt>
<trkpt lat="42.0183392" lon="2.855912100000012">
<ele>242.5247546618754</ele>
<time>2026-08-14T07:26:46.881Z</time>
</trkpt>
<trkpt lat="42.0183392" lon="2.855912100000012">
<ele>242.5247546618754</ele>
<time>2026-08-14T07:26:48.881Z</time>
</trkpt>
<trkpt lat="42.0183392" lon="2.855912100000012">
<ele>242.5247546618754</ele>
<time>2026-08-14T07:26:50.881Z</time>
</trkpt>
<trkpt lat="42.0183392" lon="2.855912100000012">
<ele>242.5247546618754</ele>
<time>2026-08-14T07:26:52.881Z</time>
</trkpt>
<trkpt lat="42.0183392" lon="2.855912100000012">
<ele>242.5247546618754</ele>
<time>2026-08-14T07:26:54.880Z</time>
</trkpt>
<trkpt lat="42.0183392" lon="2.855912100000012">
<ele>242.5247546618754</ele>
<time>2026-08-14T07:26:56.881Z</time>
</trkpt>
<trkpt lat="42.0183392" lon="2.855912100000012">
<ele>242.5247546618754</ele>
<time>2026-08-14T07:26:58.881Z</time>
</trkpt>
<trkpt lat="42.0183392" lon="2.855912100000012">
<ele>242.5247546618754</ele>
<time>2026-08-14T07:27:00.881Z</time>
</trkpt>
<trkpt lat="42.0183392" lon="2.855912100000012">
<ele>242.5247546618754</ele>
<time>2026-08-14T07:27:02.881Z</time>
</trkpt>
<trkpt lat="42.0183392" lon="2.855912100000012">
<ele>242.5247546618754</ele>
<time>2026-08-14T07:27:04.881Z</time>
</trkpt>
<trkpt lat="42.0183392" lon="2.855912100000012">
<ele>242.5247546618754</ele>
<time>2026-08-14T07:27:06.881Z</time>
</trkpt>
<trkpt lat="42.0183392" lon="2.855912100000012">
<ele>242.5247546618754</ele>
<time>2026-08-14T07:27:08.881Z</time>
</trkpt>
<trkpt lat="42.0183392" lon="2.855912100000012">
<ele>242.5247546618754</ele>
<time>2026-08-14T07:27:10.881Z</time>
</trkpt>
<trkpt lat="42.0183392" lon="2.855912100000012">
<ele>242.5247546618754</ele>
<time>2026-08-14T07:27:12.881Z</time>
</trkpt>
<trkpt lat="42.0183392" lon="2.855912100000012">
<ele>242.5247546618754</ele>
<time>2026-08-14T07:27:14.881Z</time>
</trkpt>
<trkpt lat="42.0183392" lon="2.855912100000012">
<ele>242.5247546618754</ele>
<time>2026-08-14T07:27:16.881Z</time>
</trkpt>
<trkpt lat="42.0183392" lon="2.855912100000012">
<ele>242.5247546618754</ele>
<time>2026-08-14T07:27:18.881Z</time>
</trkpt>
<trkpt lat="42.0183392" lon="2.855912100000012">
<ele>242.5247546618754</ele>
<time>2026-08-14T07:27:20.881Z</time>
</trkpt>
<trkpt lat="42.0183392" lon="2.855912100000012">
<ele>242.5247546618754</ele>
<time>2026-08-14T07:27:22.881Z</time>
</trkpt>
<trkpt lat="42.0183392" lon="2.855912100000012">
<ele>242.5247546618754</ele>
<time>2026-08-14T07:27:24.881Z</time>
</trkpt>
<trkpt lat="42.0183392" lon="2.855912100000012">
<ele>242.5247546618754</ele>
<time>2026-08-14T07:27:26.881Z</time>
</trkpt>
<trkpt lat="42.0183392" lon="2.855912100000012">
<ele>242.5247546618754</ele>
<time>2026-08-14T07:27:28.881Z</time>
</trkpt>
<trkpt lat="42.0183367" lon="2.855922800000002">
<ele>242.64441157738673</ele>
<time>2026-08-14T07:27:30.987Z</time>
</trkpt>
<trkpt lat="42.0183394" lon="2.8559183000000132">
<ele>242.58882055956522</ele>
<time>2026-08-14T07:27:32.865Z</time>
</trkpt>
<trkpt lat="42.0183399" lon="2.8559171999999933">
<ele>242.57586987932075</ele>
<time>2026-08-14T07:27:34.863Z</time>
</trkpt>
<trkpt lat="42.018341" lon="2.8559200999999916">
<ele>242.60261878152298</ele>
<time>2026-08-14T07:27:36.889Z</time>
</trkpt>
<trkpt lat="42.0183426" lon="2.8559179000000086">
<ele>242.57503902650484</ele>
<time>2026-08-14T07:27:38.904Z</time>
</trkpt>
<trkpt lat="42.0183442" lon="2.855916900000011">
<ele>242.5600218181663</ele>
<time>2026-08-14T07:27:40.919Z</time>
</trkpt>
<trkpt lat="42.0183428" lon="2.85591500000001">
<ele>242.5446483261582</ele>
<time>2026-08-14T07:27:42.934Z</time>
</trkpt>
<trkpt lat="42.0183421" lon="2.855914299999995">
<ele>242.53944964576758</ele>
<time>2026-08-14T07:27:44.948Z</time>
</trkpt>
<trkpt lat="42.0183411" lon="2.855914299999995">
<ele>242.54229533936646</ele>
<time>2026-08-14T07:27:46.915Z</time>
</trkpt>
<trkpt lat="42.0183387" lon="2.8559160000000077">
<ele>242.56689453586446</ele>
<time>2026-08-14T07:27:48.929Z</time>
</trkpt>
<trkpt lat="42.018339" lon="2.855919599999993">
<ele>242.60360050887778</ele>
<time>2026-08-14T07:27:50.943Z</time>
</trkpt>
<trkpt lat="42.0183412" lon="2.8559167999999886">
<ele>242.5678676083977</ele>
<time>2026-08-14T07:27:52.881Z</time>
</trkpt>
<trkpt lat="42.0183427" lon="2.855922300000003">
<ele>242.6199564463865</ele>
<time>2026-08-14T07:27:54.863Z</time>
</trkpt>
<trkpt lat="42.0183429" lon="2.855922800000002">
<ele>242.62445094351327</ele>
<time>2026-08-14T07:27:56.925Z</time>
</trkpt>
<trkpt lat="42.0183429" lon="2.855922399999997">
<ele>242.62034375044576</ele>
<time>2026-08-14T07:27:58.804Z</time>
</trkpt>
<trkpt lat="42.0183366" lon="2.855924200000004">
<ele>242.65949653339024</ele>
<time>2026-08-14T07:28:00.886Z</time>
</trkpt>
<trkpt lat="42.0183378" lon="2.855919499999999">
<ele>242.60624578015128</ele>
<time>2026-08-14T07:28:02.848Z</time>
</trkpt>
<trkpt lat="42.0183385" lon="2.855917699999992">
<ele>242.5852631075102</ele>
<time>2026-08-14T07:28:04.687Z</time>
</trkpt>
<trkpt lat="42.018339" lon="2.8559161000000017">
<ele>242.56706234939702</ele>
<time>2026-08-14T07:28:06.605Z</time>
</trkpt>
<trkpt lat="42.0183389" lon="2.8559151999999983">
<ele>242.55795534951403</ele>
<time>2026-08-14T07:28:08.602Z</time>
</trkpt>
<trkpt lat="42.0183385" lon="2.855917099999999">
<ele>242.578986231377</ele>
<time>2026-08-14T07:28:10.449Z</time>
</trkpt>
<trkpt lat="42.01834" lon="2.8559166999999945">
<ele>242.57037480704383</ele>
<time>2026-08-14T07:28:12.446Z</time>
</trkpt>
<trkpt lat="42.0183412" lon="2.855916900000011">
<ele>242.56890188193174</ele>
<time>2026-08-14T07:28:14.284Z</time>
</trkpt>
<trkpt lat="42.0183418" lon="2.8559172999999873">
<ele>242.57125241000222</ele>
<time>2026-08-14T07:28:16.322Z</time>
</trkpt>
<trkpt lat="42.0183416" lon="2.855915699999997">
<ele>242.55532769765347</ele>
<time>2026-08-14T07:28:18.584Z</time>
</trkpt>
<trkpt lat="42.018341" lon="2.85591629999999">
<ele>242.56328296831595</ele>
<time>2026-08-14T07:28:20.887Z</time>
</trkpt>
<trkpt lat="42.0183413" lon="2.8559151000000043">
<ele>242.54999687115023</ele>
<time>2026-08-14T07:28:22.929Z</time>
</trkpt>
<trkpt lat="42.0183413" lon="2.8559132999999974">
<ele>242.5313878625024</ele>
<time>2026-08-14T07:28:24.944Z</time>
</trkpt>
<trkpt lat="42.0183402" lon="2.8559146999999996">
<ele>242.54901114663593</ele>
<time>2026-08-14T07:28:26.951Z</time>
</trkpt>
<trkpt lat="42.0183393" lon="2.855915799999991">
<ele>242.56305701158647</ele>
<time>2026-08-14T07:28:28.965Z</time>
</trkpt>
<trkpt lat="42.0183393" lon="2.8559166999999945">
<ele>242.5724406658217</ele>
<time>2026-08-14T07:28:30.783Z</time>
</trkpt>
<trkpt lat="42.0183391" lon="2.8559159000000136">
<ele>242.5646828496567</ele>
<time>2026-08-14T07:28:32.724Z</time>
</trkpt>
<trkpt lat="42.0183395" lon="2.8559164000000123">
<ele>242.5687251740359</ele>
<time>2026-08-14T07:28:34.802Z</time>
</trkpt>
<trkpt lat="42.0183385" lon="2.8559148999999877">
<ele>242.5559710188856</ele>
<time>2026-08-14T07:28:36.908Z</time>
</trkpt>
<trkpt lat="42.0183385" lon="2.855914299999995">
<ele>242.5496941427478</ele>
<time>2026-08-14T07:28:38.885Z</time>
</trkpt>
<trkpt lat="42.0183392" lon="2.855914200000001">
<ele>242.546659089252</ele>
<time>2026-08-14T07:28:40.867Z</time>
</trkpt>
<trkpt lat="42.0183395" lon="2.85591500000001">
<ele>242.55414069076593</ele>
<time>2026-08-14T07:28:42.949Z</time>
</trkpt>
<trkpt lat="42.0183394" lon="2.855914299999995">
<ele>242.54713301849264</ele>
<time>2026-08-14T07:28:44.823Z</time>
</trkpt>
<trkpt lat="42.0183383" lon="2.8559153999999864">
<ele>242.56178056158356</ele>
<time>2026-08-14T07:28:46.862Z</time>
</trkpt>
<trkpt lat="42.018339" lon="2.8559146999999996">
<ele>242.55244708560568</ele>
<time>2026-08-14T07:28:48.924Z</time>
</trkpt>
<trkpt lat="42.0183402" lon="2.855913700000002">
<ele>242.53862443910472</ele>
<time>2026-08-14T07:28:50.895Z</time>
</trkpt>
<trkpt lat="42.018341" lon="2.855913700000002">
<ele>242.5363689908565</ele>
<time>2026-08-14T07:28:52.909Z</time>
</trkpt>
<trkpt lat="42.0183408" lon="2.855913500000014">
<ele>242.5348607880818</ele>
<time>2026-08-14T07:28:54.923Z</time>
</trkpt>
<trkpt lat="42.0183409" lon="2.8559146000000055">
<ele>242.54597125620097</ele>
<time>2026-08-14T07:28:56.846Z</time>
</trkpt>
<trkpt lat="42.0183411" lon="2.8559131000000093">
<ele>242.52987878027955</ele>
<time>2026-08-14T07:28:58.881Z</time>
</trkpt>
<trkpt lat="42.0183431" lon="2.855913799999996">
<ele>242.53147435803814</ele>
<time>2026-08-14T07:29:00.907Z</time>
</trkpt>
<trkpt lat="42.0183412" lon="2.855912399999994">
<ele>242.5223595728248</ele>
<time>2026-08-14T07:29:02.881Z</time>
</trkpt>
<trkpt lat="42.0183411" lon="2.855912399999994">
<ele>242.52263578747585</ele>
<time>2026-08-14T07:29:04.687Z</time>
</trkpt>
<trkpt lat="42.0183403" lon="2.8559133999999915">
<ele>242.5352278149779</ele>
<time>2026-08-14T07:29:06.884Z</time>
</trkpt>
<trkpt lat="42.0183403" lon="2.855913500000014">
<ele>242.5362660460121</ele>
<time>2026-08-14T07:29:08.912Z</time>
</trkpt>
<trkpt lat="42.0183396" lon="2.855912999999987">
<ele>242.53302686170514</ele>
<time>2026-08-14T07:29:10.882Z</time>
</trkpt>
<trkpt lat="42.0183403" lon="2.8559132999999974">
<ele>242.53418958394838</ele>
<time>2026-08-14T07:29:12.940Z</time>
</trkpt>
<trkpt lat="42.0183393" lon="2.855912499999988">
<ele>242.52865027938608</ele>
<time>2026-08-14T07:29:14.881Z</time>
</trkpt>
<trkpt lat="42.0183397" lon="2.8559145000000115">
<ele>242.54836104914543</ele>
<time>2026-08-14T07:29:16.908Z</time>
</trkpt>
<trkpt lat="42.0183402" lon="2.855914399999989">
<ele>242.54589513437747</ele>
<time>2026-08-14T07:29:18.881Z</time>
</trkpt>
<trkpt lat="42.0183408" lon="2.8559146999999996">
<ele>242.54729317715103</ele>
<time>2026-08-14T07:29:20.887Z</time>
</trkpt>
<trkpt lat="42.0183405" lon="2.8559153999999864">
<ele>242.5554136229996</ele>
<time>2026-08-14T07:29:22.898Z</time>
</trkpt>
<trkpt lat="42.0183394" lon="2.855913700000002">
<ele>242.5408798873329</ele>
<time>2026-08-14T07:29:24.913Z</time>
</trkpt>
<trkpt lat="42.0183401" lon="2.8559138999999902">
<ele>242.54098459106885</ele>
<time>2026-08-14T07:29:26.843Z</time>
</trkpt>
<trkpt lat="42.01834" lon="2.855913799999996">
<ele>242.54022785135103</ele>
<time>2026-08-14T07:29:28.706Z</time>
</trkpt>
<trkpt lat="42.0183402" lon="2.8559138999999902">
<ele>242.54070178061193</ele>
<time>2026-08-14T07:29:30.880Z</time>
</trkpt>
<trkpt lat="42.0183408" lon="2.8559127999999987">
<ele>242.52760856112158</ele>
<time>2026-08-14T07:29:32.687Z</time>
</trkpt>
<trkpt lat="42.0183412" lon="2.855913500000014">
<ele>242.5337365817215</ele>
<time>2026-08-14T07:29:34.589Z</time>
</trkpt>
<trkpt lat="42.0183415" lon="2.855912499999988">
<ele>242.5225638832648</ele>
<time>2026-08-14T07:29:36.764Z</time>
</trkpt>
<trkpt lat="42.0183416" lon="2.8559126000000106">
<ele>242.52331974353925</ele>
<time>2026-08-14T07:29:38.903Z</time>
</trkpt>
<trkpt lat="42.0183423" lon="2.855921099999989">
<ele>242.60888219561645</ele>
<time>2026-08-14T07:29:40.918Z</time>
</trkpt>
<trkpt lat="42.0183406" lon="2.8559166000000005">
<ele>242.5675671590872</ele>
<time>2026-08-14T07:29:42.969Z</time>
</trkpt>
<trkpt lat="42.0183399" lon="2.8559151999999983">
<ele>242.55507008095964</ele>
<time>2026-08-14T07:29:44.880Z</time>
</trkpt>
<trkpt lat="42.0183391" lon="2.8559146999999996">
<ele>242.55216075735476</ele>
<time>2026-08-14T07:29:46.880Z</time>
</trkpt>
<trkpt lat="42.018338" lon="2.85591500000001">
<ele>242.5584554019662</ele>
<time>2026-08-14T07:29:48.948Z</time>
</trkpt>
<trkpt lat="42.0183382" lon="2.8559146000000055">
<ele>242.55369024638617</ele>
<time>2026-08-14T07:29:50.880Z</time>
</trkpt>
<trkpt lat="42.0183374" lon="2.8559147999999936">
<ele>242.55807932051823</ele>
<time>2026-08-14T07:29:52.893Z</time>
</trkpt>
<trkpt lat="42.0183385" lon="2.8559138999999902">
<ele>242.54550955866057</ele>
<time>2026-08-14T07:29:54.928Z</time>
</trkpt>
<trkpt lat="42.0183386" lon="2.855913799999996">
<ele>242.54418104188463</ele>
<time>2026-08-14T07:29:56.944Z</time>
</trkpt>
<trkpt lat="42.0183394" lon="2.8559146000000055">
<ele>242.5502595840771</ele>
<time>2026-08-14T07:29:58.744Z</time>
</trkpt>
<trkpt lat="42.0183387" lon="2.8559161000000017">
<ele>242.56793980244163</ele>
<time>2026-08-14T07:30:00.955Z</time>
</trkpt>
<trkpt lat="42.0183386" lon="2.85591500000001">
<ele>242.5567295174902</ele>
<time>2026-08-14T07:30:02.969Z</time>
</trkpt>
<trkpt lat="42.0183392" lon="2.8559138999999902">
<ele>242.5435298853417</ele>
<time>2026-08-14T07:30:04.880Z</time>
</trkpt>
<trkpt lat="42.0183402" lon="2.85591629999999">
<ele>242.56562987868404</ele>
<time>2026-08-14T07:30:06.866Z</time>
</trkpt>
<trkpt lat="42.0183393" lon="2.855915600000003">
<ele>242.56097175508825</ele>
<time>2026-08-14T07:30:08.889Z</time>
</trkpt>
<trkpt lat="42.0183399" lon="2.855917099999999">
<ele>242.57482988940433</ele>
<time>2026-08-14T07:30:10.967Z</time>
</trkpt>
<trkpt lat="42.0183394" lon="2.855917699999992">
<ele>242.58256742840547</ele>
<time>2026-08-14T07:30:12.966Z</time>
</trkpt>
<trkpt lat="42.018339" lon="2.8559180999999967">
<ele>242.58794129766974</ele>
<time>2026-08-14T07:30:14.945Z</time>
</trkpt>
<trkpt lat="42.0183405" lon="2.855920200000014">
<ele>242.6052064992095</ele>
<time>2026-08-14T07:30:16.764Z</time>
</trkpt>
<trkpt lat="42.0183435" lon="2.855920200000014">
<ele>242.59589111093266</ele>
<time>2026-08-14T07:30:18.802Z</time>
</trkpt>
<trkpt lat="42.0183422" lon="2.8559160000000077">
<ele>242.55667297381953</ele>
<time>2026-08-14T07:30:20.765Z</time>
</trkpt>
<trkpt lat="42.0183421" lon="2.8559160000000077">
<ele>242.55696501845298</ele>
<time>2026-08-14T07:30:22.609Z</time>
</trkpt>
<trkpt lat="42.0183419" lon="2.855918900000006">
<ele>242.58745377671906</ele>
<time>2026-08-14T07:30:24.665Z</time>
</trkpt>
<trkpt lat="42.0183407" lon="2.8559179000000086">
<ele>242.58074661400033</ele>
<time>2026-08-14T07:30:26.728Z</time>
</trkpt>
<trkpt lat="42.0183396" lon="2.8559179000000086">
<ele>242.58405100678894</ele>
<time>2026-08-14T07:30:28.744Z</time>
</trkpt>
<trkpt lat="42.0183386" lon="2.855917799999986">
<ele>242.58600929390624</ele>
<time>2026-08-14T07:30:30.824Z</time>
</trkpt>
<trkpt lat="42.0183391" lon="2.855913799999996">
<ele>242.54276918812832</ele>
<time>2026-08-14T07:30:32.880Z</time>
</trkpt>
<trkpt lat="42.0183384" lon="2.855913500000014">
<ele>242.54160602616344</ele>
<time>2026-08-14T07:30:34.880Z</time>
</trkpt>
<trkpt lat="42.0183381" lon="2.855914299999995">
<ele>242.5508324201833</ele>
<time>2026-08-14T07:30:36.890Z</time>
</trkpt>
<trkpt lat="42.018338" lon="2.8559146000000055">
<ele>242.55426202344444</ele>
<time>2026-08-14T07:30:38.906Z</time>
</trkpt>
<trkpt lat="42.0183388" lon="2.855914299999995">
<ele>242.54884043465603</ele>
<time>2026-08-14T07:30:40.880Z</time>
</trkpt>
<trkpt lat="42.0183388" lon="2.8559146000000055">
<ele>242.55197491523163</ele>
<time>2026-08-14T07:30:42.880Z</time>
</trkpt>
<trkpt lat="42.0183386" lon="2.855914200000001">
<ele>242.54836386708502</ele>
<time>2026-08-14T07:30:44.880Z</time>
</trkpt>
<trkpt lat="42.0183388" lon="2.855914299999995">
<ele>242.54884043465603</ele>
<time>2026-08-14T07:30:46.880Z</time>
</trkpt>
<trkpt lat="42.0183388" lon="2.855914299999995">
<ele>242.54884043465603</ele>
<time>2026-08-14T07:30:48.881Z</time>
</trkpt>
<trkpt lat="42.0183386" lon="2.855914100000007">
<ele>242.547318160786</ele>
<time>2026-08-14T07:30:50.890Z</time>
</trkpt>
<trkpt lat="42.0183386" lon="2.855913700000002">
<ele>242.5431353355811</ele>
<time>2026-08-14T07:30:52.881Z</time>
</trkpt>
<trkpt lat="42.0183378" lon="2.855912999999987">
<ele>242.53804621531077</ele>
<time>2026-08-14T07:30:54.881Z</time>
</trkpt>
<trkpt lat="42.0183375" lon="2.855912399999994">
<ele>242.53257951479355</ele>
<time>2026-08-14T07:30:56.881Z</time>
</trkpt>
<trkpt lat="42.0183375" lon="2.8559118999999953">
<ele>242.52732679859935</ele>
<time>2026-08-14T07:30:58.881Z</time>
</trkpt>
<trkpt lat="42.0183377" lon="2.855911600000013">
<ele>242.52362977514605</ele>
<time>2026-08-14T07:31:00.881Z</time>
</trkpt>
<trkpt lat="42.0183377" lon="2.8559113999999965">
<ele>242.5215304475524</ele>
<time>2026-08-14T07:31:02.881Z</time>
</trkpt>
<trkpt lat="42.0183373" lon="2.8559111000000144">
<ele>242.51946344921885</ele>
<time>2026-08-14T07:31:04.890Z</time>
</trkpt>
<trkpt lat="42.0183373" lon="2.855910999999992">
<ele>242.51841202653284</ele>
<time>2026-08-14T07:31:06.907Z</time>
</trkpt>
<trkpt lat="42.0183373" lon="2.8559111000000144">
<ele>242.51946344921885</ele>
<time>2026-08-14T07:31:08.923Z</time>
</trkpt>
<trkpt lat="42.0183371" lon="2.855910999999992">
<ele>242.51895214362625</ele>
<time>2026-08-14T07:31:10.848Z</time>
</trkpt>
<trkpt lat="42.0183364" lon="2.8559113999999965">
<ele>242.52506407413193</ele>
<time>2026-08-14T07:31:12.888Z</time>
</trkpt>
<trkpt lat="42.0183361" lon="2.855910999999992">
<ele>242.521652729055</ele>
<time>2026-08-14T07:31:14.823Z</time>
</trkpt>
<trkpt lat="42.0183358" lon="2.855911700000007">
<ele>242.52986903424107</ele>
<time>2026-08-14T07:31:16.743Z</time>
</trkpt>
<trkpt lat="42.0183368" lon="2.855911800000001">
<ele>242.5281912895814</ele>
<time>2026-08-14T07:31:18.728Z</time>
</trkpt>
<trkpt lat="42.0183368" lon="2.855912399999994">
<ele>242.5345130173309</ele>
<time>2026-08-14T07:31:20.543Z</time>
</trkpt>
<trkpt lat="42.0183364" lon="2.855912100000012">
<ele>242.53245173537974</ele>
<time>2026-08-14T07:31:22.922Z</time>
</trkpt>
<trkpt lat="42.0183376" lon="2.855911800000001">
<ele>242.52600267903614</ele>
<time>2026-08-14T07:31:24.881Z</time>
</trkpt>
<trkpt lat="42.0183355" lon="2.855911800000001">
<ele>242.53174778171007</ele>
<time>2026-08-14T07:31:26.806Z</time>
</trkpt>
<trkpt lat="42.0183363" lon="2.8559126000000106">
<ele>242.53800573036818</ele>
<time>2026-08-14T07:31:28.880Z</time>
</trkpt>
<trkpt lat="42.0183364" lon="2.8559138999999902">
<ele>242.55144857859722</ele>
<time>2026-08-14T07:31:30.881Z</time>
</trkpt>
<trkpt lat="42.0183322" lon="2.855917099999999">
<ele>242.59768977021164</ele>
<time>2026-08-14T07:31:32.889Z</time>
</trkpt>
<trkpt lat="42.0183342" lon="2.8559152999999924">
<ele>242.57258116582392</ele>
<time>2026-08-14T07:31:34.902Z</time>
</trkpt>
<trkpt lat="42.018338" lon="2.855912399999994">
<ele>242.5311984415583</ele>
<time>2026-08-14T07:31:36.766Z</time>
</trkpt>
<trkpt lat="42.0183386" lon="2.855910999999992">
<ele>242.514901265464</ele>
<time>2026-08-14T07:31:38.938Z</time>
</trkpt>
<trkpt lat="42.0183392" lon="2.8559113999999965">
<ele>242.51745318608633</ele>
<time>2026-08-14T07:31:40.880Z</time>
</trkpt>
<trkpt lat="42.0183397" lon="2.855910599999987">
<ele>242.49752859959122</ele>
<time>2026-08-14T07:31:42.880Z</time>
</trkpt>
<trkpt lat="42.0183388" lon="2.8559108000000037">
<ele>242.50731952901106</ele>
<time>2026-08-14T07:31:44.827Z</time>
</trkpt>
<trkpt lat="42.0183376" lon="2.8559126000000106">
<ele>242.53440350717966</ele>
<time>2026-08-14T07:31:46.643Z</time>
</trkpt>
<trkpt lat="42.0183368" lon="2.855913500000014">
<ele>242.54610285154456</ele>
<time>2026-08-14T07:31:48.602Z</time>
</trkpt>
<trkpt lat="42.0183336" lon="2.8559165000000064">
<ele>242.58712727393862</ele>
<time>2026-08-14T07:31:50.466Z</time>
</trkpt>
<trkpt lat="42.0183352" lon="2.855914200000001">
<ele>242.5580242747986</ele>
<time>2026-08-14T07:31:52.369Z</time>
</trkpt>
<trkpt lat="42.0183385" lon="2.855911700000007">
<ele>242.5224943461691</ele>
<time>2026-08-14T07:32:00.880Z</time>
</trkpt>
<trkpt lat="42.018338" lon="2.8559114999999906">
<ele>242.52176333988075</ele>
<time>2026-08-14T07:32:02.891Z</time>
</trkpt>
<trkpt lat="42.0183362" lon="2.855912499999988">
<ele>242.53722656484217</ele>
<time>2026-08-14T07:32:04.905Z</time>
</trkpt>
<trkpt lat="42.0183343" lon="2.855912200000006">
<ele>242.53928915486063</ele>
<time>2026-08-14T07:32:06.920Z</time>
</trkpt>
<trkpt lat="42.0183361" lon="2.855912200000006">
<ele>242.53433312118395</ele>
<time>2026-08-14T07:32:08.787Z</time>
</trkpt>
<trkpt lat="42.0183373" lon="2.8559127999999987">
<ele>242.5373376348304</ele>
<time>2026-08-14T07:32:10.880Z</time>
</trkpt>
<trkpt lat="42.0183368" lon="2.8559138999999902">
<ele>242.55031733670933</ele>
<time>2026-08-14T07:32:12.825Z</time>
</trkpt>
<trkpt lat="42.018338" lon="2.8559132000000034">
<ele>242.5395851986065</ele>
<time>2026-08-14T07:32:14.848Z</time>
</trkpt>
<trkpt lat="42.0183371" lon="2.855913700000002">
<ele>242.54736430104396</ele>
<time>2026-08-14T07:32:16.663Z</time>
</trkpt>
<trkpt lat="42.0183369" lon="2.855913799999996">
<ele>242.5489813446639</ele>
<time>2026-08-14T07:32:18.487Z</time>
</trkpt>
<trkpt lat="42.0183377" lon="2.8559133999999915">
<ele>242.54252372347472</ele>
<time>2026-08-14T07:32:20.326Z</time>
</trkpt>
<trkpt lat="42.0183373" lon="2.855911700000007">
<ele>242.5257719853165</ele>
<time>2026-08-14T07:32:22.645Z</time>
</trkpt>
<trkpt lat="42.0183356" lon="2.8559112000000084">
<ele>242.52512081767554</ele>
<time>2026-08-14T07:32:24.629Z</time>
</trkpt>
<trkpt lat="42.0183365" lon="2.8559098000000063">
<ele>242.4765795779501</ele>
<time>2026-08-14T07:32:26.429Z</time>
</trkpt>
<trkpt lat="42.0183363" lon="2.855908400000004">
<ele>242.42539234419095</ele>
<time>2026-08-14T07:32:28.788Z</time>
</trkpt>
<trkpt lat="42.0183377" lon="2.855908400000004">
<ele>242.42173011339847</ele>
<time>2026-08-14T07:32:30.684Z</time>
</trkpt>
<trkpt lat="42.0183389" lon="2.855910599999987">
<ele>242.49967854553523</ele>
<time>2026-08-14T07:32:32.895Z</time>
</trkpt>
<trkpt lat="42.0183388" lon="2.8559111000000144">
<ele>242.5154059752306</ele>
<time>2026-08-14T07:32:34.803Z</time>
</trkpt>
<trkpt lat="42.0183375" lon="2.8559108000000037">
<ele>242.510821647493</ele>
<time>2026-08-14T07:32:36.627Z</time>
</trkpt>
<trkpt lat="42.0183371" lon="2.855910499999993">
<ele>242.500824274716</ele>
<time>2026-08-14T07:32:38.563Z</time>
</trkpt>
<trkpt lat="42.0183369" lon="2.855910200000011">
<ele>242.4902842115646</ele>
<time>2026-08-14T07:32:40.956Z</time>
</trkpt>
<trkpt lat="42.0183374" lon="2.855910999999992">
<ele>242.51814196798617</ele>
<time>2026-08-14T07:32:42.880Z</time>
</trkpt>
<trkpt lat="42.0183359" lon="2.855908499999998">
<ele>242.4301342479939</ele>
<time>2026-08-14T07:32:44.806Z</time>
</trkpt>
<trkpt lat="42.0183352" lon="2.855908900000003">
<ele>242.44675895541997</ele>
<time>2026-08-14T07:32:46.889Z</time>
</trkpt>
<trkpt lat="42.0183361" lon="2.8559098000000063">
<ele>242.4776441431695</ele>
<time>2026-08-14T07:32:48.905Z</time>
</trkpt>
<trkpt lat="42.018337" lon="2.855908999999997">
<ele>242.44571307561895</ele>
<time>2026-08-14T07:32:50.827Z</time>
</trkpt>
<trkpt lat="42.0183374" lon="2.8559094999999957">
<ele>242.46311228567356</ele>
<time>2026-08-14T07:32:52.666Z</time>
</trkpt>
<trkpt lat="42.0183376" lon="2.855910599999987">
<ele>242.50317220771822</ele>
<time>2026-08-14T07:32:54.466Z</time>
</trkpt>
<trkpt lat="42.0183374" lon="2.855910399999999">
<ele>242.49632834720188</ele>
<time>2026-08-14T07:32:56.505Z</time>
</trkpt>
<trkpt lat="42.0183365" lon="2.8559118999999953">
<ele>242.53006695900308</ele>
<time>2026-08-14T07:32:58.768Z</time>
</trkpt>
<trkpt lat="42.0183372" lon="2.8559108000000037">
<ele>242.51162982868996</ele>
<time>2026-08-14T07:33:00.646Z</time>
</trkpt>
<trkpt lat="42.0183367" lon="2.8559113000000025">
<ele>242.52319456083384</ele>
<time>2026-08-14T07:33:02.896Z</time>
</trkpt>
<trkpt lat="42.0183379" lon="2.8559133999999915">
<ele>242.54196249973805</ele>
<time>2026-08-14T07:33:04.762Z</time>
</trkpt>
<trkpt lat="42.018339" lon="2.8559133999999915">
<ele>242.53887576922634</ele>
<time>2026-08-14T07:33:06.924Z</time>
</trkpt>
<trkpt lat="42.0183387" lon="2.8559123">
<ele>242.5282196724438</ele>
<time>2026-08-14T07:33:08.806Z</time>
</trkpt>
<trkpt lat="42.0183374" lon="2.8559113000000025">
<ele>242.52129491686978</ele>
<time>2026-08-14T07:33:10.668Z</time>
</trkpt>
<trkpt lat="42.0183373" lon="2.855911700000007">
<ele>242.5257719853165</ele>
<time>2026-08-14T07:33:12.563Z</time>
</trkpt>
<trkpt lat="42.0183391" lon="2.8559132000000034">
<ele>242.53650814197275</ele>
<time>2026-08-14T07:33:14.482Z</time>
</trkpt>
<trkpt lat="42.0183392" lon="2.855911800000001">
<ele>242.52162545796514</ele>
<time>2026-08-14T07:33:16.826Z</time>
</trkpt>
<trkpt lat="42.0183388" lon="2.855913500000014">
<ele>242.54048181980318</ele>
<time>2026-08-14T07:33:18.901Z</time>
</trkpt>
<trkpt lat="42.0183384" lon="2.8559146999999996">
<ele>242.55416505509058</ele>
<time>2026-08-14T07:33:20.785Z</time>
</trkpt>
<trkpt lat="42.0183384" lon="2.8559146999999996">
<ele>242.55416505509058</ele>
<time>2026-08-14T07:33:22.608Z</time>
</trkpt>
<trkpt lat="42.0183396" lon="2.8559131000000093">
<ele>242.53406817078672</ele>
<time>2026-08-14T07:33:24.946Z</time>
</trkpt>
<trkpt lat="42.0183397" lon="2.8559127999999987">
<ele>242.5306662699992</ele>
<time>2026-08-14T07:33:26.766Z</time>
</trkpt>
<trkpt lat="42.01834" lon="2.8559146999999996">
<ele>242.54958380311732</ele>
<time>2026-08-14T07:33:28.909Z</time>
</trkpt>
<trkpt lat="42.0183398" lon="2.8559132000000034">
<ele>242.53455001501862</ele>
<time>2026-08-14T07:33:30.879Z</time>
</trkpt>
<trkpt lat="42.0183382" lon="2.8559166999999945">
<ele>242.57568701532085</ele>
<time>2026-08-14T07:33:32.895Z</time>
</trkpt>
<trkpt lat="42.0183365" lon="2.8559183000000132">
<ele>242.5975831482449</ele>
<time>2026-08-14T07:33:34.910Z</time>
</trkpt>
<trkpt lat="42.0183342" lon="2.855922200000009">
<ele>242.64606989573915</ele>
<time>2026-08-14T07:33:36.842Z</time>
</trkpt>
<trkpt lat="42.0183357" lon="2.8559199999999976">
<ele>242.61799420398992</ele>
<time>2026-08-14T07:33:38.941Z</time>
</trkpt>
<trkpt lat="42.0183379" lon="2.855915699999997">
<ele>242.56608453985334</ele>
<time>2026-08-14T07:33:40.880Z</time>
</trkpt>
<trkpt lat="42.0183379" lon="2.8559152999999924">
<ele>242.56188940244</ele>
<time>2026-08-14T07:33:41.529Z</time>
</trkpt>
<trkpt lat="42.0183379" lon="2.8559152999999924">
<ele>242.56188940244</ele>
<time>2026-08-14T07:33:41.529Z</time>
</trkpt>
<trkpt lat="42.0183376" lon="2.8559152999999924">
<ele>242.5627563021633</ele>
<time>2026-08-14T07:33:43.866Z</time>
</trkpt>
<trkpt lat="42.0174261" lon="2.858723999999995">
<ele>279.27094717549926</ele>
<time>2026-08-14T07:33:46.488Z</time>
</trkpt>
<trkpt lat="42.0174295" lon="2.8587858999999867">
<ele>279.35086946092116</ele>
<time>2026-08-14T07:33:56.107Z</time>
</trkpt>
<trkpt lat="42.0174328" lon="2.8588498000000016">
<ele>279.4365386919881</ele>
<time>2026-08-14T07:34:01.481Z</time>
</trkpt>
<trkpt lat="42.017433" lon="2.8589140999999927">
<ele>279.40601445177344</ele>
<time>2026-08-14T07:34:05.687Z</time>
</trkpt>
<trkpt lat="42.0174409" lon="2.8589782999999898">
<ele>279.71602845343233</ele>
<time>2026-08-14T07:34:09.764Z</time>
</trkpt>
<trkpt lat="42.0174475" lon="2.8590413000000012">
<ele>280.0707413253816</ele>
<time>2026-08-14T07:34:13.642Z</time>
</trkpt>
<trkpt lat="42.0174563" lon="2.8591075999999873">
<ele>280.52233904593294</ele>
<time>2026-08-14T07:34:17.466Z</time>
</trkpt>
<trkpt lat="42.017457" lon="2.859171300000014">
<ele>280.62758934514943</ele>
<time>2026-08-14T07:34:21.545Z</time>
</trkpt>
<trkpt lat="42.0174744" lon="2.8592297000000144">
<ele>281.4333546450657</ele>
<time>2026-08-14T07:34:25.585Z</time>
</trkpt>
<trkpt lat="42.017482" lon="2.8592985999999883">
<ele>282.2291052767987</ele>
<time>2026-08-14T07:34:29.575Z</time>
</trkpt>
<trkpt lat="42.0174733" lon="2.859361699999994">
<ele>282.4672174161592</ele>
<time>2026-08-14T07:34:33.788Z</time>
</trkpt>
<trkpt lat="42.0174623" lon="2.859423899999996">
<ele>282.6491426896261</ele>
<time>2026-08-14T07:34:41.246Z</time>
</trkpt>
<trkpt lat="42.0174598" lon="2.8594889000000023">
<ele>283.1968012428155</ele>
<time>2026-08-14T07:34:44.866Z</time>
</trkpt>
<trkpt lat="42.0174634" lon="2.859559300000001">
<ele>284.20842877511336</ele>
<time>2026-08-14T07:34:48.807Z</time>
</trkpt>
<trkpt lat="42.0174691" lon="2.85962219999999">
<ele>285.3789380970174</ele>
<time>2026-08-14T07:34:51.880Z</time>
</trkpt>
<trkpt lat="42.0174696" lon="2.859683700000005">
<ele>286.3608696938899</ele>
<time>2026-08-14T07:34:55.505Z</time>
</trkpt>
<trkpt lat="42.0174631" lon="2.859745199999992">
<ele>287.1878068146314</ele>
<time>2026-08-14T07:34:58.983Z</time>
</trkpt>
<trkpt lat="42.0174488" lon="2.859803900000003">
<ele>287.86534240128725</ele>
<time>2026-08-14T07:35:02.523Z</time>
</trkpt>
<trkpt lat="42.0174287" lon="2.8598687999999868">
<ele>289.04244044220945</ele>
<time>2026-08-14T07:35:06.943Z</time>
</trkpt>
<trkpt lat="42.0173971" lon="2.8599173000000064">
<ele>289.6322715077674</ele>
<time>2026-08-14T07:35:11.403Z</time>
</trkpt>
<trkpt lat="42.0173538" lon="2.8599585000000047">
<ele>289.84231022000336</ele>
<time>2026-08-14T07:35:15.823Z</time>
</trkpt>
<trkpt lat="42.0173138" lon="2.859989600000006">
<ele>289.87586707357116</ele>
<time>2026-08-14T07:35:19.644Z</time>
</trkpt>
<trkpt lat="42.0172683" lon="2.8600139000000127">
<ele>289.65141228883675</ele>
<time>2026-08-14T07:35:23.706Z</time>
</trkpt>
<trkpt lat="42.0172246" lon="2.860029300000008">
<ele>289.4040773703869</ele>
<time>2026-08-14T07:35:27.528Z</time>
</trkpt>
<trkpt lat="42.0171783" lon="2.860041200000012">
<ele>289.17625890395857</ele>
<time>2026-08-14T07:35:31.548Z</time>
</trkpt>
<trkpt lat="42.0171331" lon="2.8600511999999867">
<ele>288.88176945877314</ele>
<time>2026-08-14T07:35:35.896Z</time>
</trkpt>
<trkpt lat="42.017087" lon="2.8600613000000124">
<ele>288.54531776923346</ele>
<time>2026-08-14T07:35:40.340Z</time>
</trkpt>
<trkpt lat="42.0170376" lon="2.8600669999999866">
<ele>288.06025606943547</ele>
<time>2026-08-14T07:35:44.601Z</time>
</trkpt>
<trkpt lat="42.0169902" lon="2.860079799999994">
<ele>287.6863823386167</ele>
<time>2026-08-14T07:35:48.844Z</time>
</trkpt>
<trkpt lat="42.0169447" lon="2.860100200000005">
<ele>287.16926241674764</ele>
<time>2026-08-14T07:35:52.905Z</time>
</trkpt>
<trkpt lat="42.0169009" lon="2.860117500000001">
<ele>286.6092561234778</ele>
<time>2026-08-14T07:35:56.166Z</time>
</trkpt>
<trkpt lat="42.0168578" lon="2.8601434999999924">
<ele>285.9866147363525</ele>
<time>2026-08-14T07:35:59.643Z</time>
</trkpt>
<trkpt lat="42.0168189" lon="2.8601764000000003">
<ele>285.3316366193655</ele>
<time>2026-08-14T07:36:02.880Z</time>
</trkpt>
<trkpt lat="42.0167816" lon="2.8602228000000025">
<ele>284.5588857985045</ele>
<time>2026-08-14T07:36:06.405Z</time>
</trkpt>
<trkpt lat="42.0167525" lon="2.8602731000000006">
<ele>283.805794896152</ele>
<time>2026-08-14T07:36:09.843Z</time>
</trkpt>
<trkpt lat="42.0167234" lon="2.8603239999999914">
<ele>282.97768528880044</ele>
<time>2026-08-14T07:36:13.302Z</time>
</trkpt>
<trkpt lat="42.0166903" lon="2.8603688000000034">
<ele>282.01502475986956</ele>
<time>2026-08-14T07:36:16.707Z</time>
</trkpt>
<trkpt lat="42.016652" lon="2.8604100999999957">
<ele>281.0309287441171</ele>
<time>2026-08-14T07:36:20.303Z</time>
</trkpt>
<trkpt lat="42.0166119" lon="2.8604378999999938">
<ele>280.2334122761002</ele>
<time>2026-08-14T07:36:23.900Z</time>
</trkpt>
<trkpt lat="42.0165668" lon="2.8604469999999935">
<ele>279.63438864717426</ele>
<time>2026-08-14T07:36:27.466Z</time>
</trkpt>
<trkpt lat="42.0165218" lon="2.8604517999999928">
<ele>279.0953288292921</ele>
<time>2026-08-14T07:36:30.967Z</time>
</trkpt>
<trkpt lat="42.0164736" lon="2.860461299999997">
<ele>278.47343929816157</ele>
<time>2026-08-14T07:36:34.588Z</time>
</trkpt>
<trkpt lat="42.0164284" lon="2.8604721000000097">
<ele>277.8780429743516</ele>
<time>2026-08-14T07:36:37.890Z</time>
</trkpt>
<trkpt lat="42.0163787" lon="2.8604794000000027">
<ele>277.51072371896737</ele>
<time>2026-08-14T07:36:40.910Z</time>
</trkpt>
<trkpt lat="42.0163286" lon="2.860487699999993">
<ele>277.26056073109623</ele>
<time>2026-08-14T07:36:44.628Z</time>
</trkpt>
<trkpt lat="42.0162819" lon="2.8604977999999903">
<ele>277.02063693297663</ele>
<time>2026-08-14T07:36:47.880Z</time>
</trkpt>
<trkpt lat="42.0162307" lon="2.8605163000000005">
<ele>276.72081724820225</ele>
<time>2026-08-14T07:36:51.661Z</time>
</trkpt>
<trkpt lat="42.0161849" lon="2.86052939999999">
<ele>276.5039255001748</ele>
<time>2026-08-14T07:36:54.883Z</time>
</trkpt>
<trkpt lat="42.016142" lon="2.860550399999994">
<ele>276.26786495650043</ele>
<time>2026-08-14T07:36:58.208Z</time>
</trkpt>
<trkpt lat="42.0161077" lon="2.8605929999999944">
<ele>275.87162589324225</ele>
<time>2026-08-14T07:37:01.933Z</time>
</trkpt>
<trkpt lat="42.0160632" lon="2.86060599999999">
<ele>275.57450983010267</ele>
<time>2026-08-14T07:37:05.002Z</time>
</trkpt>
<trkpt lat="42.0160252" lon="2.8606444000000124">
<ele>275.13131245387996</ele>
<time>2026-08-14T07:37:08.544Z</time>
</trkpt>
<trkpt lat="42.0159922" lon="2.860687000000013">
<ele>274.41798611575905</ele>
<time>2026-08-14T07:37:11.894Z</time>
</trkpt>
<trkpt lat="42.0159613" lon="2.8607312999999976">
<ele>273.8039364323125</ele>
<time>2026-08-14T07:37:15.388Z</time>
</trkpt>
<trkpt lat="42.0159267" lon="2.8607795000000067">
<ele>273.265986501984</ele>
<time>2026-08-14T07:37:19.345Z</time>
</trkpt>
<trkpt lat="42.0158977" lon="2.8608263000000136">
<ele>272.8632638867896</ele>
<time>2026-08-14T07:37:22.880Z</time>
</trkpt>
<trkpt lat="42.0158695" lon="2.860875099999987">
<ele>272.5535673620141</ele>
<time>2026-08-14T07:37:26.581Z</time>
</trkpt>
<trkpt lat="42.0158342" lon="2.8609256000000016">
<ele>272.4544437516966</ele>
<time>2026-08-14T07:37:29.763Z</time>
</trkpt>
<trkpt lat="42.015794" lon="2.860954800000002">
<ele>272.59531084582295</ele>
<time>2026-08-14T07:37:32.586Z</time>
</trkpt>
<trkpt lat="42.0157532" lon="2.8609815000000083">
<ele>272.8771140249243</ele>
<time>2026-08-14T07:37:35.960Z</time>
</trkpt>
<trkpt lat="42.015711" lon="2.861009700000011">
<ele>273.2662702171077</ele>
<time>2026-08-14T07:37:39.325Z</time>
</trkpt>
<trkpt lat="42.0156679" lon="2.861032499999993">
<ele>273.814699234354</ele>
<time>2026-08-14T07:37:42.747Z</time>
</trkpt>
<trkpt lat="42.0156152" lon="2.861055499999992">
<ele>274.6266882635133</ele>
<time>2026-08-14T07:37:46.880Z</time>
</trkpt>
<trkpt lat="42.0155705" lon="2.861069100000009">
<ele>275.37348875468126</ele>
<time>2026-08-14T07:37:50.445Z</time>
</trkpt>
<trkpt lat="42.0155228" lon="2.861084699999992">
<ele>275.9531250556512</ele>
<time>2026-08-14T07:37:54.624Z</time>
</trkpt>
<trkpt lat="42.015478" lon="2.8610928999999885">
<ele>276.52573590648007</ele>
<time>2026-08-14T07:37:58.524Z</time>
</trkpt>
<trkpt lat="42.0154331" lon="2.8611107000000118">
<ele>277.1047805944359</ele>
<time>2026-08-14T07:38:02.647Z</time>
</trkpt>
<trkpt lat="42.0153905" lon="2.8611318000000097">
<ele>277.6761565152013</ele>
<time>2026-08-14T07:38:06.547Z</time>
</trkpt>
<trkpt lat="42.0153464" lon="2.8611601000000064">
<ele>278.3000817987704</ele>
<time>2026-08-14T07:38:10.880Z</time>
</trkpt>
<trkpt lat="42.0153041" lon="2.8611860999999976">
<ele>278.9317474572726</ele>
<time>2026-08-14T07:38:14.880Z</time>
</trkpt>
<trkpt lat="42.0152634" lon="2.8612151000000097">
<ele>279.8698742623647</ele>
<time>2026-08-14T07:38:18.904Z</time>
</trkpt>
<trkpt lat="42.0152213" lon="2.8612420000000043">
<ele>280.85698538980887</ele>
<time>2026-08-14T07:38:22.684Z</time>
</trkpt>
<trkpt lat="42.015181" lon="2.8612698000000023">
<ele>281.8041201243742</ele>
<time>2026-08-14T07:38:27.345Z</time>
</trkpt>
<trkpt lat="42.0151377" lon="2.861287500000003">
<ele>282.91829871052016</ele>
<time>2026-08-14T07:38:31.884Z</time>
</trkpt>
<trkpt lat="42.0150945" lon="2.8613076999999976">
<ele>284.0260155294882</ele>
<time>2026-08-14T07:38:36.920Z</time>
</trkpt>
<trkpt lat="42.0150479" lon="2.8613307999999904">
<ele>285.2281788690533</ele>
<time>2026-08-14T07:38:42.363Z</time>
</trkpt>
<trkpt lat="42.0150035" lon="2.861348200000009">
<ele>286.467825983976</ele>
<time>2026-08-14T07:38:46.880Z</time>
</trkpt>
<trkpt lat="42.0149625" lon="2.861389800000012">
<ele>287.58722316381494</ele>
<time>2026-08-14T07:38:51.886Z</time>
</trkpt>
<trkpt lat="42.0149395" lon="2.8614426000000037">
<ele>288.1071219991294</ele>
<time>2026-08-14T07:39:01.605Z</time>
</trkpt>
<trkpt lat="42.0149078" lon="2.861491099999995">
<ele>288.8988541746565</ele>
<time>2026-08-14T07:39:07.607Z</time>
</trkpt>
<trkpt lat="42.0148728" lon="2.8615302000000042">
<ele>289.8283908800888</ele>
<time>2026-08-14T07:39:12.946Z</time>
</trkpt>
<trkpt lat="42.0148276" lon="2.861551300000002">
<ele>291.34175492126985</ele>
<time>2026-08-14T07:39:17.880Z</time>
</trkpt>
<trkpt lat="42.0147887" lon="2.8615853000000016">
<ele>292.64216544952114</ele>
<time>2026-08-14T07:39:22.880Z</time>
</trkpt>
<trkpt lat="42.0147405" lon="2.8616115000000093">
<ele>294.3910978469754</ele>
<time>2026-08-14T07:39:27.880Z</time>
</trkpt>
<trkpt lat="42.0146912" lon="2.8616177000000107">
<ele>295.52259092607864</ele>
<time>2026-08-14T07:39:34.685Z</time>
</trkpt>
<trkpt lat="42.0146549" lon="2.861657799999989">
<ele>296.3761411348569</ele>
<time>2026-08-14T07:39:39.880Z</time>
</trkpt>
<trkpt lat="42.0146221" lon="2.861706599999991">
<ele>297.2289470246928</ele>
<time>2026-08-14T07:39:45.807Z</time>
</trkpt>
<trkpt lat="42.0145929" lon="2.861756000000014">
<ele>298.08984240628666</ele>
<time>2026-08-14T07:39:53.204Z</time>
</trkpt>
<trkpt lat="42.0145633" lon="2.8618045999999993">
<ele>299.31943814751304</ele>
<time>2026-08-14T07:40:02.602Z</time>
</trkpt>
<trkpt lat="42.0145357" lon="2.8618524000000036">
<ele>300.6527161939735</ele>
<time>2026-08-14T07:40:08.925Z</time>
</trkpt>
<trkpt lat="42.0145052" lon="2.8618979999999965">
<ele>302.2263714870993</ele>
<time>2026-08-14T07:40:13.922Z</time>
</trkpt>
<trkpt lat="42.0144677" lon="2.8619421999999872">
<ele>304.222227943026</ele>
<time>2026-08-14T07:40:18.903Z</time>
</trkpt>
<trkpt lat="42.0144364" lon="2.8619903999999963">
<ele>304.7810217672497</ele>
<time>2026-08-14T07:40:23.725Z</time>
</trkpt>
<trkpt lat="42.0144005" lon="2.862034499999993">
<ele>305.14701266549935</ele>
<time>2026-08-14T07:40:27.880Z</time>
</trkpt>
<trkpt lat="42.0143666" lon="2.8620784999999955">
<ele>305.53349656730364</ele>
<time>2026-08-14T07:40:31.926Z</time>
</trkpt>
<trkpt lat="42.0143274" lon="2.862119000000007">
<ele>305.9843550966893</ele>
<time>2026-08-14T07:40:35.899Z</time>
</trkpt>
<trkpt lat="42.014296" lon="2.8621650999999986">
<ele>306.71993598547874</ele>
<time>2026-08-14T07:40:39.625Z</time>
</trkpt>
<trkpt lat="42.0142656" lon="2.862214999999992">
<ele>307.67797898463976</ele>
<time>2026-08-14T07:40:43.880Z</time>
</trkpt>
<trkpt lat="42.0142357" lon="2.8622636000000057">
<ele>308.75725694927746</ele>
<time>2026-08-14T07:40:47.880Z</time>
</trkpt>
<trkpt lat="42.014199" lon="2.862305499999991">
<ele>309.8559834754792</ele>
<time>2026-08-14T07:40:52.886Z</time>
</trkpt>
<trkpt lat="42.0141589" lon="2.862337700000012">
<ele>310.0977687039567</ele>
<time>2026-08-14T07:40:56.880Z</time>
</trkpt>
<trkpt lat="42.0141217" lon="2.8623752999999965">
<ele>310.4264362513727</ele>
<time>2026-08-14T07:41:01.048Z</time>
</trkpt>
<trkpt lat="42.0140891" lon="2.8624207000000013">
<ele>311.20041162171134</ele>
<time>2026-08-14T07:41:04.901Z</time>
</trkpt>
<trkpt lat="42.0140466" lon="2.862450999999993">
<ele>311.83296161660036</ele>
<time>2026-08-14T07:41:08.546Z</time>
</trkpt>
<trkpt lat="42.0140021" lon="2.862462800000003">
<ele>312.1308766974359</ele>
<time>2026-08-14T07:41:11.288Z</time>
</trkpt>
<trkpt lat="42.0139587" lon="2.862480599999998">
<ele>312.7258186952048</ele>
<time>2026-08-14T07:41:14.880Z</time>
</trkpt>
<trkpt lat="42.0139099" lon="2.8624936999999875">
<ele>313.290280303916</ele>
<time>2026-08-14T07:41:18.543Z</time>
</trkpt>
<trkpt lat="42.0138614" lon="2.8625033000000144">
<ele>313.4858576963551</ele>
<time>2026-08-14T07:41:22.322Z</time>
</trkpt>
<trkpt lat="42.0138161" lon="2.8625093999999933">
<ele>313.53968830724506</ele>
<time>2026-08-14T07:41:25.880Z</time>
</trkpt>
<trkpt lat="42.0137642" lon="2.86250849999999">
<ele>313.3026728780223</ele>
<time>2026-08-14T07:41:29.703Z</time>
</trkpt>
<trkpt lat="42.013716" lon="2.8624880000000132">
<ele>312.3772284247267</ele>
<time>2026-08-14T07:41:33.842Z</time>
</trkpt>
<trkpt lat="42.0136673" lon="2.8625068999999996">
<ele>312.8665815010956</ele>
<time>2026-08-14T07:41:37.566Z</time>
</trkpt>
<trkpt lat="42.0136251" lon="2.8624849999999924">
<ele>311.8202326153023</ele>
<time>2026-08-14T07:41:40.163Z</time>
</trkpt>
<trkpt lat="42.0135786" lon="2.86249269999999">
<ele>310.7364073725785</ele>
<time>2026-08-14T07:41:43.704Z</time>
</trkpt>
<trkpt lat="42.0135331" lon="2.8625036999999907">
<ele>309.7437378446721</ele>
<time>2026-08-14T07:41:47.245Z</time>
</trkpt>
<trkpt lat="42.0134866" lon="2.862523699999997">
<ele>308.9165088954251</ele>
<time>2026-08-14T07:41:50.728Z</time>
</trkpt>
<trkpt lat="42.0134436" lon="2.862548299999986">
<ele>308.2211620414967</ele>
<time>2026-08-14T07:41:54.308Z</time>
</trkpt>
<trkpt lat="42.0134161" lon="2.862609600000013">
<ele>308.6227803708844</ele>
<time>2026-08-14T07:41:57.880Z</time>
</trkpt>
<trkpt lat="42.0133918" lon="2.862660500000004">
<ele>308.6548594607679</ele>
<time>2026-08-14T07:42:00.526Z</time>
</trkpt>
<trkpt lat="42.0133709" lon="2.862719900000002">
<ele>309.0045317971561</ele>
<time>2026-08-14T07:42:03.605Z</time>
</trkpt>
<trkpt lat="42.0133507" lon="2.862782199999998">
<ele>309.4949706454821</ele>
<time>2026-08-14T07:42:06.746Z</time>
</trkpt>
<trkpt lat="42.0133321" lon="2.8628420999999946">
<ele>310.05720614046356</ele>
<time>2026-08-14T07:42:09.864Z</time>
</trkpt>
<trkpt lat="42.0133143" lon="2.8629022000000077">
<ele>310.11137098354214</ele>
<time>2026-08-14T07:42:12.847Z</time>
</trkpt>
<trkpt lat="42.013296" lon="2.862962500000009">
<ele>309.8715769563849</ele>
<time>2026-08-14T07:42:15.904Z</time>
</trkpt>
<trkpt lat="42.0132869" lon="2.8630231999999864">
<ele>309.90380684088194</ele>
<time>2026-08-14T07:42:18.926Z</time>
</trkpt>
<trkpt lat="42.0132602" lon="2.8630747999999926">
<ele>309.6524382480959</ele>
<time>2026-08-14T07:42:22.021Z</time>
</trkpt>
<trkpt lat="42.0132352" lon="2.863135199999988">
<ele>309.5985694708431</ele>
<time>2026-08-14T07:42:25.627Z</time>
</trkpt>
<trkpt lat="42.0132099" lon="2.863186600000006">
<ele>308.65984837058073</ele>
<time>2026-08-14T07:42:28.889Z</time>
</trkpt>
<trkpt lat="42.0131768" lon="2.8632379000000014">
<ele>307.5794954124887</ele>
<time>2026-08-14T07:42:32.920Z</time>
</trkpt>
<trkpt lat="42.0131509" lon="2.8632920999999953">
<ele>306.66050909305653</ele>
<time>2026-08-14T07:42:35.880Z</time>
</trkpt>
<trkpt lat="42.0131223" lon="2.8633398000000057">
<ele>305.9172873114629</ele>
<time>2026-08-14T07:42:38.880Z</time>
</trkpt>
<trkpt lat="42.0130909" lon="2.8633836999999858">
<ele>305.3158598357431</ele>
<time>2026-08-14T07:42:41.880Z</time>
</trkpt>
<trkpt lat="42.0130536" lon="2.8634198999999967">
<ele>305.16825661354</ele>
<time>2026-08-14T07:42:45.081Z</time>
</trkpt>
<trkpt lat="42.0130142" lon="2.8634496999999897">
<ele>305.14651428292194</ele>
<time>2026-08-14T07:42:48.207Z</time>
</trkpt>
<trkpt lat="42.0129725" lon="2.863476300000002">
<ele>305.3189531040857</ele>
<time>2026-08-14T07:42:51.246Z</time>
</trkpt>
<trkpt lat="42.0129269" lon="2.8635002999999983">
<ele>305.71001642671735</ele>
<time>2026-08-14T07:42:55.347Z</time>
</trkpt>
<trkpt lat="42.0128813" lon="2.8635042999999882">
<ele>306.4212627762819</ele>
<time>2026-08-14T07:42:58.482Z</time>
</trkpt>
<trkpt lat="42.0128382" lon="2.863533899999993">
<ele>306.9137745396699</ele>
<time>2026-08-14T07:43:01.953Z</time>
</trkpt>
<trkpt lat="42.0127959" lon="2.8635604000000114">
<ele>307.5464192909719</ele>
<time>2026-08-14T07:43:05.080Z</time>
</trkpt>
<trkpt lat="42.0127474" lon="2.8635778999999957">
<ele>307.0552295535589</ele>
<time>2026-08-14T07:43:08.608Z</time>
</trkpt>
<trkpt lat="42.0127011" lon="2.8635936000000015">
<ele>306.55280858123496</ele>
<time>2026-08-14T07:43:11.918Z</time>
</trkpt>
<trkpt lat="42.0126562" lon="2.863601200000005">
<ele>306.0998243916698</ele>
<time>2026-08-14T07:43:14.939Z</time>
</trkpt>
<trkpt lat="42.0126099" lon="2.863603100000006">
<ele>305.67211744786755</ele>
<time>2026-08-14T07:43:18.128Z</time>
</trkpt>
<trkpt lat="42.0125642" lon="2.863606400000009">
<ele>305.23237068081716</ele>
<time>2026-08-14T07:43:21.222Z</time>
</trkpt>
<trkpt lat="42.0125159" lon="2.863602500000013">
<ele>304.8298455566066</ele>
<time>2026-08-14T07:43:24.899Z</time>
</trkpt>
<trkpt lat="42.0124711" lon="2.8635917999999947">
<ele>304.2019249300831</ele>
<time>2026-08-14T07:43:28.448Z</time>
</trkpt>
<trkpt lat="42.0124247" lon="2.863580600000006">
<ele>303.57006775222845</ele>
<time>2026-08-14T07:43:32.324Z</time>
</trkpt>
<trkpt lat="42.0123797" lon="2.863572299999987">
<ele>302.9402169017558</ele>
<time>2026-08-14T07:43:35.880Z</time>
</trkpt>
<trkpt lat="42.0123292" lon="2.8635625000000005">
<ele>302.2551831065292</ele>
<time>2026-08-14T07:43:39.605Z</time>
</trkpt>
<trkpt lat="42.012281" lon="2.8635553000000016">
<ele>301.58492273427987</ele>
<time>2026-08-14T07:43:42.562Z</time>
</trkpt>
<trkpt lat="42.0122356" lon="2.863551699999988">
<ele>300.9445382896214</ele>
<time>2026-08-14T07:43:45.935Z</time>
</trkpt>
<trkpt lat="42.0121901" lon="2.8635432000000094">
<ele>300.7264831355929</ele>
<time>2026-08-14T07:43:48.867Z</time>
</trkpt>
<trkpt lat="42.0121432" lon="2.863537199999996">
<ele>300.45764421545186</ele>
<time>2026-08-14T07:43:51.888Z</time>
</trkpt>
<trkpt lat="42.0120974" lon="2.8635313999999994">
<ele>300.19308053798585</ele>
<time>2026-08-14T07:43:54.885Z</time>
</trkpt>
<trkpt lat="42.0120505" lon="2.863523799999996">
<ele>299.9461983409617</ele>
<time>2026-08-14T07:43:57.945Z</time>
</trkpt>
<trkpt lat="42.0120039" lon="2.863520099999988">
<ele>299.6414156144952</ele>
<time>2026-08-14T07:44:00.924Z</time>
</trkpt>
<trkpt lat="42.011953" lon="2.863514699999996">
<ele>299.46960358649056</ele>
<time>2026-08-14T07:44:03.880Z</time>
</trkpt>
<trkpt lat="42.0118994" lon="2.8635122000000024">
<ele>300.02864492373857</ele>
<time>2026-08-14T07:44:07.867Z</time>
</trkpt>
<trkpt lat="42.0118518" lon="2.863507999999996">
<ele>300.54146891425376</ele>
<time>2026-08-14T07:44:11.102Z</time>
</trkpt>
<trkpt lat="42.0118056" lon="2.863513399999988">
<ele>300.93016422452644</ele>
<time>2026-08-14T07:44:14.546Z</time>
</trkpt>
<trkpt lat="42.0117586" lon="2.8635296999999866">
<ele>301.2451048135162</ele>
<time>2026-08-14T07:44:18.382Z</time>
</trkpt>
<trkpt lat="42.0117163" lon="2.8635520999999926">
<ele>301.5092654322729</ele>
<time>2026-08-14T07:44:21.879Z</time>
</trkpt>
<trkpt lat="42.0116654" lon="2.863566200000008">
<ele>301.9913925047013</ele>
<time>2026-08-14T07:44:25.748Z</time>
</trkpt>
<trkpt lat="42.0116225" lon="2.8635975999999914">
<ele>302.41114644415256</ele>
<time>2026-08-14T07:44:29.346Z</time>
</trkpt>
<trkpt lat="42.011574" lon="2.863617299999987">
<ele>303.0807856713671</ele>
<time>2026-08-14T07:44:32.602Z</time>
</trkpt>
<trkpt lat="42.0115266" lon="2.86362969999999">
<ele>303.82666959957504</ele>
<time>2026-08-14T07:44:35.921Z</time>
</trkpt>
<trkpt lat="42.0114802" lon="2.8636367999999948">
<ele>304.5970408652849</ele>
<time>2026-08-14T07:44:38.879Z</time>
</trkpt>
<trkpt lat="42.0114295" lon="2.863642999999996">
<ele>305.4704613839166</ele>
<time>2026-08-14T07:44:42.326Z</time>
</trkpt>
<trkpt lat="42.0113845" lon="2.863646100000011">
<ele>306.4054796440205</ele>
<time>2026-08-14T07:44:45.684Z</time>
</trkpt>
<trkpt lat="42.01134" lon="2.863657499999988">
<ele>307.6133544149848</ele>
<time>2026-08-14T07:44:48.879Z</time>
</trkpt>
<trkpt lat="42.011295" lon="2.8636721999999963">
<ele>308.8802344647589</ele>
<time>2026-08-14T07:44:52.879Z</time>
</trkpt>
<trkpt lat="42.0112489" lon="2.8636774000000003">
<ele>310.0778909133571</ele>
<time>2026-08-14T07:44:57.404Z</time>
</trkpt>
<trkpt lat="42.0112025" lon="2.8636629000000084">
<ele>311.0511936405323</ele>
<time>2026-08-14T07:45:01.784Z</time>
</trkpt>
<trkpt lat="42.0111576" lon="2.863639599999999">
<ele>311.8648484679934</ele>
<time>2026-08-14T07:45:05.933Z</time>
</trkpt>
<trkpt lat="42.0111143" lon="2.863607099999996">
<ele>312.5260976688834</ele>
<time>2026-08-14T07:45:09.421Z</time>
</trkpt>
<trkpt lat="42.0110685" lon="2.8635955999999965">
<ele>313.57001712219795</ele>
<time>2026-08-14T07:45:12.879Z</time>
</trkpt>
<trkpt lat="42.0110226" lon="2.863572199999993">
<ele>314.4466036635773</ele>
<time>2026-08-14T07:45:16.465Z</time>
</trkpt>
<trkpt lat="42.01098" lon="2.863551099999995">
<ele>315.25362546814495</ele>
<time>2026-08-14T07:45:19.665Z</time>
</trkpt>
<trkpt lat="42.0109382" lon="2.863516599999997">
<ele>315.8351731231319</ele>
<time>2026-08-14T07:45:23.366Z</time>
</trkpt>
<trkpt lat="42.0108951" lon="2.8634830999999963">
<ele>316.44125677437194</ele>
<time>2026-08-14T07:45:26.879Z</time>
</trkpt>
<trkpt lat="42.0108549" lon="2.8634474000000125">
<ele>316.91967985237085</ele>
<time>2026-08-14T07:45:30.428Z</time>
</trkpt>
<trkpt lat="42.0108203" lon="2.8634083000000032">
<ele>316.7859445430266</ele>
<time>2026-08-14T07:45:33.763Z</time>
</trkpt>
<trkpt lat="42.0107789" lon="2.8633795000000077">
<ele>316.759069694745</ele>
<time>2026-08-14T07:45:37.482Z</time>
</trkpt>
<trkpt lat="42.0107422" lon="2.8633435000000134">
<ele>316.5671735817086</ele>
<time>2026-08-14T07:45:41.320Z</time>
</trkpt>
<trkpt lat="42.0106976" lon="2.8633258000000126">
<ele>316.8631697511922</ele>
<time>2026-08-14T07:45:45.102Z</time>
</trkpt>
<trkpt lat="42.0106503" lon="2.8633159999999975">
<ele>317.36048756172704</ele>
<time>2026-08-14T07:45:49.163Z</time>
</trkpt>
<trkpt lat="42.0106033" lon="2.8633177000000103">
<ele>318.06102492032454</ele>
<time>2026-08-14T07:45:52.952Z</time>
</trkpt>
<trkpt lat="42.0105563" lon="2.8633332999999936">
<ele>318.88481388046847</ele>
<time>2026-08-14T07:45:57.708Z</time>
</trkpt>
<trkpt lat="42.0105123" lon="2.863351300000005">
<ele>319.42691706620735</ele>
<time>2026-08-14T07:46:01.745Z</time>
</trkpt>
<trkpt lat="42.0104673" lon="2.8633689000000118">
<ele>319.8806611332438</ele>
<time>2026-08-14T07:46:06.221Z</time>
</trkpt>
<trkpt lat="42.0104214" lon="2.8633818000000133">
<ele>320.2114794513998</ele>
<time>2026-08-14T07:46:10.866Z</time>
</trkpt>
<trkpt lat="42.0103712" lon="2.863391699999994">
<ele>320.47541030387424</ele>
<time>2026-08-14T07:46:15.886Z</time>
</trkpt>
<trkpt lat="42.0103244" lon="2.8633874999999875">
<ele>320.63746183933375</ele>
<time>2026-08-14T07:46:20.268Z</time>
</trkpt>
<trkpt lat="42.0102723" lon="2.8633783999999878">
<ele>320.4867863976784</ele>
<time>2026-08-14T07:46:24.786Z</time>
</trkpt>
<trkpt lat="42.0102273" lon="2.8633634999999913">
<ele>319.94870381256385</ele>
<time>2026-08-14T07:46:28.585Z</time>
</trkpt>
<trkpt lat="42.0101825" lon="2.863344699999999">
<ele>319.5741808871186</ele>
<time>2026-08-14T07:46:32.208Z</time>
</trkpt>
<trkpt lat="42.0101362" lon="2.863320799999997">
<ele>319.41289750502824</ele>
<time>2026-08-14T07:46:35.879Z</time>
</trkpt>
<trkpt lat="42.0100901" lon="2.8632909000000097">
<ele>319.5664592062445</ele>
<time>2026-08-14T07:46:39.604Z</time>
</trkpt>
<trkpt lat="42.0100493" lon="2.8632618000000036">
<ele>319.97329141085544</ele>
<time>2026-08-14T07:46:42.879Z</time>
</trkpt>
<trkpt lat="42.010004" lon="2.8632299999999873">
<ele>320.574882045576</ele>
<time>2026-08-14T07:46:46.528Z</time>
</trkpt>
<trkpt lat="42.0099626" lon="2.8632015999999965">
<ele>320.94734695857636</ele>
<time>2026-08-14T07:46:49.846Z</time>
</trkpt>
<trkpt lat="42.0099226" lon="2.8631690999999933">
<ele>321.5337473776779</ele>
<time>2026-08-14T07:46:53.206Z</time>
</trkpt>
<trkpt lat="42.0098807" lon="2.8631360999999913">
<ele>322.1071616464044</ele>
<time>2026-08-14T07:46:56.925Z</time>
</trkpt>
<trkpt lat="42.0098435" lon="2.8631009000000063">
<ele>322.48402824231647</ele>
<time>2026-08-14T07:47:00.428Z</time>
</trkpt>
<trkpt lat="42.009801" lon="2.8630718">
<ele>322.91430768846965</ele>
<time>2026-08-14T07:47:04.226Z</time>
</trkpt>
<trkpt lat="42.0097614" lon="2.8630400000000122">
<ele>323.57331002315794</ele>
<time>2026-08-14T07:47:08.186Z</time>
</trkpt>
<trkpt lat="42.009721" lon="2.863005700000002">
<ele>324.2929663578844</ele>
<time>2026-08-14T07:47:12.345Z</time>
</trkpt>
<trkpt lat="42.0096804" lon="2.8629741000000024">
<ele>324.7565908691756</ele>
<time>2026-08-14T07:47:16.466Z</time>
</trkpt>
<trkpt lat="42.0096537" lon="2.862923099999989">
<ele>325.9276517480307</ele>
<time>2026-08-14T07:47:20.707Z</time>
</trkpt>
<trkpt lat="42.0096299" lon="2.8628693">
<ele>327.282759386883</ele>
<time>2026-08-14T07:47:25.803Z</time>
</trkpt>
<trkpt lat="42.0096152" lon="2.862811899999997">
<ele>328.4750100299601</ele>
<time>2026-08-14T07:47:30.365Z</time>
</trkpt>
<trkpt lat="42.0096129" lon="2.8627435999999875">
<ele>329.93338158794444</ele>
<time>2026-08-14T07:47:34.780Z</time>
</trkpt>
<trkpt lat="42.0096133" lon="2.862681500000008">
<ele>331.263187559257</ele>
<time>2026-08-14T07:47:39.483Z</time>
</trkpt>
<trkpt lat="42.0096121" lon="2.862618999999995">
<ele>332.6069943685508</ele>
<time>2026-08-14T07:47:43.906Z</time>
</trkpt>
<trkpt lat="42.0096112" lon="2.862554700000004">
<ele>333.7761854420389</ele>
<time>2026-08-14T07:47:48.466Z</time>
</trkpt>
<trkpt lat="42.0096027" lon="2.862492099999997">
<ele>334.7983004501678</ele>
<time>2026-08-14T07:47:52.879Z</time>
</trkpt>
<trkpt lat="42.0095892" lon="2.8624322999999947">
<ele>335.9179144305999</ele>
<time>2026-08-14T07:47:57.202Z</time>
</trkpt>
<trkpt lat="42.0095689" lon="2.8623725999999863">
<ele>337.26416662318815</ele>
<time>2026-08-14T07:48:01.937Z</time>
</trkpt>
<trkpt lat="42.0095404" lon="2.8623195000000123">
<ele>338.8191859421279</ele>
<time>2026-08-14T07:48:06.847Z</time>
</trkpt>
<trkpt lat="42.0095133" lon="2.8622688000000096">
<ele>340.0076690583785</ele>
<time>2026-08-14T07:48:11.526Z</time>
</trkpt>
<trkpt lat="42.0094831" lon="2.862218899999988">
<ele>341.3036921352556</ele>
<time>2026-08-14T07:48:16.627Z</time>
</trkpt>
<trkpt lat="42.0094481" lon="2.8621717999999987">
<ele>342.7737948116116</ele>
<time>2026-08-14T07:48:21.879Z</time>
</trkpt>
<trkpt lat="42.0094111" lon="2.8621281000000067">
<ele>344.09377951072634</ele>
<time>2026-08-14T07:48:26.827Z</time>
</trkpt>
<trkpt lat="42.0093803" lon="2.862079499999993">
<ele>345.46107840023336</ele>
<time>2026-08-14T07:48:31.804Z</time>
</trkpt>
<trkpt lat="42.0093446" lon="2.8620401000000015">
<ele>346.9028009537796</ele>
<time>2026-08-14T07:48:36.404Z</time>
</trkpt>
<trkpt lat="42.0092995" lon="2.8620155000000125">
<ele>348.0582494839746</ele>
<time>2026-08-14T07:48:40.764Z</time>
</trkpt>
<trkpt lat="42.0092643" lon="2.8619758000000104">
<ele>348.590855615392</ele>
<time>2026-08-14T07:48:45.548Z</time>
</trkpt>
<trkpt lat="42.0092223" lon="2.861945999999989">
<ele>349.23753801645074</ele>
<time>2026-08-14T07:48:50.620Z</time>
</trkpt>
<trkpt lat="42.0091774" lon="2.861952300000013">
<ele>350.2017155610269</ele>
<time>2026-08-14T07:48:55.886Z</time>
</trkpt>
<trkpt lat="42.0091281" lon="2.8619660999999894">
<ele>350.512141226072</ele>
<time>2026-08-14T07:49:00.761Z</time>
</trkpt>
<trkpt lat="42.0090871" lon="2.862000800000004">
<ele>351.14689121802843</ele>
<time>2026-08-14T07:49:04.882Z</time>
</trkpt>
<trkpt lat="42.009043" lon="2.8620308000000136">
<ele>351.82426535789534</ele>
<time>2026-08-14T07:49:08.914Z</time>
</trkpt>
<trkpt lat="42.0090013" lon="2.8620627999999897">
<ele>351.55729913864195</ele>
<time>2026-08-14T07:49:12.803Z</time>
</trkpt>
<trkpt lat="42.0089527" lon="2.86209310000001">
<ele>351.46222180014547</ele>
<time>2026-08-14T07:49:16.684Z</time>
</trkpt>
<trkpt lat="42.0089085" lon="2.8621221999999875">
<ele>351.44646718735856</ele>
<time>2026-08-14T07:49:20.382Z</time>
</trkpt>
<trkpt lat="42.0088651" lon="2.8621511000000055">
<ele>351.3597078754511</ele>
<time>2026-08-14T07:49:23.608Z</time>
</trkpt>
<trkpt lat="42.0088241" lon="2.862176799999986">
<ele>351.3561065213402</ele>
<time>2026-08-14T07:49:27.482Z</time>
</trkpt>
<trkpt lat="42.0087833" lon="2.862203099999988">
<ele>351.4331174263014</ele>
<time>2026-08-14T07:49:30.708Z</time>
</trkpt>
<trkpt lat="42.0087406" lon="2.8622305000000097">
<ele>351.608782212736</ele>
<time>2026-08-14T07:49:34.887Z</time>
</trkpt>
<trkpt lat="42.0086944" lon="2.8622561999999903">
<ele>351.92153222974605</ele>
<time>2026-08-14T07:49:38.879Z</time>
</trkpt>
<trkpt lat="42.0086511" lon="2.8622799999999984">
<ele>352.30371249986723</ele>
<time>2026-08-14T07:49:42.507Z</time>
</trkpt>
<trkpt lat="42.0086033" lon="2.862303400000002">
<ele>352.77672139703657</ele>
<time>2026-08-14T07:49:46.766Z</time>
</trkpt>
<trkpt lat="42.0085542" lon="2.862314800000007">
<ele>353.06141382196256</ele>
<time>2026-08-14T07:49:51.588Z</time>
</trkpt>
<trkpt lat="42.0085018" lon="2.8623225000000048">
<ele>353.3221430532747</ele>
<time>2026-08-14T07:49:55.745Z</time>
</trkpt>
<trkpt lat="42.0084507" lon="2.8623331000000007">
<ele>353.47114998561113</ele>
<time>2026-08-14T07:49:59.644Z</time>
</trkpt>
<trkpt lat="42.008406" lon="2.862324599999994">
<ele>354.1465569324468</ele>
<time>2026-08-14T07:50:02.941Z</time>
</trkpt>
<trkpt lat="42.0083553" lon="2.8623231999999916">
<ele>354.6610672235256</ele>
<time>2026-08-14T07:50:06.567Z</time>
</trkpt>
<trkpt lat="42.0083084" lon="2.8623139000000037">
<ele>355.33032902198397</ele>
<time>2026-08-14T07:50:10.146Z</time>
</trkpt>
<trkpt lat="42.0082616" lon="2.8623037000000124">
<ele>355.8329118678188</ele>
<time>2026-08-14T07:50:13.924Z</time>
</trkpt>
<trkpt lat="42.0082148" lon="2.8622906999999884">
<ele>356.18191818405614</ele>
<time>2026-08-14T07:50:17.950Z</time>
</trkpt>
<trkpt lat="42.008169" lon="2.8622786999999903">
<ele>356.5377609201969</ele>
<time>2026-08-14T07:50:21.761Z</time>
</trkpt>
<trkpt lat="42.0081211" lon="2.862271800000002">
<ele>356.91754993044304</ele>
<time>2026-08-14T07:50:25.545Z</time>
</trkpt>
<trkpt lat="42.0080747" lon="2.8622609999999895">
<ele>357.3009230661613</ele>
<time>2026-08-14T07:50:29.763Z</time>
</trkpt>
<trkpt lat="42.0080252" lon="2.8622520000000122">
<ele>357.8130096566836</ele>
<time>2026-08-14T07:50:33.971Z</time>
</trkpt>
<trkpt lat="42.0079802" lon="2.8622384999999895">
<ele>358.3536769795799</ele>
<time>2026-08-14T07:50:37.894Z</time>
</trkpt>
<trkpt lat="42.0079298" lon="2.8622555000000034">
<ele>358.7769227657917</ele>
<time>2026-08-14T07:50:40.904Z</time>
</trkpt>
<trkpt lat="42.0078814" lon="2.8622535000000084">
<ele>359.2913162512526</ele>
<time>2026-08-14T07:50:44.122Z</time>
</trkpt>
<trkpt lat="42.0078365" lon="2.8622448000000134">
<ele>359.85277442128273</ele>
<time>2026-08-14T07:50:47.387Z</time>
</trkpt>
<trkpt lat="42.007791" lon="2.8622396000000094">
<ele>360.4065941464297</ele>
<time>2026-08-14T07:50:50.902Z</time>
</trkpt>
<trkpt lat="42.0077425" lon="2.8622290000000135">
<ele>360.9931559182639</ele>
<time>2026-08-14T07:50:54.863Z</time>
</trkpt>
<trkpt lat="42.0076909" lon="2.8622113000000127">
<ele>361.7793837657241</ele>
<time>2026-08-14T07:50:59.385Z</time>
</trkpt>
<trkpt lat="42.0076444" lon="2.862221799999986">
<ele>362.03168314648354</ele>
<time>2026-08-14T07:51:05.405Z</time>
</trkpt>
<trkpt lat="42.0076001" lon="2.862205799999998">
<ele>362.8047777171692</ele>
<time>2026-08-14T07:51:09.902Z</time>
</trkpt>
<trkpt lat="42.0075555" lon="2.8621880999999973">
<ele>363.6893881684915</ele>
<time>2026-08-14T07:51:15.361Z</time>
</trkpt>
<trkpt lat="42.0075098" lon="2.8621900999999923">
<ele>364.1446560123119</ele>
<time>2026-08-14T07:51:20.879Z</time>
</trkpt>
<trkpt lat="42.0074601" lon="2.8621875000000045">
<ele>365.0145939933123</ele>
<time>2026-08-14T07:51:26.879Z</time>
</trkpt>
<trkpt lat="42.0074152" lon="2.8621751000000017">
<ele>366.136434120967</ele>
<time>2026-08-14T07:51:33.930Z</time>
</trkpt>
<trkpt lat="42.0073669" lon="2.862149499999987">
<ele>367.8469198486386</ele>
<time>2026-08-14T07:51:43.321Z</time>
</trkpt>
<trkpt lat="42.0073241" lon="2.862114399999996">
<ele>369.9530527151735</ele>
<time>2026-08-14T07:51:48.744Z</time>
</trkpt>
<trkpt lat="42.007277" lon="2.8621162999999967">
<ele>370.8423585505229</ele>
<time>2026-08-14T07:51:58.641Z</time>
</trkpt>
<trkpt lat="42.0072311" lon="2.8621028000000024">
<ele>372.3580811519041</ele>
<time>2026-08-14T07:52:05.939Z</time>
</trkpt>
<trkpt lat="42.0071842" lon="2.862105299999996">
<ele>373.1225304410599</ele>
<time>2026-08-14T07:52:11.468Z</time>
</trkpt>
<trkpt lat="42.007139" lon="2.86210650000001">
<ele>373.90808254161146</ele>
<time>2026-08-14T07:52:23.403Z</time>
</trkpt>
<trkpt lat="42.0070937" lon="2.8621042999999986">
<ele>374.85286263173606</ele>
<time>2026-08-14T07:52:29.323Z</time>
</trkpt>
<trkpt lat="42.0070459" lon="2.8621008000000074">
<ele>375.91366841554196</ele>
<time>2026-08-14T07:52:35.562Z</time>
</trkpt>
<trkpt lat="42.0070064" lon="2.8620679999999936">
<ele>378.2895173455849</ele>
<time>2026-08-14T07:52:41.878Z</time>
</trkpt>
<trkpt lat="42.0069833" lon="2.8620155000000125">
<ele>380.8191574828576</ele>
<time>2026-08-14T07:52:47.305Z</time>
</trkpt>
<trkpt lat="42.0069779" lon="2.8619553999999994">
<ele>381.6593393765409</ele>
<time>2026-08-14T07:52:52.028Z</time>
</trkpt>
<trkpt lat="42.0069537" lon="2.861898800000006">
<ele>382.83989989258885</ele>
<time>2026-08-14T07:52:56.880Z</time>
</trkpt>
<trkpt lat="42.0069159" lon="2.861860400000012">
<ele>382.9313387904707</ele>
<time>2026-08-14T07:53:01.922Z</time>
</trkpt>
<trkpt lat="42.0068712" lon="2.8618687000000023">
<ele>382.39245608176685</ele>
<time>2026-08-14T07:53:06.901Z</time>
</trkpt>
<trkpt lat="42.0068282" lon="2.861895000000004">
<ele>381.67092226128403</ele>
<time>2026-08-14T07:53:13.360Z</time>
</trkpt>
<trkpt lat="42.0068192" lon="2.861956399999997">
<ele>380.8914226540801</ele>
<time>2026-08-14T07:53:17.928Z</time>
</trkpt>
<trkpt lat="42.0068177" lon="2.8620194000000083">
<ele>380.1676746894644</ele>
<time>2026-08-14T07:53:23.888Z</time>
</trkpt>
<trkpt lat="42.0068397" lon="2.8620756999999912">
<ele>378.04591948069674</ele>
<time>2026-08-14T07:53:30.887Z</time>
</trkpt>
<trkpt lat="42.0068568" lon="2.862131799999986">
<ele>375.42928908738776</ele>
<time>2026-08-14T07:53:43.878Z</time>
</trkpt>
<trkpt lat="42.0068461" lon="2.8620717000000013">
<ele>378.2899293571135</ele>
<time>2026-08-14T07:55:21.248Z</time>
</trkpt>
<trkpt lat="42.0068099" lon="2.862021900000002">
<ele>380.07025191052617</ele>
<time>2026-08-14T07:55:25.976Z</time>
</trkpt>
<trkpt lat="42.0067623" lon="2.8620241000000135">
<ele>379.6235980866903</ele>
<time>2026-08-14T07:55:29.878Z</time>
</trkpt>
<trkpt lat="42.0067187" lon="2.8620406999999943">
<ele>378.7084559978689</ele>
<time>2026-08-14T07:55:37.882Z</time>
</trkpt>
<trkpt lat="42.0067056" lon="2.861982299999994">
<ele>379.5622590182806</ele>
<time>2026-08-14T07:55:42.924Z</time>
</trkpt>
<trkpt lat="42.0066889" lon="2.8619252000000017">
<ele>380.00660384339903</ele>
<time>2026-08-14T07:55:49.878Z</time>
</trkpt>
<trkpt lat="42.0066663" lon="2.8618643000000077">
<ele>380.34143703979026</ele>
<time>2026-08-14T07:55:53.932Z</time>
</trkpt>
<trkpt lat="42.0066386" lon="2.8618132999999943">
<ele>380.3782346816977</ele>
<time>2026-08-14T07:55:57.837Z</time>
</trkpt>
<trkpt lat="42.0065997" lon="2.861782000000005">
<ele>380.01808105471</ele>
<time>2026-08-14T07:56:01.861Z</time>
</trkpt>
<trkpt lat="42.0065535" lon="2.8617694000000142">
<ele>379.3360859575496</ele>
<time>2026-08-14T07:56:04.958Z</time>
</trkpt>
<trkpt lat="42.0065073" lon="2.861768100000006">
<ele>378.53415754221624</ele>
<time>2026-08-14T07:56:07.933Z</time>
</trkpt>
<trkpt lat="42.0064591" lon="2.861766100000011">
<ele>377.70518264911686</ele>
<time>2026-08-14T07:56:10.878Z</time>
</trkpt>
<trkpt lat="42.0064114" lon="2.8617710999999986">
<ele>376.8062820311923</ele>
<time>2026-08-14T07:56:13.878Z</time>
</trkpt>
<trkpt lat="42.0063672" lon="2.861785300000008">
<ele>375.8841529138237</ele>
<time>2026-08-14T07:56:16.896Z</time>
</trkpt>
<trkpt lat="42.0063314" lon="2.8618219999999894">
<ele>374.9232463449375</ele>
<time>2026-08-14T07:56:26.697Z</time>
</trkpt>
<trkpt lat="42.0062895" lon="2.86184879999999">
<ele>374.0256757834274</ele>
<time>2026-08-14T07:56:30.199Z</time>
</trkpt>
<trkpt lat="42.0062406" lon="2.8618722999999875">
<ele>373.11049458724943</ele>
<time>2026-08-14T07:56:34.759Z</time>
</trkpt>
<trkpt lat="42.0061902" lon="2.861885000000001">
<ele>372.29897973990677</ele>
<time>2026-08-14T07:56:38.863Z</time>
</trkpt>
<trkpt lat="42.0061432" lon="2.861893100000003">
<ele>371.59030748516193</ele>
<time>2026-08-14T07:56:42.440Z</time>
</trkpt>
<trkpt lat="42.0060964" lon="2.86190289999999">
<ele>371.07269535804056</ele>
<time>2026-08-14T07:56:45.887Z</time>
</trkpt>
<trkpt lat="42.0060514" lon="2.861920900000001">
<ele>370.7446809537007</ele>
<time>2026-08-14T07:56:49.160Z</time>
</trkpt>
<trkpt lat="42.0060045" lon="2.8619370000000117">
<ele>370.445222845479</ele>
<time>2026-08-14T07:56:51.936Z</time>
</trkpt>
<trkpt lat="42.0059596" lon="2.861953800000009">
<ele>370.1901274208741</ele>
<time>2026-08-14T07:56:55.400Z</time>
</trkpt>
<trkpt lat="42.0059152" lon="2.86197150000001">
<ele>369.9721896521782</ele>
<time>2026-08-14T07:56:58.456Z</time>
</trkpt>
<trkpt lat="42.0058706" lon="2.8619932999999946">
<ele>369.79599958481964</ele>
<time>2026-08-14T07:57:01.536Z</time>
</trkpt>
<trkpt lat="42.0058262" lon="2.8620161999999993">
<ele>369.80773999956523</ele>
<time>2026-08-14T07:57:04.600Z</time>
</trkpt>
<trkpt lat="42.0057839" lon="2.8620400000000075">
<ele>369.99252650462756</ele>
<time>2026-08-14T07:57:07.663Z</time>
</trkpt>
<trkpt lat="42.0057424" lon="2.862068700000009">
<ele>369.94860377684176</ele>
<time>2026-08-14T07:57:11.160Z</time>
</trkpt>
<trkpt lat="42.0057" lon="2.86209199999999">
<ele>370.0315639705344</ele>
<time>2026-08-14T07:57:14.943Z</time>
</trkpt>
<trkpt lat="42.0056542" lon="2.8621009000000015">
<ele>370.3157932585688</ele>
<time>2026-08-14T07:57:19.583Z</time>
</trkpt>
<trkpt lat="42.0056073" lon="2.862105200000002">
<ele>370.66333462497215</ele>
<time>2026-08-14T07:57:23.878Z</time>
</trkpt>
<trkpt lat="42.0055598" lon="2.862113899999997">
<ele>370.9817551953427</ele>
<time>2026-08-14T07:57:27.518Z</time>
</trkpt>
<trkpt lat="42.0055146" lon="2.8621175000000108">
<ele>371.05245031269743</ele>
<time>2026-08-14T07:57:30.908Z</time>
</trkpt>
<trkpt lat="42.0054655" lon="2.8621172">
<ele>371.1501438839901</ele>
<time>2026-08-14T07:57:34.883Z</time>
</trkpt>
<trkpt lat="42.0054165" lon="2.8621172">
<ele>371.24657354241816</ele>
<time>2026-08-14T07:57:38.537Z</time>
</trkpt>
<trkpt lat="42.0053698" lon="2.862110599999994">
<ele>371.3270290780847</ele>
<time>2026-08-14T07:57:41.880Z</time>
</trkpt>
<trkpt lat="42.0053172" lon="2.8621122000000128">
<ele>371.4237075106448</ele>
<time>2026-08-14T07:57:45.416Z</time>
</trkpt>
<trkpt lat="42.0052694" lon="2.8621239999999943">
<ele>371.4722717436006</ele>
<time>2026-08-14T07:57:48.480Z</time>
</trkpt>
<trkpt lat="42.0052225" lon="2.8621407999999917">
<ele>371.34790913004326</ele>
<time>2026-08-14T07:57:51.543Z</time>
</trkpt>
<trkpt lat="42.0051757" lon="2.8621578000000056">
<ele>371.21056648475894</ele>
<time>2026-08-14T07:57:54.719Z</time>
</trkpt>
<trkpt lat="42.0051222" lon="2.8621738999999877">
<ele>371.0247948607248</ele>
<time>2026-08-14T07:57:57.863Z</time>
</trkpt>
<trkpt lat="42.0050769" lon="2.8621896999999876">
<ele>370.861764203454</ele>
<time>2026-08-14T07:58:00.983Z</time>
</trkpt>
<trkpt lat="42.0050337" lon="2.8622137000000123">
<ele>370.7171813285454</ele>
<time>2026-08-14T07:58:04.023Z</time>
</trkpt>
<trkpt lat="42.0049899" lon="2.8622451999999896">
<ele>370.52788544522735</ele>
<time>2026-08-14T07:58:07.597Z</time>
</trkpt>
<trkpt lat="42.0049468" lon="2.862267199999991">
<ele>370.2453076972006</ele>
<time>2026-08-14T07:58:10.892Z</time>
</trkpt>
<trkpt lat="42.0048997" lon="2.8622766999999953">
<ele>369.89928374257835</ele>
<time>2026-08-14T07:58:14.220Z</time>
</trkpt>
<trkpt lat="42.0048556" lon="2.8622913000000096">
<ele>369.57909584506035</ele>
<time>2026-08-14T07:58:17.922Z</time>
</trkpt>
<trkpt lat="42.004824" lon="2.8623370999999906">
<ele>369.2437230884853</ele>
<time>2026-08-14T07:58:21.003Z</time>
</trkpt>
<trkpt lat="42.004779" lon="2.8623542999999927">
<ele>368.8218752374172</ele>
<time>2026-08-14T07:58:25.123Z</time>
</trkpt>
<trkpt lat="42.0047366" lon="2.862377600000002">
<ele>368.39869464965255</ele>
<time>2026-08-14T07:58:29.100Z</time>
</trkpt>
<trkpt lat="42.0046973" lon="2.8624168000000054">
<ele>367.8222824126961</ele>
<time>2026-08-14T07:58:33.880Z</time>
</trkpt>
<trkpt lat="42.0046516" lon="2.8624029000000064">
<ele>367.35577559076813</ele>
<time>2026-08-14T07:58:36.758Z</time>
</trkpt>
<trkpt lat="42.0046114" lon="2.862372999999991">
<ele>367.04575737817925</ele>
<time>2026-08-14T07:58:40.798Z</time>
</trkpt>
<trkpt lat="42.0045605" lon="2.862362399999995">
<ele>366.53738392972707</ele>
<time>2026-08-14T07:58:45.598Z</time>
</trkpt>
<trkpt lat="42.0045146" lon="2.8623731000000134">
<ele>365.96570126814237</ele>
<time>2026-08-14T07:58:49.596Z</time>
</trkpt>
<trkpt lat="42.0044713" lon="2.862345099999999">
<ele>365.6656704658239</ele>
<time>2026-08-14T07:58:53.780Z</time>
</trkpt>
<trkpt lat="42.0044382" lon="2.8622985000000085">
<ele>365.54814236732307</ele>
<time>2026-08-14T07:58:57.261Z</time>
</trkpt>
<trkpt lat="42.0043948" lon="2.86228220000001">
<ele>365.06785958694263</ele>
<time>2026-08-14T07:59:01.197Z</time>
</trkpt>
<trkpt lat="42.0043508" lon="2.8622623999999917">
<ele>364.58747680588635</ele>
<time>2026-08-14T07:59:04.661Z</time>
</trkpt>
<trkpt lat="42.0043049" lon="2.86225859999999">
<ele>364.083822905854</ele>
<time>2026-08-14T07:59:08.740Z</time>
</trkpt>
<trkpt lat="42.0042551" lon="2.8622593999999992">
<ele>363.535200359756</ele>
<time>2026-08-14T07:59:12.819Z</time>
</trkpt>
<trkpt lat="42.0042091" lon="2.8622556999999915">
<ele>363.032189467892</ele>
<time>2026-08-14T07:59:17.298Z</time>
</trkpt>
<trkpt lat="42.0041622" lon="2.8622676999999896">
<ele>362.46277638818</ele>
<time>2026-08-14T07:59:21.880Z</time>
</trkpt>
<trkpt lat="42.0041185" lon="2.8622846000000095">
<ele>361.77908403729293</ele>
<time>2026-08-14T07:59:24.682Z</time>
</trkpt>
<trkpt lat="42.0040792" lon="2.8623251999999866">
<ele>360.96335811063824</ele>
<time>2026-08-14T07:59:28.440Z</time>
</trkpt>
<trkpt lat="42.0040396" lon="2.8623565999999983">
<ele>360.0165389022488</ele>
<time>2026-08-14T07:59:31.942Z</time>
</trkpt>
<trkpt lat="42.0039924" lon="2.8623559000000114">
<ele>359.2812546595823</ele>
<time>2026-08-14T07:59:36.076Z</time>
</trkpt>
<trkpt lat="42.0039472" lon="2.862362999999988">
<ele>358.491399385085</ele>
<time>2026-08-14T07:59:39.099Z</time>
</trkpt>
<trkpt lat="42.0039008" lon="2.8623685999999964">
<ele>357.69582499532135</ele>
<time>2026-08-14T07:59:41.906Z</time>
</trkpt>
<trkpt lat="42.0038545" lon="2.8623700999999926">
<ele>356.73317769694296</ele>
<time>2026-08-14T07:59:44.929Z</time>
</trkpt>
<trkpt lat="42.0038079" lon="2.8623790000000042">
<ele>355.6357803659886</ele>
<time>2026-08-14T07:59:48.200Z</time>
</trkpt>
<trkpt lat="42.0037604" lon="2.8623758999999893">
<ele>354.66512092873944</ele>
<time>2026-08-14T07:59:51.703Z</time>
</trkpt>
<trkpt lat="42.0037151" lon="2.862377500000008">
<ele>353.6810271845208</ele>
<time>2026-08-14T07:59:54.894Z</time>
</trkpt>
<trkpt lat="42.003673" lon="2.8623474000000044">
<ele>353.2084003871127</ele>
<time>2026-08-14T07:59:58.756Z</time>
</trkpt>
<trkpt lat="42.0036428" lon="2.862294300000002">
<ele>353.3111905553852</ele>
<time>2026-08-14T08:00:02.522Z</time>
</trkpt>
<trkpt lat="42.0036096" lon="2.8622450999999955">
<ele>353.2732565887012</ele>
<time>2026-08-14T08:00:06.722Z</time>
</trkpt>
<trkpt lat="42.003577" lon="2.862192300000004">
<ele>353.28658895828795</ele>
<time>2026-08-14T08:00:10.841Z</time>
</trkpt>
<trkpt lat="42.0035413" lon="2.862145599999991">
<ele>353.27913638498444</ele>
<time>2026-08-14T08:00:14.896Z</time>
</trkpt>
<trkpt lat="42.0035044" lon="2.8621057000000008">
<ele>353.2637434516689</ele>
<time>2026-08-14T08:00:18.927Z</time>
</trkpt>
<trkpt lat="42.003464" lon="2.8620717999999954">
<ele>353.1934202747013</ele>
<time>2026-08-14T08:00:22.621Z</time>
</trkpt>
<trkpt lat="42.0034246" lon="2.862034499999993">
<ele>353.3182404305411</ele>
<time>2026-08-14T08:00:26.299Z</time>
</trkpt>
<trkpt lat="42.0033832" lon="2.8620038999999906">
<ele>352.9266997527576</ele>
<time>2026-08-14T08:00:29.898Z</time>
</trkpt>
<trkpt lat="42.0033393" lon="2.861982399999988">
<ele>352.4759484592142</ele>
<time>2026-08-14T08:00:33.458Z</time>
</trkpt>
<trkpt lat="42.0032877" lon="2.8619812000000024">
<ele>351.17134373299706</ele>
<time>2026-08-14T08:00:37.696Z</time>
</trkpt>
<trkpt lat="42.0032457" lon="2.861949299999992">
<ele>350.44469252898523</ele>
<time>2026-08-14T08:00:41.796Z</time>
</trkpt>
<trkpt lat="42.0031978" lon="2.861936500000013">
<ele>349.4439650340497</ele>
<time>2026-08-14T08:00:48.896Z</time>
</trkpt>
<trkpt lat="42.0031493" lon="2.8619295000000022">
<ele>348.3929288473629</ele>
<time>2026-08-14T08:00:51.880Z</time>
</trkpt>
<trkpt lat="42.0031032" lon="2.861933399999998">
<ele>347.23873192997445</ele>
<time>2026-08-14T08:00:55.538Z</time>
</trkpt>
<trkpt lat="42.0030582" lon="2.8619236000000114">
<ele>346.3646284918034</ele>
<time>2026-08-14T08:00:58.623Z</time>
</trkpt>
<trkpt lat="42.0030111" lon="2.861911499999991">
<ele>345.7036513550309</ele>
<time>2026-08-14T08:01:01.990Z</time>
</trkpt>
<trkpt lat="42.0029622" lon="2.8618993000000046">
<ele>345.03988358471685</ele>
<time>2026-08-14T08:01:05.622Z</time>
</trkpt>
<trkpt lat="42.0029167" lon="2.8619037999999932">
<ele>344.0894612121212</ele>
<time>2026-08-14T08:01:08.741Z</time>
</trkpt>
<trkpt lat="42.0028711" lon="2.8619189000000063">
<ele>342.8741962170801</ele>
<time>2026-08-14T08:01:11.957Z</time>
</trkpt>
<trkpt lat="42.0028151" lon="2.86191629999999">
<ele>341.8681998614013</ele>
<time>2026-08-14T08:01:15.990Z</time>
</trkpt>
<trkpt lat="42.0027723" lon="2.8619376000000045">
<ele>340.51715967237453</ele>
<time>2026-08-14T08:01:19.279Z</time>
</trkpt>
<trkpt lat="42.0027275" lon="2.8619582999999977">
<ele>339.2149560873769</ele>
<time>2026-08-14T08:01:22.496Z</time>
</trkpt>
<trkpt lat="42.0026789" lon="2.861968100000013">
<ele>338.1270580523421</ele>
<time>2026-08-14T08:01:25.880Z</time>
</trkpt>
<trkpt lat="42.002634" lon="2.8619813999999906">
<ele>337.0013522101211</ele>
<time>2026-08-14T08:01:29.180Z</time>
</trkpt>
<trkpt lat="42.0025878" lon="2.8619831000000033">
<ele>336.1628815126939</ele>
<time>2026-08-14T08:01:32.076Z</time>
</trkpt>
<trkpt lat="42.0025346" lon="2.8619840000000067">
<ele>335.2254019423232</ele>
<time>2026-08-14T08:01:35.502Z</time>
</trkpt>
<trkpt lat="42.0024837" lon="2.861980899999992">
<ele>334.38618577171724</ele>
<time>2026-08-14T08:01:39.463Z</time>
</trkpt>
<trkpt lat="42.0024392" lon="2.8619687000000056">
<ele>333.83099958553674</ele>
<time>2026-08-14T08:01:42.543Z</time>
</trkpt>
<trkpt lat="42.002397" lon="2.861940599999997">
<ele>333.7154061159711</ele>
<time>2026-08-14T08:01:45.600Z</time>
</trkpt>
<trkpt lat="42.0023544" lon="2.861918800000012">
<ele>333.38881421508387</ele>
<time>2026-08-14T08:01:48.681Z</time>
</trkpt>
<trkpt lat="42.0023119" lon="2.8618944000000113">
<ele>333.09346100003893</ele>
<time>2026-08-14T08:01:51.880Z</time>
</trkpt>
<trkpt lat="42.0022666" lon="2.8618649999999946">
<ele>332.81636906029206</ele>
<time>2026-08-14T08:01:55.938Z</time>
</trkpt>
<trkpt lat="42.0022243" lon="2.8618369000000143">
<ele>332.5249854194956</ele>
<time>2026-08-14T08:02:02.880Z</time>
</trkpt>
<trkpt lat="42.0021875" lon="2.8617935000000045">
<ele>332.5796569967812</ele>
<time>2026-08-14T08:02:12.799Z</time>
</trkpt>
<trkpt lat="42.0021593" lon="2.8617452000000014">
<ele>332.87244358300285</ele>
<time>2026-08-14T08:02:15.720Z</time>
</trkpt>
<trkpt lat="42.0021383" lon="2.8616879999999867">
<ele>332.97508209566433</ele>
<time>2026-08-14T08:02:19.361Z</time>
</trkpt>
<trkpt lat="42.0021205" lon="2.8616304999999898">
<ele>333.21011363401897</ele>
<time>2026-08-14T08:02:23.880Z</time>
</trkpt>
<trkpt lat="42.0020906" lon="2.8615815">
<ele>333.1327325987014</ele>
<time>2026-08-14T08:02:27.616Z</time>
</trkpt>
<trkpt lat="42.0020677" lon="2.8615291000000127">
<ele>333.3097135703538</ele>
<time>2026-08-14T08:02:31.936Z</time>
</trkpt>
<trkpt lat="42.0020402" lon="2.8614787999999862">
<ele>333.427913489179</ele>
<time>2026-08-14T08:02:37.920Z</time>
</trkpt>
<trkpt lat="42.0020286" lon="2.86141649999999">
<ele>332.9800367448081</ele>
<time>2026-08-14T08:02:50.922Z</time>
</trkpt>
<trkpt lat="42.0020502" lon="2.8613597000000084">
<ele>333.0718443902125</ele>
<time>2026-08-14T08:02:54.877Z</time>
</trkpt>
<trkpt lat="42.0020887" lon="2.8613266000000124">
<ele>333.5507721699422</ele>
<time>2026-08-14T08:03:00.122Z</time>
</trkpt>
<trkpt lat="42.0021347" lon="2.861329299999994">
<ele>334.34935730977963</ele>
<time>2026-08-14T08:03:05.877Z</time>
</trkpt>
<trkpt lat="42.0021829" lon="2.861343199999993">
<ele>335.26724717434087</ele>
<time>2026-08-14T08:03:10.321Z</time>
</trkpt>
<trkpt lat="42.002227" lon="2.861360600000012">
<ele>336.15239155771354</ele>
<time>2026-08-14T08:03:14.960Z</time>
</trkpt>
<trkpt lat="42.0022737" lon="2.8613785999999948">
<ele>336.96483600362285</ele>
<time>2026-08-14T08:03:20.877Z</time>
</trkpt>
<trkpt lat="42.0023256" lon="2.861383499999988">
<ele>337.7605831626717</ele>
<time>2026-08-14T08:03:29.780Z</time>
</trkpt>
<trkpt lat="42.0023701" lon="2.86137260000001">
<ele>338.3009780883619</ele>
<time>2026-08-14T08:03:32.941Z</time>
</trkpt>
<trkpt lat="42.0024149" lon="2.861349600000011">
<ele>338.7034363760988</ele>
<time>2026-08-14T08:03:36.199Z</time>
</trkpt>
<trkpt lat="42.0024605" lon="2.8613263000000018">
<ele>339.0814759687235</ele>
<time>2026-08-14T08:03:39.480Z</time>
</trkpt>
<trkpt lat="42.0025023" lon="2.861296100000004">
<ele>339.29414025047083</ele>
<time>2026-08-14T08:03:42.877Z</time>
</trkpt>
<trkpt lat="42.0025489" lon="2.8612725000000125">
<ele>339.6180785276382</ele>
<time>2026-08-14T08:03:46.615Z</time>
</trkpt>
<trkpt lat="42.0025958" lon="2.8612473000000023">
<ele>339.8876510213222</ele>
<time>2026-08-14T08:03:51.620Z</time>
</trkpt>
<trkpt lat="42.0026493" lon="2.8612098000000117">
<ele>340.02140888100865</ele>
<time>2026-08-14T08:03:54.382Z</time>
</trkpt>
<trkpt lat="42.0026901" lon="2.8611793000000034">
<ele>339.94226149107</ele>
<time>2026-08-14T08:03:56.103Z</time>
</trkpt>
<trkpt lat="42.0027352" lon="2.8611521999999923">
<ele>339.8794747688299</ele>
<time>2026-08-14T08:03:58.877Z</time>
</trkpt>
<trkpt lat="42.0027859" lon="2.8611482000000024">
<ele>340.35403759961497</ele>
<time>2026-08-14T08:04:15.562Z</time>
</trkpt>
<trkpt lat="42.0028337" lon="2.8611428000000103">
<ele>340.56468182776166</ele>
<time>2026-08-14T08:04:18.891Z</time>
</trkpt>
<trkpt lat="42.0028823" lon="2.8611166999999966">
<ele>340.3160906432089</ele>
<time>2026-08-14T08:04:22.637Z</time>
</trkpt>
<trkpt lat="42.0029253" lon="2.8610947999999894">
<ele>340.11294277730116</ele>
<time>2026-08-14T08:04:26.216Z</time>
</trkpt>
<trkpt lat="42.0029718" lon="2.861089600000014">
<ele>340.30378166486565</ele>
<time>2026-08-14T08:04:30.042Z</time>
</trkpt>
<trkpt lat="42.0030187" lon="2.8610855000000015">
<ele>340.52023564232167</ele>
<time>2026-08-14T08:04:33.643Z</time>
</trkpt>
<trkpt lat="42.0030714" lon="2.861093199999999">
<ele>341.06421715004615</ele>
<time>2026-08-14T08:04:37.937Z</time>
</trkpt>
<trkpt lat="42.0031161" lon="2.861110800000006">
<ele>341.8488136099109</ele>
<time>2026-08-14T08:04:43.417Z</time>
</trkpt>
<trkpt lat="42.0031606" lon="2.8611252000000036">
<ele>342.575415603933</ele>
<time>2026-08-14T08:04:46.761Z</time>
</trkpt>
<trkpt lat="42.0032065" lon="2.861134600000014">
<ele>343.20625703826363</ele>
<time>2026-08-14T08:04:50.603Z</time>
</trkpt>
<trkpt lat="42.0032561" lon="2.8611423000000116">
<ele>343.8379634482961</ele>
<time>2026-08-14T08:04:54.396Z</time>
</trkpt>
<trkpt lat="42.0033071" lon="2.861153800000011">
<ele>344.59460335262855</ele>
<time>2026-08-14T08:04:57.941Z</time>
</trkpt>
<trkpt lat="42.0033614" lon="2.8611390000000085">
<ele>344.5486047927076</ele>
<time>2026-08-14T08:05:01.877Z</time>
</trkpt>
<trkpt lat="42.0034064" lon="2.8611309000000062">
<ele>344.48903263890764</ele>
<time>2026-08-14T08:05:04.759Z</time>
</trkpt>
<trkpt lat="42.0034557" lon="2.8611212000000137">
<ele>344.4165705691368</ele>
<time>2026-08-14T08:05:08.520Z</time>
</trkpt>
<trkpt lat="42.0035075" lon="2.861124100000012">
<ele>344.67656658699735</ele>
<time>2026-08-14T08:05:12.760Z</time>
</trkpt>
<trkpt lat="42.003555" lon="2.8611356000000114">
<ele>345.1194615672896</ele>
<time>2026-08-14T08:05:23.381Z</time>
</trkpt>
<trkpt lat="42.0036066" lon="2.861145499999992">
<ele>345.52134729777526</ele>
<time>2026-08-14T08:05:27.637Z</time>
</trkpt>
<trkpt lat="42.0036521" lon="2.861148700000001">
<ele>345.6717301129663</ele>
<time>2026-08-14T08:05:30.949Z</time>
</trkpt>
<trkpt lat="42.0036991" lon="2.8611498999999867">
<ele>345.75874215604944</ele>
<time>2026-08-14T08:05:34.437Z</time>
</trkpt>
<trkpt lat="42.0037479" lon="2.861154099999993">
<ele>345.90835106617556</ele>
<time>2026-08-14T08:05:37.877Z</time>
</trkpt>
<trkpt lat="42.0037957" lon="2.8611619000000132">
<ele>346.1225368510436</ele>
<time>2026-08-14T08:05:41.436Z</time>
</trkpt>
<trkpt lat="42.0038416" lon="2.861173699999995">
<ele>346.4008412765672</ele>
<time>2026-08-14T08:05:44.924Z</time>
</trkpt>
<trkpt lat="42.0038927" lon="2.8611801000000128">
<ele>346.5670381223703</ele>
<time>2026-08-14T08:05:48.876Z</time>
</trkpt>
<trkpt lat="42.0039405" lon="2.861187000000001">
<ele>346.90616842923316</ele>
<time>2026-08-14T08:05:52.700Z</time>
</trkpt>
<trkpt lat="42.0039853" lon="2.8611999999999966">
<ele>347.3554069236997</ele>
<time>2026-08-14T08:05:56.907Z</time>
</trkpt>
<trkpt lat="42.0040318" lon="2.8612157999999965">
<ele>347.91464847032404</ele>
<time>2026-08-14T08:06:01.563Z</time>
</trkpt>
<trkpt lat="42.004077" lon="2.8612277999999947">
<ele>348.42290821543895</ele>
<time>2026-08-14T08:06:05.561Z</time>
</trkpt>
<trkpt lat="42.0041262" lon="2.8612328000000105">
<ele>348.81509268544454</ele>
<time>2026-08-14T08:06:09.920Z</time>
</trkpt>
<trkpt lat="42.0041748" lon="2.861230699999993">
<ele>349.04113411591175</ele>
<time>2026-08-14T08:06:13.198Z</time>
</trkpt>
<trkpt lat="42.0042211" lon="2.8612335999999914">
<ele>349.5165505992199</ele>
<time>2026-08-14T08:06:16.476Z</time>
</trkpt>
<trkpt lat="42.004273" lon="2.8612417999999877">
<ele>350.1693309507061</ele>
<time>2026-08-14T08:06:19.803Z</time>
</trkpt>
<trkpt lat="42.0043201" lon="2.8612515000000087">
<ele>350.8091457099577</ele>
<time>2026-08-14T08:06:23.497Z</time>
</trkpt>
<trkpt lat="42.0043651" lon="2.8612468999999976">
<ele>351.0796676065146</ele>
<time>2026-08-14T08:06:26.784Z</time>
</trkpt>
<trkpt lat="42.0044134" lon="2.861243900000005">
<ele>351.42022330545245</ele>
<time>2026-08-14T08:06:29.543Z</time>
</trkpt>
<trkpt lat="42.0044592" lon="2.8612417999999877">
<ele>351.7804884030042</ele>
<time>2026-08-14T08:06:32.536Z</time>
</trkpt>
<trkpt lat="42.0045054" lon="2.86123409999999">
<ele>352.09232315424674</ele>
<time>2026-08-14T08:06:35.440Z</time>
</trkpt>
<trkpt lat="42.0045509" lon="2.8612205000000017">
<ele>352.26007187092813</ele>
<time>2026-08-14T08:06:38.480Z</time>
</trkpt>
<trkpt lat="42.0046018" lon="2.8611971999999923">
<ele>352.25988652319984</ele>
<time>2026-08-14T08:06:41.520Z</time>
</trkpt>
<trkpt lat="42.0046449" lon="2.861178599999988">
<ele>352.3020191821067</ele>
<time>2026-08-14T08:06:44.928Z</time>
</trkpt>
<trkpt lat="42.0046983" lon="2.861157200000008">
<ele>352.3861716787164</ele>
<time>2026-08-14T08:06:48.640Z</time>
</trkpt>
<trkpt lat="42.0047465" lon="2.861131699999987">
<ele>352.2439532403661</ele>
<time>2026-08-14T08:06:52.738Z</time>
</trkpt>
<trkpt lat="42.0047923" lon="2.8611047999999926">
<ele>351.9163955376485</ele>
<time>2026-08-14T08:06:55.907Z</time>
</trkpt>
<trkpt lat="42.0048396" lon="2.8610783999999967">
<ele>351.59518925085825</ele>
<time>2026-08-14T08:06:59.940Z</time>
</trkpt>
<trkpt lat="42.0048854" lon="2.861053300000009">
<ele>351.2813972963275</ele>
<time>2026-08-14T08:07:03.478Z</time>
</trkpt>
<trkpt lat="42.0049313" lon="2.8610371999999984">
<ele>351.16705907427666</ele>
<time>2026-08-14T08:07:06.887Z</time>
</trkpt>
<trkpt lat="42.0049819" lon="2.8610165999999992">
<ele>350.9632777899918</ele>
<time>2026-08-14T08:07:10.576Z</time>
</trkpt>
<trkpt lat="42.0050244" lon="2.8609856999999863">
<ele>350.48020049099347</ele>
<time>2026-08-14T08:07:14.662Z</time>
</trkpt>
<trkpt lat="42.0050634" lon="2.860952800000007">
<ele>349.9540527117394</ele>
<time>2026-08-14T08:07:17.702Z</time>
</trkpt>
<trkpt lat="42.0051024" lon="2.860919999999993">
<ele>349.42699188474216</ele>
<time>2026-08-14T08:07:21.358Z</time>
</trkpt>
<trkpt lat="42.005144" lon="2.8608811000000003">
<ele>348.7102778996076</ele>
<time>2026-08-14T08:07:24.902Z</time>
</trkpt>
<trkpt lat="42.0051825" lon="2.8608462999999915">
<ele>348.1063081762364</ele>
<time>2026-08-14T08:07:27.983Z</time>
</trkpt>
<trkpt lat="42.0052246" lon="2.8608202000000063">
<ele>347.7769837812138</ele>
<time>2026-08-14T08:07:31.143Z</time>
</trkpt>
<trkpt lat="42.0052746" lon="2.860786200000007">
<ele>347.34580098770857</ele>
<time>2026-08-14T08:07:34.896Z</time>
</trkpt>
<trkpt lat="42.0053167" lon="2.860756500000008">
<ele>347.1575812986384</ele>
<time>2026-08-14T08:07:37.896Z</time>
</trkpt>
<trkpt lat="42.0053572" lon="2.8607264999999984">
<ele>347.0340678976556</ele>
<time>2026-08-14T08:07:40.920Z</time>
</trkpt>
<trkpt lat="42.0053967" lon="2.860693700000013">
<ele>346.871370422214</ele>
<time>2026-08-14T08:07:43.943Z</time>
</trkpt>
<trkpt lat="42.0054427" lon="2.8606532999999956">
<ele>346.6856833176251</ele>
<time>2026-08-14T08:07:46.877Z</time>
</trkpt>
<trkpt lat="42.0054794" lon="2.860607799999997">
<ele>346.45689669136476</ele>
<time>2026-08-14T08:07:50.503Z</time>
</trkpt>
<trkpt lat="42.0055121" lon="2.860561600000011">
<ele>346.25381101195364</ele>
<time>2026-08-14T08:07:53.541Z</time>
</trkpt>
<trkpt lat="42.0055398" lon="2.860510000000005">
<ele>345.91261686030305</ele>
<time>2026-08-14T08:07:56.620Z</time>
</trkpt>
<trkpt lat="42.0055574" lon="2.8604535000000055">
<ele>345.34739835471635</ele>
<time>2026-08-14T08:07:59.682Z</time>
</trkpt>
<trkpt lat="42.0055733" lon="2.860396900000012">
<ele>344.7767645451932</ele>
<time>2026-08-14T08:08:02.720Z</time>
</trkpt>
<trkpt lat="42.0055901" lon="2.860339600000003">
<ele>344.41219861835805</ele>
<time>2026-08-14T08:08:05.887Z</time>
</trkpt>
<trkpt lat="42.0056088" lon="2.8602737999999874">
<ele>344.34369692914095</ele>
<time>2026-08-14T08:08:08.901Z</time>
</trkpt>
<trkpt lat="42.0056187" lon="2.8602108000000044">
<ele>344.134334014438</ele>
<time>2026-08-14T08:08:12.338Z</time>
</trkpt>
<trkpt lat="42.0056206" lon="2.860148500000008">
<ele>343.77352868942404</ele>
<time>2026-08-14T08:08:15.735Z</time>
</trkpt>
<trkpt lat="42.005619" lon="2.860072400000007">
<ele>343.27657876867727</ele>
<time>2026-08-14T08:08:18.877Z</time>
</trkpt>
<trkpt lat="42.0055976" lon="2.860017400000004">
<ele>342.6056651375858</ele>
<time>2026-08-14T08:08:22.180Z</time>
</trkpt>
<trkpt lat="42.0055738" lon="2.8599630999999874">
<ele>341.9105358574093</ele>
<time>2026-08-14T08:08:24.915Z</time>
</trkpt>
<trkpt lat="42.0055765" lon="2.8598791000000006">
<ele>341.64645584094586</ele>
<time>2026-08-14T08:08:26.139Z</time>
</trkpt>
<trkpt lat="42.0055854" lon="2.8598068999999953">
<ele>341.5392019181389</ele>
<time>2026-08-14T08:08:27.138Z</time>
</trkpt>
<trkpt lat="42.0055764" lon="2.859739100000013">
<ele>340.9120538911697</ele>
<time>2026-08-14T08:08:29.954Z</time>
</trkpt>
<trkpt lat="42.0055689" lon="2.8596781999999905">
<ele>340.3654587961587</ele>
<time>2026-08-14T08:08:33.336Z</time>
</trkpt>
<trkpt lat="42.005534" lon="2.859633400000007">
<ele>339.6564410582084</ele>
<time>2026-08-14T08:08:37.341Z</time>
</trkpt>
<trkpt lat="42.0054896" lon="2.8596125999999913">
<ele>339.04798553643735</ele>
<time>2026-08-14T08:08:40.315Z</time>
</trkpt>
<trkpt lat="42.0054413" lon="2.859593100000012">
<ele>338.41054659582306</ele>
<time>2026-08-14T08:08:43.362Z</time>
</trkpt>
<trkpt lat="42.0053965" lon="2.8595722000000023">
<ele>337.8048488120453</ele>
<time>2026-08-14T08:08:46.360Z</time>
</trkpt>
<trkpt lat="42.0053584" lon="2.859533699999986">
<ele>337.1625402499867</ele>
<time>2026-08-14T08:08:49.399Z</time>
</trkpt>
<trkpt lat="42.0053131" lon="2.859510400000005">
<ele>336.530674710492</ele>
<time>2026-08-14T08:08:52.278Z</time>
</trkpt>
<trkpt lat="42.0052675" lon="2.859496699999994">
<ele>336.003393889561</ele>
<time>2026-08-14T08:08:58.138Z</time>
</trkpt>
<trkpt lat="42.0052246" lon="2.859466800000007">
<ele>335.4696918202437</ele>
<time>2026-08-14T08:09:06.500Z</time>
</trkpt>
<trkpt lat="42.0051904" lon="2.8594229999999925">
<ele>334.9772989938683</ele>
<time>2026-08-14T08:09:09.858Z</time>
</trkpt>
<trkpt lat="42.0051553" lon="2.8593754999999987">
<ele>334.51687029894384</ele>
<time>2026-08-14T08:09:13.798Z</time>
</trkpt>
<trkpt lat="42.0051181" lon="2.85933510000001">
<ele>334.1312719590541</ele>
<time>2026-08-14T08:09:17.283Z</time>
</trkpt>
<trkpt lat="42.0050829" lon="2.8592888000000016">
<ele>333.7914064742357</ele>
<time>2026-08-14T08:09:20.736Z</time>
</trkpt>
<trkpt lat="42.005043" lon="2.8592371999999955">
<ele>333.4140310713309</ele>
<time>2026-08-14T08:09:24.901Z</time>
</trkpt>
<trkpt lat="42.0050124" lon="2.8591848000000084">
<ele>332.8866681266918</ele>
<time>2026-08-14T08:09:28.362Z</time>
</trkpt>
<trkpt lat="42.0049746" lon="2.859128599999991">
<ele>332.1697163597996</ele>
<time>2026-08-14T08:09:31.877Z</time>
</trkpt>
<trkpt lat="42.0049414" lon="2.8590777999999943">
<ele>331.55483784960427</ele>
<time>2026-08-14T08:09:34.877Z</time>
</trkpt>
<trkpt lat="42.0049121" lon="2.8590269999999975">
<ele>331.0139634344853</ele>
<time>2026-08-14T08:09:37.860Z</time>
</trkpt>
<trkpt lat="42.0048887" lon="2.858973600000013">
<ele>330.53500553680004</ele>
<time>2026-08-14T08:09:40.907Z</time>
</trkpt>
<trkpt lat="42.0048672" lon="2.8589171000000135">
<ele>329.93892657634746</ele>
<time>2026-08-14T08:09:44.242Z</time>
</trkpt>
<trkpt lat="42.0048474" lon="2.8588621000000103">
<ele>329.3836418798322</ele>
<time>2026-08-14T08:09:47.961Z</time>
</trkpt>
<trkpt lat="42.0048328" lon="2.8587976000000026">
<ele>328.79827937334056</ele>
<time>2026-08-14T08:09:52.816Z</time>
</trkpt>
<trkpt lat="42.004808" lon="2.858746800000006">
<ele>328.30810400987576</ele>
<time>2026-08-14T08:09:57.478Z</time>
</trkpt>
<trkpt lat="42.0048065" lon="2.858682899999991">
<ele>327.7578935652039</ele>
<time>2026-08-14T08:10:02.540Z</time>
</trkpt>
<trkpt lat="42.0047766" lon="2.8586354999999912">
<ele>327.0582800056747</ele>
<time>2026-08-14T08:10:06.883Z</time>
</trkpt>
<trkpt lat="42.0047698" lon="2.858569999999986">
<ele>326.1856730615428</ele>
<time>2026-08-14T08:10:11.681Z</time>
</trkpt>
<trkpt lat="42.0047743" lon="2.8585094000000026">
<ele>325.4065211607967</ele>
<time>2026-08-14T08:10:16.102Z</time>
</trkpt>
<trkpt lat="42.004753" lon="2.8584509000000082">
<ele>324.59015499635206</ele>
<time>2026-08-14T08:10:20.877Z</time>
</trkpt>
<trkpt lat="42.004733" lon="2.8583898999999917">
<ele>323.6577891013913</ele>
<time>2026-08-14T08:10:25.700Z</time>
</trkpt>
<trkpt lat="42.004706" lon="2.858340499999997">
<ele>322.69480265507684</ele>
<time>2026-08-14T08:10:29.947Z</time>
</trkpt>
<trkpt lat="42.0046983" lon="2.858280199999996">
<ele>321.66587712537927</ele>
<time>2026-08-14T08:10:33.877Z</time>
</trkpt>
<trkpt lat="42.0046793" lon="2.85822060000001">
<ele>320.6037437514487</ele>
<time>2026-08-14T08:10:38.458Z</time>
</trkpt>
<trkpt lat="42.0046735" lon="2.8581604000000027">
<ele>319.6081273955706</ele>
<time>2026-08-14T08:10:42.418Z</time>
</trkpt>
<trkpt lat="42.0046661" lon="2.8580986000000053">
<ele>318.52738790637267</ele>
<time>2026-08-14T08:10:46.740Z</time>
</trkpt>
<trkpt lat="42.0046596" lon="2.858035599999994">
<ele>317.4035713932722</ele>
<time>2026-08-14T08:10:51.237Z</time>
</trkpt>
<trkpt lat="42.0046524" lon="2.857965699999994">
<ele>316.17339674274973</ele>
<time>2026-08-14T08:10:55.861Z</time>
</trkpt>
<trkpt lat="42.0046483" lon="2.857905499999987">
<ele>315.12779213377087</ele>
<time>2026-08-14T08:11:00.719Z</time>
</trkpt>
<trkpt lat="42.0046284" lon="2.857851000000011">
<ele>314.2110910232905</ele>
<time>2026-08-14T08:11:04.783Z</time>
</trkpt>
<trkpt lat="42.0045985" lon="2.857798300000013">
<ele>313.4063254588047</ele>
<time>2026-08-14T08:11:08.863Z</time>
</trkpt>
<trkpt lat="42.0045657" lon="2.8577471000000116">
<ele>312.66782901445373</ele>
<time>2026-08-14T08:11:12.880Z</time>
</trkpt>
<trkpt lat="42.0045321" lon="2.8577061999999955">
<ele>312.1258288852809</ele>
<time>2026-08-14T08:11:16.823Z</time>
</trkpt>
<trkpt lat="42.0044943" lon="2.857662099999999">
<ele>311.5822189002902</ele>
<time>2026-08-14T08:11:20.821Z</time>
</trkpt>
<trkpt lat="42.0044557" lon="2.8576308000000097">
<ele>311.26186386822485</ele>
<time>2026-08-14T08:11:24.301Z</time>
</trkpt>
<trkpt lat="42.0044078" lon="2.857611899999995">
<ele>310.83947000718155</ele>
<time>2026-08-14T08:11:27.860Z</time>
</trkpt>
<trkpt lat="42.0043628" lon="2.857594000000006">
<ele>310.41885580933143</ele>
<time>2026-08-14T08:11:31.243Z</time>
</trkpt>
<trkpt lat="42.0043171" lon="2.857578899999993">
<ele>310.0463735410116</ele>
<time>2026-08-14T08:11:34.682Z</time>
</trkpt>
<trkpt lat="42.0042727" lon="2.8575673999999935">
<ele>309.7280162519665</ele>
<time>2026-08-14T08:11:37.930Z</time>
</trkpt>
<trkpt lat="42.0042279" lon="2.857553800000005">
<ele>309.3795779868765</ele>
<time>2026-08-14T08:11:40.877Z</time>
</trkpt>
<trkpt lat="42.0041824" lon="2.8575475000000097">
<ele>309.12424354624113</ele>
<time>2026-08-14T08:11:43.819Z</time>
</trkpt>
<trkpt lat="42.0041338" lon="2.8575500999999974">
<ele>308.6537127249874</ele>
<time>2026-08-14T08:11:46.890Z</time>
</trkpt>
<trkpt lat="42.0040845" lon="2.8575605000000053">
<ele>308.1924074097718</ele>
<time>2026-08-14T08:11:50.298Z</time>
</trkpt>
<trkpt lat="42.0040369" lon="2.8575467000000003">
<ele>307.43871251101166</ele>
<time>2026-08-14T08:11:52.877Z</time>
</trkpt>
<trkpt lat="42.0039912" lon="2.8575414999999964">
<ele>306.8210558903447</ele>
<time>2026-08-14T08:11:56.201Z</time>
</trkpt>
<trkpt lat="42.0039463" lon="2.8575654999999927">
<ele>306.5789833435577</ele>
<time>2026-08-14T08:11:59.377Z</time>
</trkpt>
<trkpt lat="42.0039098" lon="2.8576071999999897">
<ele>306.7885687968798</ele>
<time>2026-08-14T08:12:02.377Z</time>
</trkpt>
<trkpt lat="42.0038705" lon="2.8576488999999867">
<ele>307.25790848443296</ele>
<time>2026-08-14T08:12:05.877Z</time>
</trkpt>
<trkpt lat="42.0038273" lon="2.8576711999999986">
<ele>307.5018327914014</ele>
<time>2026-08-14T08:12:09.439Z</time>
</trkpt>
<trkpt lat="42.0037822" lon="2.857683299999991">
<ele>307.56552451509305</ele>
<time>2026-08-14T08:12:12.887Z</time>
</trkpt>
<trkpt lat="42.0037345" lon="2.857683900000012">
<ele>307.40908734081466</ele>
<time>2026-08-14T08:12:15.911Z</time>
</trkpt>
<trkpt lat="42.0036898" lon="2.857672000000008">
<ele>307.01758550872864</ele>
<time>2026-08-14T08:12:19.038Z</time>
</trkpt>
<trkpt lat="42.0036452" lon="2.85766000000001">
<ele>306.6143892225254</ele>
<time>2026-08-14T08:12:21.957Z</time>
</trkpt>
<trkpt lat="42.003599" lon="2.857644399999998">
<ele>306.25922281289576</ele>
<time>2026-08-14T08:12:24.877Z</time>
</trkpt>
<trkpt lat="42.0035518" lon="2.8576319999999953">
<ele>306.2144809237115</ele>
<time>2026-08-14T08:12:27.891Z</time>
</trkpt>
<trkpt lat="42.0035037" lon="2.8576195999999925">
<ele>306.18946488278976</ele>
<time>2026-08-14T08:12:30.914Z</time>
</trkpt>
<trkpt lat="42.0034558" lon="2.8576099">
<ele>306.2287283515415</ele>
<time>2026-08-14T08:12:34.161Z</time>
</trkpt>
<trkpt lat="42.0034029" lon="2.8575969999999984">
<ele>306.24818413887334</ele>
<time>2026-08-14T08:12:37.640Z</time>
</trkpt>
<trkpt lat="42.0033579" lon="2.8575931000000026">
<ele>306.3988787849419</ele>
<time>2026-08-14T08:12:40.760Z</time>
</trkpt>
<trkpt lat="42.0033117" lon="2.8575850999999943">
<ele>306.2731389629148</ele>
<time>2026-08-14T08:12:43.400Z</time>
</trkpt>
<trkpt lat="42.0032585" lon="2.8575739999999996">
<ele>305.915698256375</ele>
<time>2026-08-14T08:12:46.441Z</time>
</trkpt>
<trkpt lat="42.0032083" lon="2.8575652000000105">
<ele>305.63014061845024</ele>
<time>2026-08-14T08:12:49.522Z</time>
</trkpt>
<trkpt lat="42.0031529" lon="2.857556299999999">
<ele>305.355834061955</ele>
<time>2026-08-14T08:12:52.539Z</time>
</trkpt>
<trkpt lat="42.0031083" lon="2.8575467999999944">
<ele>305.1299646100039</ele>
<time>2026-08-14T08:12:55.597Z</time>
</trkpt>
<trkpt lat="42.0030587" lon="2.857537199999996">
<ele>304.9168958177325</ele>
<time>2026-08-14T08:12:58.598Z</time>
</trkpt>
<trkpt lat="42.0030112" lon="2.8575304999999958">
<ele>304.7077340086807</ele>
<time>2026-08-14T08:13:01.623Z</time>
</trkpt>
<trkpt lat="42.0029592" lon="2.8575409000000036">
<ele>304.6522305513508</ele>
<time>2026-08-14T08:13:04.639Z</time>
</trkpt>
<trkpt lat="42.0029063" lon="2.8575362999999925">
<ele>304.44770273063733</ele>
<time>2026-08-14T08:13:08.599Z</time>
</trkpt>
<trkpt lat="42.0028566" lon="2.8575333">
<ele>304.268811117378</ele>
<time>2026-08-14T08:13:11.622Z</time>
</trkpt>
<trkpt lat="42.002806" lon="2.8575323999999966">
<ele>304.1076040591329</ele>
<time>2026-08-14T08:13:15.663Z</time>
</trkpt>
<trkpt lat="42.0027546" lon="2.8575283000000127">
<ele>303.660925278093</ele>
<time>2026-08-14T08:13:18.876Z</time>
</trkpt>
<trkpt lat="42.0027085" lon="2.8575175">
<ele>303.00738196799745</ele>
<time>2026-08-14T08:13:22.560Z</time>
</trkpt>
<trkpt lat="42.0026627" lon="2.857507300000009">
<ele>302.38521549871575</ele>
<time>2026-08-14T08:13:25.936Z</time>
</trkpt>
<trkpt lat="42.0026183" lon="2.857496900000001">
<ele>301.80056058611694</ele>
<time>2026-08-14T08:13:29.656Z</time>
</trkpt>
<trkpt lat="42.0025647" lon="2.857493500000004">
<ele>301.1635717283048</ele>
<time>2026-08-14T08:13:33.639Z</time>
</trkpt>
<trkpt lat="42.0025198" lon="2.8574878999999953">
<ele>300.6278172350155</ele>
<time>2026-08-14T08:13:37.078Z</time>
</trkpt>
<trkpt lat="42.0024745" lon="2.8574854999999957">
<ele>300.0549837103695</ele>
<time>2026-08-14T08:13:40.078Z</time>
</trkpt>
<trkpt lat="42.0024295" lon="2.857493500000004">
<ele>299.48174220043035</ele>
<time>2026-08-14T08:13:42.902Z</time>
</trkpt>
<trkpt lat="42.0023821" lon="2.8575044000000105">
<ele>298.8744327684081</ele>
<time>2026-08-14T08:13:45.782Z</time>
</trkpt>
<trkpt lat="42.0023372" lon="2.8575096000000144">
<ele>298.28365030316667</ele>
<time>2026-08-14T08:13:48.301Z</time>
</trkpt>
<trkpt lat="42.0022872" lon="2.8575071999999864">
<ele>297.6144508828826</ele>
<time>2026-08-14T08:13:51.682Z</time>
</trkpt>
<trkpt lat="42.0022413" lon="2.8574951999999882">
<ele>296.9994295200368</ele>
<time>2026-08-14T08:13:54.578Z</time>
</trkpt>
<trkpt lat="42.0021943" lon="2.8574932999999874">
<ele>296.410155286148</ele>
<time>2026-08-14T08:13:57.937Z</time>
</trkpt>
<trkpt lat="42.0021478" lon="2.857481199999995">
<ele>295.86509917805625</ele>
<time>2026-08-14T08:14:01.096Z</time>
</trkpt>
<trkpt lat="42.0021017" lon="2.8574701000000005">
<ele>295.3493928060908</ele>
<time>2026-08-14T08:14:03.876Z</time>
</trkpt>
<trkpt lat="42.0020551" lon="2.857461999999998">
<ele>294.8409787370455</ele>
<time>2026-08-14T08:14:06.599Z</time>
</trkpt>
<trkpt lat="42.0020089" lon="2.8574663999999927">
<ele>294.29074657632674</ele>
<time>2026-08-14T08:14:09.142Z</time>
</trkpt>
<trkpt lat="42.0019609" lon="2.857458400000013">
<ele>293.78852481127797</ele>
<time>2026-08-14T08:14:11.934Z</time>
</trkpt>
<trkpt lat="42.0019142" lon="2.857449300000013">
<ele>293.5297965539999</ele>
<time>2026-08-14T08:14:14.598Z</time>
</trkpt>
<trkpt lat="42.0018688" lon="2.857434299999994">
<ele>293.378544021609</ele>
<time>2026-08-14T08:14:17.278Z</time>
</trkpt>
<trkpt lat="42.0018181" lon="2.8574352999999917">
<ele>293.1056488302042</ele>
<time>2026-08-14T08:14:20.318Z</time>
</trkpt>
<trkpt lat="42.0017681" lon="2.857418300000006">
<ele>292.88835427995645</ele>
<time>2026-08-14T08:14:23.342Z</time>
</trkpt>
<trkpt lat="42.0017215" lon="2.8574045000000012">
<ele>292.6485907974132</ele>
<time>2026-08-14T08:14:26.317Z</time>
</trkpt>
<trkpt lat="42.0016761" lon="2.8573952000000133">
<ele>292.3847220794828</ele>
<time>2026-08-14T08:14:29.221Z</time>
</trkpt>
<trkpt lat="42.0016258" lon="2.8573820999999953">
<ele>292.30952811517784</ele>
<time>2026-08-14T08:14:32.621Z</time>
</trkpt>
<trkpt lat="42.0015814" lon="2.8573606999999868">
<ele>292.29243052529813</ele>
<time>2026-08-14T08:14:35.901Z</time>
</trkpt>
<trkpt lat="42.0015375" lon="2.8573417000000063">
<ele>292.28316438096937</ele>
<time>2026-08-14T08:14:38.925Z</time>
</trkpt>
<trkpt lat="42.0014911" lon="2.857330899999994">
<ele>292.2689171205895</ele>
<time>2026-08-14T08:14:41.948Z</time>
</trkpt>
<trkpt lat="42.0014445" lon="2.8573120000000074">
<ele>292.27505906116943</ele>
<time>2026-08-14T08:14:44.956Z</time>
</trkpt>
<trkpt lat="42.0013968" lon="2.857309700000002">
<ele>292.2557059807264</ele>
<time>2026-08-14T08:14:48.299Z</time>
</trkpt>
<trkpt lat="42.0013513" lon="2.8573033000000123">
<ele>291.99293277605267</ele>
<time>2026-08-14T08:14:51.779Z</time>
</trkpt>
<trkpt lat="42.0013057" lon="2.857303999999999">
<ele>291.6741410501951</ele>
<time>2026-08-14T08:14:55.643Z</time>
</trkpt>
<trkpt lat="42.0012639" lon="2.85728069999999">
<ele>291.0522698604179</ele>
<time>2026-08-14T08:14:59.498Z</time>
</trkpt>
<trkpt lat="42.0012145" lon="2.857281400000005">
<ele>290.73339713243405</ele>
<time>2026-08-14T08:15:03.401Z</time>
</trkpt>
<trkpt lat="42.0011698" lon="2.857254299999994">
<ele>290.0161461185236</ele>
<time>2026-08-14T08:15:07.417Z</time>
</trkpt>
<trkpt lat="42.0011213" lon="2.85722659999999">
<ele>289.28911985509336</ele>
<time>2026-08-14T08:15:11.383Z</time>
</trkpt>
<trkpt lat="42.0010726" lon="2.8572096999999985">
<ele>288.14543775669847</ele>
<time>2026-08-14T08:15:16.479Z</time>
</trkpt>
<trkpt lat="42.0010287" lon="2.8571865000000116">
<ele>286.91407184952465</ele>
<time>2026-08-14T08:15:20.342Z</time>
</trkpt>
<trkpt lat="42.0009872" lon="2.8571614999999895">
<ele>285.7429024522275</ele>
<time>2026-08-14T08:15:23.943Z</time>
</trkpt>
<trkpt lat="42.000944" lon="2.8571384999999907">
<ele>284.59779352525067</ele>
<time>2026-08-14T08:15:28.141Z</time>
</trkpt>
<trkpt lat="42.0009005" lon="2.857115599999986">
<ele>283.48199301095576</ele>
<time>2026-08-14T08:15:32.197Z</time>
</trkpt>
<trkpt lat="42.000853" lon="2.8571033999999997">
<ele>282.436489835986</ele>
<time>2026-08-14T08:15:36.180Z</time>
</trkpt>
<trkpt lat="42.000809" lon="2.857079800000008">
<ele>281.0920631112688</ele>
<time>2026-08-14T08:15:39.907Z</time>
</trkpt>
<trkpt lat="42.000766" lon="2.8570574999999963">
<ele>279.6147913819646</ele>
<time>2026-08-14T08:15:43.443Z</time>
</trkpt>
<trkpt lat="42.0007214" lon="2.857047999999992">
<ele>278.2259635569419</ele>
<time>2026-08-14T08:15:47.202Z</time>
</trkpt>
<trkpt lat="42.0006782" lon="2.857028299999996">
<ele>276.8000212677782</ele>
<time>2026-08-14T08:15:50.882Z</time>
</trkpt>
<trkpt lat="42.0006299" lon="2.857025099999987">
<ele>275.3774047748904</ele>
<time>2026-08-14T08:15:54.578Z</time>
</trkpt>
<trkpt lat="42.0005833" lon="2.8570100999999966">
<ele>273.83286790731</ele>
<time>2026-08-14T08:15:58.296Z</time>
</trkpt>
<trkpt lat="42.0005374" lon="2.857007100000004">
<ele>272.57177971984976</ele>
<time>2026-08-14T08:16:02.080Z</time>
</trkpt>
<trkpt lat="42.0004907" lon="2.857011199999988">
<ele>271.50535650110135</ele>
<time>2026-08-14T08:16:05.823Z</time>
</trkpt>
<trkpt lat="42.0004418" lon="2.8570121999999856">
<ele>270.345206022107</ele>
<time>2026-08-14T08:16:09.358Z</time>
</trkpt>
<trkpt lat="42.0003969" lon="2.8570187999999916">
<ele>269.343967759136</ele>
<time>2026-08-14T08:16:12.518Z</time>
</trkpt>
<trkpt lat="42.0003512" lon="2.857014899999996">
<ele>268.20228375018417</ele>
<time>2026-08-14T08:16:15.876Z</time>
</trkpt>
<trkpt lat="42.0003027" lon="2.8570105000000012">
<ele>266.9920201411895</ele>
<time>2026-08-14T08:16:19.902Z</time>
</trkpt>
<trkpt lat="42.0002572" lon="2.856998500000003">
<ele>266.2819774112713</ele>
<time>2026-08-14T08:16:23.917Z</time>
</trkpt>
<trkpt lat="42.0002197" lon="2.85696200000001">
<ele>265.9104654617299</ele>
<time>2026-08-14T08:16:27.948Z</time>
</trkpt>
<trkpt lat="42.0001815" lon="2.8569233999999994">
<ele>265.51757885208144</ele>
<time>2026-08-14T08:16:32.180Z</time>
</trkpt>
<trkpt lat="42.000139" lon="2.8569009999999935">
<ele>265.2895824775722</ele>
<time>2026-08-14T08:16:36.523Z</time>
</trkpt>
<trkpt lat="42.0001089" lon="2.8568553000000065">
<ele>264.8244291599274</ele>
<time>2026-08-14T08:16:40.939Z</time>
</trkpt>
<trkpt lat="42.0000761" lon="2.8568138999999917">
<ele>264.40304300346634</ele>
<time>2026-08-14T08:16:47.241Z</time>
</trkpt>
<trkpt lat="42.0000373" lon="2.856779799999998">
<ele>264.055959236909</ele>
<time>2026-08-14T08:16:52.336Z</time>
</trkpt>
<trkpt lat="42.00001" lon="2.8567269000000124">
<ele>263.35627119584814</ele>
<time>2026-08-14T08:16:57.103Z</time>
</trkpt>
<trkpt lat="41.9999777" lon="2.856681199999997">
<ele>248.94347802703703</ele>
<time>2026-08-14T08:17:01.822Z</time>
</trkpt>
<trkpt lat="41.9999454" lon="2.8566384000000085">
<ele>247.33433180552476</ele>
<time>2026-08-14T08:17:06.061Z</time>
</trkpt>
<trkpt lat="41.9999194" lon="2.8565864999999917">
<ele>245.77618988995417</ele>
<time>2026-08-14T08:17:11.956Z</time>
</trkpt>
<trkpt lat="41.9998852" lon="2.856533899999988">
<ele>243.99693210546886</ele>
<time>2026-08-14T08:17:19.441Z</time>
</trkpt>
<trkpt lat="41.9998406" lon="2.8565453999999875">
<ele>242.9362063451779</ele>
<time>2026-08-14T08:17:22.738Z</time>
</trkpt>
<trkpt lat="41.9997962" lon="2.8565622000000133">
<ele>241.95409308512953</ele>
<time>2026-08-14T08:17:27.882Z</time>
</trkpt>
<trkpt lat="41.9997942" lon="2.8565003999999874">
<ele>240.97123035910337</ele>
<time>2026-08-14T08:17:43.978Z</time>
</trkpt>
<trkpt lat="41.9997536" lon="2.856469699999991">
<ele>239.40158430126024</ele>
<time>2026-08-14T08:17:52.701Z</time>
</trkpt>
<trkpt lat="41.9997077" lon="2.856462300000004">
<ele>238.01084521077738</ele>
<time>2026-08-14T08:17:57.876Z</time>
</trkpt>
<trkpt lat="41.9996569" lon="2.8564585999999963">
<ele>236.64515970772456</ele>
<time>2026-08-14T08:18:01.957Z</time>
</trkpt>
<trkpt lat="41.9996016" lon="2.8564499999999953">
<ele>235.03390412368685</ele>
<time>2026-08-14T08:18:05.876Z</time>
</trkpt>
<trkpt lat="41.9995543" lon="2.8564581999999916">
<ele>234.07913589923416</ele>
<time>2026-08-14T08:18:09.819Z</time>
</trkpt>
<trkpt lat="41.9995051" lon="2.8564777999999933">
<ele>233.21247676019786</ele>
<time>2026-08-14T08:18:13.377Z</time>
</trkpt>
<trkpt lat="41.99946" lon="2.8564864999999884">
<ele>232.1648135473052</ele>
<time>2026-08-14T08:18:17.423Z</time>
</trkpt>
<trkpt lat="41.9994112" lon="2.8564976000000115">
<ele>231.22570943963092</ele>
<time>2026-08-14T08:18:21.262Z</time>
</trkpt>
<trkpt lat="41.9993664" lon="2.8565254000000095">
<ele>230.52348046481993</ele>
<time>2026-08-14T08:18:24.860Z</time>
</trkpt>
<trkpt lat="41.9993211" lon="2.856535199999996">
<ele>229.62943486327404</ele>
<time>2026-08-14T08:18:27.925Z</time>
</trkpt>
<trkpt lat="41.9992773" lon="2.8565168000000085">
<ele>228.66725719182946</ele>
<time>2026-08-14T08:18:32.299Z</time>
</trkpt>
<trkpt lat="41.9992312" lon="2.856529800000004">
<ele>227.73652673589731</ele>
<time>2026-08-14T08:18:36.361Z</time>
</trkpt>
<trkpt lat="41.9991845" lon="2.8565341999999987">
<ele>226.75678711841394</ele>
<time>2026-08-14T08:18:40.912Z</time>
</trkpt>
<trkpt lat="41.9991378" lon="2.8565137999999877">
<ele>225.61540082126248</ele>
<time>2026-08-14T08:18:45.820Z</time>
</trkpt>
<trkpt lat="41.9990931" lon="2.856500100000005">
<ele>224.38749880838253</ele>
<time>2026-08-14T08:18:50.876Z</time>
</trkpt>
<trkpt lat="41.9990493" lon="2.8564856000000134">
<ele>223.21397376821508</ele>
<time>2026-08-14T08:18:56.803Z</time>
</trkpt>
<trkpt lat="41.9990034" lon="2.856472700000012">
<ele>221.99843754196735</ele>
<time>2026-08-14T08:19:02.876Z</time>
</trkpt>
<trkpt lat="41.9989586" lon="2.8564488000000097">
<ele>220.59805944999417</ele>
<time>2026-08-14T08:19:06.876Z</time>
</trkpt>
<trkpt lat="41.9989119" lon="2.85643189999999">
<ele>219.24851010898652</ele>
<time>2026-08-14T08:19:10.862Z</time>
</trkpt>
<trkpt lat="41.9988686" lon="2.8564079999999876">
<ele>217.97340277946844</ele>
<time>2026-08-14T08:19:15.322Z</time>
</trkpt>
<trkpt lat="41.9988225" lon="2.8564073000000008">
<ele>216.65434357667988</ele>
<time>2026-08-14T08:19:22.876Z</time>
</trkpt>
<trkpt lat="41.9987796" lon="2.85637779999999">
<ele>215.42164828252268</ele>
<time>2026-08-14T08:19:27.477Z</time>
</trkpt>
<trkpt lat="41.9987364" lon="2.8563608000000045">
<ele>214.27234778681645</ele>
<time>2026-08-14T08:19:30.379Z</time>
</trkpt>
<trkpt lat="41.9986846" lon="2.8563355">
<ele>212.9989379719071</ele>
<time>2026-08-14T08:19:33.361Z</time>
</trkpt>
<trkpt lat="41.9986415" lon="2.856316800000002">
<ele>212.01382609676455</ele>
<time>2026-08-14T08:19:36.951Z</time>
</trkpt>
<trkpt lat="41.9985965" lon="2.856300400000009">
<ele>210.81613431759808</ele>
<time>2026-08-14T08:19:40.141Z</time>
</trkpt>
<trkpt lat="41.9985517" lon="2.8562775999999985">
<ele>209.1613714785408</ele>
<time>2026-08-14T08:19:43.443Z</time>
</trkpt>
<trkpt lat="41.9985039" lon="2.8562742000000014">
<ele>207.24515891487695</ele>
<time>2026-08-14T08:19:46.912Z</time>
</trkpt>
<trkpt lat="41.998461" lon="2.8562531000000035">
<ele>205.7176869117509</ele>
<time>2026-08-14T08:19:49.862Z</time>
</trkpt>
<trkpt lat="41.9984194" lon="2.85622810000001">
<ele>204.3233821654922</ele>
<time>2026-08-14T08:19:52.802Z</time>
</trkpt>
<trkpt lat="41.9983783" lon="2.85619539999999">
<ele>203.08487837597949</ele>
<time>2026-08-14T08:19:57.783Z</time>
</trkpt>
<trkpt lat="41.9984166" lon="2.8561565999999914">
<ele>204.62847138675983</ele>
<time>2026-08-14T08:20:06.643Z</time>
</trkpt>
<trkpt lat="41.9983368" lon="2.8561421999999936">
<ele>201.67713349104852</ele>
<time>2026-08-14T08:20:07.730Z</time>
</trkpt>
<trkpt lat="41.9983822" lon="2.856127299999997">
<ele>203.36286618608952</ele>
<time>2026-08-14T08:20:11.976Z</time>
</trkpt>
<trkpt lat="41.9984288" lon="2.8561228000000085">
<ele>205.0446954735088</ele>
<time>2026-08-14T08:20:15.558Z</time>
</trkpt>
<trkpt lat="41.998476" lon="2.856119299999989">
<ele>206.73293445139228</ele>
<time>2026-08-14T08:20:19.932Z</time>
</trkpt>
<trkpt lat="41.9985295" lon="2.856113899999997">
<ele>208.62095552422494</ele>
<time>2026-08-14T08:20:23.876Z</time>
</trkpt>
<trkpt lat="41.9985755" lon="2.856100800000007">
<ele>210.15944982198135</ele>
<time>2026-08-14T08:20:27.463Z</time>
</trkpt>
<trkpt lat="41.9986159" lon="2.856072299999994">
<ele>211.16734265484175</ele>
<time>2026-08-14T08:20:31.906Z</time>
</trkpt>
<trkpt lat="41.9986478" lon="2.8560282999999913">
<ele>211.09427522914444</ele>
<time>2026-08-14T08:20:37.661Z</time>
</trkpt>
<trkpt lat="41.9986446" lon="2.855964499999999">
<ele>210.3634294841349</ele>
<time>2026-08-14T08:20:42.536Z</time>
</trkpt>
<trkpt lat="41.9986149" lon="2.855919099999994">
<ele>209.71324496799875</ele>
<time>2026-08-14T08:20:45.876Z</time>
</trkpt>
<trkpt lat="41.9985755" lon="2.855877499999991">
<ele>208.147624030985</ele>
<time>2026-08-14T08:20:49.402Z</time>
</trkpt>
<trkpt lat="41.9985345" lon="2.8558424000000002">
<ele>206.60642098260467</ele>
<time>2026-08-14T08:20:52.800Z</time>
</trkpt>
<trkpt lat="41.9984988" lon="2.8558008999999913">
<ele>205.24346065811963</ele>
<time>2026-08-14T08:20:56.381Z</time>
</trkpt>
<trkpt lat="41.9984677" lon="2.855751700000013">
<ele>204.03232889009504</ele>
<time>2026-08-14T08:20:59.883Z</time>
</trkpt>
<trkpt lat="41.9984359" lon="2.8557084999999915">
<ele>203.0238931975785</ele>
<time>2026-08-14T08:21:02.880Z</time>
</trkpt>
<trkpt lat="41.9984017" lon="2.855667000000011">
<ele>202.13495071195553</ele>
<time>2026-08-14T08:21:05.798Z</time>
</trkpt>
<trkpt lat="41.9983637" lon="2.8556289999999933">
<ele>201.36365204463945</ele>
<time>2026-08-14T08:21:08.876Z</time>
</trkpt>
<trkpt lat="41.9983236" lon="2.855587000000014">
<ele>200.60271052125353</ele>
<time>2026-08-14T08:21:11.876Z</time>
</trkpt>
<trkpt lat="41.998284" lon="2.8555483000000095">
<ele>200.05487112628634</ele>
<time>2026-08-14T08:21:15.720Z</time>
</trkpt>
<trkpt lat="41.9982441" lon="2.8555106000000023">
<ele>199.5369198583213</ele>
<time>2026-08-14T08:21:19.182Z</time>
</trkpt>
<trkpt lat="41.9982065" lon="2.8554688000000112">
<ele>199.03449201511174</ele>
<time>2026-08-14T08:21:22.467Z</time>
</trkpt>
<trkpt lat="41.9981698" lon="2.8554253000000074">
<ele>198.55419081582605</ele>
<time>2026-08-14T08:21:25.617Z</time>
</trkpt>
<trkpt lat="41.9981323" lon="2.855377699999991">
<ele>198.07419024436535</ele>
<time>2026-08-14T08:21:28.623Z</time>
</trkpt>
<trkpt lat="41.9980986" lon="2.8553281000000084">
<ele>197.31797101308157</ele>
<time>2026-08-14T08:21:31.596Z</time>
</trkpt>
<trkpt lat="41.9980657" lon="2.855277000000001">
<ele>196.07307567310698</ele>
<time>2026-08-14T08:21:34.561Z</time>
</trkpt>
<trkpt lat="41.9980342" lon="2.855222900000001">
<ele>194.4387532186535</ele>
<time>2026-08-14T08:21:37.636Z</time>
</trkpt>
<trkpt lat="41.9980084" lon="2.855167899999998">
<ele>192.89099337812146</ele>
<time>2026-08-14T08:21:40.578Z</time>
</trkpt>
<trkpt lat="41.9979852" lon="2.8551107000000115">
<ele>191.46207669069966</ele>
<time>2026-08-14T08:21:43.583Z</time>
</trkpt>
<trkpt lat="41.9979623" lon="2.8550519000000065">
<ele>190.43969164796366</ele>
<time>2026-08-14T08:21:46.900Z</time>
</trkpt>
<trkpt lat="41.9979361" lon="2.8549978000000067">
<ele>189.74434526137728</ele>
<time>2026-08-14T08:21:50.000Z</time>
</trkpt>
<trkpt lat="41.997908" lon="2.8549423000000047">
<ele>188.83082727181477</ele>
<time>2026-08-14T08:21:53.483Z</time>
</trkpt>
<trkpt lat="41.9978787" lon="2.8548945000000003">
<ele>187.77052339964914</ele>
<time>2026-08-14T08:21:56.399Z</time>
</trkpt>
<trkpt lat="41.9978467" lon="2.8548443999999904">
<ele>186.44652454130306</ele>
<time>2026-08-14T08:21:59.883Z</time>
</trkpt>
<trkpt lat="41.9978199" lon="2.8547953000000064">
<ele>185.17333218708742</ele>
<time>2026-08-14T08:22:02.959Z</time>
</trkpt>
<trkpt lat="41.9977916" lon="2.854746299999988">
<ele>184.74879630106344</ele>
<time>2026-08-14T08:22:05.941Z</time>
</trkpt>
<trkpt lat="41.9977588" lon="2.8547028000000125">
<ele>184.2015654033627</ele>
<time>2026-08-14T08:22:08.876Z</time>
</trkpt>
<trkpt lat="41.9977253" lon="2.8546586999999874">
<ele>183.7696348559738</ele>
<time>2026-08-14T08:22:11.857Z</time>
</trkpt>
<trkpt lat="41.9976892" lon="2.854618600000009">
<ele>183.18740226660984</ele>
<time>2026-08-14T08:22:14.822Z</time>
</trkpt>
<trkpt lat="41.9976561" lon="2.8545760000000087">
<ele>182.6352440193322</ele>
<time>2026-08-14T08:22:17.777Z</time>
</trkpt>
<trkpt lat="41.997621" lon="2.8545315000000073">
<ele>181.98271387949038</ele>
<time>2026-08-14T08:22:20.717Z</time>
</trkpt>
<trkpt lat="41.9975785" lon="2.8544919999999934">
<ele>181.2600897565873</ele>
<time>2026-08-14T08:22:23.722Z</time>
</trkpt>
<trkpt lat="41.9975417" lon="2.854452699999996">
<ele>180.67393348377993</ele>
<time>2026-08-14T08:22:26.663Z</time>
</trkpt>
<trkpt lat="41.9975111" lon="2.8544080000000065">
<ele>180.22346835362606</ele>
<time>2026-08-14T08:22:29.580Z</time>
</trkpt>
<trkpt lat="41.9974819" lon="2.8543578999999966">
<ele>179.80896023053765</ele>
<time>2026-08-14T08:22:32.523Z</time>
</trkpt>
<trkpt lat="41.9974477" lon="2.854300099999989">
<ele>179.1651734029496</ele>
<time>2026-08-14T08:22:35.497Z</time>
</trkpt>
<trkpt lat="41.9974188" lon="2.854247799999996">
<ele>178.45141604524073</ele>
<time>2026-08-14T08:22:38.901Z</time>
</trkpt>
<trkpt lat="41.9973933" lon="2.8541979000000026">
<ele>177.55898403531148</ele>
<time>2026-08-14T08:22:41.419Z</time>
</trkpt>
<trkpt lat="41.9973751" lon="2.8541392999999857">
<ele>176.85748054776954</ele>
<time>2026-08-14T08:22:44.880Z</time>
</trkpt>
<trkpt lat="41.9973632" lon="2.854079100000007">
<ele>176.35350680345286</ele>
<time>2026-08-14T08:22:47.861Z</time>
</trkpt>
<trkpt lat="41.9973642" lon="2.8540102000000047">
<ele>176.34512664079847</ele>
<time>2026-08-14T08:22:51.362Z</time>
</trkpt>
<trkpt lat="41.9973673" lon="2.853940599999987">
<ele>176.32218061412968</ele>
<time>2026-08-14T08:22:54.879Z</time>
</trkpt>
<trkpt lat="41.9973732" lon="2.853876000000014">
<ele>176.23447770703527</ele>
<time>2026-08-14T08:22:57.621Z</time>
</trkpt>
<trkpt lat="41.997386" lon="2.8538149999999973">
<ele>176.47159814134022</ele>
<time>2026-08-14T08:23:00.898Z</time>
</trkpt>
<trkpt lat="41.997416" lon="2.853765799999991">
<ele>177.5346187128095</ele>
<time>2026-08-14T08:23:04.480Z</time>
</trkpt>
<trkpt lat="41.9974535" lon="2.85372670000001">
<ele>178.993173752772</ele>
<time>2026-08-14T08:23:08.461Z</time>
</trkpt>
<trkpt lat="41.9973937" lon="2.853656099999995">
<ele>176.20582044103952</ele>
<time>2026-08-14T08:23:09.540Z</time>
</trkpt>
<trkpt lat="41.9973819" lon="2.853591499999993">
<ele>175.8279795857027</ele>
<time>2026-08-14T08:23:11.892Z</time>
</trkpt>
<trkpt lat="41.9973829" lon="2.853525200000007">
<ele>176.02626405562341</ele>
<time>2026-08-14T08:23:14.876Z</time>
</trkpt>
<trkpt lat="41.9973783" lon="2.8534613999999863">
<ele>175.96175771766468</ele>
<time>2026-08-14T08:23:18.280Z</time>
</trkpt>
<trkpt lat="41.9973723" lon="2.853398700000014">
<ele>175.8168699877301</ele>
<time>2026-08-14T08:23:21.719Z</time>
</trkpt>
<trkpt lat="41.99736" lon="2.8533391999999935">
<ele>175.3344114671524</ele>
<time>2026-08-14T08:23:25.102Z</time>
</trkpt>
<trkpt lat="41.9973502" lon="2.853278700000004">
<ele>174.98774029447486</ele>
<time>2026-08-14T08:23:27.933Z</time>
</trkpt>
<trkpt lat="41.9973367" lon="2.8532168000000127">
<ele>174.50139213785977</ele>
<time>2026-08-14T08:23:31.676Z</time>
</trkpt>
<trkpt lat="41.9973292" lon="2.853156299999995">
<ele>174.29355130101112</ele>
<time>2026-08-14T08:23:34.876Z</time>
</trkpt>
<trkpt lat="41.9973187" lon="2.8530925999999965">
<ele>173.84686823641272</ele>
<time>2026-08-14T08:23:38.162Z</time>
</trkpt>
<trkpt lat="41.9973099" lon="2.8530279000000007">
<ele>173.37262600502902</ele>
<time>2026-08-14T08:23:41.561Z</time>
</trkpt>
<trkpt lat="41.9973076" lon="2.8529671000000008">
<ele>173.17800420751385</ele>
<time>2026-08-14T08:23:44.938Z</time>
</trkpt>
<trkpt lat="41.9972912" lon="2.8529033000000084">
<ele>172.37415753117676</ele>
<time>2026-08-14T08:23:48.876Z</time>
</trkpt>
<trkpt lat="41.9972757" lon="2.852838999999989">
<ele>171.64277943828594</ele>
<time>2026-08-14T08:23:52.577Z</time>
</trkpt>
<trkpt lat="41.9972588" lon="2.8527780000000007">
<ele>170.99394156068564</ele>
<time>2026-08-14T08:23:55.857Z</time>
</trkpt>
<trkpt lat="41.9972379" lon="2.8527215000000012">
<ele>170.1154544725951</ele>
<time>2026-08-14T08:23:58.800Z</time>
</trkpt>
<trkpt lat="41.9972112" lon="2.852665000000002">
<ele>169.0697099536002</ele>
<time>2026-08-14T08:24:01.781Z</time>
</trkpt>
<trkpt lat="41.9971835" lon="2.8526118000000054">
<ele>168.27625250888613</ele>
<time>2026-08-14T08:24:04.196Z</time>
</trkpt>
<trkpt lat="41.9971471" lon="2.8525576000000115">
<ele>167.29227065825052</ele>
<time>2026-08-14T08:24:07.738Z</time>
</trkpt>
<trkpt lat="41.9971157" lon="2.8525128999999936">
<ele>166.8548948628225</ele>
<time>2026-08-14T08:24:10.162Z</time>
</trkpt>
<trkpt lat="41.9970809" lon="2.8524698999999885">
<ele>166.15315561009152</ele>
<time>2026-08-14T08:24:12.681Z</time>
</trkpt>
<trkpt lat="41.9970457" lon="2.852431999999993">
<ele>165.25585815356476</ele>
<time>2026-08-14T08:24:15.096Z</time>
</trkpt>
<trkpt lat="41.9970086" lon="2.852395999999999">
<ele>164.15166147044584</ele>
<time>2026-08-14T08:24:17.640Z</time>
</trkpt>
<trkpt lat="41.9969661" lon="2.8523552999999993">
<ele>162.73865830050076</ele>
<time>2026-08-14T08:24:20.640Z</time>
</trkpt>
<trkpt lat="41.996921" lon="2.8523218999999926">
<ele>161.60917559893656</ele>
<time>2026-08-14T08:24:23.623Z</time>
</trkpt>
<trkpt lat="41.9968768" lon="2.8522940000000006">
<ele>161.05475729519634</ele>
<time>2026-08-14T08:24:26.583Z</time>
</trkpt>
<trkpt lat="41.9968348" lon="2.852260599999994">
<ele>161.06162181926817</ele>
<time>2026-08-14T08:24:29.622Z</time>
</trkpt>
<trkpt lat="41.9967912" lon="2.852229099999988">
<ele>160.78155655056221</ele>
<time>2026-08-14T08:24:32.661Z</time>
</trkpt>
<trkpt lat="41.9967492" lon="2.852197600000011">
<ele>160.31719058596065</ele>
<time>2026-08-14T08:24:35.661Z</time>
</trkpt>
<trkpt lat="41.9967091" lon="2.85216539999999">
<ele>159.6943924510785</ele>
<time>2026-08-14T08:24:38.876Z</time>
</trkpt>
<trkpt lat="41.9966709" lon="2.852128300000004">
<ele>158.94536368489744</ele>
<time>2026-08-14T08:24:41.876Z</time>
</trkpt>
<trkpt lat="41.9966353" lon="2.852086700000001">
<ele>158.37601990591455</ele>
<time>2026-08-14T08:24:45.720Z</time>
</trkpt>
<trkpt lat="41.9966011" lon="2.8520473000000095">
<ele>157.70754841856166</ele>
<time>2026-08-14T08:24:48.679Z</time>
</trkpt>
<trkpt lat="41.9965697" lon="2.8519990000000064">
<ele>157.06722244310723</ele>
<time>2026-08-14T08:24:51.941Z</time>
</trkpt>
<trkpt lat="41.9965396" lon="2.851952600000004">
<ele>156.5605204096805</ele>
<time>2026-08-14T08:24:54.876Z</time>
</trkpt>
<trkpt lat="41.9965145" lon="2.851897799999989">
<ele>156.06400315942375</ele>
<time>2026-08-14T08:24:58.120Z</time>
</trkpt>
<trkpt lat="41.9964934" lon="2.851840199999998">
<ele>155.53532560552344</ele>
<time>2026-08-14T08:25:01.558Z</time>
</trkpt>
<trkpt lat="41.996485" lon="2.8517803000000015">
<ele>155.37206211693785</ele>
<time>2026-08-14T08:25:04.516Z</time>
</trkpt>
<trkpt lat="41.996482" lon="2.8517169000000138">
<ele>155.41593741133943</ele>
<time>2026-08-14T08:25:07.897Z</time>
</trkpt>
<trkpt lat="41.9964899" lon="2.8516528000000108">
<ele>155.97251438321936</ele>
<time>2026-08-14T08:25:10.876Z</time>
</trkpt>
<trkpt lat="41.9964955" lon="2.851587099999989">
<ele>156.42396455737202</ele>
<time>2026-08-14T08:25:14.818Z</time>
</trkpt>
<trkpt lat="41.9965038" lon="2.8515266999999938">
<ele>156.9647009424683</ele>
<time>2026-08-14T08:25:18.122Z</time>
</trkpt>
<trkpt lat="41.9965113" lon="2.8514662999999985">
<ele>157.46086585830292</ele>
<time>2026-08-14T08:25:20.920Z</time>
</trkpt>
<trkpt lat="41.9965155" lon="2.8514049000000057">
<ele>157.32417542620817</ele>
<time>2026-08-14T08:25:23.702Z</time>
</trkpt>
<trkpt lat="41.9965174" lon="2.8513394999999946">
<ele>157.0138665534144</ele>
<time>2026-08-14T08:25:26.701Z</time>
</trkpt>
<trkpt lat="41.996525" lon="2.8512747999999988">
<ele>156.93421053650664</ele>
<time>2026-08-14T08:25:29.876Z</time>
</trkpt>
<trkpt lat="41.9965366" lon="2.8512163999999984">
<ele>157.0437499536983</ele>
<time>2026-08-14T08:25:32.897Z</time>
</trkpt>
<trkpt lat="41.9965565" lon="2.851157900000004">
<ele>157.46348422388218</ele>
<time>2026-08-14T08:25:35.920Z</time>
</trkpt>
<trkpt lat="41.9965639" lon="2.8510928999999976">
<ele>157.3492504588843</ele>
<time>2026-08-14T08:25:38.876Z</time>
</trkpt>
<trkpt lat="41.9965631" lon="2.8510293999999874">
<ele>156.91675441888427</ele>
<time>2026-08-14T08:25:41.616Z</time>
</trkpt>
<trkpt lat="41.9965619" lon="2.85096759999999">
<ele>156.47619953507606</ele>
<time>2026-08-14T08:25:44.240Z</time>
</trkpt>
<trkpt lat="41.9965556" lon="2.850899499999997">
<ele>155.81010942998665</ele>
<time>2026-08-14T08:25:47.241Z</time>
</trkpt>
<trkpt lat="41.9965442" lon="2.85083929999999">
<ele>155.4528739559803</ele>
<time>2026-08-14T08:25:49.876Z</time>
</trkpt>
<trkpt lat="41.9965264" lon="2.8507774999999924">
<ele>154.77656495044366</ele>
<time>2026-08-14T08:25:52.679Z</time>
</trkpt>
<trkpt lat="41.996505" lon="2.850718300000011">
<ele>153.8829820200575</ele>
<time>2026-08-14T08:25:55.517Z</time>
</trkpt>
<trkpt lat="41.99648" lon="2.8506606999999917">
<ele>152.76425054704504</ele>
<time>2026-08-14T08:25:58.443Z</time>
</trkpt>
<trkpt lat="41.9964544" lon="2.850609200000008">
<ele>151.8031343897838</ele>
<time>2026-08-14T08:26:01.378Z</time>
</trkpt>
<trkpt lat="41.9964231" lon="2.850562800000006">
<ele>151.04190345484193</ele>
<time>2026-08-14T08:26:04.297Z</time>
</trkpt>
<trkpt lat="41.9963929" lon="2.850515999999999">
<ele>150.42774199930483</ele>
<time>2026-08-14T08:26:07.160Z</time>
</trkpt>
<trkpt lat="41.9963592" lon="2.8504626000000144">
<ele>150.36249715514825</ele>
<time>2026-08-14T08:26:10.696Z</time>
</trkpt>
<trkpt lat="41.9963296" lon="2.850406300000003">
<ele>150.45479549797707</ele>
<time>2026-08-14T08:26:14.599Z</time>
</trkpt>
<trkpt lat="41.9963005" lon="2.85035400000001">
<ele>150.30683108715314</ele>
<time>2026-08-14T08:26:18.462Z</time>
</trkpt>
<trkpt lat="41.9962759" lon="2.8502956000000097">
<ele>150.80807613296255</ele>
<time>2026-08-14T08:26:22.302Z</time>
</trkpt>
<trkpt lat="41.9962433" lon="2.8502478000000053">
<ele>150.84733890752898</ele>
<time>2026-08-14T08:26:25.700Z</time>
</trkpt>
<trkpt lat="41.9962114" lon="2.850200199999989">
<ele>150.87093356068885</ele>
<time>2026-08-14T08:26:28.882Z</time>
</trkpt>
<trkpt lat="41.9961739" lon="2.850157800000005">
<ele>150.5618363163579</ele>
<time>2026-08-14T08:26:31.921Z</time>
</trkpt>
<trkpt lat="41.9961397" lon="2.8501157000000035">
<ele>150.32270380531372</ele>
<time>2026-08-14T08:26:34.799Z</time>
</trkpt>
<trkpt lat="41.9960908" lon="2.8500913000000025">
<ele>149.2973169589208</ele>
<time>2026-08-14T08:26:37.758Z</time>
</trkpt>
<trkpt lat="41.996043" lon="2.850071799999995">
<ele>148.36877114493322</ele>
<time>2026-08-14T08:26:40.661Z</time>
</trkpt>
<trkpt lat="41.995995" lon="2.8500563000000056">
<ele>147.360206767186</ele>
<time>2026-08-14T08:26:43.581Z</time>
</trkpt>
<trkpt lat="41.995946" lon="2.850048500000014">
<ele>146.15942245806414</ele>
<time>2026-08-14T08:26:46.500Z</time>
</trkpt>
<trkpt lat="41.9958965" lon="2.8500397999999905">
<ele>144.95549345493401</ele>
<time>2026-08-14T08:26:49.778Z</time>
</trkpt>
<trkpt lat="41.9958511" lon="2.8500377000000015">
<ele>143.72605598065186</ele>
<time>2026-08-14T08:26:52.577Z</time>
</trkpt>
<trkpt lat="41.9958045" lon="2.850038100000006">
<ele>142.64352047660614</ele>
<time>2026-08-14T08:26:55.480Z</time>
</trkpt>
<trkpt lat="41.9957563" lon="2.8500285000000076">
<ele>141.91676164789678</ele>
<time>2026-08-14T08:26:58.782Z</time>
</trkpt>
<trkpt lat="41.9957087" lon="2.850000200000011">
<ele>141.3413029797656</ele>
<time>2026-08-14T08:27:02.516Z</time>
</trkpt>
<trkpt lat="41.9956704" lon="2.849967200000009">
<ele>140.8198773503183</ele>
<time>2026-08-14T08:27:05.802Z</time>
</trkpt>
<trkpt lat="41.9956362" lon="2.849922200000009">
<ele>140.28773806852197</ele>
<time>2026-08-14T08:27:09.875Z</time>
</trkpt>
<trkpt lat="41.9956039" lon="2.849875200000014">
<ele>139.59367495868563</ele>
<time>2026-08-14T08:27:13.421Z</time>
</trkpt>
<trkpt lat="41.9955767" lon="2.8498189999999965">
<ele>138.86057597737747</ele>
<time>2026-08-14T08:27:17.380Z</time>
</trkpt>
<trkpt lat="41.9955618" lon="2.849757799999992">
<ele>138.36010574824837</ele>
<time>2026-08-14T08:27:20.922Z</time>
</trkpt>
<trkpt lat="41.9955667" lon="2.8496952000000135">
<ele>138.55786673786346</ele>
<time>2026-08-14T08:27:24.240Z</time>
</trkpt>
<trkpt lat="41.995564" lon="2.8496312999999986">
<ele>138.44822858449353</ele>
<time>2026-08-14T08:27:27.781Z</time>
</trkpt>
<trkpt lat="41.995565" lon="2.8495690999999965">
<ele>138.49912517401864</ele>
<time>2026-08-14T08:27:30.763Z</time>
</trkpt>
<trkpt lat="41.9955632" lon="2.849505300000004">
<ele>138.48137991968304</ele>
<time>2026-08-14T08:27:33.658Z</time>
</trkpt>
<trkpt lat="41.9955598" lon="2.8494317999999907">
<ele>138.96092760514327</ele>
<time>2026-08-14T08:27:36.681Z</time>
</trkpt>
<trkpt lat="41.995548" lon="2.8493666999999903">
<ele>138.99891997613904</ele>
<time>2026-08-14T08:27:39.875Z</time>
</trkpt>
<trkpt lat="41.9955279" lon="2.849307699999997">
<ele>139.1339195062864</ele>
<time>2026-08-14T08:27:42.638Z</time>
</trkpt>
<trkpt lat="41.9955046" lon="2.8492472000000078">
<ele>139.03054769685136</ele>
<time>2026-08-14T08:27:45.637Z</time>
</trkpt>
<trkpt lat="41.9954829" lon="2.8491768000000093">
<ele>138.92714440213018</ele>
<time>2026-08-14T08:27:48.597Z</time>
</trkpt>
<trkpt lat="41.9954554" lon="2.84912700000001">
<ele>138.54165217277009</ele>
<time>2026-08-14T08:27:51.875Z</time>
</trkpt>
<trkpt lat="41.9954309" lon="2.849068499999987">
<ele>138.27090179441583</ele>
<time>2026-08-14T08:27:55.259Z</time>
</trkpt>
<trkpt lat="41.9954074" lon="2.84901339999999">
<ele>137.99157173525592</ele>
<time>2026-08-14T08:27:58.882Z</time>
</trkpt>
<trkpt lat="41.9953702" lon="2.8489768000000026">
<ele>137.23568307613957</ele>
<time>2026-08-14T08:28:02.690Z</time>
</trkpt>
<trkpt lat="41.9953345" lon="2.84892880000001">
<ele>136.3830692979893</ele>
<time>2026-08-14T08:28:06.441Z</time>
</trkpt>
<trkpt lat="41.9953042" lon="2.848879000000011">
<ele>135.46681156779167</ele>
<time>2026-08-14T08:28:09.875Z</time>
</trkpt>
<trkpt lat="41.9952761" lon="2.8488241999999957">
<ele>134.51488048827048</ele>
<time>2026-08-14T08:28:13.438Z</time>
</trkpt>
<trkpt lat="41.9952547" lon="2.84877019999999">
<ele>134.10286411569322</ele>
<time>2026-08-14T08:28:16.877Z</time>
</trkpt>
<trkpt lat="41.9952674" lon="2.8487082000000044">
<ele>133.98927364368723</ele>
<time>2026-08-14T08:28:20.779Z</time>
</trkpt>
<trkpt lat="41.995248" lon="2.8486495999999875">
<ele>133.49842589337968</ele>
<time>2026-08-14T08:28:23.299Z</time>
</trkpt>
<trkpt lat="41.9952419" lon="2.8485808000000077">
<ele>133.0110342340609</ele>
<time>2026-08-14T08:28:26.377Z</time>
</trkpt>
<trkpt lat="41.9952413" lon="2.8485190000000102">
<ele>132.63410087883233</ele>
<time>2026-08-14T08:28:29.599Z</time>
</trkpt>
<trkpt lat="41.9952392" lon="2.848456900000002">
<ele>132.22160246925165</ele>
<time>2026-08-14T08:28:32.925Z</time>
</trkpt>
<trkpt lat="41.9952575" lon="2.848395199999999">
<ele>132.27704906842925</ele>
<time>2026-08-14T08:28:36.357Z</time>
</trkpt>
<trkpt lat="41.995277" lon="2.8483350999999857">
<ele>132.5779035098705</ele>
<time>2026-08-14T08:28:39.357Z</time>
</trkpt>
<trkpt lat="41.9952868" lon="2.8482760999999925">
<ele>132.7336911962647</ele>
<time>2026-08-14T08:28:43.260Z</time>
</trkpt>
<trkpt lat="41.995298" lon="2.8482065000000034">
<ele>132.89700505795946</ele>
<time>2026-08-14T08:28:46.682Z</time>
</trkpt>
<trkpt lat="41.9953105" lon="2.848146899999989">
<ele>133.15027785109226</ele>
<time>2026-08-14T08:28:50.320Z</time>
</trkpt>
<trkpt lat="41.9953337" lon="2.848083800000012">
<ele>133.4974054688496</ele>
<time>2026-08-14T08:28:53.758Z</time>
</trkpt>
<trkpt lat="41.9953444" lon="2.848021899999992">
<ele>133.14468476757864</ele>
<time>2026-08-14T08:28:57.923Z</time>
</trkpt>
<trkpt lat="41.995353" lon="2.8479600999999946">
<ele>132.70383832667326</ele>
<time>2026-08-14T08:29:01.481Z</time>
</trkpt>
<trkpt lat="41.9953815" lon="2.8479079999999897">
<ele>133.17013762212372</ele>
<time>2026-08-14T08:29:04.928Z</time>
</trkpt>
<trkpt lat="41.9954066" lon="2.84785149999999">
<ele>133.4326875298578</ele>
<time>2026-08-14T08:29:08.622Z</time>
</trkpt>
<trkpt lat="41.995414" lon="2.8477914000000055">
<ele>132.52084771275423</ele>
<time>2026-08-14T08:29:13.722Z</time>
</trkpt>
<trkpt lat="41.9954138" lon="2.8477246999999863">
<ele>131.11454726548115</ele>
<time>2026-08-14T08:29:18.518Z</time>
</trkpt>
<trkpt lat="41.9954203" lon="2.847658700000011">
<ele>129.91545046689265</ele>
<time>2026-08-14T08:29:22.516Z</time>
</trkpt>
<trkpt lat="41.9954346" lon="2.8476010999999914">
<ele>129.04499031027015</ele>
<time>2026-08-14T08:29:26.003Z</time>
</trkpt>
<trkpt lat="41.9954471" lon="2.8475422999999864">
<ele>128.02159274916062</ele>
<time>2026-08-14T08:29:29.890Z</time>
</trkpt>
<trkpt lat="41.99547" lon="2.8474879999999985">
<ele>127.2063882728913</ele>
<time>2026-08-14T08:29:33.881Z</time>
</trkpt>
<trkpt lat="41.9954832" lon="2.847428100000002">
<ele>125.94496161107134</ele>
<time>2026-08-14T08:29:37.951Z</time>
</trkpt>
<trkpt lat="41.9954928" lon="2.8473663999999985">
<ele>124.49478461956117</ele>
<time>2026-08-14T08:29:41.836Z</time>
</trkpt>
<trkpt lat="41.9954832" lon="2.847299800000002">
<ele>122.74099962012785</ele>
<time>2026-08-14T08:29:45.579Z</time>
</trkpt>
<trkpt lat="41.9954766" lon="2.8472328999999945">
<ele>121.84388347380782</ele>
<time>2026-08-14T08:29:48.376Z</time>
</trkpt>
<trkpt lat="41.9954633" lon="2.847171199999991">
<ele>121.16304633332616</ele>
<time>2026-08-14T08:29:50.422Z</time>
</trkpt>
<trkpt lat="41.995436" lon="2.8471092000000056">
<ele>120.46538910011931</ele>
<time>2026-08-14T08:29:52.821Z</time>
</trkpt>
<trkpt lat="41.9954034" lon="2.8470614999999952">
<ele>119.9328444090288</ele>
<time>2026-08-14T08:29:55.676Z</time>
</trkpt>
<trkpt lat="41.9953618" lon="2.84703540000001">
<ele>119.62103271837559</ele>
<time>2026-08-14T08:29:58.962Z</time>
</trkpt>
<trkpt lat="41.9953166" lon="2.8470092000000022">
<ele>119.32943234118606</ele>
<time>2026-08-14T08:30:02.398Z</time>
</trkpt>
<trkpt lat="41.9952757" lon="2.8469671999999946">
<ele>119.07713995092546</ele>
<time>2026-08-14T08:30:05.836Z</time>
</trkpt>
<trkpt lat="41.9952394" lon="2.846925099999993">
<ele>119.65126125085875</ele>
<time>2026-08-14T08:30:08.322Z</time>
</trkpt>
<trkpt lat="41.9952149" lon="2.846865000000008">
<ele>119.80699808858849</ele>
<time>2026-08-14T08:30:11.680Z</time>
</trkpt>
<trkpt lat="41.9951883" lon="2.8468070000000125">
<ele>119.88555489130913</ele>
<time>2026-08-14T08:30:14.887Z</time>
</trkpt>
<trkpt lat="41.9951756" lon="2.84674050000001">
<ele>119.50802275964053</ele>
<time>2026-08-14T08:30:18.460Z</time>
</trkpt>
<trkpt lat="41.9951924" lon="2.8466789999999946">
<ele>118.73386202697274</ele>
<time>2026-08-14T08:30:26.643Z</time>
</trkpt>
<trkpt lat="41.9952082" lon="2.8466186999999934">
<ele>118.0631652998303</ele>
<time>2026-08-14T08:30:30.620Z</time>
</trkpt>
<trkpt lat="41.9952177" lon="2.8465523000000132">
<ele>117.47983840712556</ele>
<time>2026-08-14T08:30:33.860Z</time>
</trkpt>
<trkpt lat="41.9952273" lon="2.846486700000014">
<ele>116.94761601965489</ele>
<time>2026-08-14T08:30:37.882Z</time>
</trkpt>
<trkpt lat="41.9952487" lon="2.8464296999999874">
<ele>116.51856912817608</ele>
<time>2026-08-14T08:30:41.000Z</time>
</trkpt>
<trkpt lat="41.995256" lon="2.846365999999989">
<ele>116.27626594564097</ele>
<time>2026-08-14T08:30:44.240Z</time>
</trkpt>
<trkpt lat="41.9952587" lon="2.846303299999988">
<ele>116.07057072470435</ele>
<time>2026-08-14T08:30:47.223Z</time>
</trkpt>
<trkpt lat="41.9952583" lon="2.8462384000000043">
<ele>115.86615022372914</ele>
<time>2026-08-14T08:30:50.182Z</time>
</trkpt>
<trkpt lat="41.9952563" lon="2.846176100000008">
<ele>115.66435466302586</ele>
<time>2026-08-14T08:30:52.875Z</time>
</trkpt>
<trkpt lat="41.9952521" lon="2.84611129999999">
<ele>115.42207128292611</ele>
<time>2026-08-14T08:30:55.578Z</time>
</trkpt>
<trkpt lat="41.9952441" lon="2.84605160000001">
<ele>115.18191046062475</ele>
<time>2026-08-14T08:30:58.080Z</time>
</trkpt>
<trkpt lat="41.9952351" lon="2.845985000000013">
<ele>114.90680030678591</ele>
<time>2026-08-14T08:31:00.902Z</time>
</trkpt>
<trkpt lat="41.9952228" lon="2.845916499999987">
<ele>114.60353885520114</ele>
<time>2026-08-14T08:31:03.925Z</time>
</trkpt>
<trkpt lat="41.995205" lon="2.8458529000000112">
<ele>114.46907917319118</ele>
<time>2026-08-14T08:31:06.939Z</time>
</trkpt>
<trkpt lat="41.9951845" lon="2.8457975000000033">
<ele>114.37432630244155</ele>
<time>2026-08-14T08:31:09.921Z</time>
</trkpt>
<trkpt lat="41.9951571" lon="2.8457434999999975">
<ele>114.20888356901337</ele>
<time>2026-08-14T08:31:12.902Z</time>
</trkpt>
<trkpt lat="41.9951498" lon="2.845681600000006">
<ele>114.14156164470664</ele>
<time>2026-08-14T08:31:15.901Z</time>
</trkpt>
<trkpt lat="41.9951034" lon="2.8456410999999946">
<ele>113.78099001196692</ele>
<time>2026-08-14T08:31:19.876Z</time>
</trkpt>
<trkpt lat="41.9950629" lon="2.8456032999999934">
<ele>113.38055589463447</ele>
<time>2026-08-14T08:31:23.780Z</time>
</trkpt>
<trkpt lat="41.9950363" lon="2.8455437000000074">
<ele>112.98600319267618</ele>
<time>2026-08-14T08:31:27.659Z</time>
</trkpt>
<trkpt lat="41.9949958" lon="2.8455146999999954">
<ele>112.71087762440081</ele>
<time>2026-08-14T08:31:31.003Z</time>
</trkpt>
<trkpt lat="41.9949523" lon="2.8454903999999885">
<ele>112.75519979721786</ele>
<time>2026-08-14T08:31:34.499Z</time>
</trkpt>
<trkpt lat="41.994907" lon="2.845473599999991">
<ele>112.85047616755959</ele>
<time>2026-08-14T08:31:37.858Z</time>
</trkpt>
<trkpt lat="41.9948623" lon="2.8454533000000026">
<ele>112.95385536015978</ele>
<time>2026-08-14T08:31:41.323Z</time>
</trkpt>
<trkpt lat="41.9948186" lon="2.845423299999993">
<ele>113.06458591501726</ele>
<time>2026-08-14T08:31:44.681Z</time>
</trkpt>
<trkpt lat="41.9947758" lon="2.8453989999999862">
<ele>113.19536876629735</ele>
<time>2026-08-14T08:31:47.599Z</time>
</trkpt>
<trkpt lat="41.9947333" lon="2.8453704000000073">
<ele>113.3436357864537</ele>
<time>2026-08-14T08:31:50.518Z</time>
</trkpt>
<trkpt lat="41.9946872" lon="2.845347299999986">
<ele>113.40081894077034</ele>
<time>2026-08-14T08:31:53.540Z</time>
</trkpt>
<trkpt lat="41.9946473" lon="2.845315400000004">
<ele>113.25670704849415</ele>
<time>2026-08-14T08:31:56.459Z</time>
</trkpt>
<trkpt lat="41.9946072" lon="2.8452709999999968">
<ele>113.05586145867994</ele>
<time>2026-08-14T08:31:59.922Z</time>
</trkpt>
<trkpt lat="41.9945722" lon="2.845220000000012">
<ele>112.83781243635991</ele>
<time>2026-08-14T08:32:03.741Z</time>
</trkpt>
<trkpt lat="41.9945453" lon="2.845171499999992">
<ele>112.63783663930316</ele>
<time>2026-08-14T08:32:06.957Z</time>
</trkpt>
<trkpt lat="41.9945148" lon="2.8451172999999983">
<ele>112.41443755725473</ele>
<time>2026-08-14T08:32:10.482Z</time>
</trkpt>
<trkpt lat="41.9944921" lon="2.845064900000011">
<ele>112.20611472359627</ele>
<time>2026-08-14T08:32:13.399Z</time>
</trkpt>
<trkpt lat="41.994469" lon="2.8450062999999943">
<ele>112.43875703790802</ele>
<time>2026-08-14T08:32:16.701Z</time>
</trkpt>
<trkpt lat="41.9944463" lon="2.844952599999999">
<ele>112.77168614512351</ele>
<time>2026-08-14T08:32:19.579Z</time>
</trkpt>
<trkpt lat="41.9944167" lon="2.8448971999999912">
<ele>113.01212510651601</ele>
<time>2026-08-14T08:32:22.875Z</time>
</trkpt>
<trkpt lat="41.9943969" lon="2.8448424000000045">
<ele>113.1719742037233</ele>
<time>2026-08-14T08:32:25.543Z</time>
</trkpt>
<trkpt lat="41.9943715" lon="2.844791799999996">
<ele>113.21921880082942</ele>
<time>2026-08-14T08:32:28.558Z</time>
</trkpt>
<trkpt lat="41.9943392" lon="2.844737000000009">
<ele>113.09159586872042</ele>
<time>2026-08-14T08:32:31.516Z</time>
</trkpt>
<trkpt lat="41.994313" lon="2.844686800000005">
<ele>113.00936234693116</ele>
<time>2026-08-14T08:32:35.083Z</time>
</trkpt>
<trkpt lat="41.9942836" lon="2.8446189999999945">
<ele>112.97542280152211</ele>
<time>2026-08-14T08:32:38.881Z</time>
</trkpt>
<trkpt lat="41.9942616" lon="2.8445629999999937">
<ele>112.98685727477825</ele>
<time>2026-08-14T08:32:42.479Z</time>
</trkpt>
<trkpt lat="41.9942403" lon="2.8445088">
<ele>113.01621642906595</ele>
<time>2026-08-14T08:32:45.709Z</time>
</trkpt>
<trkpt lat="41.9942125" lon="2.8444498000000067">
<ele>112.37104453464568</ele>
<time>2026-08-14T08:32:48.875Z</time>
</trkpt>
<trkpt lat="41.994178" lon="2.844405099999989">
<ele>111.77397278845153</ele>
<time>2026-08-14T08:32:51.875Z</time>
</trkpt>
<trkpt lat="41.9941374" lon="2.844369599999993">
<ele>111.07486019587593</ele>
<time>2026-08-14T08:32:54.888Z</time>
</trkpt>
<trkpt lat="41.9940959" lon="2.8443340000000035">
<ele>110.22198124920325</ele>
<time>2026-08-14T08:32:57.910Z</time>
</trkpt>
<trkpt lat="41.9940535" lon="2.8443044999999927">
<ele>109.3952367396021</ele>
<time>2026-08-14T08:33:00.483Z</time>
</trkpt>
<trkpt lat="41.9940096" lon="2.8442837999999995">
<ele>108.61481720568602</ele>
<time>2026-08-14T08:33:03.999Z</time>
</trkpt>
<trkpt lat="41.9939654" lon="2.8442712000000085">
<ele>107.89628567941047</ele>
<time>2026-08-14T08:33:07.003Z</time>
</trkpt>
<trkpt lat="41.9939199" lon="2.8442593000000045">
<ele>107.1606459217766</ele>
<time>2026-08-14T08:33:10.000Z</time>
</trkpt>
<trkpt lat="41.9938748" lon="2.844253000000009">
<ele>106.51305170814032</ele>
<time>2026-08-14T08:33:12.957Z</time>
</trkpt>
<trkpt lat="41.9938265" lon="2.8442509999999857">
<ele>106.1169436730579</ele>
<time>2026-08-14T08:33:15.922Z</time>
</trkpt>
<trkpt lat="41.993779" lon="2.84425379999999">
<ele>105.77244687540097</ele>
<time>2026-08-14T08:33:18.875Z</time>
</trkpt>
<trkpt lat="41.9937323" lon="2.8442509999999857">
<ele>105.38254846650212</ele>
<time>2026-08-14T08:33:21.938Z</time>
</trkpt>
<trkpt lat="41.9936849" lon="2.844249999999988">
<ele>105.00433736522525</ele>
<time>2026-08-14T08:33:24.875Z</time>
</trkpt>
<trkpt lat="41.993636" lon="2.844246400000003">
<ele>104.59318433837734</ele>
<time>2026-08-14T08:33:27.892Z</time>
</trkpt>
<trkpt lat="41.9935849" lon="2.844239299999998">
<ele>104.5307788964011</ele>
<time>2026-08-14T08:33:30.962Z</time>
</trkpt>
<trkpt lat="41.9935378" lon="2.8442228000000114">
<ele>105.13383717708973</ele>
<time>2026-08-14T08:33:33.944Z</time>
</trkpt>
<trkpt lat="41.9934942" lon="2.8442052000000047">
<ele>105.65154488077027</ele>
<time>2026-08-14T08:33:36.519Z</time>
</trkpt>
<trkpt lat="41.9934493" lon="2.844181600000013">
<ele>106.01551774240981</ele>
<time>2026-08-14T08:33:39.422Z</time>
</trkpt>
<trkpt lat="41.9934041" lon="2.8441535999999985">
<ele>106.17423283360881</ele>
<time>2026-08-14T08:33:42.516Z</time>
</trkpt>
<trkpt lat="41.9933609" lon="2.8441285000000107">
<ele>106.18699772697896</ele>
<time>2026-08-14T08:33:45.561Z</time>
</trkpt>
<trkpt lat="41.9933143" lon="2.8441048999999907">
<ele>106.2789175373608</ele>
<time>2026-08-14T08:33:48.875Z</time>
</trkpt>
<trkpt lat="41.9932696" lon="2.8440873000000124">
<ele>107.0368595393267</ele>
<time>2026-08-14T08:33:51.875Z</time>
</trkpt>
<trkpt lat="41.993221" lon="2.8440736999999956">
<ele>107.94043154289903</ele>
<time>2026-08-14T08:33:55.257Z</time>
</trkpt>
<trkpt lat="41.9931754" lon="2.8440603999999894">
<ele>108.75021985066016</ele>
<time>2026-08-14T08:33:58.336Z</time>
</trkpt>
<trkpt lat="41.9931286" lon="2.84404889999999">
<ele>109.60422064382227</ele>
<time>2026-08-14T08:34:01.342Z</time>
</trkpt>
<trkpt lat="41.9930789" lon="2.8440345999999863">
<ele>110.43474841553943</ele>
<time>2026-08-14T08:34:04.379Z</time>
</trkpt>
<trkpt lat="41.9930306" lon="2.8440345999999863">
<ele>111.33101410019216</ele>
<time>2026-08-14T08:34:07.361Z</time>
</trkpt>
<trkpt lat="41.9929852" lon="2.8440206999999873">
<ele>111.39143212436286</ele>
<time>2026-08-14T08:34:10.398Z</time>
</trkpt>
<trkpt lat="41.9929402" lon="2.8440080999999964">
<ele>111.5388894179384</ele>
<time>2026-08-14T08:34:13.420Z</time>
</trkpt>
<trkpt lat="41.992891" lon="2.8440008000000034">
<ele>111.87797935481356</ele>
<time>2026-08-14T08:34:16.856Z</time>
</trkpt>
<trkpt lat="41.9928429" lon="2.843973900000009">
<ele>111.95668321713428</ele>
<time>2026-08-14T08:34:20.437Z</time>
</trkpt>
<trkpt lat="41.9928004" lon="2.8439414999999997">
<ele>111.96849884054768</ele>
<time>2026-08-14T08:34:23.875Z</time>
</trkpt>
<trkpt lat="41.9927679" lon="2.843898700000011">
<ele>111.49149150045476</ele>
<time>2026-08-14T08:34:27.241Z</time>
</trkpt>
<trkpt lat="41.992742" lon="2.843836799999991">
<ele>110.2498099303916</ele>
<time>2026-08-14T08:34:30.875Z</time>
</trkpt>
<trkpt lat="41.9927301" lon="2.8437768000000005">
<ele>109.13075387221934</ele>
<time>2026-08-14T08:34:34.422Z</time>
</trkpt>
<trkpt lat="41.9927245" lon="2.843710399999992">
<ele>107.91631931399962</ele>
<time>2026-08-14T08:34:37.875Z</time>
</trkpt>
<trkpt lat="41.9927227" lon="2.843645699999996">
<ele>107.0419987017133</ele>
<time>2026-08-14T08:34:41.417Z</time>
</trkpt>
<trkpt lat="41.9927163" lon="2.8435824999999966">
<ele>106.6618344417828</ele>
<time>2026-08-14T08:34:44.903Z</time>
</trkpt>
<trkpt lat="41.9926993" lon="2.8435198999999898">
<ele>106.29731441949087</ele>
<time>2026-08-14T08:34:48.237Z</time>
</trkpt>
<trkpt lat="41.99268" lon="2.843455199999994">
<ele>105.85484591442383</ele>
<time>2026-08-14T08:34:51.340Z</time>
</trkpt>
<trkpt lat="41.9926654" lon="2.843390599999992">
<ele>105.35554163009603</ele>
<time>2026-08-14T08:34:54.898Z</time>
</trkpt>
<trkpt lat="41.9926367" lon="2.8433396000000073">
<ele>105.1622450859656</ele>
<time>2026-08-14T08:34:57.343Z</time>
</trkpt>
<trkpt lat="41.9926084" lon="2.8432856999999956">
<ele>104.90420966577621</ele>
<time>2026-08-14T08:35:00.756Z</time>
</trkpt>
<trkpt lat="41.9925834" lon="2.843234200000012">
<ele>104.6119935993937</ele>
<time>2026-08-14T08:35:03.402Z</time>
</trkpt>
<trkpt lat="41.992553" lon="2.8431799999999896">
<ele>104.23524550830746</ele>
<time>2026-08-14T08:35:06.456Z</time>
</trkpt>
<trkpt lat="41.9925146" lon="2.8431222000000105">
<ele>103.73392192294283</ele>
<time>2026-08-14T08:35:09.875Z</time>
</trkpt>
<trkpt lat="41.9924828" lon="2.8430769">
<ele>103.7034236279254</ele>
<time>2026-08-14T08:35:12.883Z</time>
</trkpt>
<trkpt lat="41.9924514" lon="2.8430299000000048">
<ele>104.02693034102923</ele>
<time>2026-08-14T08:35:15.905Z</time>
</trkpt>
<trkpt lat="41.9924205" lon="2.842981000000009">
<ele>104.27247330371254</ele>
<time>2026-08-14T08:35:19.221Z</time>
</trkpt>
<trkpt lat="41.9923921" lon="2.8429318000000023">
<ele>104.42879548868208</ele>
<time>2026-08-14T08:35:22.657Z</time>
</trkpt>
<trkpt lat="41.9923592" lon="2.8428897999999947">
<ele>104.53411881722761</ele>
<time>2026-08-14T08:35:25.948Z</time>
</trkpt>
<trkpt lat="41.9923189" lon="2.8428484000000083">
<ele>104.58601021013705</ele>
<time>2026-08-14T08:35:29.298Z</time>
</trkpt>
<trkpt lat="41.992284" lon="2.8427944000000025">
<ele>104.40538566130638</ele>
<time>2026-08-14T08:35:33.239Z</time>
</trkpt>
<trkpt lat="41.9922418" lon="2.842760499999997">
<ele>104.24730182773224</ele>
<time>2026-08-14T08:35:35.863Z</time>
</trkpt>
<trkpt lat="41.9922064" lon="2.8427106000000038">
<ele>103.9730849542396</ele>
<time>2026-08-14T08:35:38.875Z</time>
</trkpt>
<trkpt lat="41.992176" lon="2.8426589000000035">
<ele>103.91517819541565</ele>
<time>2026-08-14T08:35:41.875Z</time>
</trkpt>
<trkpt lat="41.9921569" lon="2.842600900000008">
<ele>103.7384069623543</ele>
<time>2026-08-14T08:35:44.438Z</time>
</trkpt>
<trkpt lat="41.9921358" lon="2.8425387000000057">
<ele>103.8681868447609</ele>
<time>2026-08-14T08:35:47.778Z</time>
</trkpt>
<trkpt lat="41.9921177" lon="2.8424756">
<ele>104.54830473373647</ele>
<time>2026-08-14T08:35:50.698Z</time>
</trkpt>
<trkpt lat="41.992103" lon="2.8424090000000035">
<ele>105.1918713484115</ele>
<time>2026-08-14T08:35:53.617Z</time>
</trkpt>
<trkpt lat="41.9920932" lon="2.842347100000012">
<ele>105.73511671428336</ele>
<time>2026-08-14T08:35:56.518Z</time>
</trkpt>
<trkpt lat="41.9920744" lon="2.842281600000007">
<ele>106.34081009001882</ele>
<time>2026-08-14T08:35:59.437Z</time>
</trkpt>
<trkpt lat="41.9920508" lon="2.8422251000000074">
<ele>106.88239618864267</ele>
<time>2026-08-14T08:36:02.778Z</time>
</trkpt>
<trkpt lat="41.9920243" lon="2.8421749000000034">
<ele>107.57570306244797</ele>
<time>2026-08-14T08:36:05.720Z</time>
</trkpt>
<trkpt lat="41.9919982" lon="2.842123799999996">
<ele>108.44093776118898</ele>
<time>2026-08-14T08:36:08.662Z</time>
</trkpt>
<trkpt lat="41.9919755" lon="2.8420699000000127">
<ele>109.44300684051726</ele>
<time>2026-08-14T08:36:11.598Z</time>
</trkpt>
<trkpt lat="41.9919517" lon="2.842012600000004">
<ele>110.67105259511138</ele>
<time>2026-08-14T08:36:14.875Z</time>
</trkpt>
<trkpt lat="41.9919275" lon="2.841955000000013">
<ele>111.0051840640101</ele>
<time>2026-08-14T08:36:17.881Z</time>
</trkpt>
<trkpt lat="41.9919036" lon="2.841899799999993">
<ele>110.2833379084021</ele>
<time>2026-08-14T08:36:20.919Z</time>
</trkpt>
<trkpt lat="41.9918735" lon="2.841850099999988">
<ele>109.47200639209672</ele>
<time>2026-08-14T08:36:23.821Z</time>
</trkpt>
<trkpt lat="41.9918428" lon="2.8418020000000013">
<ele>108.72388187948577</ele>
<time>2026-08-14T08:36:26.740Z</time>
</trkpt>
<trkpt lat="41.9918163" lon="2.841751700000003">
<ele>108.15517830738175</ele>
<time>2026-08-14T08:36:29.618Z</time>
</trkpt>
<trkpt lat="41.9917898" lon="2.8416924999999935">
<ele>107.19209206278555</ele>
<time>2026-08-14T08:36:32.519Z</time>
</trkpt>
<trkpt lat="41.9917646" lon="2.8416419000000133">
<ele>106.05821065851343</ele>
<time>2026-08-14T08:36:35.877Z</time>
</trkpt>
<trkpt lat="41.9917474" lon="2.841581700000006">
<ele>105.05382043253097</ele>
<time>2026-08-14T08:36:39.276Z</time>
</trkpt>
<trkpt lat="41.9917402" lon="2.8415184000000124">
<ele>104.2417347203807</ele>
<time>2026-08-14T08:36:42.601Z</time>
</trkpt>
<trkpt lat="41.9917334" lon="2.8414576000000125">
<ele>103.49618628147388</ele>
<time>2026-08-14T08:36:45.641Z</time>
</trkpt>
<trkpt lat="41.9917224" lon="2.8413941999999963">
<ele>102.45895094454276</ele>
<time>2026-08-14T08:36:48.895Z</time>
</trkpt>
<trkpt lat="41.9917047" lon="2.841332599999987">
<ele>101.37018702294267</ele>
<time>2026-08-14T08:36:52.103Z</time>
</trkpt>
<trkpt lat="41.9916807" lon="2.841273699999988">
<ele>100.32661547600875</ele>
<time>2026-08-14T08:36:55.950Z</time>
</trkpt>
<trkpt lat="41.9916568" lon="2.841219599999988">
<ele>99.41821757218852</ele>
<time>2026-08-14T08:36:58.875Z</time>
</trkpt>
<trkpt lat="41.9916341" lon="2.841162099999991">
<ele>98.29850765814486</ele>
<time>2026-08-14T08:37:01.882Z</time>
</trkpt>
<trkpt lat="41.9916133" lon="2.841106499999995">
<ele>97.43281296716316</ele>
<time>2026-08-14T08:37:04.919Z</time>
</trkpt>
<trkpt lat="41.9915838" lon="2.841059400000006">
<ele>96.7000305433637</ele>
<time>2026-08-14T08:37:07.875Z</time>
</trkpt>
<trkpt lat="41.9915549" lon="2.841011299999991">
<ele>96.14492326604369</ele>
<time>2026-08-14T08:37:10.799Z</time>
</trkpt>
<trkpt lat="41.9915184" lon="2.8409573000000137">
<ele>95.72250972276825</ele>
<time>2026-08-14T08:37:13.756Z</time>
</trkpt>
<trkpt lat="41.9914819" lon="2.84091380000001">
<ele>95.56445590575933</ele>
<time>2026-08-14T08:37:17.137Z</time>
</trkpt>
<trkpt lat="41.9914487" lon="2.8408708999999988">
<ele>95.51464651124773</ele>
<time>2026-08-14T08:37:20.000Z</time>
</trkpt>
<trkpt lat="41.9914159" lon="2.8408295000000123">
<ele>95.38191877207962</ele>
<time>2026-08-14T08:37:22.909Z</time>
</trkpt>
<trkpt lat="41.9913786" lon="2.840780300000006">
<ele>95.1718338014951</ele>
<time>2026-08-14T08:37:26.442Z</time>
</trkpt>
<trkpt lat="41.9913432" lon="2.840733499999999">
<ele>94.79942539274059</ele>
<time>2026-08-14T08:37:29.776Z</time>
</trkpt>
<trkpt lat="41.9913064" lon="2.8406841000000043">
<ele>94.50286175755048</ele>
<time>2026-08-14T08:37:32.717Z</time>
</trkpt>
<trkpt lat="41.9912718" lon="2.8406363">
<ele>94.3187313137439</ele>
<time>2026-08-14T08:37:36.242Z</time>
</trkpt>
<trkpt lat="41.9912358" lon="2.840596599999998">
<ele>94.39705820952375</ele>
<time>2026-08-14T08:37:39.159Z</time>
</trkpt>
<trkpt lat="41.9912007" lon="2.8405552000000114">
<ele>94.81237622089284</ele>
<time>2026-08-14T08:37:42.100Z</time>
</trkpt>
<trkpt lat="41.9911619" lon="2.8405209999999954">
<ele>95.19380876562484</ele>
<time>2026-08-14T08:37:44.897Z</time>
</trkpt>
<trkpt lat="41.9911333" lon="2.840467200000006">
<ele>95.84642468108306</ele>
<time>2026-08-14T08:37:48.158Z</time>
</trkpt>
<trkpt lat="41.9911036" lon="2.8404156">
<ele>96.5244957782401</ele>
<time>2026-08-14T08:37:51.123Z</time>
</trkpt>
<trkpt lat="41.9910719" lon="2.840371800000014">
<ele>96.65314946582372</ele>
<time>2026-08-14T08:37:54.096Z</time>
</trkpt>
<trkpt lat="41.991036" lon="2.840334200000001">
<ele>96.47778296315799</ele>
<time>2026-08-14T08:37:57.061Z</time>
</trkpt>
<trkpt lat="41.9909963" lon="2.840300600000006">
<ele>95.87532216507988</ele>
<time>2026-08-14T08:37:59.899Z</time>
</trkpt>
<trkpt lat="41.9909583" lon="2.840260900000004">
<ele>95.32355147822155</ele>
<time>2026-08-14T08:38:03.080Z</time>
</trkpt>
<trkpt lat="41.9909162" lon="2.8402207000000033">
<ele>94.71573650287345</ele>
<time>2026-08-14T08:38:06.559Z</time>
</trkpt>
<trkpt lat="41.9908747" lon="2.8401871000000085">
<ele>94.11240733907803</ele>
<time>2026-08-14T08:38:09.518Z</time>
</trkpt>
<trkpt lat="41.990833" lon="2.840156400000012">
<ele>93.50786021570126</ele>
<time>2026-08-14T08:38:12.483Z</time>
</trkpt>
<trkpt lat="41.9907866" lon="2.840127499999994">
<ele>93.8909034724945</ele>
<time>2026-08-14T08:38:15.481Z</time>
</trkpt>
<trkpt lat="41.990736" lon="2.840104999999994">
<ele>94.66465867798784</ele>
<time>2026-08-14T08:38:18.480Z</time>
</trkpt>
<trkpt lat="41.9906892" lon="2.8400848999999937">
<ele>95.33650433478466</ele>
<time>2026-08-14T08:38:21.479Z</time>
</trkpt>
<trkpt lat="41.9906417" lon="2.8400677999999857">
<ele>95.97976748901878</ele>
<time>2026-08-14T08:38:24.461Z</time>
</trkpt>
<trkpt lat="41.990596" lon="2.84005590000001">
<ele>96.57399346125521</ele>
<time>2026-08-14T08:38:27.419Z</time>
</trkpt>
<trkpt lat="41.9905492" lon="2.840045800000013">
<ele>97.25738217397394</ele>
<time>2026-08-14T08:38:30.377Z</time>
</trkpt>
<trkpt lat="41.9904999" lon="2.8400310000000104">
<ele>97.54094575841657</ele>
<time>2026-08-14T08:38:33.376Z</time>
</trkpt>
<trkpt lat="41.9904534" lon="2.8400157000000092">
<ele>97.70648446439368</ele>
<time>2026-08-14T08:38:36.360Z</time>
</trkpt>
<trkpt lat="41.9904085" lon="2.8399876999999947">
<ele>97.85509145954371</ele>
<time>2026-08-14T08:38:39.784Z</time>
</trkpt>
<trkpt lat="41.9903698" lon="2.8399426000000005">
<ele>97.94396783437735</ele>
<time>2026-08-14T08:38:43.343Z</time>
</trkpt>
<trkpt lat="41.990346" lon="2.839891200000011">
<ele>97.9537632068395</ele>
<time>2026-08-14T08:38:46.238Z</time>
</trkpt>
<trkpt lat="41.9903349" lon="2.8398247000000083">
<ele>97.93386121886307</ele>
<time>2026-08-14T08:38:49.781Z</time>
</trkpt>
<trkpt lat="41.9903257" lon="2.8397581000000116">
<ele>97.89412127607757</ele>
<time>2026-08-14T08:38:52.700Z</time>
</trkpt>
<trkpt lat="41.9903156" lon="2.839697599999994">
<ele>97.86583114672982</ele>
<time>2026-08-14T08:38:55.874Z</time>
</trkpt>
<trkpt lat="41.9903111" lon="2.8396333000000027">
<ele>97.869145804335</ele>
<time>2026-08-14T08:38:58.874Z</time>
</trkpt>
<trkpt lat="41.990303" lon="2.8395709000000124">
<ele>97.84811714095376</ele>
<time>2026-08-14T08:39:01.894Z</time>
</trkpt>
<trkpt lat="41.9902907" lon="2.839509399999997">
<ele>97.797706550879</ele>
<time>2026-08-14T08:39:04.884Z</time>
</trkpt>
<trkpt lat="41.9902823" lon="2.8394499000000053">
<ele>97.72214476024578</ele>
<time>2026-08-14T08:39:07.906Z</time>
</trkpt>
<trkpt lat="41.9902746" lon="2.8393837000000133">
<ele>97.64408447119948</ele>
<time>2026-08-14T08:39:11.320Z</time>
</trkpt>
<trkpt lat="41.9902734" lon="2.8393159000000026">
<ele>97.60500273344546</ele>
<time>2026-08-14T08:39:14.341Z</time>
</trkpt>
<trkpt lat="41.9902754" lon="2.839252600000009">
<ele>97.58377747438884</ele>
<time>2026-08-14T08:39:17.911Z</time>
</trkpt>
<trkpt lat="41.9902749" lon="2.839188699999994">
<ele>97.64972761265744</ele>
<time>2026-08-14T08:39:20.934Z</time>
</trkpt>
<trkpt lat="41.9902636" lon="2.8391293999999903">
<ele>97.73952354328108</ele>
<time>2026-08-14T08:39:23.874Z</time>
</trkpt>
<trkpt lat="41.9902376" lon="2.8390717999999993">
<ele>97.76973355171422</ele>
<time>2026-08-14T08:39:27.321Z</time>
</trkpt>
<trkpt lat="41.9902047" lon="2.8390295000000094">
<ele>97.74227969224204</ele>
<time>2026-08-14T08:39:30.279Z</time>
</trkpt>
<trkpt lat="41.990159" lon="2.8390057000000013">
<ele>97.62258002925903</ele>
<time>2026-08-14T08:39:33.220Z</time>
</trkpt>
<trkpt lat="41.9901127" lon="2.8389893000000086">
<ele>97.48621573645003</ele>
<time>2026-08-14T08:39:35.937Z</time>
</trkpt>
<trkpt lat="41.9900673" lon="2.83897859999999">
<ele>97.34087747568304</ele>
<time>2026-08-14T08:39:38.439Z</time>
</trkpt>
<trkpt lat="41.9900228" lon="2.838966599999992">
<ele>97.20659504383029</ele>
<time>2026-08-14T08:39:40.980Z</time>
</trkpt>
<trkpt lat="41.9899753" lon="2.838952799999987">
<ele>96.97079220782307</ele>
<time>2026-08-14T08:39:43.898Z</time>
</trkpt>
<trkpt lat="41.9899256" lon="2.838943400000005">
<ele>96.35671452601423</ele>
<time>2026-08-14T08:39:46.800Z</time>
</trkpt>
<trkpt lat="41.9898773" lon="2.838936100000012">
<ele>95.81304555229262</ele>
<time>2026-08-14T08:39:49.717Z</time>
</trkpt>
<trkpt lat="41.9898263" lon="2.838929400000012">
<ele>95.23642309459596</ele>
<time>2026-08-14T08:39:52.618Z</time>
</trkpt>
<trkpt lat="41.9897782" lon="2.8389238000000034">
<ele>94.68863134079655</ele>
<time>2026-08-14T08:39:55.479Z</time>
</trkpt>
<trkpt lat="41.9897296" lon="2.8389133999999956">
<ele>94.20291420366893</ele>
<time>2026-08-14T08:39:58.340Z</time>
</trkpt>
<trkpt lat="41.9896843" lon="2.8389074000000107">
<ele>93.97322869362728</ele>
<time>2026-08-14T08:40:00.914Z</time>
</trkpt>
<trkpt lat="41.9896349" lon="2.8389013000000034">
<ele>93.98032161419762</ele>
<time>2026-08-14T08:40:03.874Z</time>
</trkpt>
<trkpt lat="41.9895897" lon="2.8389099000000044">
<ele>93.80480996772211</ele>
<time>2026-08-14T08:40:07.874Z</time>
</trkpt>
<trkpt lat="41.9895457" lon="2.8388850000000048">
<ele>94.04496879300984</ele>
<time>2026-08-14T08:40:18.241Z</time>
</trkpt>
<trkpt lat="41.9895023" lon="2.83885699999999">
<ele>94.30493916150193</ele>
<time>2026-08-14T08:40:21.216Z</time>
</trkpt>
<trkpt lat="41.9894576" lon="2.838836200000003">
<ele>94.45988533298704</ele>
<time>2026-08-14T08:40:23.743Z</time>
</trkpt>
<trkpt lat="41.9894106" lon="2.838820300000009">
<ele>94.38898108792336</ele>
<time>2026-08-14T08:40:26.700Z</time>
</trkpt>
<trkpt lat="41.9893588" lon="2.8388127000000054">
<ele>93.93602447863748</ele>
<time>2026-08-14T08:40:29.618Z</time>
</trkpt>
<trkpt lat="41.989311" lon="2.838817199999994">
<ele>93.41010136732594</ele>
<time>2026-08-14T08:40:32.543Z</time>
</trkpt>
<trkpt lat="41.9892639" lon="2.8388212000000124">
<ele>92.90783500301941</ele>
<time>2026-08-14T08:40:35.477Z</time>
</trkpt>
<trkpt lat="41.9892139" lon="2.8388209000000018">
<ele>92.40757770399338</ele>
<time>2026-08-14T08:40:39.363Z</time>
</trkpt>
<trkpt lat="41.9891652" lon="2.8388027000000022">
<ele>91.96981648592329</ele>
<time>2026-08-14T08:40:42.760Z</time>
</trkpt>
<trkpt lat="41.9891183" lon="2.8387863000000095">
<ele>91.99070037718741</ele>
<time>2026-08-14T08:40:45.543Z</time>
</trkpt>
<trkpt lat="41.9890703" lon="2.8387726999999927">
<ele>92.15748511427124</ele>
<time>2026-08-14T08:40:48.421Z</time>
</trkpt>
<trkpt lat="41.9890214" lon="2.838756399999994">
<ele>92.26174392548737</ele>
<time>2026-08-14T08:40:51.956Z</time>
</trkpt>
<trkpt lat="41.9889748" lon="2.83874560000001">
<ele>92.32199495086915</ele>
<time>2026-08-14T08:40:59.721Z</time>
</trkpt>
<trkpt lat="41.9889292" lon="2.8387453999999934">
<ele>92.41355292883024</ele>
<time>2026-08-14T08:41:02.616Z</time>
</trkpt>
<trkpt lat="41.988876" lon="2.838735899999989">
<ele>92.43154683381353</ele>
<time>2026-08-14T08:41:05.542Z</time>
</trkpt>
<trkpt lat="41.9888318" lon="2.8387184000000047">
<ele>91.4727153606403</ele>
<time>2026-08-14T08:41:08.780Z</time>
</trkpt>
<trkpt lat="41.9887801" lon="2.8387015000000133">
<ele>90.31822812344008</ele>
<time>2026-08-14T08:41:12.482Z</time>
</trkpt>
<trkpt lat="41.9887395" lon="2.8386733000000106">
<ele>89.25819546758079</ele>
<time>2026-08-14T08:41:15.840Z</time>
</trkpt>
<trkpt lat="41.988697" lon="2.8386520999999902">
<ele>88.3786981014816</ele>
<time>2026-08-14T08:41:18.822Z</time>
</trkpt>
<trkpt lat="41.9886536" lon="2.838634600000006">
<ele>87.52907724506136</ele>
<time>2026-08-14T08:41:22.340Z</time>
</trkpt>
<trkpt lat="41.9886217" lon="2.8385888999999906">
<ele>86.8444346485461</ele>
<time>2026-08-14T08:41:25.905Z</time>
</trkpt>
<trkpt lat="41.9885918" lon="2.838536000000005">
<ele>86.16507146420923</ele>
<time>2026-08-14T08:41:29.519Z</time>
</trkpt>
<trkpt lat="41.9885711" lon="2.838480699999991">
<ele>85.9904726094641</ele>
<time>2026-08-14T08:41:32.886Z</time>
</trkpt>
<trkpt lat="41.9885719" lon="2.8384163000000058">
<ele>85.84063140500639</ele>
<time>2026-08-14T08:41:36.221Z</time>
</trkpt>
<trkpt lat="41.9885679" lon="2.838353100000006">
<ele>85.8692996795758</ele>
<time>2026-08-14T08:41:39.699Z</time>
</trkpt>
<trkpt lat="41.9885723" lon="2.8382898000000125">
<ele>86.13435084137772</ele>
<time>2026-08-14T08:41:42.898Z</time>
</trkpt>
<trkpt lat="41.988586" lon="2.838228600000008">
<ele>86.4696789453479</ele>
<time>2026-08-14T08:41:45.921Z</time>
</trkpt>
<trkpt lat="41.988608" lon="2.83816920000001">
<ele>87.1292561084406</ele>
<time>2026-08-14T08:41:49.359Z</time>
</trkpt>
<trkpt lat="41.9886289" lon="2.8381062999999926">
<ele>87.93839140574791</ele>
<time>2026-08-14T08:41:52.878Z</time>
</trkpt>
<trkpt lat="41.9886497" lon="2.8380524000000094">
<ele>88.62248635736063</ele>
<time>2026-08-14T08:41:55.901Z</time>
</trkpt>
<trkpt lat="41.9886688" lon="2.8379904999999894">
<ele>89.21745080077318</ele>
<time>2026-08-14T08:41:59.276Z</time>
</trkpt>
<trkpt lat="41.9886856" lon="2.837928000000005">
<ele>89.69697039760686</ele>
<time>2026-08-14T08:42:02.700Z</time>
</trkpt>
<trkpt lat="41.9887001" lon="2.837870500000008">
<ele>90.0673656645275</ele>
<time>2026-08-14T08:42:05.619Z</time>
</trkpt>
<trkpt lat="41.9887104" lon="2.8378114999999866">
<ele>90.1860669017696</ele>
<time>2026-08-14T08:42:08.579Z</time>
</trkpt>
<trkpt lat="41.9887155" lon="2.8377486999999917">
<ele>89.89461258800482</ele>
<time>2026-08-14T08:42:11.522Z</time>
</trkpt>
<trkpt lat="41.9887178" lon="2.837687200000005">
<ele>89.5546939148801</ele>
<time>2026-08-14T08:42:14.042Z</time>
</trkpt>
<trkpt lat="41.9887177" lon="2.8376193">
<ele>89.12974967311881</ele>
<time>2026-08-14T08:42:16.841Z</time>
</trkpt>
<trkpt lat="41.9887133" lon="2.8375548999999864">
<ele>88.65243799084733</ele>
<time>2026-08-14T08:42:19.401Z</time>
</trkpt>
<trkpt lat="41.9887092" lon="2.8374938999999983">
<ele>88.47052315575746</ele>
<time>2026-08-14T08:42:21.943Z</time>
</trkpt>
<trkpt lat="41.9886994" lon="2.8374139999999954">
<ele>88.17289997814798</ele>
<time>2026-08-14T08:42:24.877Z</time>
</trkpt>
<trkpt lat="41.9886934" lon="2.837353699999994">
<ele>87.97272044280113</ele>
<time>2026-08-14T08:42:27.934Z</time>
</trkpt>
<trkpt lat="41.9886824" lon="2.837290700000011">
<ele>87.68287071868589</ele>
<time>2026-08-14T08:42:30.823Z</time>
</trkpt>
<trkpt lat="41.9886684" lon="2.837227100000007">
<ele>87.57953311864506</ele>
<time>2026-08-14T08:42:33.758Z</time>
</trkpt>
<trkpt lat="41.9886528" lon="2.8371636999999907">
<ele>87.50142881685936</ele>
<time>2026-08-14T08:42:36.701Z</time>
</trkpt>
<trkpt lat="41.9886345" lon="2.837107000000003">
<ele>87.31295022383877</ele>
<time>2026-08-14T08:42:39.981Z</time>
</trkpt>
<trkpt lat="41.9886213" lon="2.837047399999989">
<ele>87.20221471536003</ele>
<time>2026-08-14T08:42:42.957Z</time>
</trkpt>
<trkpt lat="41.9886039" lon="2.8369864999999947">
<ele>86.95724256347911</ele>
<time>2026-08-14T08:42:46.444Z</time>
</trkpt>
<trkpt lat="41.9885954" lon="2.8369241999999986">
<ele>86.81447479690311</ele>
<time>2026-08-14T08:42:49.738Z</time>
</trkpt>
<trkpt lat="41.9885881" lon="2.8368595000000028">
<ele>86.76607881137804</ele>
<time>2026-08-14T08:42:53.177Z</time>
</trkpt>
<trkpt lat="41.9885791" lon="2.8367938000000095">
<ele>86.67794492863916</ele>
<time>2026-08-14T08:42:56.481Z</time>
</trkpt>
<trkpt lat="41.9885727" lon="2.836732899999987">
<ele>86.60679537828042</ele>
<time>2026-08-14T08:42:59.361Z</time>
</trkpt>
<trkpt lat="41.9885687" lon="2.8366688000000124">
<ele>86.44474503279588</ele>
<time>2026-08-14T08:43:02.283Z</time>
</trkpt>
<trkpt lat="41.9885663" lon="2.836607700000002">
<ele>86.2741886163109</ele>
<time>2026-08-14T08:43:05.099Z</time>
</trkpt>
<trkpt lat="41.9885679" lon="2.8365472000000125">
<ele>86.17110795880302</ele>
<time>2026-08-14T08:43:07.874Z</time>
</trkpt>
<trkpt lat="41.9885755" lon="2.836487500000004">
<ele>86.17788903522259</ele>
<time>2026-08-14T08:43:10.780Z</time>
</trkpt>
<trkpt lat="41.9885836" lon="2.8364210999999955">
<ele>86.20327314237053</ele>
<time>2026-08-14T08:43:13.718Z</time>
</trkpt>
<trkpt lat="41.98859" lon="2.8363550999999916">
<ele>86.23546075458042</ele>
<time>2026-08-14T08:43:16.543Z</time>
</trkpt>
<trkpt lat="41.9885977" lon="2.8362903000000017">
<ele>86.30232132515327</ele>
<time>2026-08-14T08:43:19.497Z</time>
</trkpt>
<trkpt lat="41.9886051" lon="2.836227799999989">
<ele>86.39542610475753</ele>
<time>2026-08-14T08:43:22.378Z</time>
</trkpt>
<trkpt lat="41.9886151" lon="2.8361631999999872">
<ele>86.53533402749153</ele>
<time>2026-08-14T08:43:25.380Z</time>
</trkpt>
<trkpt lat="41.9886269" lon="2.8360979999999927">
<ele>86.67603987756988</ele>
<time>2026-08-14T08:43:28.702Z</time>
</trkpt>
<trkpt lat="41.9886249" lon="2.8360356000000024">
<ele>86.511232818195</ele>
<time>2026-08-14T08:43:31.583Z</time>
</trkpt>
<trkpt lat="41.9886249" lon="2.835970400000008">
<ele>86.38284079840952</ele>
<time>2026-08-14T08:43:34.896Z</time>
</trkpt>
<trkpt lat="41.9886246" lon="2.8359087000000045">
<ele>86.2569625315375</ele>
<time>2026-08-14T08:43:37.896Z</time>
</trkpt>
<trkpt lat="41.9886278" lon="2.835845699999993">
<ele>85.99102663055756</ele>
<time>2026-08-14T08:43:40.919Z</time>
</trkpt>
<trkpt lat="41.9886318" lon="2.8357766000000026">
<ele>85.56634700247432</ele>
<time>2026-08-14T08:43:43.944Z</time>
</trkpt>
<trkpt lat="41.9886302" lon="2.835704600000014">
<ele>85.04501903224916</ele>
<time>2026-08-14T08:43:46.920Z</time>
</trkpt>
<trkpt lat="41.9886261" lon="2.8356384999999875">
<ele>84.53103941432867</ele>
<time>2026-08-14T08:43:49.823Z</time>
</trkpt>
<trkpt lat="41.9886253" lon="2.8355774999999994">
<ele>84.35236982058238</ele>
<time>2026-08-14T08:43:52.736Z</time>
</trkpt>
<trkpt lat="41.9886248" lon="2.8355146000000104">
<ele>84.49346151436569</ele>
<time>2026-08-14T08:43:55.617Z</time>
</trkpt>
<trkpt lat="41.9886317" lon="2.8354487000000006">
<ele>84.72498378034004</ele>
<time>2026-08-14T08:43:58.537Z</time>
</trkpt>
<trkpt lat="41.9886342" lon="2.8353877000000125">
<ele>84.88739509951327</ele>
<time>2026-08-14T08:44:01.881Z</time>
</trkpt>
<trkpt lat="41.9886326" lon="2.8353262999999913">
<ele>85.00618634082285</ele>
<time>2026-08-14T08:44:04.762Z</time>
</trkpt>
<trkpt lat="41.9886322" lon="2.8352629000000036">
<ele>84.93731698064629</ele>
<time>2026-08-14T08:44:07.800Z</time>
</trkpt>
<trkpt lat="41.9886425" lon="2.835201100000006">
<ele>84.93950222349967</ele>
<time>2026-08-14T08:44:10.938Z</time>
</trkpt>
<trkpt lat="41.9886392" lon="2.835137099999997">
<ele>84.84224089793355</ele>
<time>2026-08-14T08:44:13.899Z</time>
</trkpt>
<trkpt lat="41.9886312" lon="2.835071599999992">
<ele>84.73737781747202</ele>
<time>2026-08-14T08:44:16.924Z</time>
</trkpt>
<trkpt lat="41.9886237" lon="2.8350063000000034">
<ele>84.48969844203727</ele>
<time>2026-08-14T08:44:19.901Z</time>
</trkpt>
<trkpt lat="41.9886234" lon="2.834941399999991">
<ele>84.17651986091607</ele>
<time>2026-08-14T08:44:22.821Z</time>
</trkpt>
<trkpt lat="41.9886391" lon="2.834875199999999">
<ele>83.96245656095944</ele>
<time>2026-08-14T08:44:25.781Z</time>
</trkpt>
<trkpt lat="41.9886569" lon="2.834819500000009">
<ele>83.85386954037867</ele>
<time>2026-08-14T08:44:28.910Z</time>
</trkpt>
<trkpt lat="41.9886622" lon="2.8347479999999905">
<ele>83.67240633467124</ele>
<time>2026-08-14T08:44:33.874Z</time>
</trkpt>
<trkpt lat="41.9886927" lon="2.8347017000000108">
<ele>83.93181188777129</ele>
<time>2026-08-14T08:45:00.874Z</time>
</trkpt>
<trkpt lat="41.98874" lon="2.8346817000000044">
<ele>84.43678099382304</ele>
<time>2026-08-14T08:45:06.880Z</time>
</trkpt>
<trkpt lat="41.988773" lon="2.83463119999999">
<ele>84.8575235118544</ele>
<time>2026-08-14T08:45:25.538Z</time>
</trkpt>
<trkpt lat="41.9887214" lon="2.834621900000002">
<ele>84.23474007484683</ele>
<time>2026-08-14T08:45:47.828Z</time>
</trkpt>
<trkpt lat="41.9887521" lon="2.8346664999999973">
<ele>84.57998736395014</ele>
<time>2026-08-14T08:46:03.874Z</time>
</trkpt>
<trkpt lat="41.988754" lon="2.834738200000004">
<ele>84.54718184605048</ele>
<time>2026-08-14T08:46:07.894Z</time>
</trkpt>
<trkpt lat="41.9887082" lon="2.834782700000005">
<ele>84.14903729254654</ele>
<time>2026-08-14T08:46:10.874Z</time>
</trkpt>
<trkpt lat="41.9886619" lon="2.834754800000013">
<ele>83.6785048777959</ele>
<time>2026-08-14T08:46:18.874Z</time>
</trkpt>
<trkpt lat="41.9886663" lon="2.8346922000000063">
<ele>83.64335967749223</ele>
<time>2026-08-14T08:46:21.038Z</time>
</trkpt>
<trkpt lat="41.9886485" lon="2.8346204999999998">
<ele>83.3370663381926</ele>
<time>2026-08-14T08:46:22.902Z</time>
</trkpt>
<trkpt lat="41.9886341" lon="2.834560600000003">
<ele>83.04362240194222</ele>
<time>2026-08-14T08:46:26.874Z</time>
</trkpt>
<trkpt lat="41.9885855" lon="2.834565199999986">
<ele>82.46667070500817</ele>
<time>2026-08-14T08:48:02.602Z</time>
</trkpt>
<trkpt lat="41.9886035" lon="2.834621800000008">
<ele>82.78634051749755</ele>
<time>2026-08-14T08:48:13.581Z</time>
</trkpt>
<trkpt lat="41.9886394" lon="2.834667599999989">
<ele>83.31070161483069</ele>
<time>2026-08-14T08:48:34.874Z</time>
</trkpt>
<trkpt lat="41.9886862" lon="2.834678800000006">
<ele>83.84605731272481</ele>
<time>2026-08-14T08:48:40.874Z</time>
</trkpt>
<trkpt lat="41.9886831" lon="2.834593600000005">
<ele>83.74061860554873</ele>
<time>2026-08-14T08:49:04.874Z</time>
</trkpt>
<trkpt lat="41.9886391" lon="2.834541900000005">
<ele>83.07777615750251</ele>
<time>2026-08-14T08:49:06.893Z</time>
</trkpt>
<trkpt lat="41.9886456" lon="2.8346084000000076">
<ele>83.28102633274193</ele>
<time>2026-08-14T08:49:12.902Z</time>
</trkpt>
<trkpt lat="41.9886358" lon="2.834673500000008">
<ele>83.28139362663698</ele>
<time>2026-08-14T08:49:16.893Z</time>
</trkpt>
<trkpt lat="41.9886637" lon="2.8347287999999935">
<ele>83.6621329711916</ele>
<time>2026-08-14T08:49:40.893Z</time>
</trkpt>
<trkpt lat="41.9886437" lon="2.8346452000000113">
<ele>83.32051045868907</ele>
<time>2026-08-14T08:50:02.869Z</time>
</trkpt>
<trkpt lat="41.9886299" lon="2.834573299999988">
<ele>83.01206637403064</ele>
<time>2026-08-14T08:50:08.893Z</time>
</trkpt>
<trkpt lat="41.988674" lon="2.834588300000007">
<ele>83.61753591816286</ele>
<time>2026-08-14T08:51:14.893Z</time>
</trkpt>
<trkpt lat="41.9886288" lon="2.834576300000009">
<ele>83.00352675001676</ele>
<time>2026-08-14T08:51:25.871Z</time>
</trkpt>
<trkpt lat="41.9886373" lon="2.8346367000000043">
<ele>83.22938631752383</ele>
<time>2026-08-14T08:51:33.871Z</time>
</trkpt>
<trkpt lat="41.9886801" lon="2.8346076999999923">
<ele>83.71461691256746</ele>
<time>2026-08-14T08:52:41.895Z</time>
</trkpt>
<trkpt lat="41.9886631" lon="2.8345469999999864">
<ele>83.42228061806718</ele>
<time>2026-08-14T09:12:26.873Z</time>
</trkpt>
<trkpt lat="41.9886197" lon="2.8345276000000013">
<ele>82.77225644479785</ele>
<time>2026-08-14T09:12:40.028Z</time>
</trkpt>
<trkpt lat="41.9886058" lon="2.834467100000012">
<ele>82.41785521529397</ele>
<time>2026-08-14T09:12:44.895Z</time>
</trkpt>
<trkpt lat="41.988606" lon="2.8344046999999932">
<ele>82.26425268538343</ele>
<time>2026-08-14T09:12:50.601Z</time>
</trkpt>
<trkpt lat="41.9886309" lon="2.8343323">
<ele>82.49875325708157</ele>
<time>2026-08-14T09:12:55.873Z</time>
</trkpt>
<trkpt lat="41.9886478" lon="2.8342732000000126">
<ele>82.6564263100304</ele>
<time>2026-08-14T09:12:59.873Z</time>
</trkpt>
<trkpt lat="41.9886641" lon="2.8342145000000016">
<ele>82.82319970301513</ele>
<time>2026-08-14T09:13:05.626Z</time>
</trkpt>
<trkpt lat="41.9886749" lon="2.83415389999999">
<ele>82.89961920415205</ele>
<time>2026-08-14T09:13:09.825Z</time>
</trkpt>
<trkpt lat="41.9886848" lon="2.8340948000000026">
<ele>82.96255079297094</ele>
<time>2026-08-14T09:13:15.344Z</time>
</trkpt>
<trkpt lat="41.9886968" lon="2.8340353000000107">
<ele>83.06176742276857</ele>
<time>2026-08-14T09:13:21.873Z</time>
</trkpt>
<trkpt lat="41.988708" lon="2.8339753999999857">
<ele>83.14560402813363</ele>
<time>2026-08-14T09:13:29.602Z</time>
</trkpt>
<trkpt lat="41.9887074" lon="2.833910000000003">
<ele>83.02149144958803</ele>
<time>2026-08-14T09:13:38.873Z</time>
</trkpt>
<trkpt lat="41.9886936" lon="2.8338496000000077">
<ele>82.72692826256382</ele>
<time>2026-08-14T09:13:45.906Z</time>
</trkpt>
<trkpt lat="41.9886924" lon="2.833788400000003">
<ele>82.64968208265101</ele>
<time>2026-08-14T09:13:53.927Z</time>
</trkpt>
<trkpt lat="41.9886875" lon="2.833722300000005">
<ele>82.53184012543403</ele>
<time>2026-08-14T09:14:02.883Z</time>
</trkpt>
<trkpt lat="41.9886971" lon="2.833660699999996">
<ele>82.56865802014076</ele>
<time>2026-08-14T09:14:09.936Z</time>
</trkpt>
<trkpt lat="41.9887122" lon="2.833599200000009">
<ele>83.19614788224622</ele>
<time>2026-08-14T09:14:17.606Z</time>
</trkpt>
<trkpt lat="41.9887149" lon="2.833535799999993">
<ele>83.74558301840783</ele>
<time>2026-08-14T09:14:23.950Z</time>
</trkpt>
<trkpt lat="41.9887158" lon="2.833474999999993">
<ele>84.25696206624207</ele>
<time>2026-08-14T09:14:29.925Z</time>
</trkpt>
<trkpt lat="41.9887192" lon="2.8334131999999954">
<ele>84.77670483612981</ele>
<time>2026-08-14T09:14:38.788Z</time>
</trkpt>
<trkpt lat="41.9887185" lon="2.833351499999992">
<ele>85.2768667255401</ele>
<time>2026-08-14T09:14:46.328Z</time>
</trkpt>
<trkpt lat="41.9887125" lon="2.833283399999999">
<ele>85.81629550825134</ele>
<time>2026-08-14T09:14:52.805Z</time>
</trkpt>
<trkpt lat="41.9887046" lon="2.8332229000000098">
<ele>86.29233784789835</ele>
<time>2026-08-14T09:14:58.873Z</time>
</trkpt>
<trkpt lat="41.9887096" lon="2.833162399999992">
<ele>86.77669950736683</ele>
<time>2026-08-14T09:15:05.252Z</time>
</trkpt>
<trkpt lat="41.9887123" lon="2.833100800000011">
<ele>87.25163926147016</ele>
<time>2026-08-14T09:15:10.447Z</time>
</trkpt>
<trkpt lat="41.9887163" lon="2.8330369999999903">
<ele>86.24559805999694</ele>
<time>2026-08-14T09:15:15.873Z</time>
</trkpt>
<trkpt lat="41.9887209" lon="2.832974000000007">
<ele>85.24442757260675</ele>
<time>2026-08-14T09:15:20.988Z</time>
</trkpt>
<trkpt lat="41.9887263" lon="2.832910599999991">
<ele>84.22714386947439</ele>
<time>2026-08-14T09:15:26.910Z</time>
</trkpt>
<trkpt lat="41.9887381" lon="2.832851000000005">
<ele>83.24406996781751</ele>
<time>2026-08-14T09:15:31.921Z</time>
</trkpt>
<trkpt lat="41.9887532" lon="2.832793900000013">
<ele>82.33230306561063</ele>
<time>2026-08-14T09:15:37.884Z</time>
</trkpt>
<trkpt lat="41.9887569" lon="2.832730099999992">
<ele>81.41226547721091</ele>
<time>2026-08-14T09:15:43.873Z</time>
</trkpt>
<trkpt lat="41.9887627" lon="2.8326648000000034">
<ele>80.46484611306806</ele>
<time>2026-08-14T09:15:49.873Z</time>
</trkpt>
<trkpt lat="41.9887725" lon="2.8326055999999937">
<ele>79.59286958253848</ele>
<time>2026-08-14T09:15:56.441Z</time>
</trkpt>
<trkpt lat="41.9887914" lon="2.8325466000000006">
<ele>78.69775481709453</ele>
<time>2026-08-14T09:16:03.873Z</time>
</trkpt>
<trkpt lat="41.988824" lon="2.8325002999999924">
<ele>78.61594309844925</ele>
<time>2026-08-14T09:16:09.843Z</time>
</trkpt>
<trkpt lat="41.9888256" lon="2.8324388000000056">
<ele>78.65626821083276</ele>
<time>2026-08-14T09:16:15.873Z</time>
</trkpt>
<trkpt lat="41.9888172" lon="2.832378900000009">
<ele>78.72784603154737</ele>
<time>2026-08-14T09:16:20.745Z</time>
</trkpt>
<trkpt lat="41.9888036" lon="2.8323211999999955">
<ele>78.81772559589118</ele>
<time>2026-08-14T09:16:27.030Z</time>
</trkpt>
<trkpt lat="41.9887652" lon="2.8322829999999897">
<ele>78.98203512449568</ele>
<time>2026-08-14T09:16:33.873Z</time>
</trkpt>
<trkpt lat="41.9887247" lon="2.832254199999994">
<ele>79.16563672135631</ele>
<time>2026-08-14T09:16:44.873Z</time>
</trkpt>
<trkpt lat="41.9887063" lon="2.832198699999992">
<ele>79.3139567897744</ele>
<time>2026-08-14T09:16:55.873Z</time>
</trkpt>
<trkpt lat="41.9886554" lon="2.8322009999999977">
<ele>79.40595566105712</ele>
<time>2026-08-14T09:17:07.872Z</time>
</trkpt>
<trkpt lat="41.9886199" lon="2.8321632999999906">
<ele>79.45163506058847</ele>
<time>2026-08-14T09:17:20.895Z</time>
</trkpt>
<trkpt lat="41.9886617" lon="2.832188000000002">
<ele>79.40046926782232</ele>
<time>2026-08-14T09:17:44.725Z</time>
</trkpt>
<trkpt lat="41.9887129" lon="2.83221309999999">
<ele>79.27640538157448</ele>
<time>2026-08-14T09:18:02.873Z</time>
</trkpt>
<trkpt lat="41.9887545" lon="2.8322405000000117">
<ele>79.10844048140598</ele>
<time>2026-08-14T09:18:04.183Z</time>
</trkpt>
<trkpt lat="41.9886601" lon="2.831696800000003">
<ele>83.1357407311253</ele>
<time>2026-08-14T09:18:05.873Z</time>
</trkpt>
<trkpt lat="41.9886458" lon="2.831631399999992">
<ele>84.19726791772055</ele>
<time>2026-08-14T09:18:06.783Z</time>
</trkpt>
<trkpt lat="41.9886393" lon="2.8315660000000094">
<ele>85.30736791183034</ele>
<time>2026-08-14T09:18:09.327Z</time>
</trkpt>
<trkpt lat="41.9886466" lon="2.8315028000000098">
<ele>86.19671271493563</ele>
<time>2026-08-14T09:18:14.407Z</time>
</trkpt>
<trkpt lat="41.9886542" lon="2.83144200000001">
<ele>86.96830370633776</ele>
<time>2026-08-14T09:18:20.087Z</time>
</trkpt>
<trkpt lat="41.9886624" lon="2.8313809999999933">
<ele>87.06054014719021</ele>
<time>2026-08-14T09:18:25.925Z</time>
</trkpt>
<trkpt lat="41.9886681" lon="2.8313163999999915">
<ele>87.08036275373237</ele>
<time>2026-08-14T09:18:31.661Z</time>
</trkpt>
<trkpt lat="41.9886723" lon="2.8312522999999885">
<ele>87.11518563677272</ele>
<time>2026-08-14T09:18:36.664Z</time>
</trkpt>
<trkpt lat="41.988664" lon="2.831188400000002">
<ele>87.55673302016864</ele>
<time>2026-08-14T09:18:42.873Z</time>
</trkpt>
<trkpt lat="41.9886607" lon="2.8311271000000033">
<ele>87.31571866854078</ele>
<time>2026-08-14T09:18:49.888Z</time>
</trkpt>
<trkpt lat="41.9886514" lon="2.8310654">
<ele>86.57033943859429</ele>
<time>2026-08-14T09:18:56.873Z</time>
</trkpt>
<trkpt lat="41.9886366" lon="2.8310050999999987">
<ele>85.92534934523374</ele>
<time>2026-08-14T09:19:02.885Z</time>
</trkpt>
<trkpt lat="41.9886109" lon="2.8309447999999975">
<ele>85.4195334505548</ele>
<time>2026-08-14T09:19:07.873Z</time>
</trkpt>
<trkpt lat="41.9885842" lon="2.830888899999991">
<ele>85.06266640261062</ele>
<time>2026-08-14T09:19:13.873Z</time>
</trkpt>
<trkpt lat="41.9885669" lon="2.8308319999999867">
<ele>84.62160524995794</ele>
<time>2026-08-14T09:19:18.873Z</time>
</trkpt>
<trkpt lat="41.9885519" lon="2.8307663999999875">
<ele>83.8866388222197</ele>
<time>2026-08-14T09:19:24.873Z</time>
</trkpt>
<trkpt lat="41.9885132" lon="2.830733500000008">
<ele>84.61975863200361</ele>
<time>2026-08-14T09:19:30.873Z</time>
</trkpt>
<trkpt lat="41.9884793" lon="2.830693200000013">
<ele>84.95124953423105</ele>
<time>2026-08-14T09:19:37.873Z</time>
</trkpt>
<trkpt lat="41.9884305" lon="2.8306670000000054">
<ele>86.04065121368909</ele>
<time>2026-08-14T09:19:44.873Z</time>
</trkpt>
<trkpt lat="41.988392" lon="2.830634500000002">
<ele>86.56122493859205</ele>
<time>2026-08-14T09:19:50.873Z</time>
</trkpt>
<trkpt lat="41.9883779" lon="2.830567699999989">
<ele>85.5738266415977</ele>
<time>2026-08-14T09:19:59.873Z</time>
</trkpt>
<trkpt lat="41.9883645" lon="2.8305003000000113">
<ele>84.6653512337298</ele>
<time>2026-08-14T09:20:04.863Z</time>
</trkpt>
<trkpt lat="41.9883197" lon="2.8304655000000025">
<ele>84.90710425596183</ele>
<time>2026-08-14T09:20:09.893Z</time>
</trkpt>
<trkpt lat="41.9882824" lon="2.8304238000000055">
<ele>86.13774163024006</ele>
<time>2026-08-14T09:20:16.828Z</time>
</trkpt>
<trkpt lat="41.9882454" lon="2.8303802000000076">
<ele>87.44846899036246</ele>
<time>2026-08-14T09:20:22.889Z</time>
</trkpt>
<trkpt lat="41.9882086" lon="2.8303407999999877">
<ele>88.87671495491276</ele>
<time>2026-08-14T09:20:28.873Z</time>
</trkpt>
<trkpt lat="41.9881836" lon="2.830287300000009">
<ele>89.81980544954692</ele>
<time>2026-08-14T09:20:38.743Z</time>
</trkpt>
<trkpt lat="41.988171" lon="2.8302263999999866">
<ele>90.30554698937834</ele>
<time>2026-08-14T09:20:44.504Z</time>
</trkpt>
<trkpt lat="41.9881678" lon="2.8301596000000018">
<ele>90.16532977604186</ele>
<time>2026-08-14T09:20:50.873Z</time>
</trkpt>
<trkpt lat="41.9881577" lon="2.8300973999999997">
<ele>90.50921829795082</ele>
<time>2026-08-14T09:20:56.849Z</time>
</trkpt>
<trkpt lat="41.9881566" lon="2.830035500000008">
<ele>90.28815172803819</ele>
<time>2026-08-14T09:21:02.884Z</time>
</trkpt>
<trkpt lat="41.9881698" lon="2.829974099999987">
<ele>89.28703746880338</ele>
<time>2026-08-14T09:21:07.047Z</time>
</trkpt>
<trkpt lat="41.988184" lon="2.829915099999994">
<ele>88.2173364164952</ele>
<time>2026-08-14T09:21:11.406Z</time>
</trkpt>
<trkpt lat="41.9881914" lon="2.8298511000000133">
<ele>87.58899549285975</ele>
<time>2026-08-14T09:21:16.206Z</time>
</trkpt>
<trkpt lat="41.9882043" lon="2.82978940000001">
<ele>86.58978964783627</ele>
<time>2026-08-14T09:21:23.889Z</time>
</trkpt>
<trkpt lat="41.9882203" lon="2.8297211999999945">
<ele>85.44557802344542</ele>
<time>2026-08-14T09:21:28.828Z</time>
</trkpt>
<trkpt lat="41.9882349" lon="2.8296603999999945">
<ele>84.46245733857542</ele>
<time>2026-08-14T09:21:33.873Z</time>
</trkpt>
<trkpt lat="41.9882404" lon="2.829594600000007">
<ele>84.09869003874313</ele>
<time>2026-08-14T09:21:45.900Z</time>
</trkpt>
<trkpt lat="41.9882541" lon="2.8295273999999893">
<ele>83.20535974567122</ele>
<time>2026-08-14T09:21:52.899Z</time>
</trkpt>
<trkpt lat="41.988268" lon="2.829468999999989">
<ele>82.47048588321718</ele>
<time>2026-08-14T09:21:57.873Z</time>
</trkpt>
<trkpt lat="41.9882775" lon="2.8293999999999926">
<ele>82.57978398758829</ele>
<time>2026-08-14T09:22:03.648Z</time>
</trkpt>
<trkpt lat="41.9882859" lon="2.829336100000006">
<ele>82.7714002733834</ele>
<time>2026-08-14T09:22:09.704Z</time>
</trkpt>
<trkpt lat="41.9882937" lon="2.8292754999999943">
<ele>83.01956071215722</ele>
<time>2026-08-14T09:22:14.900Z</time>
</trkpt>
<trkpt lat="41.9883003" lon="2.8292136000000028">
<ele>83.39711745143393</ele>
<time>2026-08-14T09:22:20.873Z</time>
</trkpt>
<trkpt lat="41.9883003" lon="2.8291485000000023">
<ele>82.95630846286801</ele>
<time>2026-08-14T09:22:27.873Z</time>
</trkpt>
<trkpt lat="41.9882998" lon="2.829080900000008">
<ele>82.38539108749346</ele>
<time>2026-08-14T09:22:33.873Z</time>
</trkpt>
<trkpt lat="41.9883009" lon="2.8290197000000035">
<ele>81.7999790361917</ele>
<time>2026-08-14T09:22:37.942Z</time>
</trkpt>
<trkpt lat="41.9883086" lon="2.828959800000007">
<ele>80.95904977740928</ele>
<time>2026-08-14T09:22:41.930Z</time>
</trkpt>
<trkpt lat="41.9883201" lon="2.828898400000014">
<ele>80.0680428584955</ele>
<time>2026-08-14T09:22:47.873Z</time>
</trkpt>
<trkpt lat="41.9883133" lon="2.8288322999999878">
<ele>79.66496725906883</ele>
<time>2026-08-14T09:22:54.544Z</time>
</trkpt>
<trkpt lat="41.988302" lon="2.828770800000001">
<ele>79.56443929841967</ele>
<time>2026-08-14T09:23:00.464Z</time>
</trkpt>
<trkpt lat="41.9882996" lon="2.828710000000001">
<ele>79.11867001211135</ele>
<time>2026-08-14T09:23:07.924Z</time>
</trkpt>
<trkpt lat="41.9882887" lon="2.828649100000007">
<ele>78.99410105799875</ele>
<time>2026-08-14T09:23:15.873Z</time>
</trkpt>
<trkpt lat="41.9882952" lon="2.828588599999989">
<ele>78.45218513723331</ele>
<time>2026-08-14T09:23:20.909Z</time>
</trkpt>
<trkpt lat="41.9883087" lon="2.8285266999999976">
<ele>77.64691699000042</ele>
<time>2026-08-14T09:23:26.568Z</time>
</trkpt>
<trkpt lat="41.9883315" lon="2.828472099999999">
<ele>76.9682803073421</ele>
<time>2026-08-14T09:23:32.217Z</time>
</trkpt>
<trkpt lat="41.9883574" lon="2.8284154000000115">
<ele>76.50046507543065</ele>
<time>2026-08-14T09:23:37.801Z</time>
</trkpt>
<trkpt lat="41.9883793" lon="2.8283561000000077">
<ele>76.09169579351955</ele>
<time>2026-08-14T09:23:43.462Z</time>
</trkpt>
<trkpt lat="41.9884036" lon="2.8282931999999903">
<ele>75.80109943458011</ele>
<time>2026-08-14T09:23:48.895Z</time>
</trkpt>
<trkpt lat="41.9884238" lon="2.8282350000000065">
<ele>75.56069492994435</ele>
<time>2026-08-14T09:23:54.903Z</time>
</trkpt>
<trkpt lat="41.9884326" lon="2.8281747999999993">
<ele>75.40243442280666</ele>
<time>2026-08-14T09:24:01.873Z</time>
</trkpt>
<trkpt lat="41.9884391" lon="2.828114999999997">
<ele>75.26415602654308</ele>
<time>2026-08-14T09:24:06.686Z</time>
</trkpt>
<trkpt lat="41.9884507" lon="2.82805350000001">
<ele>75.35667697709259</ele>
<time>2026-08-14T09:24:12.528Z</time>
</trkpt>
<trkpt lat="41.9884636" lon="2.8279899000000057">
<ele>75.58733087805284</ele>
<time>2026-08-14T09:24:18.407Z</time>
</trkpt>
<trkpt lat="41.9884789" lon="2.8279277000000036">
<ele>75.80500664885547</ele>
<time>2026-08-14T09:24:23.928Z</time>
</trkpt>
<trkpt lat="41.9884888" lon="2.827867800000007">
<ele>76.04715259562728</ele>
<time>2026-08-14T09:24:30.201Z</time>
</trkpt>
<trkpt lat="41.9885011" lon="2.827805600000005">
<ele>76.22119513472212</ele>
<time>2026-08-14T09:24:37.408Z</time>
</trkpt>
<trkpt lat="41.9885159" lon="2.8277438000000075">
<ele>75.99889512528449</ele>
<time>2026-08-14T09:24:42.873Z</time>
</trkpt>
<trkpt lat="41.9885299" lon="2.8276836000000003">
<ele>75.71854700031196</ele>
<time>2026-08-14T09:24:48.088Z</time>
</trkpt>
<trkpt lat="41.9885434" lon="2.827619300000009">
<ele>75.36539740293196</ele>
<time>2026-08-14T09:24:51.873Z</time>
</trkpt>
<trkpt lat="41.988558" lon="2.8275562999999977">
<ele>74.93367126157794</ele>
<time>2026-08-14T09:24:55.873Z</time>
</trkpt>
<trkpt lat="41.9885764" lon="2.8274972000000105">
<ele>74.52734558568459</ele>
<time>2026-08-14T09:25:01.265Z</time>
</trkpt>
<trkpt lat="41.9885915" lon="2.827437400000008">
<ele>74.19434413115327</ele>
<time>2026-08-14T09:25:11.921Z</time>
</trkpt>
<trkpt lat="41.9885919" lon="2.827374700000007">
<ele>74.09856949853845</ele>
<time>2026-08-14T09:25:17.685Z</time>
</trkpt>
<trkpt lat="41.9885942" lon="2.8273136999999906">
<ele>73.96643572172277</ele>
<time>2026-08-14T09:25:21.872Z</time>
</trkpt>
<trkpt lat="41.9886047" lon="2.827254299999993">
<ele>74.10024330894696</ele>
<time>2026-08-14T09:25:27.746Z</time>
</trkpt>
<trkpt lat="41.9886305" lon="2.827202099999994">
<ele>74.8122591580782</ele>
<time>2026-08-14T09:25:34.934Z</time>
</trkpt>
<trkpt lat="41.988648" lon="2.827145300000012">
<ele>75.25399630775222</ele>
<time>2026-08-14T09:25:39.872Z</time>
</trkpt>
<trkpt lat="41.9886662" lon="2.8270894999999996">
<ele>75.60007161060959</ele>
<time>2026-08-14T09:25:45.683Z</time>
</trkpt>
<trkpt lat="41.9887024" lon="2.8270405000000096">
<ele>76.03551269133793</ele>
<time>2026-08-14T09:25:53.872Z</time>
</trkpt>
<trkpt lat="41.9887425" lon="2.827003999999988">
<ele>76.35644033436198</ele>
<time>2026-08-14T09:25:58.910Z</time>
</trkpt>
<trkpt lat="41.9887781" lon="2.826958700000006">
<ele>76.46665586672194</ele>
<time>2026-08-14T09:26:05.872Z</time>
</trkpt>
<trkpt lat="41.9888162" lon="2.8269123999999977">
<ele>76.46664164243474</ele>
<time>2026-08-14T09:26:10.783Z</time>
</trkpt>
<trkpt lat="41.9888444" lon="2.8268645999999933">
<ele>76.28823225970844</ele>
<time>2026-08-14T09:26:14.729Z</time>
</trkpt>
<trkpt lat="41.9888783" lon="2.826814799999994">
<ele>76.0596525882982</ele>
<time>2026-08-14T09:26:21.879Z</time>
</trkpt>
<trkpt lat="41.9889148" lon="2.8267759000000012">
<ele>76.23865053247575</ele>
<time>2026-08-14T09:26:27.708Z</time>
</trkpt>
<trkpt lat="41.9889526" lon="2.826736100000005">
<ele>76.3856682110834</ele>
<time>2026-08-14T09:26:34.566Z</time>
</trkpt>
<trkpt lat="41.9889948" lon="2.8267092000000105">
<ele>76.66726897466519</ele>
<time>2026-08-14T09:26:38.862Z</time>
</trkpt>
<trkpt lat="41.9890369" lon="2.826677999999987">
<ele>76.98260233971502</ele>
<time>2026-08-14T09:26:48.747Z</time>
</trkpt>
<trkpt lat="41.989078" lon="2.826640800000007">
<ele>77.13448187557704</ele>
<time>2026-08-14T09:26:55.606Z</time>
</trkpt>
<trkpt lat="41.9891141" lon="2.826603900000009">
<ele>77.09321702745063</ele>
<time>2026-08-14T09:27:01.168Z</time>
</trkpt>
<trkpt lat="41.9891514" lon="2.8265672999999936">
<ele>76.92155681493733</ele>
<time>2026-08-14T09:27:07.483Z</time>
</trkpt>
<trkpt lat="41.9891854" lon="2.826524799999987">
<ele>76.69799809648181</ele>
<time>2026-08-14T09:27:15.884Z</time>
</trkpt>
<trkpt lat="41.9892299" lon="2.8264943000000073">
<ele>76.6503957006325</ele>
<time>2026-08-14T09:27:22.802Z</time>
</trkpt>
<trkpt lat="41.9892669" lon="2.8264599000000032">
<ele>76.43141598238441</ele>
<time>2026-08-14T09:27:26.872Z</time>
</trkpt>
<trkpt lat="41.9893042" lon="2.826418600000011">
<ele>76.07601919159627</ele>
<time>2026-08-14T09:27:31.903Z</time>
</trkpt>
<trkpt lat="41.9893479" lon="2.8263992999999914">
<ele>76.05916409187276</ele>
<time>2026-08-14T09:27:41.549Z</time>
</trkpt>
<trkpt lat="41.9893803" lon="2.826349599999986">
<ele>75.44754757042507</ele>
<time>2026-08-14T09:27:47.549Z</time>
</trkpt>
<trkpt lat="41.9893884" lon="2.82628840000001">
<ele>74.49913156656847</ele>
<time>2026-08-14T09:27:51.382Z</time>
</trkpt>
<trkpt lat="41.9894005" lon="2.826222300000012">
<ele>73.4050895007758</ele>
<time>2026-08-14T09:27:56.582Z</time>
</trkpt>
<trkpt lat="41.9894163" lon="2.8261611000000073">
<ele>72.28754386706962</ele>
<time>2026-08-14T09:28:00.568Z</time>
</trkpt>
<trkpt lat="41.989433" lon="2.8261042999999972">
<ele>71.9649701000386</ele>
<time>2026-08-14T09:28:04.872Z</time>
</trkpt>
<trkpt lat="41.9894551" lon="2.826043700000014">
<ele>72.2704685638932</ele>
<time>2026-08-14T09:28:08.873Z</time>
</trkpt>
<trkpt lat="41.9894845" lon="2.825986400000005">
<ele>72.70339727339358</ele>
<time>2026-08-14T09:28:13.767Z</time>
</trkpt>
<trkpt lat="41.989498" lon="2.8259276">
<ele>72.88912151954945</ele>
<time>2026-08-14T09:28:19.872Z</time>
</trkpt>
<trkpt lat="41.9895167" lon="2.8258710000000065">
<ele>73.16619355616838</ele>
<time>2026-08-14T09:28:27.505Z</time>
</trkpt>
<trkpt lat="41.9895357" lon="2.825814699999995">
<ele>73.54551920086402</ele>
<time>2026-08-14T09:28:34.264Z</time>
</trkpt>
<trkpt lat="41.9895565" lon="2.825759199999993">
<ele>73.85334484213506</ele>
<time>2026-08-14T09:28:41.705Z</time>
</trkpt>
<trkpt lat="41.9895965" lon="2.825725299999988">
<ele>74.26069706399416</ele>
<time>2026-08-14T09:28:49.225Z</time>
</trkpt>
<trkpt lat="41.9896419" lon="2.825710500000014">
<ele>74.65846342604178</ele>
<time>2026-08-14T09:28:58.289Z</time>
</trkpt>
<trkpt lat="41.9896863" lon="2.8257236999999975">
<ele>75.14152157188815</ele>
<time>2026-08-14T09:29:03.384Z</time>
</trkpt>
<trkpt lat="41.9897278" lon="2.825753800000001">
<ele>75.2859983483475</ele>
<time>2026-08-14T09:29:07.608Z</time>
</trkpt>
<trkpt lat="41.98977" lon="2.825781500000005">
<ele>74.90293660317498</ele>
<time>2026-08-14T09:29:14.872Z</time>
</trkpt>
<trkpt lat="41.9898121" lon="2.8258044000000098">
<ele>74.48651862532093</ele>
<time>2026-08-14T09:29:22.983Z</time>
</trkpt>
<trkpt lat="41.989854" lon="2.8258313999999984">
<ele>74.09445213366742</ele>
<time>2026-08-14T09:29:27.822Z</time>
</trkpt>
<trkpt lat="41.9898959" lon="2.825856299999998">
<ele>73.68514059336859</ele>
<time>2026-08-14T09:29:33.422Z</time>
</trkpt>
<trkpt lat="41.9899422" lon="2.8258855999999923">
<ele>73.16063535452187</ele>
<time>2026-08-14T09:29:38.872Z</time>
</trkpt>
<trkpt lat="41.9899885" lon="2.8259007000000054">
<ele>72.58527000462414</ele>
<time>2026-08-14T09:29:43.704Z</time>
</trkpt>
<trkpt lat="41.9900348" lon="2.8259100999999873">
<ele>72.3982794112511</ele>
<time>2026-08-14T09:29:47.893Z</time>
</trkpt>
<trkpt lat="41.9900807" lon="2.825922100000014">
<ele>72.23051640023766</ele>
<time>2026-08-14T09:29:53.144Z</time>
</trkpt>
<trkpt lat="41.9901255" lon="2.8259391999999934">
<ele>72.09700192943298</ele>
<time>2026-08-14T09:29:59.872Z</time>
</trkpt>
<trkpt lat="41.9901717" lon="2.8259483999999873">
<ele>71.94713066143056</ele>
<time>2026-08-14T09:30:04.881Z</time>
</trkpt>
<trkpt lat="41.9902156" lon="2.8259218000000033">
<ele>71.66224574618916</ele>
<time>2026-08-14T09:30:11.872Z</time>
</trkpt>
<trkpt lat="41.990262" lon="2.8259452000000067">
<ele>71.58101374354409</ele>
<time>2026-08-14T09:30:17.742Z</time>
</trkpt>
<trkpt lat="41.9903098" lon="2.825948299999993">
<ele>71.72413579283436</ele>
<time>2026-08-14T09:30:21.144Z</time>
</trkpt>
<trkpt lat="41.9903568" lon="2.825953599999991">
<ele>71.89329025233388</ele>
<time>2026-08-14T09:30:25.801Z</time>
</trkpt>
<trkpt lat="41.9904054" lon="2.825957299999999">
<ele>72.06061765022238</ele>
<time>2026-08-14T09:30:30.228Z</time>
</trkpt>
<trkpt lat="41.9904532" lon="2.825963800000011">
<ele>72.24290933715668</ele>
<time>2026-08-14T09:30:44.872Z</time>
</trkpt>
<trkpt lat="41.9905002" lon="2.825972699999994">
<ele>72.43941899604613</ele>
<time>2026-08-14T09:30:52.245Z</time>
</trkpt>
<trkpt lat="41.9905457" lon="2.825990200000007">
<ele>72.73633262767117</ele>
<time>2026-08-14T09:30:57.872Z</time>
</trkpt>
<trkpt lat="41.9905918" lon="2.8260014999999896">
<ele>73.65022209453338</ele>
<time>2026-08-14T09:31:02.884Z</time>
</trkpt>
<trkpt lat="41.9906409" lon="2.8260131000000115">
<ele>74.62874470211992</ele>
<time>2026-08-14T09:31:07.872Z</time>
</trkpt>
<trkpt lat="41.9906876" lon="2.826015600000005">
<ele>75.5064891542552</ele>
<time>2026-08-14T09:31:18.872Z</time>
</trkpt>
<trkpt lat="41.9907236" lon="2.825977999999992">
<ele>75.89430690882723</ele>
<time>2026-08-14T09:32:19.871Z</time>
</trkpt>
<trkpt lat="41.990768" lon="2.825988200000012">
<ele>76.77899601171698</ele>
<time>2026-08-14T09:33:30.872Z</time>
</trkpt>
<trkpt lat="41.9908082" lon="2.825960400000014">
<ele>77.29170905957814</ele>
<time>2026-08-14T09:37:21.933Z</time>
</trkpt>
<trkpt lat="41.9908536" lon="2.825958600000007">
<ele>77.2028984056645</ele>
<time>2026-08-14T09:37:27.684Z</time>
</trkpt>
<trkpt lat="41.9908981" lon="2.8259366000000057">
<ele>76.58585663797352</ele>
<time>2026-08-14T09:37:35.871Z</time>
</trkpt>
<trkpt lat="41.9909432" lon="2.8259293000000127">
<ele>76.07713188425453</ele>
<time>2026-08-14T09:37:44.643Z</time>
</trkpt>
<trkpt lat="41.9909906" lon="2.825932999999992">
<ele>75.66177816479882</ele>
<time>2026-08-14T09:37:53.880Z</time>
</trkpt>
<trkpt lat="41.9910389" lon="2.825926900000013">
<ele>75.11817765514155</ele>
<time>2026-08-14T09:37:59.871Z</time>
</trkpt>
<trkpt lat="41.9910836" lon="2.8259175000000027">
<ele>74.5502488877557</ele>
<time>2026-08-14T09:38:07.799Z</time>
</trkpt>
<trkpt lat="41.9911292" lon="2.825906500000002">
<ele>74.4101338975124</ele>
<time>2026-08-14T09:38:13.606Z</time>
</trkpt>
<trkpt lat="41.9911759" lon="2.8259284000000093">
<ele>75.0135519590923</ele>
<time>2026-08-14T09:38:21.307Z</time>
</trkpt>
<trkpt lat="41.9912205" lon="2.825940099999997">
<ele>75.4702245566472</ele>
<time>2026-08-14T09:38:37.582Z</time>
</trkpt>
<trkpt lat="41.9912466" lon="2.8258902000000035">
<ele>74.78777787025038</ele>
<time>2026-08-14T09:38:53.871Z</time>
</trkpt>
<trkpt lat="41.9912567" lon="2.8258309999999938">
<ele>74.22941774710279</ele>
<time>2026-08-14T09:39:03.783Z</time>
</trkpt>
<trkpt lat="41.9912824" lon="2.8257758999999965">
<ele>73.96740539022525</ele>
<time>2026-08-14T09:39:40.871Z</time>
</trkpt>
<trkpt lat="41.9912692" lon="2.8257170999999914">
<ele>73.5151245145674</ele>
<time>2026-08-14T09:39:47.899Z</time>
</trkpt>
<trkpt lat="41.9912322" lon="2.8256819000000064">
<ele>73.15727396312893</ele>
<time>2026-08-14T09:39:54.871Z</time>
</trkpt>
<trkpt lat="41.9911931" lon="2.825648199999989">
<ele>72.8262367471214</ele>
<time>2026-08-14T09:40:01.667Z</time>
</trkpt>
<trkpt lat="41.9911661" lon="2.8255901999999935">
<ele>72.41778612836774</ele>
<time>2026-08-14T09:40:08.871Z</time>
</trkpt>
<trkpt lat="41.9911287" lon="2.8255450000000053">
<ele>72.53565844153549</ele>
<time>2026-08-14T09:40:15.322Z</time>
</trkpt>
<trkpt lat="41.9911048" lon="2.8254862000000003">
<ele>72.79887558539475</ele>
<time>2026-08-14T09:40:20.866Z</time>
</trkpt>
<trkpt lat="41.9910956" lon="2.825424400000003">
<ele>73.13053441986179</ele>
<time>2026-08-14T09:40:27.907Z</time>
</trkpt>
<trkpt lat="41.9910977" lon="2.8253612999999973">
<ele>73.4487154569851</ele>
<time>2026-08-14T09:40:35.871Z</time>
</trkpt>
<trkpt lat="41.9910905" lon="2.8253004999999973">
<ele>73.60242156649745</ele>
<time>2026-08-14T09:40:51.871Z</time>
</trkpt>
<trkpt lat="41.9911053" lon="2.8253673000000106">
<ele>73.40016000296978</ele>
<time>2026-08-14T09:41:14.918Z</time>
</trkpt>
<trkpt lat="41.9911107" lon="2.8254288999999915">
<ele>73.08367999383265</ele>
<time>2026-08-14T09:41:17.582Z</time>
</trkpt>
<trkpt lat="41.9911212" lon="2.825488500000006">
<ele>72.79200772990592</ele>
<time>2026-08-14T09:41:22.046Z</time>
</trkpt>
<trkpt lat="41.9911158" lon="2.8255545000000097">
<ele>72.47095402080465</ele>
<time>2026-08-14T09:41:25.645Z</time>
</trkpt>
<trkpt lat="41.9911374" lon="2.8256102">
<ele>72.45197961533603</ele>
<time>2026-08-14T09:41:30.871Z</time>
</trkpt>
<trkpt lat="41.9911516" lon="2.825674499999991">
<ele>72.85503953640819</ele>
<time>2026-08-14T09:41:33.548Z</time>
</trkpt>
<trkpt lat="41.9911653" lon="2.8257343999999875">
<ele>73.24727443590359</ele>
<time>2026-08-14T09:41:37.387Z</time>
</trkpt>
<trkpt lat="41.9911666" lon="2.825669800000014">
<ele>72.87498549802315</ele>
<time>2026-08-14T09:41:41.907Z</time>
</trkpt>
<trkpt lat="41.9911682" lon="2.8256021999999916">
<ele>72.48436348614983</ele>
<time>2026-08-14T09:41:45.871Z</time>
</trkpt>
<trkpt lat="41.9911517" lon="2.825544000000008">
<ele>72.57313718337836</ele>
<time>2026-08-14T09:41:49.643Z</time>
</trkpt>
<trkpt lat="41.9911343" lon="2.825481300000007">
<ele>72.82794860857567</ele>
<time>2026-08-14T09:41:53.747Z</time>
</trkpt>
<trkpt lat="41.9911186" lon="2.8254196999999976">
<ele>73.12032829099182</ele>
<time>2026-08-14T09:41:57.483Z</time>
</trkpt>
<trkpt lat="41.9911098" lon="2.825359800000001">
<ele>73.42750940891031</ele>
<time>2026-08-14T09:42:00.871Z</time>
</trkpt>
<trkpt lat="41.9910881" lon="2.825304799999998">
<ele>73.64645066731397</ele>
<time>2026-08-14T09:42:09.689Z</time>
</trkpt>
<trkpt lat="41.9910912" lon="2.8252430000000004">
<ele>73.08392190491264</ele>
<time>2026-08-14T09:42:17.808Z</time>
</trkpt>
<trkpt lat="41.9910835" lon="2.825170000000014">
<ele>72.4671032917184</ele>
<time>2026-08-14T09:42:23.904Z</time>
</trkpt>
<trkpt lat="41.9910566" lon="2.8251199000000042">
<ele>72.1908279838532</ele>
<time>2026-08-14T09:42:36.000Z</time>
</trkpt>
<trkpt lat="41.9910249" lon="2.825075400000003">
<ele>72.04860007011305</ele>
<time>2026-08-14T09:42:52.913Z</time>
</trkpt>
<trkpt lat="41.9909847" lon="2.8250435999999866">
<ele>72.11990198923934</ele>
<time>2026-08-14T09:42:59.224Z</time>
</trkpt>
<trkpt lat="41.9909753" lon="2.8249787999999967">
<ele>72.29493636329168</ele>
<time>2026-08-14T09:43:04.871Z</time>
</trkpt>
<trkpt lat="41.990955" lon="2.824921399999994">
<ele>72.58744192271503</ele>
<time>2026-08-14T09:43:15.769Z</time>
</trkpt>
<trkpt lat="41.9909257" lon="2.8248708000000136">
<ele>72.88169183752474</ele>
<time>2026-08-14T09:43:20.871Z</time>
</trkpt>
<trkpt lat="41.9908854" lon="2.824843499999986">
<ele>73.15081913895874</ele>
<time>2026-08-14T09:43:24.871Z</time>
</trkpt>
<trkpt lat="41.9908395" lon="2.8248087000000055">
<ele>73.4223502017622</ele>
<time>2026-08-14T09:43:28.871Z</time>
</trkpt>
<trkpt lat="41.9907936" lon="2.824789100000004">
<ele>73.50783671537555</ele>
<time>2026-08-14T09:43:32.167Z</time>
</trkpt>
<trkpt lat="41.9907475" lon="2.8247748">
<ele>73.49148114996724</ele>
<time>2026-08-14T09:43:35.305Z</time>
</trkpt>
<trkpt lat="41.990721" lon="2.82482490000001">
<ele>73.43164470623506</ele>
<time>2026-08-14T09:43:54.622Z</time>
</trkpt>
</trkseg></trk></gpx>
